Ia,Ib,Ic,Voltage,Torque,Speed,Condition
0,6.32E-02,3.62E-01,-11564.24239,0,157.0796327,BF
0.264013068,-0.056233197,-0.207779872,-11564.1901,0.793587944,157.0796295,BF
1.584026551,-0.337357337,-1.246669214,-11563.42221,4.76050055,157.0796139,BF
5.47015623,-1.164796641,-4.305359589,-11556.31027,16.43069566,157.0795677,BF
12.05813979,-2.567440782,-9.490699007,-11527.95057,36.18596757,157.0794893,BF
18.62440166,-3.966481148,-14.65792051,-11479.69019,55.84029978,157.0794108,BF
26.75628189,-5.702484903,-21.05379699,-11392.84701,80.13162256,157.0793132,BF
34.81757212,-7.429338779,-27.38823334,-11277.64144,104.158711,157.0792155,BF
44.65679492,-9.54863874,-35.10815618,-11098.18162,133.413886,157.0790948,BF
54.32502944,-11.64763559,-42.67739385,-10880.28621,162.0857373,157.078974,BF
63.79061292,-13.72300386,-50.06760906,-10626.71094,190.086237,157.0788533,BF
75.45613944,-16.31567922,-59.14046021,-10258.26454,224.5015245,157.0787001,BF
86.69481818,-18.85884826,-67.83596992,-9842.544643,257.5643329,157.078547,BF
89.81131279,-19.57333103,-70.23798176,-9716.194277,266.7171166,157.0785034,BF
89.81131279,-19.57333103,-70.23798176,-9716.194277,266.7171166,157.0785034,BF
100.4317085,-22.04407837,-78.38763017,-9247.974171,297.8598465,157.0783503,BF
113.0822293,-25.07305194,-88.00917738,-8608.267314,334.8650713,157.0781569,BF
124.8243304,-27.9904596,-96.83387077,-7924.33231,369.1357568,157.0779636,BF
135.6049249,-30.78545133,-104.8194736,-7206.663851,400.5474716,157.0777702,BF
147.7403052,-34.11095646,-113.6293488,-6271.778289,435.8676849,157.077527,BF
158.2469278,-37.20708698,-121.0398408,-5318.14207,466.4423902,157.0772838,BF
168.9085594,-40.67193816,-128.2366212,-4146.027838,497.5131541,157.0769849,BF
177.1142309,-43.73411747,-133.3801135,-3000.343033,521.5269178,157.0766859,BF
184.8016316,-47.38506569,-137.4165659,-1447.983125,544.2807896,157.0762557,BF
187.2331859,-49.1416421,-138.0915438,-585.3779655,551.6901788,157.0759956,BF
187.2331859,-49.1416421,-138.0915438,-585.3779655,551.6901788,157.0759956,BF
188.0378028,-50.203057,-137.8347458,-1.18E-10,554.3121409,157.0758059,BF
188.0378028,-50.203057,-137.8347458,7.82E-13,554.3121409,157.0758059,BF
187.8533207,-51.43094799,-136.4223727,791.4336563,554.2278622,157.0755249,BF
187.0486258,-51.95804231,-135.0905835,1209.082074,552.1601492,157.0753611,BF
187.0486258,-51.95804231,-135.0905835,1209.082074,552.1601492,157.0753611,BF
183.6638395,-52.63819066,-131.0256488,2015.553248,542.9077586,157.0749965,BF
178.4219489,-52.66142637,-125.7605225,2649.771272,528.1853841,157.074632,BF
171.7662402,-52.06919286,-119.6970474,3112.953639,509.2341023,157.0742675,BF
164.1289223,-50.91845718,-113.2104651,3412.2369,487.2824655,157.073903,BF
155.9173027,-49.27986287,-106.6374399,3559.603162,463.5073893,157.0735385,BF
145.2667774,-46.63294151,-98.6338359,3553.577297,432.4664387,157.0730763,BF
134.9355154,-43.51887687,-91.41663852,3366.838296,402.1792747,157.0726142,BF
123.3189525,-39.29352376,-84.02542874,2946.248557,367.9592536,157.0720396,BF
113.6962811,-35.01261936,-78.68366175,2390.490144,339.5119515,157.071465,BF
106.4632805,-31.00812301,-75.45515745,1774.399398,318.0923883,157.0708903,BF
101.7328234,-27.55126746,-74.18155599,1162.351443,304.0876788,157.0703157,BF
99.38415862,-24.83416417,-74.54999445,605.0247329,297.163078,157.0697411,BF
99.2661572,-24.58997177,-74.67618543,549.5499711,296.8186765,157.0696791,BF
99.2661572,-24.58997177,-74.67618543,549.5499711,296.8186765,157.0696791,BF
99.20626219,-22.81095144,-76.39531075,93.89155735,296.7037428,157.0691045,BF
99.46420133,-22.51232193,-76.9518794,5.04E-11,297.4860764,157.0689655,BF
99.46420133,-22.51232193,-76.9518794,-1.58E-12,297.4860764,157.0689655,BF
101.9423069,-21.73355914,-80.20874775,-370.3616503,304.9342675,157.0682589,BF
103.1791281,-21.73674727,-81.44238087,-456.4397479,308.6389307,157.0680159,BF
103.1791281,-21.73674727,-81.44238087,-456.4397479,308.6389307,157.0680159,BF
107.3615325,-22.37400243,-84.98753006,-594.8665389,321.1566556,157.0673093,BF
111.8712393,-23.70690718,-88.16433211,-587.8771622,334.6578392,157.0666027,BF
116.9406433,-25.77700624,-91.16363706,-435.3245439,349.8710848,157.0657323,BF
120.7827857,-27.76766565,-93.01512002,-194.0576479,361.4691104,157.0648619,BF
121.7135612,-28.3297964,-93.38376484,-106.220069,364.3008636,157.0645743,BF
121.7135612,-28.3297964,-93.38376484,-106.220069,364.3008636,157.0645743,BF
122.6080368,-28.91464534,-93.69339149,-3.91E-14,367.0424485,157.0642234,BF
122.6080368,-28.91464534,-93.69339149,4.72E-11,367.0424485,157.0642234,BF
123.3303803,-29.4439197,-93.88646062,119.5278979,369.2909133,157.0638106,BF
123.3303803,-29.4439197,-93.88646062,119.5278979,369.2909133,157.0638106,BF
123.8041717,-29.95872157,-93.84545017,334.5578306,370.9231638,157.0629403,BF
123.1524194,-29.69923657,-93.45318287,481.553136,369.2214779,157.0620699,BF
121.4118643,-28.53820834,-92.87365597,562.0590427,364.3657315,157.0609648,BF
119.4275661,-26.91903277,-92.50853332,544.2565997,358.8094709,157.0598596,BF
117.8214852,-25.33243806,-92.48904716,467.6316808,354.3954158,157.0587545,BF
116.8931795,-24.10411751,-92.78906197,373.90293,351.9998809,157.0576494,BF
116.6504791,-23.3420185,-93.30846059,294.8203062,351.632968,157.0565443,BF
117.0678744,-22.88981147,-94.1780629,237.7135335,353.3374752,157.0550313,BF
117.7830626,-22.71735227,-95.0657103,237.6793112,355.9162896,157.0535183,BF
118.3073255,-22.42792715,-95.87939831,269.6795567,357.9430699,157.0520053,BF
118.3662464,-22.33632598,-96.02992042,277.5115621,358.2154837,157.0517035,BF
118.3662464,-22.33632598,-96.02992042,277.5115621,358.2154837,157.0517035,BF
118.386755,-22.29051415,-96.09624085,281.0070184,358.3207282,157.0515678,BF
118.386755,-22.29051415,-96.09624085,281.0070184,358.3207282,157.0515678,BF
118.424128,-21.63676414,-96.78736382,312.7446487,358.9451791,157.0500548,BF
117.9798977,-20.11403718,-97.86586053,329.089265,358.6195861,157.04733,BF
117.562054,-18.68028579,-98.8817682,312.2892278,358.410309,157.0446052,BF
117.4321824,-17.46082511,-99.97135732,300.1395793,359.0769608,157.0418805,BF
117.3219902,-15.76860828,-101.553382,304.4104847,360.2752956,157.0381426,BF
117.0303156,-13.95519739,-103.0751182,309.3914851,361.0388241,157.0344047,BF
116.5267705,-11.33293016,-105.1938403,306.2865164,362.0579658,157.028962,BF
116.0294238,-8.711135915,-107.3182879,305.7656303,363.2778208,157.0235196,BF
114.8859713,-3.72896176,-111.1570095,305.6526344,365.4144817,157.0133444,BF
111.9449549,6.507939995,-118.4528949,302.791971,369.7612923,156.992759,BF
105.5621414,23.05437491,-128.6165164,296.5762119,376.5043273,156.9601577,BF
97.17824738,39.74452759,-136.922775,287.3392799,382.9956304,156.9275632,BF
86.93586501,56.28647317,-143.2223382,275.3691802,389.1033978,156.8949754,BF
78.04072603,68.54902054,-146.5897466,263.82019,393.4280148,156.8702271,BF
78.04072603,68.54902054,-146.5897466,263.82019,393.4280148,156.8702271,BF
64.99883901,84.12197338,-149.1208124,246.7589785,398.6321127,156.8376512,BF
50.68047008,98.74261986,-149.4230899,226.8544096,403.1660395,156.805082,BF
30.19703649,116.1832259,-146.3802624,196.35296,407.9086765,156.7620365,BF
8.562488299,130.9843436,-139.5468319,161.7753813,411.1695768,156.7190029,BF
-13.53602825,142.6849128,-129.1488845,122.6497514,412.8213976,156.675981,BF
-35.46916657,150.9264439,-115.4572773,81.11146327,412.6207655,156.632971,BF
-56.54771401,155.457698,-98.90998402,37.21220166,410.5417108,156.5899727,BF
-72.65578276,156.2827031,-83.62692034,4.58E-13,407.3719609,156.5548869,BF
-72.65578276,156.2827031,-83.62692034,-5.02E-12,407.3719609,156.5548869,BF
-90.51472753,153.7630999,-63.24837236,-45.32757256,401.7438588,156.5119101,BF
-105.8219268,147.4299198,-41.60799306,-90.60759002,394.1817723,156.4689452,BF
-118.0973395,137.4788525,-19.38151296,-134.1218105,384.7693874,156.4259922,BF
-126.9522423,124.1841815,2.768060781,-175.8984156,373.5292191,156.383051,BF
-132.0991944,107.9856009,24.11359345,-213.6299505,360.6602948,156.3401217,BF
-133.4254576,89.39122909,44.03422852,-246.478916,346.3786982,156.2972043,BF
-130.8458793,68.91582969,61.93004956,-274.057349,330.7306024,156.2542988,BF
-130.5704198,67.64596528,62.92445447,-275.6238743,329.7634768,156.2517256,BF
-130.5704198,67.64596528,62.92445447,-275.6238743,329.7634768,156.2517256,BF
-123.9838928,45.93139892,78.05249388,-297.2969874,313.0745983,156.2088328,BF
-113.7964891,23.69678772,90.09970142,-312.1613502,295.5418216,156.1659518,BF
-100.3482233,1.64347725,98.70474605,-319.8555819,277.4779902,156.1230828,BF
-84.02504641,-19.59000764,103.615054,-320.9131411,259.0610564,156.0802256,BF
-65.33630178,-39.30450841,104.6408102,-314.251701,240.5351186,156.0373804,BF
-44.91934547,-56.87860116,101.7979466,-299.4759397,222.2728681,155.9945471,BF
-24.13168121,-71.38236558,95.51404678,-279.624174,205.0765308,155.9532674,BF
-24.13168121,-71.38236558,95.51404678,-279.624174,205.0765308,155.9532674,BF
-2.081316966,-83.36182142,85.44313839,-252.8549187,187.7778952,155.9104574,BF
19.77184556,-91.90574351,72.13389795,-219.8844751,171.350243,155.8676594,BF
40.75976586,-96.74270705,55.98294119,-181.8377929,155.9066481,155.8248732,BF
60.25198045,-97.75325762,37.50127718,-140.0731935,141.6019984,155.7820989,BF
77.63802034,-94.88467362,17.24665328,-94.73800323,128.4951917,155.7393364,BF
92.33915357,-88.22848036,-4.110673211,-46.91489827,116.719059,155.6965858,BF
103.6198507,-78.49340961,-25.12644113,2.75E-11,106.7360742,155.6553843,BF
103.6198507,-78.49340961,-25.12644113,3.95E-11,106.7360742,155.6553843,BF
111.9297044,-65.18593296,-46.74377141,48.65544517,97.66234035,155.6126569,BF
116.5426064,-49.06902628,-67.47358014,96.52148992,89.98942984,155.5699413,BF
117.3652319,-41.26535271,-76.0998792,116.7229342,87.06521519,155.5512612,BF
117.3652319,-41.26535271,-76.0998792,116.7229342,87.06521519,155.5512612,BF
117.3652319,-41.26535271,-76.0998792,116.7229342,87.06521519,155.5512612,BF
117.3652364,-41.26535732,-76.09987903,52.47059905,87.06524509,155.5512612,BF
117.3652461,-41.26537883,-76.09986729,23.58775762,87.06531856,155.5512611,BF
117.3652583,-41.26540792,-76.09985033,10.60427797,87.0654116,155.5512611,BF
117.3652742,-41.26544721,-76.09982699,4.002518366,87.06553458,155.5512611,BF
117.3652967,-41.26550327,-76.09979343,1.012821521,87.06570849,155.5512611,BF
117.3653307,-41.26558846,-76.09974229,0.093344286,87.06597186,155.551261,BF
117.3653679,-41.26568155,-76.09968636,0.000646817,87.06625947,155.551261,BF
117.3653679,-41.26568155,-76.09968636,0.000646799,87.06625947,155.551261,BF
117.3653679,-41.26568155,-76.09968636,0.0006468,87.06625947,155.551261,BF
117.3654291,-41.26583493,-76.09959421,0.00186942,87.06673327,155.5512609,BF
117.3657352,-41.2666018,-76.09913345,0.001497469,87.06910224,155.5512605,BF
117.3672658,-41.27043614,-76.09682969,0.001189842,87.08094709,155.5512584,BF
117.3749189,-41.28960788,-76.08531106,0.001211442,87.14017139,155.5512482,BF
117.4131899,-41.38546766,-76.02772222,0.001246621,87.43629414,155.5511971,BF
117.6046788,-41.86479275,-75.73988601,0.001435339,88.91693903,155.5509413,BF
118.5654858,-44.26207579,-74.30340999,0.002383633,96.32094699,155.5496627,BF
123.454458,-56.26518316,-67.1892748,0.00726195,133.3611673,155.5432696,BF
140.4927683,-95.77780378,-44.71496451,0.024871521,254.9172802,155.5223356,BF
177.352128,-171.3633202,-5.988807806,0.065339061,485.7620334,155.4827958,BF
221.0401102,-248.2061884,27.16607823,0.115818544,717.9675102,155.4432643,BF
272.286588,-325.8831971,53.59660908,0.176867541,949.8899617,155.4037411,BF
348.4772576,-423.6811166,75.20385905,0.269224568,1237.363908,155.3538614,BF
437.6031819,-518.6970383,81.09385636,0.378258089,1510.852109,155.3039951,BF
538.6867846,-607.3522383,68.6654537,0.502084518,1759.259227,155.2541422,BF
649.5066908,-685.4840998,35.97740899,0.637516001,1970.116951,155.2043033,BF
766.6268327,-748.7380815,-17.88875124,0.780070876,2130.832542,155.1544786,BF
885.5694019,-793.0073686,-92.56203329,0.924190856,2230.028905,155.1046686,BF
900.3238035,-797.0700315,-103.2537719,0.942069288,2237.643313,155.0984445,BF
900.3238035,-797.0700315,-103.2537719,0.942069288,2237.643313,155.0984445,BF
935.4419684,-805.2901262,-130.1518421,0.984443135,2251.301682,155.083505,BF
970.0446006,-811.3814413,-158.6631592,1.026183618,2258.33589,155.068567,BF
1081.09884,-815.3365984,-265.7622417,1.159838304,2231.58713,155.0180918,BF
1178.769114,-792.9831478,-385.7859662,1.276968481,2125.904768,154.9676338,BF
1257.785052,-744.52667,-513.258382,1.371480763,1944.014806,154.9171935,BF
1313.833597,-671.8592623,-641.9743344,1.438385633,1693.636183,154.8667716,BF
1343.951576,-578.4707573,-765.480819,1.47424592,1387.035702,154.8163689,BF
1346.795671,-469.2039875,-877.5916836,1.477467197,1040.135453,154.7659856,BF
1322.762154,-349.8793224,-972.8828319,1.448428384,671.26878,154.7156222,BF
1273.943405,-226.8273681,-1047.116037,1.389438918,299.7123494,154.6652787,BF
1203.926814,-106.3786867,-1097.548127,1.304528129,-55.85216584,154.614955,BF
1140.927554,-22.01720843,-1118.910346,1.229495562,-299.8347772,154.5775592,BF
1140.927554,-22.01720843,-1118.910346,1.229495562,-299.8347772,154.5775592,BF
1140.927554,-22.01720843,-1118.910346,1.229495562,-299.8347772,154.5775592,BF
1139.597088,-20.40279907,-1119.194289,1.225878117,-304.4704161,154.5768152,BF
1139.122641,-19.82854463,-1119.294097,1.225298986,-306.1189136,154.5765503,BF
1139.122641,-19.82854463,-1119.294097,1.225298986,-306.1189136,154.5765503,BF
1138.080634,-18.56998849,-1119.510645,1.224025414,-309.7310343,154.5759691,BF
1132.84617,-12.30223055,-1120.54394,1.217627633,-327.7035576,154.5730631,BF
1106.096751,18.38669963,-1124.483451,1.184894962,-415.2856765,154.5585342,BF
1006.303442,116.4125585,-1122.716,1.062264215,-689.2571647,154.5075546,BF
901.8780587,196.6363676,-1098.514426,0.932788694,-905.5042536,154.4565942,BF
798.4403932,257.0429615,-1055.483355,0.803221343,-1059.793847,154.4056523,BF
700.8346789,297.2081645,-998.0428433,0.679574718,-1152.608354,154.3547285,BF
612.7878865,318.1600817,-930.9479682,0.566739977,-1188.573267,154.303822,BF
536.7095555,322.1000028,-858.8095583,0.468234752,-1175.499842,154.2529325,BF
473.6499641,312.021248,-785.6712121,0.386111792,-1123.170909,154.2020594,BF
423.4130707,291.2743925,-714.6874632,0.321026991,-1042.02052,154.1512025,BF
384.8032133,263.1323799,-647.9355932,0.272447915,-941.8666587,154.1003614,BF
355.9692564,230.4074185,-586.3766748,0.23896821,-830.8446706,154.0495361,BF
334.7992781,195.1638432,-529.9631213,0.218682328,-714.660455,153.9987265,BF
319.3140896,158.5582829,-477.8723724,0.209569764,-596.2402977,153.9479325,BF
308.0093629,120.8221024,-428.8314653,0.209839009,-475.8037186,153.8971541,BF
300.1036587,81.38319105,-381.4868498,0.218188416,-351.3330498,153.8463913,BF
297.617074,62.37621247,-359.9932865,0.230820145,-291.8955428,153.8231016,BF
297.617074,62.37621247,-359.9932865,0.230820145,-291.8955428,153.8231016,BF
297.5561386,61.81100238,-359.3671409,0.224477273,-290.1336714,153.8224223,BF
297.4958683,61.24517092,-358.7410392,0.224688989,-288.3701182,153.8217431,BF
297.2045607,58.40660953,-355.6111702,0.225761533,-279.526828,153.8183469,BF
296.0073591,43.96912358,-339.9764827,0.231611816,-234.6393795,153.8013671,BF
295.3859823,-2.084080447,-293.3019019,0.254083119,-92.3914992,153.7505194,BF
300.5310783,-53.49412008,-247.0369583,0.284444052,64.31568418,153.699687,BF
313.4234348,-111.0976424,-202.3257925,0.323552791,237.3802228,153.6488699,BF
336.160275,-174.9746243,-161.1856507,0.372325876,426.3438649,153.5980679,BF
370.5745542,-244.2359982,-126.3385559,0.431423535,627.877885,153.5472807,BF
417.8625783,-316.9381751,-100.9244032,0.500929976,835.6548012,153.4965084,BF
478.2704257,-390.1391009,-88.13132477,0.580089967,1040.632232,153.4457508,BF
550.8807516,-460.0933507,-90.78740089,0.667140703,1231.724878,153.3950081,BF
633.5305284,-522.566548,-110.9639803,0.759267617,1396.79252,153.3442804,BF
722.8745668,-573.2346068,-149.63996,0.852697228,1523.832829,153.2935681,BF
814.5922774,-608.1225966,-206.4696808,0.942923187,1602.24193,153.2428716,BF
903.7180108,-624.0327034,-279.6853074,1.025044975,1623.996153,153.1921913,BF
985.0604805,-618.9114015,-366.149079,1.094184394,1584.616223,153.1415279,BF
1053.665971,-592.1124779,-461.5534936,1.145934701,1483.799258,153.0908819,BF
1105.274535,-544.5241709,-560.7503642,1.176792203,1325.641461,153.0402539,BF
1136.718781,-478.5440061,-658.1747751,1.184521052,1118.420756,152.9896444,BF
1146.221137,-397.9021365,-748.3190001,1.168408608,873.958452,152.9390538,BF
1133.556779,-307.3510882,-826.205691,1.129380479,606.6263662,152.8884825,BF
1100.064533,-212.2548011,-887.8097324,1.069959658,332.1053656,152.8379304,BF
1048.505046,-118.1209961,-930.3840503,0.994071407,66.02834152,152.7873978,BF
1039.714293,-104.8412801,-934.8730128,0.985533179,28.74644781,152.7800362,BF
1039.714293,-104.8412801,-934.8730128,0.985533179,28.74644781,152.7800362,BF
1037.673884,-101.8363747,-935.8375097,0.979043255,20.35169258,152.7783621,BF
1035.61872,-98.83923542,-936.7794847,0.976239317,11.9847062,152.776688,BF
1025.127257,-83.97548135,-941.1517755,0.962051644,-29.41625004,152.7683177,BF
967.9321247,-13.2770458,-954.6550789,0.887776966,-223.7841411,152.7264742,BF
891.8123084,61.16091311,-952.9732215,0.794718226,-423.4955008,152.6762563,BF
812.2056746,121.3720997,-933.5777743,0.702712645,-579.7269773,152.6260566,BF
733.7907026,165.6662345,-899.4569371,0.617005712,-688.9153095,152.5758747,BF
660.6177356,193.7180812,-854.3358168,0.541970981,-751.3658685,152.5257102,BF
595.7955519,206.4717144,-802.2672662,0.480798604,-770.8618877,152.4755625,BF
541.2937174,205.9185029,-747.2122203,0.435294135,-753.9372092,152.4254313,BF
497.8797786,194.7786235,-692.6584021,0.405823218,-708.9081614,152.3753163,BF
465.1921665,176.1250207,-641.3171872,0.391402319,-644.7808517,152.3252172,BF
441.9353073,152.994785,-594.9300923,0.389921515,-570.1626517,152.275134,BF
426.1695675,128.033209,-554.2027765,0.398470661,-492.3025192,152.2250665,BF
419.2357649,112.6310949,-531.8668598,0.410863581,-445.1098763,152.1942656,BF
419.2357649,112.6310949,-531.8668598,0.410863581,-445.1098763,152.1942656,BF
419.0021741,112.0406509,-531.0428251,0.407361338,-443.315622,152.193078,BF
418.7707279,111.4507958,-530.2215237,0.407746928,-441.5237067,152.1918905,BF
417.6445599,108.5110151,-526.155575,0.409709675,-432.6003814,152.1859531,BF
412.6723622,94.11105938,-506.7834216,0.42025899,-388.9913638,152.1562691,BF
406.1102758,71.79121648,-477.9014923,0.43886741,-321.5849187,152.10777,BF
400.3274061,50.72817976,-451.0555859,0.457075053,-258.1319187,152.0592857,BF
394.5307642,30.12291392,-424.6536782,0.473096594,-196.0822873,152.0108164,BF
388.6701012,8.661638214,-397.3317394,0.485968889,-131.5979876,151.9623619,BF
383.4417757,-15.23458535,-368.2071904,0.495604275,-60.28423447,151.9139222,BF
380.1912909,-43.12519981,-337.0660911,0.502726004,22.00944907,151.8654972,BF
380.7280033,-76.26476788,-304.4632354,0.508708939,118.4141533,151.8170869,BF
387.0730799,-115.3506705,-271.7224093,0.515345653,230.3844326,151.768691,BF
401.1702323,-160.3340995,-240.8361327,0.524566722,357.2373535,151.7203094,BF
424.5927904,-210.3173837,-214.2754067,0.538148346,495.9437196,151.671942,BF
458.2811618,-263.5510511,-194.7301107,0.557441334,641.199182,151.6235887,BF
502.3414722,-317.5329491,-184.8085231,0.583152588,785.7718088,151.5752495,BF
555.9295657,-369.2004303,-186.7291354,0.615203992,921.0920664,151.5269243,BF
617.2352972,-415.1962987,-202.0389985,0.652684676,1038.02438,151.4786134,BF
683.5711932,-452.1809977,-231.3901955,0.693902082,1127.739343,151.4303169,BF
751.5582579,-477.1582981,-274.3999598,0.736526184,1182.594352,151.3820351,BF
817.3911966,-487.7800471,-329.6111494,0.777810861,1196.929108,151.3337683,BF
877.1567189,-482.5975397,-394.5591791,0.814867937,1167.691094,151.2855171,BF
927.1728098,-461.2325395,-465.9402702,0.844963607,1094.823846,151.2372817,BF
964.314493,-424.4493009,-539.8651921,0.865804577,981.3755745,151.1890625,BF
986.2929135,-374.1192305,-612.173683,0.875782376,833.3148261,151.1408599,BF
991.8593611,-313.0809653,-678.7783958,0.874148933,659.0702357,151.0926742,BF
980.9136197,-244.9094535,-736.0041663,0.861103973,468.8398242,151.0445056,BF
954.5059193,-173.6169576,-780.8889617,0.837784393,273.7387252,150.9963541,BF
914.732721,-103.3157892,-811.4169318,0.806156375,84.87029831,150.9482198,BF
864.5374307,-37.87631165,-826.6611191,0.768821498,-87.58732948,150.9001025,BF
807.4367557,19.38604063,-826.8227964,0.728757331,-235.1898017,150.852002,BF
747.2008055,65.96428523,-813.1650907,0.689020043,-351.8524572,150.8039182,BF
700.2804841,93.93679575,-794.2172798,0.662665481,-419.3000878,150.7663052,BF
700.2804841,93.93679575,-794.2172798,0.662665481,-419.3000878,150.7663052,BF
698.7748737,94.71588107,-793.4907548,0.659218563,-421.141653,150.7650779,BF
697.2714269,95.48663478,-792.7580617,0.658323689,-422.9602694,150.7638506,BF
689.7884149,99.2156043,-789.0040192,0.653899595,-431.7092695,150.7577142,BF
653.415694,114.7717692,-768.1874632,0.633184883,-466.9128094,150.727036,BF
600.67082,129.1266475,-729.7974675,0.605993409,-494.7087636,150.6784567,BF
555.7881479,131.8542773,-687.6424252,0.586581062,-491.786331,150.6298932,BF
553.4407986,131.670888,-685.1116865,0.585638875,-490.775105,150.6270497,BF
553.4407986,131.670888,-685.1116865,0.585638875,-490.775105,150.6270497,BF
546.3555374,130.9360382,-677.2915756,0.58304889,-487.1134701,150.6182339,BF
539.5790327,129.898819,-669.4778517,0.580748386,-482.6781017,150.6094187,BF
510.3455816,120.8001497,-631.1457312,0.572978069,-450.4226957,150.5653501,BF
488.7640794,106.4855856,-595.2496651,0.57077745,-405.4175175,150.5212941,BF
474.1662944,88.99548994,-563.1617843,0.572804213,-353.2159171,150.4772506,BF
465.4032909,70.26534465,-535.6686355,0.57732233,-298.9517946,150.4332195,BF
461.0005157,51.95258017,-512.9530959,0.582388224,-246.8968926,150.3892008,BF
459.3357652,35.29758024,-494.6333454,0.586045222,-200.1202217,150.3451946,BF
458.8234778,21.03079162,-479.8542694,0.586519638,-160.2781913,150.3012009,BF
458.0879684,9.333430614,-467.421399,0.58240061,-127.5512183,150.2572198,BF
456.1096806,-0.145681879,-455.9639987,0.572787564,-100.7292435,150.2132512,BF
452.3311806,-8.219784737,-444.1113959,0.55739198,-77.43497142,150.1692954,BF
450.0230099,-11.71949662,-438.3035133,0.550345979,-67.26042622,150.1495144,BF
450.0230099,-11.71949662,-438.3035133,0.550345979,-67.26042622,150.1495144,BF
450.0230099,-11.71949662,-438.3035133,0.550345979,-67.26042622,150.1495144,BF
449.8824428,-11.91813416,-437.9643087,0.547969177,-66.68251153,150.1484,BF
449.7823944,-12.05871359,-437.7236808,0.547597029,-66.27340224,150.1476122,BF
449.2739361,-12.76362951,-436.5103066,0.545711105,-64.22054799,150.143673,BF
449.1477945,-12.9370867,-436.2107078,0.545243642,-63.71668894,150.1427104,BF
449.1477945,-12.9370867,-436.2107078,0.545243642,-63.71668894,150.1427104,BF
448.2324573,-14.16703378,-434.0654235,0.54187659,-60.12901232,150.1359068,BF
443.3546303,-20.38914077,-422.9654895,0.524220803,-41.8679666,150.1032558,BF
435.0983628,-31.83764279,-403.26072,0.493895153,-8.359305638,150.0538301,BF
427.3371627,-47.43990683,-379.8972559,0.461590001,36.3797755,150.0044203,BF
422.1835185,-68.65803537,-353.5254832,0.430528789,95.87726732,149.9550262,BF
421.9133641,-96.29690926,-325.6164549,0.404143366,171.818956,149.9056478,BF
423.9009014,-110.4975762,-313.4033251,0.394599644,210.2597067,149.8840122,BF
423.9009014,-110.4975762,-313.4033251,0.394599644,210.2597067,149.8840122,BF
423.9975599,-111.0195988,-312.977961,0.394450066,211.6665064,149.8832512,BF
424.0960944,-111.5430865,-312.5530079,0.394157827,213.0768882,149.8824901,BF
424.6171177,-114.1823301,-310.4347875,0.392730563,220.1821063,149.8786849,BF
427.953021,-127.9034379,-300.0495832,0.386480332,256.9900955,149.8596604,BF
442.471335,-166.4956257,-275.9757094,0.378055073,359.5181476,149.8109893,BF
466.3052219,-208.79142,-257.513802,0.381871119,470.075982,149.7623331,BF
499.5751176,-252.3853619,-247.1897557,0.398941635,582.0918041,149.7136915,BF
541.4658488,-294.3658134,-247.1000354,0.429153412,687.8394869,149.6650647,BF
590.2385941,-331.5898067,-258.6487874,0.4712738,779.1853528,149.6164528,BF
624.2547782,-351.6777132,-272.5770649,0.504087439,826.8983027,149.5850477,BF
624.2547782,-351.6777132,-272.5770649,0.504087439,826.8983027,149.5850477,BF
624.2547782,-351.6777132,-272.5770649,0.504087439,826.8983027,149.5850477,BF
625.7578245,-352.4648226,-273.293002,0.505106734,828.7276907,149.5836877,BF
626.8363835,-353.0243678,-273.8120157,0.506178008,830.0261188,149.5827128,BF
632.2420737,-355.7624629,-276.4796108,0.511579774,836.3540437,149.5778386,BF
659.4830015,-367.8720732,-291.6109283,0.539619182,863.6961329,149.5534695,BF
715.3344066,-383.5670109,-331.7673957,0.601404375,895.2894806,149.5031603,BF
767.4455046,-385.3693682,-382.0761364,0.664884312,890.1652822,149.4528678,BF
812.0063449,-372.4461112,-439.5602337,0.725746647,846.9377649,149.4025925,BF
845.6930375,-345.175572,-500.5174655,0.779907992,767.3782709,149.3523348,BF
866.002807,-305.1400846,-560.8627224,0.823912458,656.313074,149.3020948,BF
871.5055723,-254.9915683,-616.514004,0.855226927,521.1980163,149.251873,BF
861.9852012,-198.2047576,-663.7804436,0.872433677,371.4188002,149.2016695,BF
838.4544968,-138.7451071,-699.7093897,0.875301203,217.3932551,149.1514844,BF
803.0429071,-80.68801465,-722.3548924,0.864729796,69.57486961,149.1013176,BF
758.7701302,-27.83122095,-730.9389093,0.842582331,-62.53314439,149.0511691,BF
709.2314715,16.65732034,-725.8887918,0.811423453,-171.2463003,149.0010387,BF
658.2304444,50.51818919,-708.7486336,0.774200159,-251.3572625,148.950926,BF
609.3996248,72.57659484,-681.9762197,0.73390253,-300.5164464,148.9008308,BF
582.9427646,79.96616606,-662.9089307,0.713161311,-315.1133065,148.8713236,BF
582.9427646,79.96616606,-662.9089307,0.713161311,-315.1133065,148.8713236,BF
582.9427646,79.96616606,-662.9089307,0.713161311,-315.1133065,148.8713236,BF
582.1367234,80.25058631,-662.3873097,0.719260577,-315.3712392,148.870435,BF
581.4754817,80.57102155,-662.0465032,0.712328248,-315.5483806,148.8697438,BF
580.3600791,81.05706479,-661.4171439,0.70112957,-315.8545264,148.8685527,BF
579.8155259,81.20740011,-661.022926,0.696348774,-316.0257487,148.8679319,BF
579.8155259,81.20740011,-661.022926,0.696348774,-316.0257487,148.8679319,BF
578.8724552,81.20912133,-660.0815765,0.69013318,-316.3871632,148.8667407,BF
577.8954901,80.72857296,-658.6240631,0.687526427,-316.872144,148.8652894,BF
576.6065535,79.37432051,-655.980874,0.689767267,-317.629827,148.863045,BF
575.3648087,77.91269729,-653.277506,0.693050252,-318.295216,148.8608007,BF
574.0384994,76.72150357,-650.760003,0.693468379,-318.8290943,148.8585563,BF
572.1864636,75.45489997,-647.6413635,0.690708929,-319.3624919,148.8555849,BF
570.3495411,74.19124327,-644.5407843,0.687814097,-319.7417705,148.8526135,BF
568.5776314,72.79018461,-641.367816,0.686236231,-319.9761085,148.8496421,BF
564.0924511,69.04523011,-633.1376812,0.682668273,-319.8965556,148.8419113,BF
559.7307688,65.32365307,-625.0544219,0.67822413,-318.8664325,148.8341809,BF
554.6529267,60.6707295,-615.3236562,0.67322672,-316.4178572,148.8247655,BF
547.7946083,53.86297898,-601.6575872,0.665944744,-310.8174936,148.811236,BF
537.3216982,41.86529458,-579.1869927,0.653712575,-296.3220707,148.7880327,BF
528.5332677,29.57291815,-558.1061858,0.641801389,-276.922162,148.764833,BF
515.6793548,3.418784401,-519.0981392,0.618176691,-226.1452628,148.7162215,BF
509.8250756,-22.37034507,-487.4547305,0.596605599,-169.7246469,148.6676254,BF
509.8725766,-46.6829674,-463.1896092,0.57652499,-115.2557354,148.6190447,BF
514.2034784,-68.46056283,-445.7429156,0.557630802,-68.18519121,148.5704794,BF
520.7505579,-86.73503084,-434.0155271,0.538766343,-32.1114077,148.5219295,BF
527.3693085,-100.785114,-426.5841945,0.519104484,-8.666511331,148.4733952,BF
531.6274908,-109.9719845,-421.6555063,0.497857526,2.605445804,148.4248766,BF
531.279385,-113.9481613,-417.3312237,0.473951193,4.622400665,148.3763738,BF
527.2113517,-113.4821908,-413.7291609,0.455238734,3.155033978,148.3413252,BF
527.2113517,-113.4821908,-413.7291609,0.455238734,3.155033978,148.3413252,BF
524.4421613,-112.4897049,-411.9524564,0.446892121,2.443833087,148.3267809,BF
521.0224473,-110.9980157,-410.0244317,0.438286959,1.923033142,148.312238,BF
513.6595259,-107.3249336,-406.3345923,0.423095993,1.938111403,148.2870665,BF
500.1961243,-99.713888,-400.4822363,0.400919663,5.065164372,148.2510356,BF
483.9796662,-89.50236303,-394.4773032,0.379023275,12.76155681,148.2150134,BF
460.1909728,-72.30945178,-387.8815211,0.352319553,29.89130922,148.1671393,BF
436.3947926,-51.57112952,-384.8236631,0.33060184,52.72506814,148.1192804,BF
414.981904,-28.22445395,-386.7574501,0.315789626,78.6467908,148.0714368,BF
397.2887338,-3.298642616,-393.9900911,0.30857801,106.3808726,148.0236083,BF
383.77611,22.27731037,-406.0534204,0.309928977,136.2528989,147.9757951,BF
374.4772114,47.11808739,-421.5952988,0.318504038,170.0434833,147.927997,BF
369.4158278,70.42977723,-439.8456051,0.334910061,209.813855,147.880214,BF
368.6256214,81.63372178,-450.2593432,0.345913292,234.4071822,147.8548204,BF
369.1998808,92.0623295,-461.2622103,0.359174224,261.7407465,147.8294311,BF
371.2648125,101.4496763,-472.7144888,0.374262293,292.2752093,147.804046,BF
377.4601334,113.4546259,-490.9147593,0.400415427,345.1514675,147.765692,BF
391.0132875,124.1793727,-515.1926601,0.43788284,422.5812726,147.7184378,BF
411.9907792,130.0544267,-542.0452059,0.481119927,513.5261238,147.6711979,BF
441.2720526,130.8359365,-572.107989,0.529476049,615.2870215,147.6239723,BF
479.0710547,126.5474671,-605.6185218,0.582167848,720.2578961,147.5767607,BF
493.8029606,123.9798019,-617.7827625,0.600754874,754.3938234,147.5607883,BF
493.8029606,123.9798019,-617.7827625,0.600754874,754.3938234,147.5607883,BF
507.5771941,121.2314632,-628.8086573,0.617527467,783.0550827,147.5466291,BF
521.9544148,118.0812844,-640.0356992,0.634285777,809.5976274,147.5324711,BF
552.7939458,110.413167,-663.2071128,0.668390721,854.2802315,147.5036143,BF
595.3110256,97.9942145,-693.3052401,0.711741094,885.0849616,147.4656691,BF
637.8557764,83.18730218,-721.0430785,0.751328984,871.3627057,147.4277335,BF
677.3222326,66.38220566,-743.7044382,0.7844911,802.262443,147.389808,BF
710.3181095,47.97024457,-758.2883541,0.808581588,674.9348291,147.351893,BF
733.7498156,28.38819206,-762.1380077,0.821400011,498.5544768,147.3139889,BF
745.5411002,8.116383899,-753.6574841,0.82168466,294.5793713,147.276096,BF
745.2004039,-12.31123988,-732.889164,0.809441059,91.67776172,147.2382144,BF
733.9653177,-32.31342081,-701.6518969,0.785983707,-83.03652998,147.2003439,BF
714.4224344,-51.28782398,-663.1346104,0.753654545,-211.9524169,147.1624843,BF
689.772443,-68.65065256,-621.1217904,0.715323381,-290.104082,147.1246353,BF
663.0682768,-83.87441494,-579.1938619,0.673856035,-323.0138634,147.0867964,BF
636.6852929,-96.51154174,-540.1737511,0.631678007,-321.8136985,147.0489673,BF
612.1352201,-106.2235721,-505.911648,0.590599345,-298.6607648,147.0111479,BF
594.0998908,-111.7593794,-482.3405113,0.559239311,-271.0138048,146.9804456,BF
594.0998908,-111.7593794,-482.3405113,0.559239311,-271.0138048,146.9804456,BF
574.3673641,-115.5465203,-458.8208438,0.522998597,-232.7625047,146.9426433,BF
553.48031,-115.5092035,-437.9711066,0.483401348,-186.3963193,146.8961254,BF
535.4040234,-110.3320531,-425.0719702,0.449090029,-145.6907508,146.8496218,BF
519.0711438,-100.2557332,-418.8154106,0.419918452,-112.6669208,146.8031326,BF
503.5365572,-85.71322724,-417.8233299,0.395647985,-87.33094576,146.7566578,BF
488.0648507,-67.37851216,-420.6863385,0.376120698,-68.59137205,146.7101976,BF
472.1119056,-45.91648357,-426.1954221,0.361112663,-55.04613462,146.6637519,BF
455.6434348,-22.2929864,-433.3504484,0.350483515,-45.10504538,146.6173208,BF
438.9174346,2.546916037,-441.4643506,0.3442617,-37.36404385,146.5709043,BF
422.3419396,27.55567049,-449.89761,0.342438939,-30.69134053,146.5245024,BF
406.4298891,51.72910071,-458.1589898,0.344837823,-24.31720828,146.4781152,BF
391.6727095,74.08804903,-465.7607585,0.351285418,-17.78582915,146.4317426,BF
378.4231741,93.6568595,-472.0800336,0.360744908,-10.81334708,146.3853846,BF
366.5969737,109.5858181,-476.1827918,0.372861453,-3.061464401,146.3390413,BF
356.1759549,121.3336119,-477.5095668,0.386570237,6.389434038,146.2927125,BF
347.2364946,128.2658099,-475.5023045,0.401151564,19.22073426,146.2463983,BF
340.2446981,130.1461008,-470.3907989,0.416306357,37.70521941,146.2000986,BF
336.0669338,126.8682738,-462.9352076,0.431628214,64.22008739,146.1538133,BF
335.7212572,118.6533416,-454.3745988,0.447663375,100.6656434,146.1075424,BF
340.3599392,105.7367583,-446.0966974,0.464243264,148.2465484,146.0612858,BF
350.8851138,88.80346248,-439.6885763,0.482158985,207.1018209,146.0150434,BF
368.0681883,68.41183472,-436.480023,0.501268995,276.5022797,145.9688149,BF
392.234985,45.55091789,-437.7859029,0.522098591,354.3278384,145.9226005,BF
422.6266314,21.64716208,-444.2737935,0.54382867,435.1955873,145.8774839,BF
422.6266314,21.64716208,-444.2737935,0.54382867,435.1955873,145.8774839,BF
460.2440302,-3.350758768,-456.8932714,0.56748573,517.7156109,145.8312968,BF
503.5141681,-27.92812672,-475.5860414,0.591848392,592.5088431,145.7851236,BF
550.8038889,-50.98296954,-499.8209194,0.616097248,649.586506,145.7389645,BF
599.8235683,-71.6078711,-528.2156972,0.638594968,677.1115856,145.6928195,BF
647.4175624,-88.90415442,-558.513408,0.657583666,662.9483255,145.6466891,BF
689.677324,-102.225175,-587.452149,0.670407491,597.9857922,145.6005737,BF
722.2951616,-111.0657834,-611.2293783,0.674536016,481.1800113,145.5544737,BF
741.3245939,-115.1351296,-626.1894643,0.667900216,323.9423892,145.5083896,BF
744.2432789,-114.325418,-629.9178609,0.649660438,150.2967352,145.4623216,BF
730.8802637,-108.6624061,-622.2178576,0.620804385,-10.06503081,145.4162698,BF
703.7820879,-98.41505409,-605.3670338,0.58389673,-133.5153542,145.3702338,BF
667.2635813,-83.85540899,-583.4081723,0.543029061,-210.7342803,145.3242134,BF
632.0840124,-68.37899407,-563.7050183,0.508102528,-243.536347,145.2848955,BF
632.0840124,-68.37899407,-563.7050183,0.508102528,-243.536347,145.2848955,BF
589.7192528,-47.41098658,-542.3082662,0.469795638,-253.7327953,145.2389028,BF
548.6045779,-24.11482009,-524.4897578,0.43692499,-245.6101412,145.1929246,BF
510.1291832,0.497828907,-510.6270121,0.410644892,-228.628931,145.1469609,BF
474.8986565,25.46439032,-500.3630468,0.391497621,-208.3232164,145.1010116,BF
443.277172,49.55658884,-492.8337609,0.378926592,-187.0430696,145.0550766,BF
415.4737202,71.93344344,-487.4071637,0.373102638,-165.3390646,145.0091559,BF
398.5583906,85.97386074,-484.5322513,0.37275956,-149.6916675,144.9771778,BF
383.9348596,98.33474463,-482.2696042,0.374852098,-133.226159,144.9452067,BF
371.7573882,108.8999652,-480.6573534,0.379925064,-115.7058185,144.9132424,BF
358.7903214,120.5120781,-479.3023994,0.391704511,-87.80672031,144.8668585,BF
351.9994628,127.3010311,-479.3004939,0.408067316,-56.8623725,144.8204892,BF
351.5465548,129.0194818,-480.5660366,0.428326187,-23.80908331,144.7741344,BF
357.2233212,125.5773885,-482.8007097,0.450955279,8.917816765,144.7277941,BF
364.5922133,119.9415114,-484.5337248,0.468011185,30.21721174,144.6941053,BF
364.5922133,119.9415114,-484.5337248,0.468011185,30.21721174,144.6941053,BF
377.7975792,108.0496156,-485.8471948,0.490504668,52.35148135,144.6477902,BF
392.0981445,91.87917381,-483.9773184,0.509328641,62.66002526,144.6014898,BF
404.6891407,72.01372208,-476.7028628,0.522135515,60.79816593,144.5552041,BF
413.2776895,49.25104492,-462.5287344,0.527145439,51.79678896,144.5089333,BF
416.9770476,24.52134325,-441.4983908,0.523887579,44.81901291,144.4626774,BF
416.6375086,-1.114394342,-415.5231143,0.513325004,48.83969391,144.4164363,BF
414.3926199,-26.52454805,-387.8680719,0.497517625,68.40222896,144.37021,BF
412.688808,-50.55315968,-362.1356483,0.478940741,102.5466335,144.3239981,BF
413.1877072,-68.90957565,-344.2781316,0.463112407,139.1431945,144.285349,BF
413.1877072,-68.90957565,-344.2781316,0.463112407,139.1431945,144.285349,BF
417.1131949,-87.85857485,-329.2546201,0.445168524,187.849291,144.2391635,BF
424.9321992,-102.8381943,-322.0940049,0.429655912,237.7274174,144.1929924,BF
436.4255731,-113.2166562,-323.208917,0.417599842,285.6663441,144.1468357,BF
450.8597915,-118.5781213,-332.2816703,0.409135619,329.8580986,144.1006932,BF
467.4528846,-118.715921,-348.7369637,0.404514282,369.4307203,144.0545652,BF
485.266564,-113.58141,-371.685154,0.404115574,403.8297694,144.0084515,BF
503.4712927,-103.4563563,-400.0149364,0.407473633,432.5280702,143.9623524,BF
521.4624498,-88.73804508,-432.7244048,0.414611134,454.7498275,143.9162677,BF
538.5978053,-70.02038538,-468.5774199,0.425553204,468.9296723,143.8701976,BF
554.2260449,-48.12852424,-506.0975206,0.439471356,472.5109538,143.8241422,BF
567.6349049,-23.99176771,-543.6431372,0.455675913,462.0564912,143.7781016,BF
577.6140506,1.503087195,-579.1171378,0.473245548,433.5176834,143.7320759,BF
578.688617,5.010060797,-583.6986778,0.475787515,428.0527955,143.7257903,BF
578.688617,5.010060797,-583.6986778,0.475787515,428.0527955,143.7257903,BF
583.143928,30.61171144,-613.7556394,0.492550869,375.2598401,143.6797817,BF
581.2812764,55.05372672,-636.3350032,0.507033475,301.3608119,143.6337885,BF
571.9113009,77.36315725,-649.2744582,0.517840473,211.6898175,143.5878108,BF
554.9736785,96.54303062,-651.5167092,0.524188285,116.2450439,143.5418486,BF
531.594758,111.7952654,-643.3900234,0.526213091,26.83846282,143.495902,BF
503.9919212,122.4993551,-626.4912763,0.524795825,-46.72582399,143.449971,BF
474.8896143,128.2734846,-603.163099,0.521204368,-98.97792225,143.4040551,BF
447.0342473,128.7934389,-575.8276862,0.51684088,-128.8739109,143.3581544,BF
422.7147087,124.1354033,-546.8501121,0.512678778,-138.2170076,143.3122686,BF
403.5397826,114.5330048,-518.0727875,0.50980693,-130.15183,143.2663974,BF
390.6436004,100.2997772,-490.9433776,0.508203257,-108.2326688,143.2205408,BF
384.5595884,82.13780776,-466.6973961,0.508314303,-76.11563159,143.1746986,BF
385.4461848,60.71096152,-446.1571463,0.509677244,-37.43633712,143.1288708,BF
392.9256056,37.00879577,-429.9344014,0.512154303,3.871983404,143.0830572,BF
406.237071,11.96380324,-418.2008743,0.514918719,43.64546583,143.037258,BF
424.1520373,-13.37036433,-410.781673,0.517215605,77.41982479,142.991473,BF
444.7116215,-37.79870344,-406.912918,0.518113292,100.6901092,142.9457024,BF
465.7302035,-60.47472582,-405.2554777,0.51586836,109.9798963,142.8999463,BF
484.4923712,-80.34195309,-404.1504181,0.509415647,103.7823374,142.8542049,BF
498.2188024,-96.67178069,-401.5470218,0.497149876,84.03471516,142.8084782,BF
504.5848208,-108.8048612,-395.7799597,0.478334205,56.74620058,142.7627664,BF
502.3590502,-116.2588767,-386.1001735,0.453170107,30.76381711,142.7170695,BF
491.8409652,-118.7347055,-373.1062597,0.422965756,14.46202735,142.6713874,BF
480.1045851,-117.3208718,-362.7837133,0.399642414,11.34398291,142.638483,BF
480.1045851,-117.3208718,-362.7837133,0.399642414,11.34398291,142.638483,BF
460.3975516,-110.9954207,-349.4021309,0.366603182,18.53144699,142.5928262,BF
439.3710717,-99.77565154,-339.5954202,0.336332436,35.13597209,142.5471838,BF
419.3556141,-84.07434574,-335.2812684,0.311083623,55.9093371,142.5015558,BF
401.659686,-64.61027942,-337.0494066,0.292351599,77.15434037,142.4559423,BF
386.656712,-42.24848082,-344.4082312,0.28048848,97.46378149,142.4103432,BF
374.2907405,-17.83806882,-356.4526716,0.276043372,117.0893733,142.3647584,BF
364.4421547,7.409105376,-371.8512601,0.278208841,137.4079995,142.3191881,BF
357.1659067,32.57954411,-389.7454508,0.287226899,160.0054365,142.2736322,BF
352.8486087,56.45612277,-409.3047315,0.302328417,186.7392763,142.2280906,BF
352.1096603,78.16774294,-430.2774032,0.323706331,219.1496504,142.1825633,BF
355.847924,96.67475008,-452.5226741,0.350862431,258.4615911,142.1370503,BF
364.9257039,111.3810028,-476.3067066,0.383597585,304.7270579,142.0915514,BF
380.0360301,121.5589809,-501.595011,0.421401542,356.1451146,142.0460666,BF
401.4093579,126.8630158,-528.2723737,0.463134218,407.848863,142.0005959,BF
418.1150381,127.6037533,-545.7187914,0.491160077,437.1486091,141.9715158,BF
418.1150381,127.6037533,-545.7187914,0.491160077,437.1486091,141.9715158,BF
447.8250343,124.538725,-572.3637593,0.535304053,468.1865775,141.9260683,BF
479.4337137,116.4912569,-595.9249706,0.576842294,468.7454727,141.8806352,BF
509.2025559,103.7114154,-612.9139713,0.612099257,427.1610149,141.8352168,BF
527.6350322,91.45239633,-619.0874285,0.632298034,367.0193306,141.8014482,BF
541.0968056,77.08099712,-618.1778028,0.645567981,286.0742156,141.7676881,BF
548.5577463,60.9200287,-609.4777751,0.651249672,192.9732215,141.7339367,BF
549.7892236,43.33638593,-593.1256096,0.649245074,99.00429094,141.700194,BF
545.3807275,24.75687121,-570.1375987,0.640097646,15.21274882,141.6664599,BF
536.5781693,5.641784108,-542.2199534,0.624890568,-50.30321099,141.6327343,BF
524.9777836,-13.52854367,-511.44924,0.605031377,-93.78197637,141.5990172,BF
512.1888666,-32.27326853,-479.915598,0.581994568,-115.6093339,141.5653083,BF
495.1472514,-56.67268648,-438.4745649,0.547575317,-116.5614909,141.5186413,BF
480.8518701,-78.26364494,-402.5882251,0.512719548,-94.77932543,141.4719895,BF
470.3078676,-96.05094678,-374.2569208,0.479300449,-62.07632641,141.4253529,BF
466.2057595,-103.8876182,-362.3181413,0.462511072,-43.06300387,141.4001311,BF
466.2057595,-103.8876182,-362.3181413,0.462511072,-43.06300387,141.4001311,BF
462.2101614,-111.9891617,-350.2209996,0.441189224,-18.56707728,141.3665631,BF
459.029839,-118.4772062,-340.5526327,0.415960776,9.784041261,141.3227774,BF
457.2764582,-120.1487972,-337.127661,0.393489348,32.35714123,141.2790051,BF
455.8271047,-116.8661383,-338.9609665,0.373891604,48.48359768,141.2352462,BF
453.7295683,-108.7747585,-344.9548098,0.357060613,58.38562836,141.1915007,BF
450.399071,-96.34406569,-354.0550053,0.342531809,62.91168017,141.1477687,BF
445.1420291,-79.89734103,-365.2446881,0.330790545,62.98715862,141.1040503,BF
437.7454468,-60.23334823,-377.5120985,0.321566343,59.7889471,141.0603453,BF
428.1780907,-37.97093335,-390.2071573,0.314898567,54.3992076,141.016654,BF
416.6635202,-14.11264568,-402.5508745,0.311114695,47.75682005,140.9729762,BF
403.6108023,10.44968926,-414.0604916,0.310207947,40.59030565,140.9293121,BF
389.5746661,34.72969433,-424.3043604,0.311899628,33.41318381,140.8856615,BF
374.9184342,57.78777647,-432.7062107,0.316419001,26.53737517,140.8420245,BF
360.1830444,78.66727707,-438.8503215,0.323084621,20.3672236,140.7984011,BF
345.6721231,96.60111859,-442.2732417,0.331927022,15.50490997,140.7547912,BF
331.9118335,110.8027039,-442.7145374,0.342129304,12.91960807,140.7111949,BF
319.413891,120.7611981,-440.1750891,0.35365872,13.91534695,140.6676121,BF
308.9096891,126.0335025,-434.9431916,0.366207486,19.96205739,140.6240428,BF
301.2618317,126.4545326,-427.7163642,0.379643979,32.44043946,140.5804868,BF
297.3545922,122.0075488,-419.362141,0.394085258,52.43138253,140.5369443,BF
298.0655034,112.8526236,-410.918127,0.409428221,80.549344,140.4934149,BF
304.1368792,99.31260172,-403.449481,0.425595127,116.8175265,140.4498988,BF
316.0222544,82.12572891,-398.1479833,0.443338361,160.3725952,140.4063958,BF
329.0135618,67.02940068,-396.0429625,0.457304742,197.1406971,140.37357,BF
329.0135618,67.02940068,-396.0429625,0.457304742,197.1406971,140.37357,BF
351.5253694,44.89477451,-396.4201439,0.476238123,248.8405297,140.3300899,BF
379.7139377,21.13957498,-400.8535127,0.495659848,300.3655273,140.2866228,BF
412.7727118,-3.293072324,-409.4796395,0.514907165,346.5039854,140.2431686,BF
449.2535468,-27.34487879,-421.908668,0.533165632,380.6322674,140.1997276,BF
487.283086,-50.16809714,-437.1149888,0.548989903,395.4970162,140.1562998,BF
524.2597347,-70.79574299,-453.4639917,0.560990477,384.2748668,140.1128855,BF
557.2160967,-88.50492172,-468.711175,0.567173945,342.8631574,140.0694848,BF
582.86664,-102.556773,-480.309867,0.565942597,272.3835817,140.0260981,BF
598.4146985,-112.5097088,-485.9049897,0.555907125,181.0377421,139.9827255,BF
602.1278337,-117.9883963,-484.1394375,0.536780524,83.40078275,139.9393673,BF
593.9700181,-118.7908283,-475.1791898,0.509541699,-3.973887682,139.8960233,BF
575.6992139,-114.852939,-460.8462749,0.476415565,-68.66112693,139.8526934,BF
550.2855509,-106.2771103,-444.0084406,0.44033805,-106.4647579,139.8093775,BF
532.90694,-98.98275227,-433.9241877,0.41888715,-117.5194282,139.783307,BF
532.90694,-98.98275227,-433.9241877,0.41888715,-117.5194282,139.783307,BF
502.7992117,-83.61282052,-419.1863912,0.384422225,-121.5624963,139.7400128,BF
472.8477347,-64.71791603,-408.1298187,0.354516061,-114.510384,139.6967319,BF
444.305417,-43.16178529,-401.1436317,0.32975372,-102.5705577,139.6534645,BF
417.6254186,-19.64846836,-397.9769502,0.31124985,-89.47418185,139.6102103,BF
393.0014811,4.71434732,-397.7158284,0.298552085,-76.78086735,139.5669693,BF
370.5126577,29.09041542,-399.6030732,0.291931895,-64.77853955,139.5237417,BF
350.3163392,52.48377185,-402.800111,0.291007633,-52.9007721,139.4805273,BF
336.8250863,68.87247613,-405.6975624,0.293355777,-43.31757262,139.4476616,BF
325.1666841,83.86053785,-409.027222,0.298977781,-32.89960556,139.4148035,BF
317.5696694,94.1887878,-411.7584572,0.305131926,-23.89797394,139.3893173,BF
317.5696694,94.1887878,-411.7584572,0.305131926,-23.89797394,139.3893173,BF
317.4164996,94.4090701,-411.8255697,0.305301298,-23.68793979,139.3887477,BF
317.4164996,94.4090701,-411.8255697,0.305301298,-23.68793979,139.3887477,BF
317.2641479,94.6252332,-411.8893811,0.305732381,-23.47562803,139.3881782,BF
316.5049254,95.71218751,-412.2171129,0.306392073,-22.41572453,139.3853304,BF
314.7279905,98.29376097,-413.0217514,0.308381368,-19.75452543,139.378348,BF
310.4362137,104.8586061,-415.2948198,0.314803402,-11.99078374,139.3591008,BF
304.5195358,115.7379232,-420.2574591,0.330449502,5.869591779,139.3197133,BF
302.7808581,122.9531202,-425.7339784,0.349390149,26.23329124,139.2803367,BF
305.5276229,126.2238736,-431.7514964,0.370896837,48.33484483,139.240971,BF
312.5756758,125.508502,-438.0841779,0.394344975,70.33109704,139.2016164,BF
319.9116657,122.6008424,-442.5125081,0.411408553,84.33689366,139.1738172,BF
319.9116657,122.6008424,-442.5125081,0.411408553,84.33689366,139.1738172,BF
332.8017297,115.1451634,-447.9468932,0.4351511,99.28078474,139.1344812,BF
347.22587,104.0274813,-451.2533513,0.456800957,105.3802912,139.0951562,BF
361.3551233,89.58791256,-450.9430359,0.474713211,100.4917243,139.0558424,BF
373.3536361,72.25989798,-445.6135341,0.487178285,85.23461128,139.0165398,BF
381.7740535,52.57734867,-434.3514022,0.493101126,63.60921015,138.9772484,BF
384.4485635,41.95476205,-426.4033256,0.493689361,52.3260874,138.9574954,BF
384.4485635,41.95476205,-426.4033256,0.493689361,52.3260874,138.9574954,BF
384.5531015,41.41607362,-425.9691751,0.493648178,51.78774379,138.9565292,BF
384.5531015,41.41607362,-425.9691751,0.493648178,51.78774379,138.9565292,BF
384.6517384,40.88918228,-425.5409206,0.493822209,51.2554887,138.955563,BF
385.0990558,38.25887666,-423.3579324,0.493323031,48.63680924,138.9507319,BF
385.6496369,34.43638576,-420.0860226,0.492833881,45.02460221,138.9438442,BF
386.2983293,27.99631087,-414.2946402,0.491597669,39.43851711,138.9323787,BF
386.6264024,21.48370127,-408.1101036,0.489770809,34.51528815,138.920914,BF
386.4714203,8.560730659,-395.032151,0.484715261,27.25187322,138.8984254,BF
384.9427876,-9.436746762,-375.5060408,0.474971226,23.40837539,138.8672739,BF
382.6211927,-27.19722808,-355.4239646,0.462732643,27.29170178,138.8361294,BF
379.4456688,-51.95814502,-327.4875237,0.442114343,45.4926097,138.7905087,BF
378.1538749,-74.24661552,-303.9072594,0.420307636,74.22808427,138.7449028,BF
378.1482435,-77.55689029,-300.5913532,0.416927763,79.52895022,138.7374472,BF
378.1482435,-77.55689029,-300.5913532,0.416927763,79.52895022,138.7374472,BF
378.2574876,-80.41879569,-297.8386919,0.413220871,84.25044796,138.7309644,BF
378.2574876,-80.41879569,-297.8386919,0.413220871,84.25044796,138.7309644,BF
378.4232565,-83.18077093,-295.2424855,0.410725886,89.02761995,138.7244819,BF
378.839797,-87.63239895,-291.2073981,0.405497965,97.18497619,138.7135446,BF
379.1962011,-90.34130912,-288.854892,0.402376682,102.398522,138.7066253,BF
379.1962011,-90.34130912,-288.854892,0.402376682,102.398522,138.7066253,BF
379.8355268,-93.99664702,-285.8388798,0.397904558,109.7933709,138.6968428,BF
379.8355268,-93.99664702,-285.8388798,0.397904558,109.7933709,138.6968428,BF
380.337988,-96.30139323,-284.0365947,0.395064481,114.676301,138.6903855,BF
380.337988,-96.30139323,-284.0365947,0.395064481,114.676301,138.6903855,BF
380.9026888,-98.5143544,-282.3883344,0.392231162,119.5460822,138.6839284,BF
383.366862,-105.5246635,-277.8421985,0.382721939,136.3595715,138.6613348,BF
390.1574328,-115.7338477,-274.4235851,0.365992595,167.3225467,138.6169952,BF
398.9161166,-120.922177,-277.9939395,0.352030522,194.230628,138.5726695,BF
408.8390142,-120.9458435,-287.8931707,0.341129122,216.3772274,138.5283578,BF
418.966792,-115.7226251,-303.2441669,0.333419065,233.5559786,138.48406,BF
428.5750016,-105.5180451,-323.0569564,0.328811192,245.9978685,138.4397763,BF
437.067759,-90.73346155,-346.3342975,0.327477778,253.9903604,138.3955067,BF
444.1676991,-72.05765208,-372.110047,0.329236247,257.8239083,138.3512511,BF
449.5185422,-50.20807598,-399.3104662,0.334237144,257.2864895,138.3070097,BF
452.9878914,-26.12685701,-426.8610343,0.342201208,251.8205457,138.2627824,BF
454.4837451,-0.817535804,-453.6662093,0.35252466,240.4361308,138.2185694,BF
453.5636438,24.66324752,-478.2268913,0.364837413,221.6231224,138.1743706,BF
449.9077301,49.20859233,-499.1163225,0.377865425,194.3396854,138.1301862,BF
444.2381738,68.51913393,-512.7573077,0.388898676,164.5290481,138.0927906,BF
444.2381738,68.51913393,-512.7573077,0.388898676,164.5290481,138.0927906,BF
441.6683689,74.86793582,-516.5363047,0.392880073,152.6315996,138.0795418,BF
438.7224716,81.00306783,-519.7255394,0.396396666,140.18778,138.0662943,BF
434.4597591,88.39094616,-522.8507053,0.400944185,123.5228414,138.0493216,BF
427.5057207,97.88981544,-525.3955362,0.406764474,99.13898371,138.025393,BF
413.859976,110.8688545,-524.7288305,0.414921735,58.51604376,137.9859025,BF
398.0723107,120.1935749,-518.2658856,0.421467828,20.7218163,137.9464236,BF
381.2253262,125.4948155,-506.7201417,0.426273699,-10.95501635,137.9069563,BF
364.4990993,126.681539,-491.1806383,0.430041691,-34.12901754,137.8675006,BF
349.1669637,123.6446639,-472.8116277,0.432853452,-47.63367719,137.8280562,BF
336.315432,116.5749148,-452.8903468,0.435429401,-51.28692237,137.7886233,BF
326.8855022,105.6420441,-432.5275463,0.437833004,-45.69222802,137.7492015,BF
321.5555674,91.22416862,-412.779736,0.44027656,-31.98007181,137.709791,BF
320.6824673,73.92539289,-394.6078602,0.443391823,-11.70627636,137.6703917,BF
324.4432533,54.18635042,-378.6296037,0.446535354,13.36807979,137.6310034,BF
332.7352668,32.7275314,-365.4627982,0.449744069,41.11916351,137.5916261,BF
345.1605556,10.33206822,-355.4926238,0.453139574,69.16396456,137.5522599,BF
361.1072994,-12.33461851,-348.7726809,0.455938649,94.9797264,137.5129047,BF
379.6670035,-34.47467248,-345.192331,0.457755427,115.8778648,137.4735606,BF
399.6563431,-55.2986997,-344.3576434,0.458318422,129.2967919,137.4342276,BF
419.6598386,-74.17763585,-345.4822027,0.456518525,133.1673901,137.3949058,BF
438.1120845,-90.47155857,-347.640526,0.451760269,126.4053582,137.3555952,BF
453.219271,-103.58262,-349.636651,0.443442225,109.3792477,137.316296,BF
463.4636509,-113.1848187,-350.2788322,0.430696615,84.42444994,137.2770082,BF
467.6019011,-118.910396,-348.6915051,0.413607412,55.70818088,137.2377319,BF
465.0567039,-120.6173641,-344.4393399,0.392233731,28.38121417,137.1984671,BF
456.1200394,-118.248315,-337.8717245,0.367679571,7.153888514,137.1592137,BF
442.5068556,-112.1531326,-330.353723,0.342312376,-4.948994318,137.1214175,BF
442.5068556,-112.1531326,-330.353723,0.342312376,-4.948994318,137.1214175,BF
424.7909322,-102.0629249,-322.7280073,0.3159726,-8.744907161,137.0821863,BF
405.2580047,-88.44002562,-316.8179791,0.291386277,-5.588790662,137.0429664,BF
385.4800929,-71.72229031,-313.7578026,0.270121243,1.67137317,137.0037576,BF
366.5252573,-52.44142338,-314.083834,0.253284232,10.55554479,136.96456,BF
348.9648793,-31.31608747,-317.6487918,0.241275737,19.5846246,136.9253735,BF
332.9822926,-9.011078166,-323.9712144,0.234438859,28.232018,136.8861982,BF
318.5936465,13.70684884,-332.3004953,0.232652307,36.68700802,136.847034,BF
305.8594152,35.95015157,-341.8095668,0.235211204,45.59072082,136.8078809,BF
294.9698526,57.10201861,-352.0718712,0.242443699,55.67907368,136.768739,BF
286.1856186,76.4019397,-362.5875583,0.253879943,67.87415715,136.7296082,BF
280.0367133,93.11696964,-373.153683,0.268981267,83.128339,136.6904884,BF
277.0683161,106.8081285,-383.8764445,0.288016423,102.2063774,136.6513797,BF
277.8560196,116.9778315,-394.8338511,0.310591045,125.6807143,136.612282,BF
278.0421546,117.4553518,-395.4975064,0.311944983,127.1963875,136.6100028,BF
278.0421546,117.4553518,-395.4975064,0.311944983,127.1963875,136.6100028,BF
278.0924254,117.5742565,-395.6666819,0.312295469,127.5798806,136.6094302,BF
278.0924254,117.5742565,-395.6666819,0.312295469,127.5798806,136.6094302,BF
278.1415324,117.6912441,-395.8327764,0.312191949,127.9633542,136.6088577,BF
278.4157771,118.2369999,-396.652777,0.314317773,129.90993,136.6059951,BF
278.9577543,119.2004506,-398.1582049,0.317807377,133.4770947,136.6008158,BF
280.4368668,121.1597738,-401.5966406,0.32532042,141.7432172,136.5891836,BF
284.1234949,123.745985,-407.8694799,0.339682175,157.4370332,136.5684057,BF
296.5164455,125.3954813,-421.9119268,0.372685899,193.9207014,136.5239992,BF
315.2268758,121.7565612,-436.983437,0.408146894,231.3822042,136.4796067,BF
318.5599239,120.7675844,-439.3275083,0.413550502,236.7122476,136.4730589,BF
318.5599239,120.7675844,-439.3275083,0.413550502,236.7122476,136.4730589,BF
325.6274406,118.4372331,-444.0646737,0.424568852,247.0409031,136.4597445,BF
333.1613827,115.648374,-448.8097567,0.435614629,256.5881206,136.4464314,BF
351.4448462,107.8026578,-459.2475039,0.460016231,273.8211615,136.4164916,BF
376.8861992,94.63147997,-471.5176791,0.489647296,283.456958,136.3777598,BF
393.2640533,84.6735907,-477.937644,0.506730964,279.7765839,136.3532418,BF
393.2640533,84.6735907,-477.937644,0.506730964,279.7765839,136.3532418,BF
393.6199487,84.44312188,-478.0630705,0.507072015,279.6022117,136.3527079,BF
393.6199487,84.44312188,-478.0630705,0.507072015,279.6022117,136.3527079,BF
393.9750145,84.21250189,-478.1875164,0.50734447,279.4233649,136.352174,BF
395.745476,83.05258144,-478.7980575,0.509149066,278.4652281,136.3495047,BF
403.9200953,77.45656665,-481.376662,0.516883178,272.5275395,136.3369858,BF
426.0245761,59.58027705,-485.6048531,0.535456852,241.14161,136.3001837,BF
443.8882721,39.93239939,-483.8206715,0.547019342,191.1581226,136.2633919,BF
455.9346158,19.08186476,-475.0164806,0.550416859,129.1543656,136.2266104,BF
461.4677322,-2.362737033,-459.1049952,0.545388605,65.06289553,136.1898394,BF
460.8309359,-23.75173886,-437.0791971,0.532522191,9.147961416,136.1530787,BF
455.260152,-44.41415873,-410.8459933,0.513139174,-31.19480339,136.1163284,BF
446.4775088,-63.68889542,-382.7886134,0.488968791,-53.16590684,136.0795882,BF
433.7759862,-84.88228543,-348.8937008,0.455094923,-57.40487241,136.0337447,BF
421.5369879,-101.9303623,-319.6066255,0.420067371,-43.71124964,135.9879166,BF
411.1890818,-114.0413344,-297.1477474,0.386270182,-21.28822273,135.9421038,BF
410.5451655,-114.6585136,-295.8866519,0.384094945,-19.65821377,135.9390241,BF
410.5451655,-114.6585136,-295.8866519,0.384094945,-19.65821377,135.9390241,BF
407.8959297,-117.1196585,-290.7762712,0.374400502,-12.37342159,135.9252836,BF
405.4513198,-119.0832758,-286.368044,0.365068772,-5.140136454,135.9115444,BF
400.3690342,-121.6563815,-278.7126527,0.344060603,11.26190614,135.8787829,BF
394.66902,-120.3394447,-274.3295753,0.318615129,30.37048496,135.834086,BF
389.6137491,-113.5113799,-276.1023692,0.297066102,44.77399011,135.7894037,BF
384.3991127,-101.6193237,-282.7797891,0.279307515,54.63862244,135.744736,BF
378.3540941,-85.04592758,-293.3081665,0.26559792,60.63814616,135.7000828,BF
371.1255739,-64.57970295,-306.5458709,0.256001181,63.81797868,135.6554444,BF
362.780038,-41.2433921,-321.5366459,0.250307372,65.27764477,135.6108205,BF
353.5449879,-15.92542404,-337.6195638,0.249122945,65.86482772,135.5662114,BF
344.0133744,10.16907084,-354.1824453,0.252355239,66.23668058,135.5216169,BF
334.8143902,35.90195237,-370.7163426,0.259901985,66.57535268,135.4770371,BF
326.4517807,60.16537283,-386.6171536,0.271645223,66.48909752,135.432472,BF
319.2478388,81.88338239,-401.1312212,0.286884548,65.05098796,135.3879215,BF
314.7760607,95.44259375,-410.2186545,0.299243126,62.43569303,135.3555772,BF
310.5913495,106.8442426,-417.4355921,0.312531818,57.93942203,135.3232407,BF
304.9894123,118.1956982,-423.1851105,0.330206804,48.71525724,135.2799077,BF
301.5008366,122.6373401,-424.1381767,0.340378611,41.82587802,135.2542121,BF
301.5008366,122.6373401,-424.1381767,0.340378611,41.82587802,135.2542121,BF
295.1602943,125.9580965,-421.1183908,0.35586925,29.25279452,135.2109014,BF
288.4210716,124.022422,-412.4434936,0.368902827,18.20486996,135.1676046,BF
282.0984917,116.8715095,-398.9700012,0.379551373,11.941617,135.1243218,BF
277.3408648,104.8343195,-382.1751842,0.387809995,12.95528895,135.0810529,BF
275.2851732,88.49310538,-363.7782786,0.394478447,22.42671673,135.0377978,BF
276.9900606,68.45406004,-345.4441206,0.399680679,40.23152126,134.9945565,BF
283.1006218,45.68228486,-328.7829066,0.404210468,65.12782544,134.9513287,BF
293.9759837,21.03430227,-315.010286,0.408069615,95.17421845,134.9081146,BF
309.5589261,-4.435738813,-305.1231873,0.41140733,127.8639818,134.864914,BF
324.7324197,-24.14486834,-300.5875513,0.414257676,153.4257471,134.8310366,BF
342.1137667,-43.2469198,-298.8668469,0.416518984,177.3522805,134.7971675,BF
367.6663089,-66.58031469,-301.0859942,0.418818076,203.8254273,134.752373,BF
394.7557059,-86.72484835,-308.0308576,0.42024109,221.188164,134.7075932,BF
421.5538611,-102.8523832,-318.7014779,0.419770657,226.3102018,134.6628282,BF
446.0380815,-114.1860797,-331.8520018,0.416831352,217.0999331,134.618078,BF
466.0745092,-120.2497218,-345.8247874,0.410730827,193.1785696,134.5733429,BF
479.5331448,-120.7478087,-358.7853361,0.400815226,156.5360617,134.528623,BF
484.8643049,-115.7132422,-369.1510627,0.386680652,111.8920948,134.4839183,BF
483.9407883,-110.5779373,-373.3628509,0.377358387,85.81457172,134.4589091,BF
483.9407883,-110.5779373,-373.3628509,0.377358387,85.81457172,134.4589091,BF
483.8289785,-110.3049793,-373.5239992,0.376857467,84.65591096,134.4577871,BF
483.8289785,-110.3049793,-373.5239992,0.376857467,84.65591096,134.4577871,BF
483.7117536,-110.028742,-373.6830116,0.376454427,83.49921616,134.4566651,BF
483.0460509,-108.6083044,-374.4377465,0.37390777,77.74141975,134.4510553,BF
481.1644327,-105.324615,-375.8398177,0.368747085,65.59305804,134.4390219,BF
476.8251282,-99.30254296,-377.5225853,0.359925079,46.9379313,134.4196675,BF
464.3942476,-85.37345472,-379.0207929,0.341971343,15.46503303,134.3824449,BF
457.8965472,-78.86279333,-379.0337539,0.334589271,4.605205927,134.3671999,BF
457.8965472,-78.86279333,-379.0337539,0.334589271,4.605205927,134.3671999,BF
439.4902962,-61.19631106,-378.2939851,0.316386432,-16.46863276,134.3299922,BF
418.5359309,-41.56341024,-376.9725207,0.299623322,-30.36902748,134.2927949,BF
391.457292,-15.77027185,-375.6870202,0.282511184,-39.65554844,134.2474595,BF
385.9117991,-10.42640407,-375.485395,0.279441592,-40.75923702,134.2383121,BF
385.9117991,-10.42640407,-375.485395,0.279441592,-40.75923702,134.2383121,BF
381.9563643,-6.56784337,-375.388521,0.277546985,-41.420042,134.2317798,BF
381.9563643,-6.56784337,-375.388521,0.277546985,-41.420042,134.2317798,BF
378.0301537,-2.744024915,-375.2861288,0.27523643,-41.99507314,134.2252479,BF
374.1098823,1.112047515,-375.2219298,0.273901976,-42.47815723,134.2187163,BF
367.0454302,8.103440678,-375.1488709,0.270961365,-43.15314769,134.2068752,BF
363.0580038,12.07664257,-375.1346464,0.26946651,-43.43458507,134.2001373,BF
363.0580038,12.07664257,-375.1346464,0.26946651,-43.43458507,134.2001373,BF
359.5507689,15.58995049,-375.1407194,0.268234401,-43.62833954,134.1941703,BF
359.5507689,15.58995049,-375.1407194,0.268234401,-43.62833954,134.1941703,BF
356.0696255,19.08671358,-375.1563391,0.267047207,-43.77379218,134.1882036,BF
348.3155008,26.92128579,-375.2367866,0.264881377,-43.93973081,134.1747491,BF
326.2860934,49.38359147,-375.6696849,0.261089217,-43.33741776,134.1348868,BF
305.9111619,70.10483628,-376.0159982,0.261286751,-41.31327829,134.0950364,BF
287.5804802,88.32906386,-375.9095441,0.265106506,-37.77154534,134.0551977,BF
271.8365721,103.5409079,-375.3774801,0.272509693,-32.38683218,134.0153709,BF
259.2311549,114.95601,-374.1871649,0.283163158,-24.46013417,133.9755559,BF
250.1807235,122.2637909,-372.4445144,0.296555898,-13.36457112,133.9357526,BF
245.3875743,125.1508532,-370.5384275,0.312316125,1.387512267,133.895961,BF
245.2383606,123.6851564,-368.923517,0.330733207,19.87980095,133.8561811,BF
250.0863491,117.7325576,-367.8189067,0.350633625,41.787842,133.8164128,BF
259.4342386,108.2171047,-367.6513433,0.370662706,64.63238578,133.7786499,BF
259.4342386,108.2171047,-367.6513433,0.370662706,64.63238578,133.7786499,BF
273.9537889,94.54813767,-368.5019266,0.392298588,88.71510654,133.7389042,BF
292.6945329,77.4344468,-370.1289797,0.413204614,109.7903703,133.6991702,BF
314.387078,57.67853717,-372.0656152,0.432320088,123.9476773,133.6594478,BF
337.2629785,35.91047653,-373.173455,0.448048701,127.385041,133.6197372,BF
359.1687916,12.92453541,-372.093327,0.458610076,117.7304732,133.5800383,BF
377.8383154,-10.47108936,-367.367226,0.462683773,95.50407471,133.5403515,BF
391.2948077,-33.47656818,-357.8182395,0.45902555,64.90206245,133.5006766,BF
398.3841863,-55.27876657,-343.1054197,0.44739179,33.09776014,133.4610138,BF
399.0811088,-75.08708347,-323.9940254,0.428458227,7.766692947,133.421363,BF
394.4341564,-92.15427328,-302.2798831,0.403708011,-5.874537931,133.3817242,BF
386.2549503,-105.8312062,-280.4237441,0.375413018,-6.75206198,133.3420972,BF
376.4621269,-115.5634916,-260.8986353,0.345726233,2.559374091,133.3024819,BF
371.0112843,-119.0524999,-251.9587844,0.329918135,10.34491116,133.2810675,BF
371.0112843,-119.0524999,-251.9587844,0.329918135,10.34491116,133.2810675,BF
361.4886184,-122.0426197,-239.4459988,0.301798217,26.95969857,133.2414702,BF
353.0122386,-120.4865732,-232.5256654,0.276572325,43.63791708,133.2018845,BF
345.6405601,-114.4165025,-231.2240576,0.254989931,58.28853976,133.1623104,BF
339.098054,-104.1602506,-234.9378035,0.23713697,70.17184356,133.122748,BF
332.9923013,-89.99527097,-242.9970304,0.223515489,79.32880724,133.0831973,BF
326.9700306,-72.47673184,-254.4932988,0.214097874,86.36552617,133.0436582,BF
320.8451258,-52.3382712,-268.5068546,0.208582552,92.12521277,133.0041308,BF
314.600574,-30.19285546,-284.4077185,0.207394389,97.408628,132.9646151,BF
308.4277571,-6.896068456,-301.5316886,0.210420154,103.0439156,132.9251111,BF
302.8002572,16.70399005,-319.5042472,0.21768773,109.7684127,132.8856188,BF
298.2264226,39.71384859,-337.9402712,0.229105956,118.0923878,132.8461382,BF
295.2774287,61.38871471,-356.6661434,0.24478786,128.1761909,132.8066692,BF
294.5983208,80.90383035,-375.5021511,0.264421856,139.734172,132.7672118,BF
296.5501885,97.63003229,-394.1802208,0.287744031,151.635224,132.7277661,BF
299.8379562,107.8359741,-407.6739303,0.306583481,159.5326033,132.698278,BF
304.3983759,115.9564795,-420.3548554,0.326646655,165.1196352,132.6687965,BF
308.9159336,120.9908828,-429.9068165,0.343552774,166.9273895,132.6441896,BF
308.9159336,120.9908828,-429.9068165,0.343552774,166.9273895,132.6441896,BF
317.4307687,125.6486761,-443.0794448,0.372098865,161.4499771,132.601744,BF
325.1887726,125.1173639,-450.3061364,0.397519973,142.8767304,132.5593122,BF
330.5164845,119.3200718,-449.8365563,0.418016831,112.0076658,132.5168942,BF
332.3448918,108.4821338,-440.8270256,0.431852818,73.93917323,132.47449,BF
332.3400247,106.5542572,-438.8942819,0.433550968,68.48471657,132.4685962,BF
332.3400247,106.5542572,-438.8942819,0.433550968,68.48471657,132.4685962,BF
332.332058,106.4125197,-438.7445778,0.433918112,68.07411011,132.4681465,BF
332.332058,106.4125197,-438.7445778,0.433918112,68.07411011,132.4681465,BF
332.3248855,106.2674178,-438.5923033,0.434475458,67.66228936,132.4676968,BF
332.2717034,105.5594802,-437.8311836,0.434630777,65.61910023,132.4654483,BF
332.158529,104.2138198,-436.3723488,0.434982432,61.89748696,132.4613443,BF
331.9782877,102.1176065,-434.0958942,0.436278636,56.55201125,132.4554358,BF
331.6421232,99.31430084,-430.956424,0.437509255,49.79893857,132.4478186,BF
330.7504953,93.73770811,-424.4882034,0.439160985,37.74298463,132.4336246,BF
328.8842173,84.56146711,-413.4456844,0.440287602,21.44397106,132.4123612,BF
324.6136734,66.23632494,-390.8499983,0.438623539,-0.378579197,132.374763,BF
320.2149346,45.74630344,-365.961238,0.43313425,-11.69074962,132.3371756,BF
316.804066,23.82398233,-340.6280484,0.424929641,-12.56338918,132.299599,BF
315.2890921,1.17898985,-316.468082,0.414689608,-4.648018741,132.262033,BF
316.2222974,-21.44422028,-294.7780772,0.403165001,9.605535023,132.2244775,BF
319.7132507,-43.18749943,-276.5257513,0.391406129,27.52174334,132.1869326,BF
325.6287395,-63.45746551,-262.171274,0.37916327,46.6819951,132.1493982,BF
333.588228,-81.53483908,-252.0533889,0.36686706,64.98377274,132.1118743,BF
342.9743341,-96.78954616,-246.1847879,0.35488324,80.78693724,132.0743609,BF
353.0599554,-108.7807028,-244.2792526,0.342911685,92.945005,132.036858,BF
363.1161122,-117.0842729,-246.0318393,0.331084372,100.7509777,131.9993657,BF
372.2806066,-121.4441927,-250.8364139,0.319381067,103.8978998,131.961884,BF
374.744303,-121.9598158,-252.7844872,0.316099005,103.9313924,131.9505895,BF
374.744303,-121.9598158,-252.7844872,0.316099005,103.9313924,131.9505895,BF
381.6272183,-120.9360191,-260.6911993,0.304397225,101.2468898,131.9131216,BF
386.0266897,-115.8942424,-270.1324473,0.293001327,94.71884348,131.8756644,BF
387.39012,-106.9463801,-280.4437399,0.281720912,85.1853719,131.838218,BF
385.379676,-94.41837109,-290.961305,0.270735074,73.6802736,131.8007822,BF
379.9254321,-78.67432188,-301.2511102,0.260476391,61.34647658,131.7633572,BF
371.232788,-60.3028967,-310.9298913,0.251034333,49.20031109,131.7259429,BF
359.7481694,-39.87865355,-319.8695159,0.242951788,38.04565976,131.6885394,BF
346.1032991,-18.08229429,-328.0210048,0.236739187,28.33309863,131.6511465,BF
331.0484999,4.367185877,-335.4156858,0.232732302,20.17905048,131.6137643,BF
315.3073937,26.74150196,-342.0488957,0.231305423,13.44583546,131.5763928,BF
299.5154491,48.31058239,-347.8260315,0.232636991,7.887846921,131.539032,BF
284.1382626,68.29910773,-352.4373703,0.23633738,3.298514869,131.5016818,BF
269.4752966,86.09652912,-355.5718257,0.24253788,-0.327241246,131.4643423,BF
255.8223456,101.1147258,-356.9370714,0.250869862,-2.778346432,131.4270134,BF
243.6491918,112.7412231,-356.3904149,0.260575027,-3.644537215,131.3896951,BF
233.300987,120.7166656,-354.0176526,0.271986333,-2.344860827,131.3523874,BF
225.1789377,124.7457111,-349.9246487,0.284595038,1.774849764,131.3150902,BF
221.0345028,125.0413978,-346.0759006,0.293952526,6.935043697,131.2877853,BF
221.0345028,125.0413978,-346.0759006,0.293952526,6.935043697,131.2877853,BF
220.8636303,124.991679,-345.8553093,0.294567357,7.271824724,131.2863035,BF
220.8636303,124.991679,-345.8553093,0.294567357,7.271824724,131.2863035,BF
220.6968821,124.9277844,-345.6246665,0.295214951,7.617058163,131.2848217,BF
220.1549959,124.6928453,-344.8478411,0.297223782,8.830459958,131.2797734,BF
218.9281533,123.6492859,-342.5774391,0.302582484,12.66224954,131.2654223,BF
218.1043082,118.382438,-336.4867463,0.316589002,24.89899057,131.2294534,BF
220.8789719,109.5017367,-330.3807086,0.331074394,40.9135625,131.1934943,BF
225.5242163,100.5603636,-326.08458,0.34252637,55.39040955,131.1662987,BF
225.5242163,100.5603636,-326.08458,0.34252637,55.39040955,131.1662987,BF
235.1451404,86.0935525,-321.2386929,0.357582261,77.14596269,131.1303567,BF
248.7169665,69.02241889,-317.7393854,0.37272714,100.8870933,131.0944242,BF
270.211652,45.50499315,-315.7166452,0.390592046,130.1060427,131.0506821,BF
275.4848704,40.17609366,-315.6609641,0.394439201,136.0784561,131.0413604,BF
275.4848704,40.17609366,-315.6609641,0.394439201,136.0784561,131.0413604,BF
276.9335165,38.72853722,-315.6620537,0.39539259,137.6432171,131.0388832,BF
276.9335165,38.72853722,-315.6620537,0.39539259,137.6432171,131.0388832,BF
278.362784,37.32401069,-315.6867947,0.396912148,139.1712107,131.036406,BF
281.0495467,34.69868264,-315.7482293,0.397995737,141.9617846,131.0318249,BF
285.1815375,30.68401313,-315.8655507,0.400846431,146.0413869,131.0249957,BF
290.6687487,25.46142166,-316.1301704,0.404109084,151.1015776,131.0161303,BF
299.3529141,17.37623541,-316.7291495,0.409086471,158.2707776,131.002568,BF
314.9245528,3.36167332,-318.2862261,0.416990926,168.5565036,130.9792602,BF
344.7011756,-22.29981528,-322.4013603,0.428856085,178.4634236,130.9363944,BF
360.6866112,-35.6699559,-325.0166553,0.433869949,177.8484945,130.9134482,BF
360.6866112,-35.6699559,-325.0166553,0.433869949,177.8484945,130.9134482,BF
361.765432,-36.56983309,-325.1955989,0.434107267,177.6439195,130.9119003,BF
361.765432,-36.56983309,-325.1955989,0.434107267,177.6439195,130.9119003,BF
362.8224773,-37.44314898,-325.3793283,0.434465234,177.4142382,130.9103525,BF
366.5200257,-40.50310764,-326.016918,0.435019722,176.4352057,130.9049167,BF
371.8537299,-44.94515472,-326.9085752,0.436257371,174.5309701,130.8970272,BF
378.9922828,-50.89752776,-328.0947551,0.437375488,170.9739416,130.8862067,BF
391.3249153,-61.30783676,-330.0170786,0.438464678,161.7378257,130.866588,BF
407.0279327,-75.07880008,-331.9491327,0.437442699,142.6986054,130.8386918,BF
423.9458142,-91.65595848,-332.2898557,0.4307541,107.1459474,130.8002849,BF
434.1333542,-104.9873921,-329.1459621,0.417537121,65.6079653,130.7618897,BF
436.8253696,-114.590338,-322.2350315,0.398249814,24.90799012,130.723506,BF
432.1728999,-120.1374047,-312.0354952,0.37357043,-8.503689872,130.685134,BF
421.3645488,-121.4196309,-299.9449179,0.345348589,-30.6261309,130.6467735,BF
406.1647794,-118.3435709,-287.8212085,0.315529936,-40.96111906,130.6084243,BF
399.2072641,-115.9034204,-283.3038437,0.303712935,-42.25216124,130.5930673,BF
399.2072641,-115.9034204,-283.3038437,0.303712935,-42.25216124,130.5930673,BF
380.9407489,-106.8837269,-274.057022,0.275026958,-40.42825154,130.554734,BF
362.2365591,-93.98851736,-268.2480417,0.249343116,-34.29935188,130.5164118,BF
343.8883697,-77.62430117,-266.2640685,0.227661282,-26.831055,130.4781009,BF
326.2665834,-58.47660349,-267.7899799,0.210308659,-19.79743743,130.4398012,BF
309.4134218,-37.13124003,-272.2821817,0.197779762,-13.95568297,130.4015126,BF
293.2712199,-14.38359,-278.8876299,0.189964968,-9.318041874,130.3632353,BF
277.8383833,8.840724746,-286.679108,0.186268456,-5.469121077,130.3249691,BF
263.2755889,31.85528794,-295.1308769,0.187039061,-1.917350452,130.2867141,BF
249.8456664,53.78543499,-303.6311014,0.191871112,2.011582411,130.2484704,BF
238.0817661,73.76257727,-311.8443434,0.200461348,7.030329975,130.2102378,BF
228.4457052,91.26160863,-319.7073138,0.212626782,13.73583714,130.1720164,BF
221.6756329,105.5326169,-327.2082498,0.228391996,22.77274405,130.1338062,BF
218.3569231,116.1278916,-334.4848147,0.247383936,34.48100629,130.095607,BF
219.0307203,122.6807621,-341.7114825,0.269241461,48.80320717,130.057419,BF
224.0426553,124.9310797,-348.9737349,0.2931877,65.02263566,130.0192421,BF
233.2050721,122.8556658,-356.0607379,0.318645743,81.4011466,129.9810762,BF
234.9014591,122.1846484,-357.0861075,0.322340663,83.67146229,129.9755375,BF
234.9014591,122.1846484,-357.0861075,0.322340663,83.6714623,129.9755375,BF
248.1884841,115.229881,-363.4183651,0.347927512,96.96465609,129.9373843,BF
263.8226654,104.2799174,-368.1025829,0.371938917,104.0047949,129.8992422,BF
280.2438866,89.65368775,-369.8975743,0.39264089,101.9227128,129.8611113,BF
295.4864651,71.96999134,-367.4564564,0.408607004,89.59853347,129.8229916,BF
307.9099244,51.72270367,-359.6326281,0.418076191,68.77524102,129.7848833,BF
316.4503175,29.58713684,-346.0374543,0.420448055,44.0457521,129.7467863,BF
320.8023073,6.406293768,-327.2086011,0.41560862,21.40260705,129.7087008,BF
321.6178126,-17.02147772,-304.5963349,0.404512399,5.985496504,129.6706266,BF
320.107188,-39.80127645,-280.3059116,0.388383381,0.403439195,129.6325636,BF
317.6286013,-61.12660217,-256.5019991,0.368893043,4.366483763,129.5945119,BF
315.3930948,-80.20842948,-235.1846654,0.347512903,15.52465516,129.5564712,BF
314.0858604,-96.31798601,-217.7678744,0.325696966,30.7414748,129.5184416,BF
314.0248152,-108.9707599,-205.0540553,0.304339941,47.11056166,129.480423,BF
314.1212941,-110.9385288,-203.1827653,0.300387328,50.15515413,129.4731893,BF
314.1212941,-110.9385288,-203.1827653,0.300387328,50.15515413,129.4731893,BF
314.3859096,-113.7446682,-200.6412414,0.294188888,54.84367493,129.4617865,BF
314.742348,-116.1806548,-198.5616932,0.288171891,59.36214542,129.4503847,BF
316.6782313,-121.7972491,-194.8809822,0.267582361,73.96071376,129.4087945,BF
318.9848702,-122.1517319,-196.8331383,0.249304874,85.02645196,129.3672176,BF
320.9208641,-117.2029064,-203.7179577,0.233710637,92.45033308,129.3256539,BF
321.9086922,-107.3167259,-214.5919662,0.220614469,96.74142303,129.2841035,BF
321.3897594,-92.75317467,-228.6365848,0.210611544,98.55607978,129.2425664,BF
319.1241504,-74.19245651,-244.9316938,0.203791408,98.74266542,129.2010427,BF
315.198329,-52.49607186,-262.7022572,0.200161746,98.12494211,129.1595323,BF
309.8745599,-28.47113948,-281.4034204,0.200333651,97.34222429,129.1180353,BF
303.6514834,-3.177800172,-300.4736832,0.204388549,96.81183155,129.0765516,BF
297.1690539,22.34096638,-319.5100203,0.212351993,96.62366746,129.0350812,BF
291.1694345,46.89854076,-338.0679752,0.224111957,96.42976249,128.9936242,BF
285.8563793,69.61629583,-355.4726751,0.239378676,95.21662585,128.9521804,BF
281.3511782,89.46185115,-370.8130293,0.257223168,91.57981815,128.91075,BF
278.5388215,101.354396,-379.8932175,0.270663289,86.66584698,128.8811963,BF
275.6883278,111.1136156,-386.8019435,0.284493281,79.32376814,128.8516493,BF
274.2273239,115.0486699,-389.2759938,0.291161085,74.80800986,128.8371604,BF
274.2273239,115.0486699,-389.2759938,0.291161085,74.80800986,128.8371604,BF
269.5239627,122.8479772,-392.3719399,0.309018206,58.9667335,128.7959509,BF
263.887063,125.5404715,-389.4275345,0.324721305,40.38498721,128.7547548,BF
257.453762,122.9871552,-380.4409173,0.337683346,22.03126859,128.713572,BF
251.0081151,115.2215262,-366.2296413,0.347358737,7.125121272,128.6724025,BF
248.7044374,110.8891257,-359.5935631,0.3508671,2.845665513,128.6563847,BF
248.7044374,110.8891257,-359.5935631,0.3508671,2.845665513,128.6563847,BF
248.580623,110.6280471,-359.2086701,0.3509753,2.637835503,128.6554966,BF
248.580623,110.6280471,-359.2086701,0.3509753,2.637835503,128.6554966,BF
248.4551889,110.3735962,-358.8287851,0.35124464,2.434122047,128.6546085,BF
247.8383894,109.0661342,-356.9045237,0.351580643,1.462709349,128.650168,BF
247.1044581,107.2618694,-354.3663275,0.352593506,0.337029509,128.6445238,BF
246.1032893,104.5294117,-350.632701,0.353829696,-1.046097676,128.6364011,BF
244.3505373,98.66999547,-343.0205328,0.355908381,-2.929654517,128.6204247,BF
242.2683986,87.75707144,-330.0254701,0.358554623,-3.575822652,128.5942649,BF
241.4767934,67.14903193,-308.6258253,0.360884388,1.585374676,128.5521571,BF
244.3935774,43.74329608,-288.1368735,0.361994781,13.39171208,128.510063,BF
251.3220392,18.43182114,-269.7538604,0.361415016,30.06274554,128.4679826,BF
262.2136088,-7.638497035,-254.5751117,0.359494909,49.30790303,128.4259157,BF
272.7168516,-27.00033927,-245.7165123,0.357741264,63.99846655,128.3941252,BF
284.843459,-45.7344223,-239.1090367,0.354983664,77.69988629,128.3623424,BF
302.9731754,-68.93763358,-234.0355418,0.350060633,92.78308364,128.3195719,BF
321.8949255,-88.92027069,-232.9746548,0.343535041,102.1179902,128.2768155,BF
340.1511505,-104.7224145,-235.4287359,0.335316253,104.3049717,128.2340733,BF
354.0483103,-114.404461,-239.6438493,0.326592495,100.1283426,128.1975338,BF
354.0483103,-114.404461,-239.6438493,0.326592495,100.1283426,128.1975338,BF
354.4086063,-114.6263401,-239.7822663,0.326338771,99.92918554,128.1964972,BF
354.4086063,-114.6263401,-239.7822663,0.326338771,99.92918554,128.1964972,BF
354.7667472,-114.8448846,-239.9218625,0.326127043,99.7258624,128.1954606,BF
356.5190267,-115.8826895,-240.6363372,0.32467549,98.64483772,128.1902775,BF
361.7999814,-118.7057061,-243.0942753,0.319849665,94.42495449,128.1734301,BF
369.6847112,-121.667996,-248.0167152,0.309832153,83.98914111,128.1420711,BF
375.6017893,-120.8869953,-254.714794,0.294283497,66.16209164,128.1000506,BF
375.5024838,-114.7695165,-260.7329673,0.276660976,46.50779831,128.0580441,BF
369.661134,-104.3200289,-265.3411052,0.258909451,29.06252938,128.0186067,BF
369.661134,-104.3200289,-265.3411052,0.258909451,29.06252938,128.0186067,BF
357.8940299,-88.72787354,-269.1661563,0.239436617,13.83918965,127.9766272,BF
341.6451525,-69.17559768,-272.4695548,0.220982726,3.199277061,127.9346616,BF
322.5406262,-46.46622583,-276.0744004,0.205138881,-3.110853783,127.8927099,BF
302.2242386,-21.66071499,-280.5635236,0.193043732,-6.29044477,127.8507719,BF
281.904158,4.183367316,-286.0875253,0.18543137,-7.665113003,127.8088478,BF
262.4371776,29.95893449,-292.3961121,0.182839098,-8.214224173,127.7669373,BF
244.247143,54.44351395,-298.6906569,0.184800655,-8.363127065,127.7250407,BF
227.6404054,76.61232416,-304.2527295,0.191172833,-8.057960013,127.6831577,BF
212.8905378,95.36674077,-308.2572785,0.200989128,-6.82761975,127.6412885,BF
200.5126276,109.9659768,-310.4786043,0.21391212,-3.996469275,127.599433,BF
191.1880899,119.7368058,-310.9248957,0.229529851,1.281665401,127.5575912,BF
185.6363782,124.3306651,-309.9670433,0.247622156,9.83669805,127.5157631,BF
184.5186821,123.4000253,-307.9187074,0.267321856,22.3928377,127.4739485,BF
188.4390725,117.0751407,-305.5142133,0.288401876,39.14086095,127.4321475,BF
196.2662978,107.5401625,-303.8064603,0.307398576,56.5766696,127.396223,BF
196.2662978,107.5401625,-303.8064603,0.307398576,56.5766696,127.396223,BF
210.4894498,92.1758534,-302.6653032,0.329732945,79.15293259,127.3544472,BF
229.953363,72.74456557,-302.6979285,0.351744184,101.8750686,127.3126848,BF
253.7727812,50.22219248,-303.9949736,0.372136532,121.1447069,127.2709359,BF
280.4760821,25.60458515,-306.0806672,0.389929474,132.660504,127.2292006,BF
307.9568304,-0.083788834,-307.8730415,0.403133727,132.2900171,127.1874789,BF
333.6115352,-25.66237997,-307.9491553,0.410290916,117.6466461,127.145771,BF
354.8207951,-50.10803382,-304.7127612,0.409623144,89.72406474,127.1040769,BF
369.3027027,-72.29194722,-297.0107555,0.400579574,53.68919168,127.0623968,BF
375.7239732,-91.3095188,-284.4144544,0.382760882,17.61972392,127.0207308,BF
374.3094243,-106.3188858,-267.9905385,0.357668681,-10.43383333,126.9790787,BF
366.436618,-116.5993438,-249.8372742,0.327275605,-25.90822633,126.9374405,BF
354.2875384,-121.6730478,-232.6144905,0.294460382,-29.06770816,126.895816,BF
344.2689617,-121.9467088,-222.322253,0.271321702,-25.83610033,126.86636,BF
344.2689617,-121.9467088,-222.322253,0.271321702,-25.83610033,126.86636,BF
339.8305869,-121.2235844,-218.6070024,0.261519589,-23.58361249,126.8538782,BF
335.3592646,-120.0129842,-215.3462805,0.252089433,-20.99730788,126.8413977,BF
322.2748954,-113.5820825,-208.6928129,0.226136773,-12.48664766,126.80458,BF
309.5234871,-103.1368106,-206.3866765,0.203479317,-4.248113612,126.767773,BF
297.1567555,-89.08013948,-208.0766161,0.184395738,2.54431716,126.7309767,BF
285.0510361,-71.82165163,-213.2293845,0.169479848,7.50924317,126.6941909,BF
273.0112755,-52.00192151,-221.009354,0.158662165,10.84281109,126.6574158,BF
260.9028685,-30.3979164,-230.5049521,0.151574344,13.02006969,126.6206513,BF
248.7656637,-7.655807201,-241.1098565,0.148534113,14.52973647,126.5838975,BF
236.7685655,15.38555531,-252.1541209,0.149305364,15.94525951,126.5471544,BF
225.3177444,37.91556854,-263.233313,0.153775664,17.8196241,126.5104219,BF
214.8557036,59.1424952,-273.9981988,0.161861511,20.69309655,126.4737,BF
205.9931503,78.37667437,-284.3698246,0.173555942,25.06080657,126.4369888,BF
199.4232806,94.93432683,-294.3576075,0.188721332,31.36750629,126.4002882,BF
195.7970408,108.2587325,-304.0557733,0.20715492,39.8515828,126.3635982,BF
195.5920347,117.8453324,-313.4373671,0.228290908,50.35542348,126.3269187,BF
199.0481227,123.4396594,-322.4877821,0.251749817,62.09567639,126.2902498,BF
206.0675946,124.8529241,-330.9205186,0.276715161,73.53882327,126.2535915,BF
208.6704935,124.5137926,-333.1842861,0.284020119,76.4486809,126.2432231,BF
208.6704935,124.5137926,-333.1842861,0.284020119,76.4486809,126.2432231,BF
211.6801735,123.7285845,-335.408758,0.291592396,79.23729301,126.2322286,BF
214.8997513,122.5816148,-337.4813661,0.299089941,81.65173643,126.221235,BF
219.9037008,120.234618,-340.1383188,0.309877398,84.34429586,126.2052675,BF
228.3400471,114.9269659,-343.2670131,0.326158916,86.16768371,126.1799636,BF
240.1038088,104.6707337,-344.7745424,0.345846594,82.89989846,126.1454332,BF
251.1204398,91.20582271,-342.3262626,0.361845084,72.7277894,126.1109123,BF
260.3165743,74.92449089,-335.2410652,0.372875486,56.97282347,126.076401,BF
267.0122058,56.3374175,-323.3496233,0.378564644,38.59099034,126.0418993,BF
271.1294915,35.98213586,-307.1116274,0.378616588,21.3073086,126.0074072,BF
273.249183,9.741919529,-282.9911025,0.371949331,6.460766858,125.9653256,BF
273.5225999,-16.8923142,-256.6302857,0.359187755,1.423452847,125.9232582,BF
273.4963647,-42.73280378,-230.7635609,0.342137744,6.009628652,125.8812048,BF
274.4026227,-66.51018823,-207.8924345,0.322492173,17.57280582,125.8391655,BF
276.7948306,-87.10784334,-189.6869872,0.301921331,32.59839368,125.79714,BF
280.6621289,-103.6345475,-177.0275814,0.281185305,47.90838244,125.7551284,BF
284.8048379,-113.8110099,-170.993828,0.264374545,59.32263097,125.7196282,BF
284.8048379,-113.8110099,-170.993828,0.264374545,59.32263097,125.7196282,BF
290.0836115,-120.9921344,-169.0914771,0.245394849,69.87638927,125.6776422,BF
294.9324862,-122.4995044,-172.4329818,0.22802326,76.71155003,125.6356702,BF
298.5287787,-118.3428056,-180.1859731,0.212460408,79.99532694,125.5937122,BF
300.1918032,-108.6991244,-191.4926788,0.198937543,80.31795987,125.5517681,BF
299.452825,-93.9849189,-205.4679061,0.187895918,78.50969339,125.5098381,BF
296.1093127,-74.93588148,-221.1734312,0.179543628,75.45199296,125.4679221,BF
290.2631263,-52.39500298,-237.8681234,0.174247906,71.9308142,125.4260201,BF
282.506882,-27.37869573,-255.1281862,0.17252179,68.64476186,125.3841321,BF
273.5045823,-1.131774181,-272.3728081,0.174486828,65.91218971,125.3422582,BF
264.0198673,25.30073185,-289.3205991,0.180655919,63.76091832,125.3003983,BF
254.9196134,50.64170736,-305.5613207,0.190840466,61.83558824,125.2585524,BF
246.6265429,73.71843494,-320.3449779,0.204443446,59.2704168,125.2167204,BF
239.1959088,93.50450853,-332.7004174,0.220765054,54.96094573,125.1749025,BF
232.3536626,109.0757126,-341.4293752,0.238429907,47.96017136,125.1330986,BF
225.6122776,119.6881945,-345.3004721,0.256178536,38.06803696,125.0913087,BF
225.265028,120.1018933,-345.3669213,0.257107687,37.46132824,125.0890403,BF
225.265028,120.1018933,-345.3669213,0.257107687,37.46132824,125.0890403,BF
218.5606596,124.9470751,-343.5077347,0.273603761,25.62694412,125.0472653,BF
212.0562706,124.062408,-336.1186786,0.288108633,13.99759821,125.0055043,BF
206.3571456,117.5371779,-323.8943235,0.300371676,4.949231889,124.9637574,BF
202.382951,105.6274231,-308.010374,0.310096626,0.447234854,124.9220245,BF
201.0026223,88.97429657,-289.9769189,0.317715499,1.603593459,124.8803055,BF
203.0192845,68.25481331,-271.2740978,0.323176416,8.52326525,124.8386005,BF
206.0740099,54.20558911,-260.279599,0.32597645,15.20107697,124.8132909,BF
206.0740099,54.20558911,-260.279599,0.32597645,15.20107697,124.8132909,BF
206.3608716,53.12100587,-259.4818775,0.32535107,15.75753282,124.8114448,BF
206.3608716,53.12100587,-259.4818775,0.32535107,15.75753282,124.8114448,BF
206.6613648,52.02084513,-258.6822099,0.325970256,16.32471979,124.8095988,BF
207.3714393,49.49760168,-256.869041,0.326512651,17.6573308,124.8053253,BF
208.9875961,44.14869062,-253.1362867,0.327007489,20.58722326,124.7963015,BF
211.8119685,35.821316,-247.6332846,0.327916998,25.34939923,124.782593,BF
218.8197516,18.4804704,-237.300222,0.329079643,35.86181849,124.754792,BF
232.1738169,-7.665415642,-224.5084013,0.329486023,52.37699914,124.7136888,BF
248.5773139,-33.4442722,-215.1330417,0.328162239,68.15999223,124.6725989,BF
266.5419857,-56.92348882,-209.6184969,0.325697775,80.74994454,124.6326256,BF
266.5419857,-56.92348882,-209.6184969,0.325697775,80.74994454,124.6326256,BF
267.320823,-57.8724785,-209.4483445,0.325534888,81.19037219,124.6309642,BF
267.320823,-57.8724785,-209.4483445,0.325534888,81.19037219,124.6309642,BF
268.0915143,-58.79142797,-209.3000863,0.32550852,81.61727751,124.6293028,BF
270.939314,-62.13865576,-208.8006583,0.324709616,83.11954759,124.6231946,BF
275.1421965,-66.95201073,-208.1901858,0.323880086,85.1202912,124.614296,BF
281.6228069,-74.04950986,-207.5732971,0.322184915,87.68569778,124.600595,BF
299.2718378,-91.57426366,-207.6975741,0.316259102,91.25061899,124.5627643,BF
315.7205079,-105.6037867,-210.1167212,0.30832879,89.25585926,124.5249451,BF
329.6315587,-115.5036126,-214.127946,0.298337385,81.70093398,124.4871374,BF
339.9313021,-121.0170592,-218.9142429,0.285837302,69.43320229,124.4493413,BF
345.6578819,-121.8958165,-223.7620654,0.270996241,54.0449834,124.4115567,BF
346.2981236,-118.1790221,-228.1191015,0.254114126,37.65191503,124.3737838,BF
341.6104663,-109.8689345,-231.7415318,0.235952334,22.45011887,124.3360225,BF
339.110222,-106.4589836,-232.6512384,0.230291306,18.27671345,124.3243997,BF
339.110222,-106.4589836,-232.6512384,0.230291306,18.27671345,124.3243997,BF
336.2619056,-102.7430916,-233.518814,0.224457591,14.52538893,124.3130746,BF
333.0339365,-98.70013126,-234.3338053,0.218860286,11.08790207,124.3017506,BF
327.4141243,-91.8732926,-235.5408317,0.210291603,6.501534275,124.2844929,BF
311.6172238,-73.07522449,-238.5419993,0.191412597,-1.232713196,124.2439623,BF
293.364734,-50.99540038,-242.3693336,0.175337893,-5.343324799,124.2034451,BF
274.0751622,-26.62663264,-247.4485295,0.163161169,-7.100303219,124.1629411,BF
254.8916782,-0.993971587,-253.8977066,0.155689194,-7.730245279,124.1224503,BF
236.5019056,24.74061092,-261.2425165,0.153017644,-8.058255528,124.0819727,BF
219.2395499,49.48752771,-268.7270776,0.15513237,-8.427512343,124.0415083,BF
203.3371276,72.06454443,-275.4016721,0.161308797,-8.787663959,124.0010572,BF
188.9289121,91.57286528,-280.5017774,0.170999161,-8.776257403,123.9606192,BF
176.5067144,107.0969409,-283.6036553,0.183632209,-7.830966817,123.9201944,BF
166.6551985,117.9515203,-284.6067188,0.198741651,-5.22215753,123.8797828,BF
160.1389596,123.5649226,-283.7038822,0.215532534,-0.142286807,123.8393843,BF
158.7519999,124.4667071,-283.218707,0.222028437,2.083958501,123.8262961,BF
157.8422383,124.6152199,-282.4574582,0.228128224,4.715567768,123.8132092,BF
157.4015447,124.192551,-281.5940958,0.23426631,7.710592207,123.8001238,BF
157.4234784,123.1996549,-280.6231333,0.240659482,11.07967368,123.7870397,BF
158.3966439,120.6612903,-279.0579342,0.250345658,16.84928965,123.7673715,BF
164.0924214,111.4547959,-275.5472173,0.271044976,31.43074522,123.7264864,BF
164.8486394,110.4247116,-275.273351,0.272811133,32.83554318,123.7229813,BF
164.8486394,110.4247116,-275.273351,0.272811133,32.83554318,123.7229813,BF
176.3320257,95.86142758,-272.1934533,0.293776384,50.45070858,123.6821107,BF
192.8644956,77.10959952,-269.9740951,0.31428949,69.06151906,123.6412533,BF
213.8219385,54.97593898,-268.7978775,0.333303298,86.00774562,123.6004093,BF
238.0104632,30.46800044,-268.4784636,0.349883412,97.90223277,123.5595787,BF
263.6272374,4.678814463,-268.3060518,0.362449547,101.2747617,123.5187614,BF
288.4993246,-21.28262199,-267.2167026,0.369546633,93.7384336,123.4779577,BF
310.0310743,-46.15223498,-263.8788393,0.370014912,75.20974272,123.4371676,BF
326.0303721,-68.965655,-257.0647171,0.362497111,48.82438215,123.3963911,BF
335.0295778,-88.70525538,-246.3243224,0.347030412,20.52059959,123.3556285,BF
336.6701111,-104.4662301,-232.203881,0.324306674,-3.083070112,123.3148795,BF
331.803964,-115.5430186,-216.2609454,0.296252913,-17.44154717,123.2741441,BF
322.1737454,-121.3836996,-200.7900457,0.265181404,-21.7236936,123.2334223,BF
311.0637792,-121.9185761,-189.1452031,0.236869576,-18.95448993,123.1967643,BF
311.0637792,-121.9185761,-189.1452031,0.236869576,-18.95448993,123.1967643,BF
297.5481434,-117.2216175,-180.3265259,0.20693118,-12.03034348,123.156068,BF
283.8740145,-107.1411492,-176.7328654,0.180470515,-4.365470283,123.1153851,BF
270.3949198,-92.1301402,-178.2647796,0.158543891,1.981988861,123.0747156,BF
257.0929296,-72.95414007,-184.1387896,0.141361761,6.30211644,123.0340595,BF
243.7589582,-50.38990279,-193.3690554,0.129400683,8.712613784,122.9934167,BF
230.2058268,-25.47668262,-204.7291442,0.122542705,9.781410149,122.9527874,BF
216.4542938,0.502590885,-216.9568847,0.120081861,10.23297014,122.9121715,BF
202.8455717,26.58468348,-229.4302552,0.122587869,10.6621608,122.8715689,BF
189.8894293,51.51870951,-241.4081388,0.129663265,11.76274002,122.8309798,BF
178.404533,74.09206636,-252.4965994,0.140817025,14.2380559,122.7904041,BF
169.3446398,93.44995319,-262.794593,0.156434304,18.71934273,122.7498418,BF
163.6960507,108.6451498,-272.3412005,0.176010927,25.80665425,122.7092928,BF
162.2897828,119.0874173,-281.3772,0.199338804,35.70222465,122.6687571,BF
165.6732987,124.17723,-289.8505286,0.225219096,47.93150957,122.6282347,BF
173.7852763,123.8414561,-297.6267324,0.252995699,60.85669974,122.5877256,BF
175.0293156,123.4052143,-298.4345299,0.256017206,62.26341821,122.5831736,BF
175.0293156,123.4052143,-298.4345299,0.256017206,62.26341821,122.5831736,BF
178.5069608,122.070949,-300.5779099,0.264482666,65.83368213,122.5710239,BF
182.3514148,120.2087362,-302.5601511,0.273057475,69.10500742,122.5588754,BF
187.5216036,117.2521194,-304.773723,0.283364977,72.58449786,122.5438046,BF
199.2659019,108.8351407,-308.1010427,0.303768307,76.96286314,122.512528,BF
211.7263884,97.54174798,-309.2681363,0.321894412,76.42835072,122.4812593,BF
227.0392493,79.43864439,-306.4778937,0.340343191,67.61786647,122.4414105,BF
240.0482954,57.86775242,-297.9160478,0.351842911,51.01243478,122.4015747,BF
249.4794964,33.795043,-283.2745394,0.355739479,30.81546206,122.3617521,BF
255.0632232,8.253433272,-263.3166564,0.351748672,12.61521956,122.3219426,BF
257.4931999,-17.69279621,-239.8004037,0.340866534,0.997112998,122.2821462,BF
258.0338617,-42.82808057,-215.2057811,0.324496855,-2.104857566,122.2423629,BF
257.8900823,-65.95410222,-191.9359801,0.304601622,2.447597372,122.2025925,BF
257.9319085,-81.46303437,-176.4688742,0.288390816,9.350736643,122.1728539,BF
258.3523715,-94.8896193,-163.4627522,0.271464939,17.80278111,122.1431225,BF
259.6361211,-108.9926303,-150.6434908,0.249082368,29.41663602,122.1037378,BF
261.1163217,-116.8277695,-144.2885521,0.231768243,37.74941214,122.0723757,BF
261.1163217,-116.8277695,-144.2885521,0.231768243,37.74941214,122.0723757,BF
263.1346247,-122.1147492,-141.0198755,0.21117228,46.03941437,122.0330137,BF
264.7126899,-122.0939694,-142.6187205,0.192222072,51.446644,121.9936643,BF
265.2064035,-116.7860984,-148.4203052,0.175277895,54.07221752,121.9543275,BF
264.0214534,-106.3943063,-157.6271472,0.160689047,54.3921755,121.9150034,BF
260.8101644,-91.50931967,-169.3008448,0.148301527,53.12102161,121.875692,BF
255.4053591,-72.6066596,-182.7986995,0.138887674,50.94619696,121.8363933,BF
247.9461593,-50.56602849,-197.3801308,0.13262065,48.55244925,121.7971073,BF
238.918728,-26.32711639,-212.5916116,0.129868404,46.52553085,121.757834,BF
228.9213623,-0.960483494,-227.9608788,0.130915107,45.26597283,121.7185734,BF
218.807391,24.53059689,-243.3379879,0.13616003,45.05935489,121.6793254,BF
209.5433344,49.02298959,-258.566324,0.145693118,46.00742956,121.6400901,BF
201.835225,71.46447761,-273.2997026,0.159286133,47.83328482,121.6008674,BF
196.1915489,90.92988593,-287.1214348,0.176482935,49.85672012,121.5616573,BF
192.5946979,106.5938963,-299.1885942,0.196380837,50.87450033,121.5224599,BF
190.5803182,117.8041367,-308.3844549,0.217625455,49.47492206,121.4832751,BF
189.8656114,121.833663,-311.6992744,0.229321319,47.25315217,121.4617989,BF
189.8656114,121.833663,-311.6992744,0.229321319,47.25315217,121.4617989,BF
189.5741613,123.3938692,-312.9680305,0.235496626,45.58040269,121.4500481,BF
189.3091468,124.4626171,-313.7717639,0.241671992,43.5737752,121.4382983,BF
188.8475306,125.1867814,-314.034312,0.251480155,39.53996499,121.4186604,BF
187.7582727,122.8407016,-310.5989743,0.268163707,30.1010019,121.3812853,BF
186.4708405,115.7127224,-302.1835629,0.281987327,19.93542191,121.3439217,BF
185.3187051,104.0712858,-289.3899909,0.2924414,11.17692338,121.3065698,BF
184.8492625,88.42153943,-273.270802,0.299740389,5.689343214,121.2692293,BF
185.7665977,69.33233975,-255.0989374,0.303921261,4.584357343,121.2319005,BF
188.6932965,47.54921147,-236.2425079,0.305307367,8.096463887,121.1945831,BF
193.9704683,24.07286577,-218.043334,0.304850143,15.64819944,121.1572771,BF
201.7412391,-0.35441128,-201.3868278,0.302108756,26.14777591,121.1199825,BF
212.0118738,-24.71327673,-187.2985971,0.297691735,38.14226701,121.0826993,BF
224.3002948,-47.96567327,-176.3346215,0.292047452,50.08292999,121.0454275,BF
238.0303134,-69.34144324,-168.6888701,0.284816172,60.56795586,121.008167,BF
252.4999935,-87.94659843,-164.5533951,0.276287133,68.40708309,120.970918,BF
266.7335862,-103.0107556,-163.7228306,0.26656231,72.73959452,120.9336803,BF
279.8464735,-114.0677857,-165.7786878,0.25566618,73.19634292,120.8964541,BF
290.8139681,-120.5975005,-170.2164675,0.243482211,69.82006993,120.8592394,BF
298.8307075,-122.3818343,-176.4488732,0.230190391,63.19189255,120.8220361,BF
303.1550459,-119.3795016,-183.7755443,0.215989933,54.23344335,120.7848444,BF
303.7675616,-115.2731674,-188.4943941,0.207442159,48.22072017,120.7624627,BF
303.7675616,-115.2731674,-188.4943941,0.207442159,48.22072017,120.7624627,BF
301.3500009,-104.8486073,-196.5013936,0.192469448,38.07337841,120.7252895,BF
294.7839059,-90.33103211,-204.4528738,0.178032827,28.68659978,120.6881278,BF
284.6437373,-72.26350993,-212.3802274,0.16475046,20.87755119,120.6509776,BF
271.6922581,-51.35851788,-220.3337402,0.153307908,14.93174405,120.6138389,BF
256.8944925,-28.38122767,-228.5132648,0.144767202,10.71701025,120.5767117,BF
241.3433504,-4.24379953,-237.0995509,0.139663527,7.796686233,120.5395959,BF
225.7760937,20.11962746,-245.8957212,0.138323007,5.625170548,120.5024916,BF
210.7666132,43.77904417,-254.5456574,0.140817038,3.724979369,120.4653987,BF
196.6374428,65.78873331,-262.4261761,0.146790883,1.749074215,120.4283173,BF
183.4427907,85.24421266,-268.6870034,0.155572051,-0.441220907,120.3912473,BF
171.3523139,101.4256052,-272.7779191,0.166626269,-2.744642146,120.3541887,BF
160.631615,113.6749889,-274.3066039,0.179392499,-4.825303958,120.3171416,BF
151.6117342,121.5794865,-273.1912207,0.193510233,-6.136428176,120.2801059,BF
144.7049507,124.7171055,-269.4220562,0.20811597,-5.991890787,120.2430816,BF
140.4346095,123.0164354,-263.4510449,0.222985337,-3.737624104,120.2060686,BF
139.3203556,118.5014849,-257.8218405,0.234678468,-0.254824256,120.1775858,BF
139.3203556,118.5014849,-257.8218405,0.234678468,-0.254824256,120.1775858,BF
140.9785824,108.5634347,-249.5420171,0.24944043,6.803551045,120.1405929,BF
146.4380968,94.43296365,-240.8710605,0.263772145,16.65214025,120.1036114,BF
155.7953134,76.68376898,-232.4790824,0.277356861,28.79309405,120.0666412,BF
169.0674032,56.01169094,-225.0790941,0.289848929,42.2825744,120.0296822,BF
185.7838198,33.19576289,-218.9795827,0.300931844,55.69380393,119.9927344,BF
205.2152972,9.173564028,-214.3888613,0.309989921,67.21574982,119.955798,BF
226.4353488,-15.13393869,-211.3014101,0.316420298,74.94720773,119.9188728,BF
248.2665205,-38.83379735,-209.4327232,0.319640401,77.19604022,119.8819589,BF
269.0640773,-60.86269223,-208.2013851,0.319203242,72.81760508,119.8450564,BF
287.3224017,-80.52528513,-206.7971166,0.314065609,61.81230733,119.8081654,BF
301.480995,-96.99652643,-204.4844686,0.303935622,45.57012386,119.7712858,BF
310.4172052,-109.6714689,-200.7457363,0.288932006,26.82199276,119.7344177,BF
313.5024871,-118.0764717,-195.4260154,0.269208118,8.958629882,119.6975611,BF
310.6980586,-121.87592,-188.8221387,0.245768855,-4.982969623,119.6607161,BF
302.7817538,-120.8823553,-181.8993985,0.220264622,-13.29770973,119.6238824,BF
294.6719978,-117.2561311,-177.4158667,0.201698317,-15.79143223,119.5976119,BF
294.6719978,-117.2561311,-177.4158667,0.201698317,-15.79143223,119.5976119,BF
281.070161,-108.2446957,-172.8254654,0.176224024,-15.5705812,119.5607977,BF
266.025529,-94.93765021,-171.0878788,0.153252813,-12.83354065,119.5239949,BF
250.5321035,-77.82219108,-172.7099124,0.133982013,-9.425065128,119.4872034,BF
235.1785477,-57.63553835,-177.5430093,0.118886646,-6.519656386,119.4504231,BF
220.1978976,-35.09237477,-185.1055228,0.108604834,-4.597236138,119.4136542,BF
205.6594597,-11.17055574,-194.488904,0.102881191,-3.628656795,119.3768966,BF
191.4042662,13.28264195,-204.6869082,0.101556393,-3.344331833,119.3401503,BF
177.5890031,37.23784839,-214.8268515,0.10429426,-3.404957728,119.3034152,BF
164.4498669,59.7742019,-224.2240688,0.110723128,-3.439442133,119.2666915,BF
152.3144611,80.02411924,-232.3385803,0.120556441,-3.025560953,119.2299792,BF
141.7641935,97.12212536,-238.8863189,0.133175968,-1.67225061,119.193278,BF
133.4749783,110.4879045,-243.9628827,0.148587284,1.119689172,119.1565882,BF
128.1561124,119.5970783,-247.7531907,0.166551279,5.879212025,119.1199097,BF
126.4469197,124.0520915,-250.4990112,0.186537215,13.03139631,119.0832423,BF
128.8500639,123.8020764,-252.6521403,0.208435167,22.67042473,119.0465862,BF
135.6415797,118.7290312,-254.3706109,0.231308337,34.45294525,119.0099413,BF
137.1071584,117.5206635,-254.6278219,0.234915619,36.41170385,119.0042962,BF
137.1071584,117.5206635,-254.6278219,0.234915619,36.41170385,119.0042962,BF
148.9179723,107.2529496,-256.1709219,0.258121126,49.29463891,118.9676641,BF
164.5721548,92.83127358,-257.4034283,0.28062006,61.10574417,118.9310432,BF
183.0905767,74.88539261,-257.9759693,0.301029814,69.35590607,118.8944335,BF
203.0992212,54.09761092,-257.1968321,0.318201861,71.57274049,118.8578351,BF
222.8712247,31.2374145,-254.1086392,0.330472165,66.11271457,118.8212479,BF
240.6613693,7.160946173,-247.8223154,0.336636598,53.12082663,118.784672,BF
254.7751055,-17.11264906,-237.6624565,0.336031231,34.94057128,118.7481076,BF
264.3198999,-40.78720589,-223.532694,0.327988134,15.64316149,118.7115545,BF
269.0613601,-62.83326519,-206.2280949,0.31341048,-0.311165953,118.6750129,BF
269.6204465,-82.46453231,-187.1559142,0.293105158,-9.856531797,118.6384827,BF
267.0309194,-98.80393071,-168.2269887,0.269083547,-12.19045756,118.6019637,BF
262.4391994,-111.2487032,-151.1904961,0.242794935,-8.649021755,118.565456,BF
256.9737434,-119.2898646,-137.6838789,0.216050986,-1.736982166,118.5289595,BF
254.3025258,-121.4045689,-132.8979568,0.204097046,1.878990601,118.5121276,BF
254.3025258,-121.4045689,-132.8979568,0.204097046,1.878990602,118.5121276,BF
248.5225801,-122.4514641,-126.071116,0.179069016,9.391904802,118.4756474,BF
242.6598464,-118.6490182,-124.0108282,0.156469207,15.41706261,118.4391783,BF
236.482189,-110.1338085,-126.3483805,0.136741709,19.37889357,118.4027205,BF
229.611751,-97.19810269,-132.4136483,0.120347466,21.30851358,118.3662738,BF
221.8588476,-80.59548349,-141.2633641,0.106762997,21.66644842,118.3298383,BF
212.9762209,-60.69448625,-152.2817347,0.096948823,20.88926301,118.2934141,BF
202.9262735,-38.39475694,-164.5315166,0.09066964,19.5390887,118.2570011,BF
191.9799863,-14.64972066,-177.3302656,0.087900504,18.10464301,118.2205993,BF
180.3389434,9.786608668,-190.125552,0.088739734,16.931312,118.1842087,BF
168.7328123,33.84161245,-202.5744248,0.093430086,16.44190381,118.1478293,BF
157.8919889,56.61427278,-214.5062617,0.101958537,17.01609837,118.1114612,BF
148.6614881,77.20179744,-225.8632855,0.114298446,19.05364651,118.0751042,BF
141.9249618,94.773243,-236.6982048,0.130211451,22.90181914,118.0387584,BF
138.2449847,108.850745,-247.0957297,0.1500182,28.61232576,118.0024237,BF
138.1216298,118.6678106,-256.7894404,0.172393225,35.86700518,117.9661001,BF
141.5731404,123.9406085,-265.5137489,0.196727189,43.63722905,117.9297877,BF
145.8244852,124.7811577,-270.6056429,0.214220063,48.44392694,117.9044828,BF
145.8244852,124.7811577,-270.6056429,0.214220063,48.44392694,117.9044828,BF
147.3495239,124.659591,-272.0091149,0.219175827,49.68248883,117.8969424,BF
149.0357321,124.2364583,-273.2721904,0.22459573,50.79369024,117.8894025,BF
150.7992162,123.6303691,-274.4295853,0.229716043,51.75287717,117.8818631,BF
153.4798648,122.3902191,-275.8700839,0.237027241,52.83202483,117.8710049,BF
158.1491421,119.4335145,-277.5826566,0.248661474,53.71430738,117.8531598,BF
168.6313245,109.2153727,-277.8466972,0.271150938,51.20448101,117.8144189,BF
178.5557552,94.17294242,-272.7286976,0.288942633,42.77485911,117.7756907,BF
186.8437845,74.92239461,-261.7661791,0.300529198,30.42012982,117.7369754,BF
193.0320139,52.37987143,-245.4118854,0.305696916,17.69675738,117.6982729,BF
197.4892763,27.47031602,-224.9595923,0.304321998,8.178255257,117.6595833,BF
200.9372473,1.434167956,-202.3714153,0.297655315,4.124085479,117.6209064,BF
204.3290116,-24.67108287,-179.6579287,0.286400291,5.882494321,117.5822423,BF
208.3354496,-49.54609236,-158.7893572,0.272150668,12.25639839,117.5435908,BF
213.3062506,-72.19020785,-141.1160428,0.255600817,21.26869924,117.504952,BF
219.3342532,-91.56151741,-127.7727358,0.23785959,30.8343442,117.4663258,BF
225.894629,-106.6945151,-119.2001139,0.21992702,39.2536815,117.4277122,BF
232.3794936,-117.0755206,-115.303973,0.201762558,45.48047711,117.3891112,BF
235.1908582,-120.1503103,-115.0405479,0.193477717,47.49083457,117.3707602,BF
235.1908582,-120.1503103,-115.0405479,0.193477717,47.49083457,117.3707602,BF
236.8498689,-121.4814018,-115.3684671,0.188016744,48.44562042,117.3591842,BF
238.3813651,-122.3125451,-116.06882,0.182754208,49.15462381,117.3476093,BF
240.5462368,-122.6078445,-117.9383923,0.174486838,49.80630692,117.3289307,BF
243.5216859,-119.005293,-124.5163929,0.157968153,49.39427732,117.2896854,BF
243.8670446,-109.8860979,-133.9809468,0.142836093,47.09154175,117.2504532,BF
241.3040974,-95.71947363,-145.5846238,0.129524776,43.67734956,117.2112341,BF
235.5803701,-77.04153331,-158.5388368,0.118376696,39.83011157,117.1720282,BF
227.0806353,-54.79854968,-172.2820856,0.110114357,36.21376981,117.1328355,BF
216.4830506,-29.99978594,-186.4832647,0.105316246,33.30370738,117.0936559,BF
204.6827881,-3.799368177,-200.8834199,0.104420424,31.36984115,117.0544894,BF
192.6106994,22.67514072,-215.2858401,0.108073356,30.49102031,117.015336,BF
181.4040314,48.15509974,-229.5591311,0.116223004,30.61507714,116.9761958,BF
171.874594,71.47980823,-243.3544022,0.128752828,31.39254727,116.9370686,BF
164.3722392,91.65014659,-256.0223858,0.14518651,32.11468743,116.8979545,BF
158.8135132,107.6349475,-266.4484607,0.164164549,31.73922202,116.8588535,BF
154.505093,118.7395195,-273.2446124,0.184245281,29.26955746,116.8197655,BF
152.4639187,122.7196191,-275.1835379,0.195669364,26.72107382,116.7971036,BF
152.4639187,122.7196191,-275.1835379,0.195669364,26.72107382,116.7971036,BF
149.394937,125.0983751,-274.493312,0.214621772,20.64014604,116.7580364,BF
146.865849,121.7054966,-268.5713456,0.231220526,13.47916733,116.7189823,BF
145.125345,112.7801142,-257.9054592,0.245272822,6.972312424,116.6799414,BF
144.729082,98.65741721,-243.3864993,0.256108232,2.820520888,116.6409136,BF
146.3636098,79.97517322,-226.338783,0.263692527,2.217625953,116.6018988,BF
149.2276031,63.48524697,-212.71285,0.268107453,4.391856569,116.5723019,BF
153.6976162,45.22164149,-198.9192577,0.270521264,8.735014057,116.5427125,BF
162.3210109,19.21527577,-181.5362866,0.271440638,17.18929148,116.5033327,BF
173.8240594,-7.584300951,-166.2397584,0.270089833,27.45997684,116.4639661,BF
187.7544811,-33.98477652,-153.7697046,0.266324786,37.96438198,116.4246127,BF
203.4523249,-58.71985584,-144.732469,0.260353653,47.10336291,116.3852725,BF
219.8460816,-80.58115124,-139.2649303,0.252425101,53.48231284,116.3459456,BF
235.7466104,-98.61837959,-137.1282308,0.242206341,56.15610992,116.3066318,BF
249.9715536,-111.956081,-138.0154726,0.229864883,54.79937139,116.2673314,BF
261.213123,-120.0084341,-141.2046889,0.215491594,49.69258793,116.2280442,BF
268.3946794,-122.3060523,-146.0886272,0.199481046,41.809575,116.1887704,BF
270.8020789,-118.8681221,-151.9339568,0.18198566,32.55746595,116.14951,BF
270.0394389,-114.9459609,-155.093478,0.173050312,27.86610079,116.1297172,BF
270.0394389,-114.9459609,-155.093478,0.173050312,27.86610079,116.1297172,BF
264.7574982,-103.2560865,-161.5014117,0.154608901,19.3653353,116.0904768,BF
254.7764222,-86.58604046,-168.1903817,0.137234973,12.75184761,116.0512498,BF
241.2315218,-65.87216795,-175.3593538,0.121840325,8.337060951,116.0120361,BF
225.471556,-41.93988452,-183.5316715,0.110037425,5.850129039,115.9728356,BF
208.890905,-16.02693413,-192.8639709,0.102548449,4.617572611,115.9336485,BF
192.4391976,10.72930691,-203.1685045,0.099916735,3.996732732,115.8944745,BF
176.9310126,37.07889786,-214.0099105,0.10236044,3.487149707,115.8553139,BF
162.6199426,61.75981643,-224.3797591,0.109356633,2.741744814,115.8161664,BF
149.6024793,83.5773355,-233.1798148,0.120070356,1.57062351,115.7770322,BF
137.8733946,101.5350802,-239.4084748,0.133693546,0.008888485,115.7379113,BF
127.6008452,114.7936999,-242.3945451,0.149312645,-1.628219775,115.6988036,BF
119.3287865,122.6000056,-241.9287921,0.165742315,-2.759608378,115.6597091,BF
113.5729854,124.7508934,-238.3238788,0.18298102,-2.62104972,115.6206278,BF
110.8830253,121.1101245,-231.9931498,0.200274725,-0.435977258,115.5815597,BF
110.8503846,120.7170967,-231.5674813,0.201119344,-0.234993019,115.5793315,BF
110.8503846,120.7170967,-231.5674813,0.201119344,-0.234993019,115.5793315,BF
110.8489874,119.6342904,-230.4832778,0.203544682,0.293959396,115.5739744,BF
110.8809852,118.5437094,-229.4246946,0.205754239,0.858495634,115.5686176,BF
110.9873289,117.3445821,-228.331911,0.208002528,1.47592218,115.5632611,BF
111.5573354,114.0386001,-225.5959355,0.213598244,3.169341399,115.5504726,BF
113.6474101,106.801268,-220.4486781,0.223189548,6.918736457,115.5278027,BF
120.1137933,91.48942998,-211.6032233,0.238087138,14.99050703,115.4908557,BF
130.5297912,72.37750693,-202.9072981,0.251772833,25.04828359,115.4539204,BF
144.6611714,50.31327304,-194.9744444,0.263924822,36.12012258,115.4169967,BF
162.142034,26.1466929,-188.2887269,0.274326889,46.84632839,115.3800848,BF
182.0440437,0.984863833,-183.0289076,0.282106396,55.48736907,115.3431846,BF
203.3398723,-24.1509913,-179.188881,0.286761703,60.34366384,115.3062962,BF
224.7538373,-48.25699735,-176.49684,0.287732746,60.05380487,115.2694195,BF
244.552898,-70.16504721,-174.3878508,0.284677367,53.9372082,115.2325546,BF
261.2409404,-89.14155804,-172.0993824,0.27664027,42.48944094,115.1957016,BF
273.3542751,-104.3152348,-169.0390403,0.263577831,27.491194,115.1588606,BF
279.9496934,-115.0826826,-164.8670108,0.245858568,11.70627231,115.1220314,BF
280.6679414,-121.0114114,-159.65653,0.223969744,-1.923878615,115.0852142,BF
275.7509631,-121.8364263,-153.9145367,0.199215206,-11.24603375,115.0484088,BF
266.1784571,-117.4794558,-148.6990013,0.173395776,-15.58874211,115.0116153,BF
265.2553373,-116.9265733,-148.328764,0.171423551,-15.73023877,115.0087803,BF
265.2553372,-116.9265733,-148.328764,0.171423551,-15.73023877,115.0087803,BF
252.2215371,-107.2027948,-145.0187422,0.146251699,-15.72390416,114.9719995,BF
237.4525237,-92.91593985,-144.5365838,0.12360344,-13.50237077,114.9352304,BF
222.0080735,-74.60756293,-147.4005106,0.104842033,-10.73853522,114.8984731,BF
206.5520624,-53.10596646,-153.4460959,0.090510552,-8.494585118,114.8617275,BF
191.3961138,-29.26748315,-162.1286306,0.081225747,-7.178202931,114.8249936,BF
176.6470093,-4.17898398,-172.4680253,0.07673365,-6.747968894,114.7882715,BF
162.1406294,21.17861049,-183.3192398,0.076793353,-6.95914848,114.7515611,BF
148.0516955,45.67012419,-193.7218197,0.080966693,-7.552711108,114.7148625,BF
134.6359385,68.27559221,-202.9115307,0.088790148,-8.246419964,114.6781756,BF
122.280789,88.0392727,-210.3200617,0.099823726,-8.695413775,114.6415004,BF
111.5721593,104.0984608,-215.6706201,0.113574373,-8.468663359,114.604837,BF
103.1894312,115.8160135,-219.0054448,0.129693904,-7.068787169,114.5681853,BF
97.87353458,122.7138864,-220.5874209,0.14792659,-3.969210589,114.5315453,BF
96.27488468,124.4611782,-220.7360628,0.16769845,1.284510666,114.4949169,BF
98.91029265,121.0983885,-220.0086812,0.18882737,8.850403281,114.4583002,BF
102.423302,116.8754561,-219.2987581,0.201175586,14.14501157,114.4373949,BF
102.423302,116.8754561,-219.2987581,0.201175586,14.14501157,114.4373949,BF
112.1046392,105.7107229,-217.8153621,0.222690666,24.61124385,114.4007965,BF
126.0060089,90.16274462,-216.1687535,0.243515498,35.45498534,114.3642097,BF
143.3999032,70.89193025,-214.2918335,0.262540087,44.79074378,114.3276345,BF
163.2394895,48.66611032,-211.9055998,0.278583824,50.473156,114.2910709,BF
183.7986471,24.57068447,-208.3693316,0.290667987,50.5680223,114.254519,BF
203.374541,-0.585054885,-202.7894862,0.297029445,44.25164037,114.2179788,BF
220.1809182,-25.66074791,-194.5201703,0.296959026,32.44305838,114.1814504,BF
232.7833801,-49.64726557,-183.1361146,0.289873818,17.82585021,114.1449337,BF
240.5461744,-71.56854741,-168.977627,0.275918859,4.10463066,114.1084289,BF
243.4309331,-90.44551327,-152.9854198,0.256221114,-5.444260549,114.0719359,BF
242.1627533,-105.5030582,-136.6596951,0.232037884,-9.229843182,114.0354546,BF
237.8828795,-116.097921,-121.7849586,0.205229645,-7.72181276,113.998985,BF
231.7928834,-121.7023872,-110.0904962,0.177951949,-2.864688982,113.9625271,BF
229.765109,-122.3452581,-107.4198509,0.170173215,-1.155128081,113.9519243,BF
229.765109,-122.3452581,-107.4198509,0.170173215,-1.155128081,113.9519243,BF
222.5884113,-121.232267,-101.3561443,0.144365922,4.675949933,113.9154813,BF
215.0231778,-114.9169466,-100.1062312,0.121174538,9.388763899,113.8790499,BF
207.0413872,-103.6602098,-103.3811773,0.10136579,12.29564711,113.8426302,BF
198.5055273,-88.05823263,-110.4472946,0.085052022,13.42127847,113.806222,BF
189.1464753,-68.63008509,-120.5163903,0.07282571,13.11676583,113.7698255,BF
178.7893848,-46.2567991,-132.5325857,0.064609796,11.90993421,113.7334407,BF
167.4021147,-21.96633985,-145.4357749,0.060087436,10.29391282,113.6970675,BF
155.2350929,3.333179458,-158.5682724,0.059639693,8.623069417,113.6607059,BF
142.7086522,28.52115867,-171.2298108,0.063078537,7.235819224,113.624356,BF
130.4511864,52.49627155,-182.947458,0.07024858,6.458112603,113.5880177,BF
119.2666219,74.38890722,-193.6555292,0.08134881,6.628635971,113.5516911,BF
110.0783978,93.09355169,-203.1719495,0.095969211,8.224757174,113.515376,BF
103.6949292,107.9741387,-211.6690679,0.11409819,11.63968484,113.4790726,BF
100.9530105,118.3541038,-219.3071144,0.135302305,17.17749158,113.4427807,BF
102.3565212,123.8469806,-226.2035018,0.159106049,24.7205681,113.4065003,BF
108.0070394,124.130722,-232.1377614,0.184222616,33.49060685,113.3702315,BF
110.512898,123.2250186,-233.7379166,0.19207193,36.16198295,113.3593263,BF
110.512898,123.2250186,-233.7379166,0.19207193,36.16198295,113.3593263,BF
121.1664242,116.9278242,-238.0942484,0.217581185,44.14531136,113.3230724,BF
134.5035847,105.7511866,-240.2547713,0.241541266,48.96671788,113.2868301,BF
149.118272,90.17857136,-239.2968433,0.262073977,48.65751215,113.2505994,BF
163.3799476,70.85997974,-234.2399273,0.277724434,42.43513755,113.2143803,BF
175.9376309,48.55119602,-224.488827,0.2870986,31.39949244,113.1781729,BF
185.8473254,24.24131879,-210.0886442,0.289802094,18.35906272,113.1419771,BF
192.8484812,-1.120222313,-191.7282589,0.285539529,6.754853443,113.105793,BF
197.3787469,-26.41769079,-170.9610561,0.275178376,-0.650602144,113.0696206,BF
200.1384071,-50.52328878,-149.6151183,0.25995507,-2.736481609,113.0334599,BF
201.9881708,-72.50338307,-129.4847877,0.241294629,-0.077371827,112.9973106,BF
203.5012079,-91.33124006,-112.1699678,0.220326527,5.675833233,112.9611729,BF
205.0345119,-106.2326553,-98.80185666,0.198427487,12.55744076,112.9250467,BF
206.5135143,-116.5637364,-89.94977786,0.176484164,18.91280105,112.888932,BF
207.2799072,-120.4682625,-86.81164478,0.163415578,22.05828539,112.866898,BF
207.2799072,-120.4682625,-86.81164478,0.163415578,22.05828539,112.866898,BF
207.9729176,-122.6638088,-85.30910877,0.142884739,25.60208298,112.8308018,BF
207.4903982,-119.6614511,-87.82894703,0.123776623,27.09652462,112.7947171,BF
205.3673965,-111.5131543,-93.85424216,0.106596608,26.78603636,112.758644,BF
201.2387632,-98.70812603,-102.5306371,0.09143288,25.1840452,112.7225824,BF
194.8631125,-81.65218969,-113.2109228,0.078869065,22.79457514,112.6865323,BF
186.3158962,-61.13564476,-125.1802515,0.069183626,20.12935434,112.6504938,BF
175.7990475,-38.01432393,-137.7847236,0.062653571,17.562196,112.6144669,BF
163.7327957,-13.25499635,-150.4777993,0.05959953,15.36100207,112.5784515,BF
150.9713703,12.07966427,-163.0510346,0.060280915,13.78248212,112.5424476,BF
138.4216208,36.96055863,-175.3821794,0.065163625,13.06016683,112.5064553,BF
127.1022318,60.32443627,-187.4266681,0.074344276,13.46771973,112.4704745,BF
117.9177297,81.20098116,-199.1187108,0.087849737,15.23391513,112.4345051,BF
111.6051286,98.74168481,-210.3468134,0.105168339,18.40855625,112.3985473,BF
108.6380242,112.1867773,-220.8248015,0.125842996,22.65580771,112.3626009,BF
108.8429638,120.9950871,-229.8380508,0.148744857,27.0212325,112.326666,BF
111.2519341,124.6896644,-235.9415985,0.170869689,29.94062386,112.2930435,BF
111.2519341,124.6896644,-235.9415985,0.170869689,29.94062386,112.2930435,BF
112.4325621,124.9695239,-237.4020861,0.177712593,30.47853715,112.2822685,BF
113.7872414,124.6999239,-238.4871653,0.184863938,30.74657109,112.2714945,BF
115.2300184,123.9880185,-239.2180369,0.191577997,30.73108912,112.2607215,BF
117.6982472,121.8425301,-239.5407773,0.202062596,30.06858352,112.2433732,BF
121.7914199,115.9190873,-237.7105072,0.217307641,27.40302101,112.2155227,BF
127.0359399,103.6134081,-230.649348,0.233579834,21.51965662,112.1788114,BF
131.8945564,86.83881763,-218.7333741,0.245669713,14.64770685,112.1421122,BF
136.4592304,66.19393058,-202.6531609,0.2524612,8.889048082,112.105425,BF
141.1520229,42.73466503,-183.8866879,0.254685759,5.96855127,112.0687499,BF
146.5640201,17.37594173,-163.9399619,0.252499683,6.64400235,112.0320868,BF
153.1655176,-8.721073496,-144.4444441,0.246604217,10.68820199,111.9954357,BF
159.2361741,-28.82774372,-130.4084303,0.240321231,15.58470099,111.9666941,BF
166.0914975,-48.1958828,-117.8956147,0.23219819,21.33067894,111.9379598,BF
175.9924264,-71.28781754,-104.7046088,0.219800084,28.95277857,111.9005569,BF
186.603955,-91.06475864,-95.53919631,0.205765593,35.56208383,111.8631663,BF
197.0654424,-106.5158341,-90.54960831,0.190881109,40.19189854,111.8257883,BF
206.535225,-117.0592357,-89.47598924,0.174984967,42.38560842,111.7884226,BF
214.1516513,-122.1478701,-92.00378115,0.158705562,42.11949446,111.7510695,BF
216.9744979,-122.5582475,-94.41625048,0.15069045,41.18683515,111.7326633,BF
216.9744979,-122.5582475,-94.41625048,0.15069045,41.18683515,111.7326633,BF
220.4843135,-119.2139855,-101.270328,0.134457747,38.07973926,111.6953288,BF
220.5195896,-110.3228016,-110.1967881,0.118868554,33.92212403,111.6580068,BF
216.8947951,-96.33184157,-120.5629535,0.104498261,29.47829328,111.6206974,BF
209.7231875,-77.86262768,-131.8605598,0.092015745,25.38617089,111.5834004,BF
199.5102633,-55.75478621,-143.7554771,0.082127085,22.08097312,111.5461159,BF
187.1789672,-31.16614793,-156.0128193,0.075399509,19.75912375,111.508844,BF
173.6625075,-5.004271118,-168.6582364,0.072880764,18.44498594,111.4715845,BF
160.2798078,21.4230389,-181.7028467,0.074939775,18.08136711,111.4343374,BF
147.9306284,46.93507261,-194.865701,0.081807428,18.48025862,111.3971028,BF
137.3437485,70.39310392,-207.7368525,0.093247375,19.33687371,111.3598807,BF
128.7259132,90.65667564,-219.3825889,0.108343392,20.06616343,111.3226709,BF
122.0031312,106.8384576,-228.8415888,0.126165645,19.95088483,111.2854736,BF
116.7585996,118.1447036,-234.9033031,0.145302806,18.32830656,111.2482888,BF
112.903498,123.8838471,-236.7873451,0.163313417,15.34907024,111.2139641,BF
112.903498,123.8838471,-236.7873451,0.163313417,15.34907024,111.2139641,BF
109.639631,124.6001146,-234.2397456,0.181397729,10.92940652,111.1768032,BF
107.5078062,119.5944618,-227.1022679,0.197608684,6.281422683,111.1396547,BF
106.8984929,109.0877005,-215.9861934,0.211246947,2.65653026,111.1025187,BF
108.2763547,93.69254219,-201.9688969,0.222550259,1.142103706,111.0653952,BF
112.0689843,73.98459873,-186.053583,0.230835389,2.369521607,111.028284,BF
118.7038593,50.91111858,-169.6149779,0.23636152,6.373387623,110.9911852,BF
128.1277217,25.66560436,-153.793326,0.239506196,12.61714453,110.9540988,BF
140.1670149,-0.769401991,-139.3976129,0.239761903,20.16140952,110.9170247,BF
154.4259961,-27.10132308,-127.324673,0.237431498,27.78081697,110.8799629,BF
170.080072,-52.06030595,-118.0197661,0.232711436,34.20307061,110.8429134,BF
186.1831279,-74.60407693,-111.579051,0.225258189,38.35730489,110.8058762,BF
201.5986012,-93.64064407,-107.9579572,0.215257678,39.51509193,110.7688514,BF
215.2303351,-108.3197668,-106.9105683,0.202638251,37.51384446,110.731839,BF
225.9848952,-118.0368599,-107.9480353,0.18774947,32.74534135,110.6948389,BF
232.695675,-122.1593774,-110.5362976,0.17085181,26.08811338,110.6578513,BF
234.8342232,-120.7089764,-114.1252468,0.152286652,18.79878135,110.6208761,BF
233.2318291,-115.954217,-117.2776122,0.137985214,13.71403667,110.5933052,BF
233.2318291,-115.954217,-117.2776122,0.137985214,13.71403667,110.5933052,BF
226.8767062,-104.960457,-121.9162493,0.118452816,8.140419475,110.5563517,BF
216.3307349,-89.10517873,-127.2255562,0.100038255,4.459476227,110.5194105,BF
202.685085,-69.11982424,-133.5652608,0.08396016,2.585693703,110.4824818,BF
187.1847615,-45.88536042,-141.2994011,0.071601787,2.004587888,110.4455654,BF
171.1691044,-20.50202795,-150.6670765,0.063702694,2.103411233,110.4086614,BF
155.6852021,5.931941134,-161.6171432,0.061099424,2.440676511,110.3717696,BF
141.3412042,32.1629998,-173.504204,0.063713474,2.759677474,110.3348902,BF
128.3759682,56.98130626,-185.3572744,0.071015456,2.89065559,110.2980232,BF
116.7285393,79.25814893,-195.9866883,0.082362992,2.66219587,110.2611684,BF
106.3940619,97.88948015,-204.283542,0.096572958,1.940288634,110.2243259,BF
97.35364764,112.0916237,-209.4452713,0.112746755,0.782591536,110.1874958,BF
89.88115767,121.185118,-211.0662757,0.13006408,-0.500084407,110.150678,BF
84.45610878,124.713533,-209.1696418,0.147717892,-1.354457837,110.1138725,BF
81.91485283,123.293762,-205.2086148,0.16253723,-1.251145247,110.0829786,BF
81.91485283,123.293762,-205.2086148,0.16253723,-1.251145247,110.0829786,BF
81.64480184,116.4769504,-198.1217522,0.179628758,0.413028256,110.0461957,BF
84.86406271,104.3072854,-189.1713481,0.195708546,4.167283193,110.0094251,BF
91.8174214,87.41058044,-179.2280018,0.210388083,10.08003063,109.9726667,BF
102.704453,66.52247137,-169.2269243,0.223247982,17.78602143,109.9359206,BF
117.1836344,42.742259,-159.9258934,0.234430514,26.40613775,109.8991866,BF
134.7067919,17.00655982,-151.7133517,0.24284675,34.69630547,109.8624649,BF
154.4686047,-9.429540136,-145.0390646,0.248270238,41.17084765,109.8257553,BF
175.2156182,-35.36508362,-139.8505345,0.250184361,44.35394397,109.7890579,BF
195.593916,-59.56903117,-136.0248848,0.24826822,43.22317284,109.7523728,BF
214.0820918,-81.00852707,-133.0735647,0.241867337,37.48376643,109.7157,BF
229.1593628,-98.65920753,-130.5001552,0.230802585,27.86017485,109.6790395,BF
239.5708119,-111.8011847,-127.7696272,0.21513682,16.04301575,109.6423914,BF
244.3350165,-119.6955932,-124.6394234,0.195435574,4.372307662,109.6057557,BF
243.2606942,-122.1079148,-121.1527794,0.172425507,-4.955811019,109.5691322,BF
236.8669389,-118.8857263,-117.9812127,0.147635505,-10.58302749,109.5325211,BF
233.3643887,-116.3497203,-117.0146684,0.138577184,-11.65942441,109.5192844,BF
233.3643887,-116.3497203,-117.0146684,0.138577184,-11.65942441,109.5192844,BF
230.0807323,-113.7004385,-116.3802938,0.130982589,-12.19839078,109.5083048,BF
226.4936527,-110.5806473,-115.9130054,0.123582624,-12.4528027,109.4973263,BF
215.2189813,-99.41232468,-115.8066566,0.10392519,-11.97833858,109.4666019,BF
202.7166344,-84.98574892,-117.7308855,0.086482192,-10.47411969,109.4358862,BF
189.6113509,-67.70483151,-121.9065194,0.072158029,-8.722677384,109.4051791,BF
176.46697,-48.23188315,-128.2350869,0.061014325,-7.252433567,109.3744806,BF
163.5826668,-27.08545053,-136.4972163,0.05389071,-6.284228643,109.3437907,BF
151.0311313,-5.001862988,-146.0292683,0.050533773,-5.822083384,109.3131094,BF
138.7833648,17.25861136,-156.0419762,0.050552504,-5.779386375,109.2824368,BF
126.9099622,39.0256202,-165.9355824,0.053926655,-6.083291312,109.2517727,BF
115.4405182,59.56212879,-175.002647,0.060163503,-6.651596238,109.2211172,BF
102.4206391,81.68590595,-184.1065451,0.070879015,-7.568129003,109.1842464,BF
90.56525646,99.97167884,-190.5369353,0.084394551,-8.489373677,109.1473881,BF
80.50761326,113.6258274,-194.1334406,0.100148444,-9.05137396,109.1105422,BF
73.02163505,122.0154584,-195.0370935,0.117773393,-8.755559564,109.0737088,BF
68.85866775,124.7752035,-193.6338713,0.136800061,-7.045281235,109.0368877,BF
68.60756068,121.6951862,-190.3027469,0.15653006,-3.419049615,109.0000791,BF
69.75240519,118.71727,-188.4696752,0.16488827,-1.278234453,108.9847235,BF
69.75240519,118.71727,-188.4696752,0.16488827,-1.278234453,108.9847235,BF
71.06467774,116.003808,-187.0684858,0.170765851,0.482901793,108.9736849,BF
72.80247084,112.7754615,-185.5779323,0.176805166,2.433236021,108.9626474,BF
76.70319187,106.1973059,-182.9004978,0.18683278,6.143760245,108.943803,BF
87.14979179,90.43754804,-177.5873398,0.204988204,14.08460982,108.9083995,BF
101.4023222,70.83362273,-172.2359449,0.22166075,22.40036269,108.8730073,BF
118.8689359,48.23900659,-167.1079425,0.235939686,29.69422024,108.8376266,BF
138.4515163,23.58455314,-162.0360695,0.247097309,34.34224086,108.8022573,BF
158.6766214,-1.999513549,-156.6771079,0.254019433,34.92618203,108.7668994,BF
178.0237806,-27.43560913,-150.5881715,0.255764628,30.82359529,108.7315531,BF
194.9199239,-51.66913671,-143.2507872,0.25178764,22.55894878,108.6962184,BF
207.8559852,-73.57375486,-134.2822303,0.241813873,11.91620886,108.6608952,BF
216.0384027,-92.29851614,-123.7398866,0.225835732,1.502696298,108.6255835,BF
219.091695,-106.9886583,-112.1030367,0.204721135,-6.177229958,108.5902835,BF
217.4709015,-116.9896158,-100.4812857,0.180018253,-9.688097239,108.5549949,BF
212.0992497,-121.8685846,-90.23066506,0.153241585,-9.159430822,108.5197179,BF
206.7081203,-122.0871636,-84.62095667,0.134254278,-7.085514886,108.4948132,BF
206.7081203,-122.0871636,-84.62095667,0.134254278,-7.085514886,108.4948132,BF
197.6327596,-117.8224012,-79.81035838,0.10832674,-3.154229179,108.4595557,BF
187.6231207,-108.3363887,-79.28673201,0.085118013,0.489416346,108.4243096,BF
177.1429547,-94.04152894,-83.10142578,0.065670751,2.896828098,108.3890749,BF
166.3296063,-75.62120546,-90.7084008,0.050318224,3.860974047,108.3538516,BF
155.1355373,-53.81222198,-101.3233153,0.039617487,3.623601241,108.3186398,BF
143.4384813,-29.59095977,-113.8475216,0.0334754,2.618524009,108.2834394,BF
131.1487554,-4.101710433,-127.0470449,0.031373484,1.252774942,108.2482505,BF
118.4754359,21.65609108,-140.131527,0.033528056,-0.232815541,108.2130731,BF
105.7118662,46.5124962,-152.2243624,0.039503437,-1.637371096,108.1779071,BF
93.2712866,69.42598678,-162.6972734,0.049024957,-2.782566214,108.1427525,BF
82.01366855,89.23042649,-171.244095,0.061418511,-3.396880522,108.1076093,BF
72.6701792,105.2832078,-177.953387,0.077035842,-3.16459454,108.0724776,BF
66.02630419,116.7968751,-182.8231793,0.095270779,-1.622247722,108.0373573,BF
62.87740286,123.2869904,-186.1643933,0.115716546,1.662117082,108.0022484,BF
63.81375341,124.4598021,-188.2735555,0.137816,6.951990723,107.9671508,BF
69.13167956,120.3147886,-189.4464682,0.161007576,14.10654278,107.9320646,BF
69.59431133,119.9038685,-189.4981798,0.162350891,14.5728242,107.9300307,BF
69.59431133,119.9038685,-189.4981798,0.162350891,14.5728242,107.9300307,BF
79.59713201,110.3263372,-189.9234692,0.185706736,22.94726433,107.8949565,BF
93.56260322,95.99090419,-189.5535074,0.208090183,31.07097767,107.8598936,BF
110.5116983,77.61972487,-188.1314232,0.22830437,37.07020908,107.824842,BF
129.1348635,55.92054828,-185.0554118,0.244853468,39.07376644,107.7898018,BF
147.8466258,31.85097047,-179.6975963,0.256302165,35.91003387,107.754773,BF
165.0168834,6.396915202,-171.4137986,0.261646876,27.74624264,107.7197556,BF
179.0905329,-19.2330284,-159.8575045,0.260245913,16.37325139,107.6847496,BF
189.378666,-44.07505085,-145.3036151,0.251726753,4.702520323,107.6497552,BF
195.4950292,-66.964595,-128.5304342,0.236772115,-4.316590447,107.6147722,BF
197.9167707,-86.90573583,-111.0110348,0.216763007,-8.865850206,107.5798007,BF
197.5013035,-103.0508209,-94.45048259,0.192968072,-8.830071436,107.5448406,BF
195.1473976,-114.6297271,-80.51767048,0.167423354,-5.49269475,107.5098918,BF
191.516352,-121.1392546,-70.37709737,0.141559488,-0.729451743,107.4749543,BF
190.1266844,-122.0943594,-68.03232495,0.133395827,0.81658903,107.4636703,BF
190.1266844,-122.0943594,-68.03232495,0.133395827,0.81658903,107.4636703,BF
185.4875483,-121.5081709,-63.97937739,0.109129312,4.944732148,107.4287478,BF
180.0784584,-115.5152519,-64.56320649,0.087309181,7.5509062,107.3938366,BF
173.7422092,-104.5394593,-69.20274987,0.068114382,8.503530933,107.3589367,BF
166.1863157,-88.87887693,-77.30743877,0.052395497,8.023837677,107.3240481,BF
157.1846683,-69.29344488,-87.89122342,0.040221713,6.577148319,107.2891709,BF
146.4900223,-46.56845728,-99.92156506,0.031771923,4.590556764,107.2543051,BF
140.2018973,-33.60742409,-106.5944732,0.028231602,3.459612553,107.2355574,BF
133.5068928,-20.05673077,-113.450162,0.026126763,2.279822946,107.2168131,BF
126.496648,-6.255133982,-120.241514,0.025176496,1.114966985,107.198072,BF
113.9922142,17.50892999,-131.5011442,0.026098318,-0.785631665,107.1659524,BF
101.3132412,40.64696144,-141.9602026,0.030218245,-2.461815789,107.1338425,BF
89.11864015,62.28581531,-151.4044555,0.037488855,-3.749920522,107.1017422,BF
78.01802065,81.73095003,-159.7489707,0.048118042,-4.435121663,107.0696515,BF
68.86402491,98.1580325,-167.0220574,0.061722468,-4.172303848,107.0375705,BF
62.34405014,111.0096562,-173.3537063,0.078206204,-2.619164141,107.005499,BF
59.04595279,119.7963757,-178.8423285,0.097182596,0.499821941,106.9734371,BF
59.28099721,124.2313121,-183.5123093,0.118172735,5.198603354,106.9413849,BF
63.19221943,124.0867989,-187.2790183,0.140277021,11.12242371,106.9093421,BF
66.3112826,122.4776464,-188.788929,0.151716892,14.16888154,106.8939669,BF
66.3112826,122.4776464,-188.788929,0.151716892,14.16888154,106.8939669,BF
75.11006055,115.8023224,-190.9123829,0.173700685,20.23718748,106.8619383,BF
86.33451999,104.8554523,-191.1899723,0.194776123,24.78238115,106.8299193,BF
98.94981937,90.09781155,-189.0476309,0.213020245,26.57477688,106.7979098,BF
111.828441,72.03013004,-183.8585711,0.227469411,24.98384063,106.7659099,BF
123.9124297,51.33024631,-175.242676,0.23704391,20.35519057,106.7339196,BF
134.4568953,28.72608251,-163.1829778,0.241104469,13.99805209,106.701939,BF
143.0733435,5.119369017,-148.1927125,0.239942202,7.768753334,106.669968,BF
149.7710982,-18.68910922,-131.081989,0.233362474,3.368243206,106.6380066,BF
154.8500436,-41.73245226,-113.1175914,0.222325491,1.819375851,106.6060548,BF
158.8104078,-63.23873833,-95.57166943,0.207703344,3.202322589,106.5741126,BF
162.065407,-82.33196194,-79.7334451,0.190435428,6.824119935,106.5421799,BF
164.940844,-98.31703157,-66.62381242,0.171588538,11.57645258,106.5102568,BF
167.4935142,-110.6117429,-56.88177133,0.15197053,16.33855157,106.4783432,BF
169.6405652,-118.7279598,-50.91260544,0.132379997,20.22074858,106.4464391,BF
170.4664234,-121.0965187,-49.3699047,0.122944719,21.63511853,106.4308053,BF
170.4664234,-121.0965187,-49.3699047,0.122944719,21.63511853,106.4308053,BF
171.5404939,-122.5277435,-49.01275033,0.104353367,23.38826578,106.3989154,BF
171.4431412,-119.3752406,-52.06790066,0.087005209,23.66276067,106.3670351,BF
169.8326855,-111.7545815,-58.078104,0.071248617,22.70354553,106.3351643,BF
166.427555,-99.95630588,-66.47124913,0.057376905,20.87754937,106.3033031,BF
161.0619768,-84.4376014,-76.62437542,0.045617887,18.57223285,106.2714515,BF
153.638326,-65.74340913,-87.89491686,0.036239098,16.10447601,106.2396094,BF
144.3940635,-44.58984211,-99.8042214,0.029537919,13.73572212,106.2077769,BF
133.633394,-21.75976841,-111.8736256,0.025719441,11.62278173,106.1759539,BF
121.8811955,1.900678241,-123.7818737,0.025022353,9.876186896,106.1441405,BF
109.8443732,25.47822359,-135.3225967,0.02757817,8.612080798,106.1123367,BF
98.1258304,48.25050992,-146.3763403,0.034003566,7.948092093,106.0805423,BF
87.661299,69.23210955,-156.8934086,0.043868025,8.138125571,106.0487575,BF
79.2347925,87.71025113,-166.9450436,0.057329946,9.440990455,106.0169823,BF
73.52244176,102.9732793,-176.4957211,0.074065627,12.05823339,105.9852165,BF
70.84432839,114.5653946,-185.409723,0.093899929,15.92812839,105.9534602,BF
71.36403343,121.9513423,-193.3153757,0.11567373,20.63006922,105.9217134,BF
74.81119459,124.9003359,-199.7115305,0.138540701,25.27337016,105.889976,BF
75.633242,124.9283976,-200.5616396,0.142251957,25.94273174,105.8848533,BF
75.633242,124.9283976,-200.5616396,0.142251957,25.94273174,105.8848533,BF
81.74930713,122.6331743,-204.3824814,0.164791086,29.03098463,105.8531269,BF
89.2828211,115.7743754,-205.0571965,0.185715739,29.56903823,105.8214101,BF
97.34257357,104.6893347,-202.0319083,0.203616731,27.07675526,105.7897027,BF
105.1844149,89.78482428,-194.9692391,0.217830332,21.93616417,105.7580049,BF
112.3612102,71.54831655,-183.9095267,0.227363954,15.33033358,105.7263167,BF
118.768477,50.66566569,-169.4341426,0.232030089,8.871372335,105.694638,BF
124.5140663,27.99775403,-152.5118203,0.232401985,4.039997899,105.6629689,BF
129.90713,4.286630292,-134.1937603,0.228309884,1.737864065,105.6313092,BF
135.3195731,-19.54329209,-115.776281,0.220515927,2.158970536,105.5996591,BF
140.9603339,-42.54524242,-98.41509147,0.209970058,4.856307748,105.5680184,BF
146.9202099,-63.95157776,-82.96863217,0.196873813,8.998304779,105.5363872,BF
153.1525826,-82.92912398,-70.2234586,0.182029156,13.60843009,105.5047654,BF
159.4918229,-98.80287956,-60.68894334,0.165952245,17.8191815,105.4731531,BF
165.4343109,-110.8862589,-54.54805205,0.149403965,20.9736169,105.4415502,BF
170.5356155,-118.8622647,-51.67335079,0.132309007,22.74734791,105.4099567,BF
174.3263206,-122.3822093,-51.94411133,0.11525248,23.06817276,105.3783727,BF
174.4185492,-122.4183771,-52.0001721,0.114702592,23.05399213,105.3773274,BF
174.4185492,-122.4183771,-52.0001721,0.114702592,23.05399213,105.3773274,BF
176.3485875,-121.1993013,-55.14928616,0.098065205,22.05633012,105.3457532,BF
176.0921713,-115.4792997,-60.61287156,0.082130105,20.12355261,105.3141885,BF
173.3541597,-105.4373308,-67.9168289,0.067278921,17.64025527,105.2826332,BF
168.0348469,-91.46397609,-76.57087081,0.053876666,14.98242466,105.2510874,BF
160.2259298,-74.0927617,-86.13316812,0.042289105,12.44267608,105.2195511,BF
150.1339798,-53.9154574,-96.21852242,0.033096085,10.18574412,105.1880242,BF
138.2873138,-31.7332039,-106.5541099,0.026557769,8.297499176,105.1565068,BF
125.3269421,-8.345987514,-116.9809546,0.023160683,6.795371072,105.1249989,BF
112.1098585,15.37577776,-127.4856363,0.023302089,5.721913173,105.0935004,BF
99.46510936,38.56024562,-138.025355,0.027217198,5.175323281,105.0620114,BF
88.16070213,60.42754136,-148.5882435,0.035443876,5.326598877,105.0305318,BF
79.05199527,80.09729418,-159.1492894,0.04742305,6.396201791,104.9990617,BF
72.55883772,96.86818029,-169.427018,0.062966865,8.433999633,104.9676009,BF
68.838313,110.0814081,-178.9197211,0.081238804,11.20201509,104.9361496,BF
67.59901872,119.3926943,-186.991713,0.101822736,14.10313489,104.9047076,BF
68.38970533,124.2769634,-192.6666687,0.122828802,16.2981634,104.8732751,BF
68.94068512,124.8554593,-193.7961444,0.129161223,16.69960365,104.8640066,BF
68.94068512,124.8554593,-193.7961444,0.129161223,16.69960365,104.8640066,BF
71.52602886,123.8647016,-195.3907304,0.14923824,16.9548723,104.8325862,BF
74.88557025,118.2798224,-193.1653927,0.167539596,15.43237686,104.8011753,BF
78.70946845,108.3443053,-187.0537737,0.183011251,12.55609821,104.7697738,BF
82.87099138,94.45311723,-177.3241086,0.195415666,9.19322946,104.7383817,BF
87.4340658,77.07277554,-164.5068413,0.204143583,6.358506212,104.706999,BF
92.70297533,56.86566681,-149.5686421,0.209317699,4.913878607,104.6756258,BF
98.84852598,34.64015225,-133.4886782,0.211333289,5.333779645,104.644262,BF
106.0423051,11.15044783,-117.192753,0.210075034,7.644486155,104.6129076,BF
114.3601207,-12.69884534,-101.6612753,0.206014589,11.471047,104.5815625,BF
123.8220501,-36.05242495,-87.76962515,0.199446416,16.18244784,104.5502268,BF
134.0408698,-57.92579956,-76.11507024,0.191110049,21.01101463,104.5189004,BF
144.6399043,-77.65672967,-66.98317461,0.180690903,25.2615179,104.4875834,BF
155.1349541,-94.45073558,-60.68421855,0.168731096,28.35547423,104.4562757,BF
165.0039924,-107.7133452,-57.29064719,0.155491321,29.96214922,104.4249774,BF
173.5620892,-116.8868547,-56.67523445,0.141383898,29.96647935,104.3936885,BF
180.2495975,-121.7486254,-58.50097217,0.126556901,28.52172896,104.3624089,BF
184.5153072,-122.0308286,-62.48447857,0.111313131,25.95386204,104.3311388,BF
185.0356892,-121.5589102,-63.47677899,0.108228854,25.34862379,104.3249479,BF
185.0356892,-121.5589102,-63.47677899,0.108228854,25.34862379,104.3249479,BF
185.926055,-116.4161932,-69.50986175,0.093009405,22.05030307,104.293689,BF
183.7579834,-106.9406558,-76.81732756,0.078282262,18.66793348,104.2624395,BF
178.5435135,-93.4743788,-85.06913473,0.064567143,15.60873012,104.2311994,BF
170.5381052,-76.52551428,-94.01259088,0.052414128,13.14189057,104.1999686,BF
160.2060851,-56.72838161,-103.4777035,0.042398494,11.37206932,104.1687473,BF
148.1487831,-34.77368154,-113.3751016,0.035308645,10.27184908,104.1375353,BF
135.2771705,-11.5001319,-123.7770386,0.031504646,9.778928985,104.1063327,BF
122.4802219,12.24604293,-134.7262649,0.031543885,9.83693888,104.0751394,BF
110.6307602,35.55515576,-146.1859159,0.035562072,10.4412883,104.0439554,BF
100.1842854,57.70451296,-157.8887984,0.044058111,11.57422092,104.0127808,BF
91.59695002,77.74062478,-169.3375748,0.055982578,13.1217032,103.9816156,BF
84.98255077,94.96155679,-179.9441076,0.071002846,14.78623141,103.9504596,BF
80.1137511,108.7573036,-188.8710547,0.088311956,16.0626593,103.919313,BF
76.71617741,118.5542692,-195.2704466,0.106702039,16.39881753,103.8881757,BF
74.43975576,124.0019138,-198.4416696,0.125225879,15.42724525,103.8570477,BF
74.29161771,124.2812195,-198.5728372,0.126929209,15.27694727,103.8542703,BF
74.29161771,124.2812195,-198.5728372,0.126929209,15.27694727,103.8542703,BF
73.05554756,124.7624015,-197.817949,0.144547159,12.89172119,103.8231525,BF
72.66247981,120.6629067,-193.3253865,0.160626665,9.638952488,103.7920441,BF
73.25857151,112.1153146,-185.3738861,0.174547954,6.223573587,103.760945,BF
75.09525502,99.39108441,-174.4863394,0.185868514,3.424901749,103.7298552,BF
78.33905052,83.18208063,-161.5211311,0.195209026,1.909406358,103.6987748,BF
83.19804545,63.85043906,-147.0484845,0.201507662,2.05829993,103.6677037,BF
89.83580838,42.2115013,-132.0473097,0.205172477,3.921071159,103.6366419,BF
98.38107021,19.01442953,-117.3954997,0.206214584,7.232962398,103.6055894,BF
108.5055737,-4.688782014,-103.8167917,0.205243125,11.45660872,103.5745461,BF
119.9490679,-28.25435289,-91.69471498,0.201594477,15.953827,103.5435122,BF
132.2657206,-50.70399025,-81.56173038,0.19568197,20.00990432,103.5124874,BF
144.955208,-71.24198534,-73.71322267,0.187591209,23.02600585,103.481472,BF
157.2530096,-89.0193063,-68.23370327,0.177600237,24.54246844,103.4504658,BF
168.5026901,-103.5283229,-64.97436725,0.165734468,24.37894386,103.4194689,BF
177.9388234,-114.1327416,-63.8060818,0.152062259,22.59573398,103.3884813,BF
184.9191244,-120.4743797,-64.44474473,0.136928877,19.52950312,103.357503,BF
188.8872894,-122.3087882,-66.57850121,0.120677736,15.70516042,103.326534,BF
189.4241782,-119.5457704,-69.87840777,0.103815493,11.73078784,103.2955744,BF
189.036181,-118.301911,-70.73427,0.099434341,10.84692447,103.2884311,BF
189.036181,-118.301911,-70.73427,0.099434341,10.84692447,103.2884311,BF
185.3513353,-110.1927113,-75.158624,0.082430365,7.468022951,103.2574828,BF
180.0602057,-100.9699862,-79.09021943,0.06941386,5.430196272,103.2333896,BF
169.7090184,-84.38483301,-85.32418536,0.052686934,3.585508353,103.1998586,BF
156.6802568,-64.11988883,-92.56036793,0.0384547,2.747910381,103.1663385,BF
142.0799871,-41.0594202,-101.0205669,0.027626066,2.579675644,103.1328292,BF
126.8965155,-16.08753884,-110.8089766,0.021583175,2.756953167,103.0993309,BF
112.4094786,9.629899636,-122.0393782,0.020343378,3.137956059,103.0658434,BF
99.42445502,34.98475964,-134.4092147,0.02427154,3.751961494,103.0323668,BF
88.17606796,58.95957635,-147.1356443,0.033282101,4.63153183,102.9989011,BF
78.83300682,80.39934479,-159.2323516,0.046204408,5.643267964,102.9654462,BF
71.2303427,98.3869365,-169.6172792,0.062206502,6.453006085,102.9320022,BF
65.08087875,112.2030205,-177.2838993,0.080333742,6.675290118,102.8985691,BF
60.27571279,121.1384255,-181.4141383,0.099180392,6.08065165,102.8651468,BF
56.81667441,124.8355147,-181.6521891,0.117874383,4.782841734,102.8317354,BF
56.30939039,124.9942505,-181.3036409,0.121835889,4.477599851,102.825051,BF
56.30939039,124.9942505,-181.3036409,0.121835889,4.477599851,102.825051,BF
54.79018957,122.2075496,-176.9977392,0.13937228,2.932988593,102.7916526,BF
55.17040407,114.2180027,-169.3884068,0.15540703,1.897138833,102.7582651,BF
57.81750149,101.2866865,-159.104188,0.169498412,1.982148732,102.7248884,BF
63.1170852,83.97904004,-147.0961252,0.181305134,3.590491371,102.6915226,BF
71.11986239,63.10608192,-134.2259443,0.190757385,6.801472051,102.6581675,BF
81.78281511,39.55218137,-121.3349965,0.197610752,11.33245411,102.6248233,BF
94.92297861,14.3499606,-109.2729392,0.201726067,16.58526191,102.5914899,BF
110.0123083,-11.39883644,-98.61347186,0.203042165,21.73453828,102.5581672,BF
126.4449441,-36.62590102,-89.81904311,0.201655942,25.90507411,102.5248553,BF
143.2579278,-60.16363705,-83.09429074,0.197164425,28.27574431,102.4915542,BF
159.4722179,-81.02209304,-78.45012484,0.189660615,28.31658904,102.4582639,BF
174.0901187,-98.29707606,-75.79304269,0.179114401,25.91547143,102.4249844,BF
186.1046997,-111.2934232,-74.81127646,0.165773547,21.3996076,102.3917158,BF
194.5056819,-119.3602744,-75.14540745,0.149869493,15.51063975,102.358458,BF
198.6808162,-122.2261432,-76.45467294,0.131774731,9.286738034,102.3252111,BF
198.2632544,-119.7476339,-78.51562049,0.112227676,3.784090534,102.2919751,BF
195.9605741,-115.9473769,-80.01319715,0.100745481,1.288492743,102.2729715,BF
195.9605741,-115.9473769,-80.01319715,0.100745481,1.288492743,102.2729715,BF
188.6907087,-105.4081621,-83.28254658,0.080762746,-1.654770578,102.2397525,BF
177.8604325,-90.21183169,-87.64860079,0.06217533,-2.82288563,102.2065443,BF
164.5637387,-71.06640199,-93.49733672,0.046143461,-2.661819482,102.1733468,BF
149.8929345,-48.76879304,-101.1241414,0.033878159,-1.780918812,102.1401602,BF
135.0063889,-24.2796913,-110.7266976,0.026172082,-0.680150698,102.1069843,BF
120.7546094,1.330199739,-122.0848091,0.023511801,0.390280117,102.0738192,BF
107.4731016,26.98071188,-134.4538135,0.02594135,1.371833867,102.0406648,BF
95.45635568,51.52169847,-146.9780541,0.032930407,2.210341997,102.0075213,BF
84.66157504,73.89738185,-158.5589569,0.043821527,2.760558914,101.9743884,BF
74.97020135,93.10146197,-168.0716633,0.057687802,2.806624583,101.9412664,BF
66.41902728,108.2944099,-174.7134372,0.073480638,2.196751121,101.908155,BF
59.1545317,118.8300539,-177.9845856,0.090485862,0.971571259,101.8750545,BF
53.44481024,124.2417011,-177.6865113,0.107870687,-0.586651601,101.8419647,BF
50.20154866,124.6856209,-174.8871695,0.121807629,-1.769324961,101.8151089,BF
50.20154866,124.6856209,-174.8871695,0.121807629,-1.769324961,101.8151089,BF
49.41674487,123.9600375,-173.3767824,0.126815614,-2.128112691,101.8051867,BF
48.85588088,122.7416274,-171.5975083,0.131860153,-2.418367668,101.7952655,BF
48.48629815,117.2777887,-165.7640869,0.144571576,-2.749369159,101.7691591,BF
50.58693064,105.7363415,-156.3232721,0.159613267,-1.997753163,101.7357653,BF
55.82646386,89.56272915,-145.389193,0.172955234,0.279492943,101.7023825,BF
64.35492619,69.46720232,-133.8221285,0.184189745,4.001913499,101.6690106,BF
75.96564458,46.39043415,-122.3560787,0.193332759,8.743229448,101.6356496,BF
90.2244782,21.30649953,-111.5309777,0.19965704,13.78260761,101.6022996,BF
106.4666594,-4.642484234,-101.8241752,0.202982454,18.20034267,101.5689604,BF
123.8804095,-30.32053012,-93.55987942,0.202943767,21.09218374,101.5356321,BF
141.3935586,-54.61712137,-86.77643723,0.199455245,21.73777984,101.5023147,BF
157.708259,-76.3711661,-81.33709294,0.192172462,19.79841663,101.4690083,BF
171.7202755,-94.72085905,-76.99941644,0.181002491,15.52305179,101.4357128,BF
182.2674244,-108.8105695,-73.45685487,0.166097356,9.700177398,101.4024284,BF
188.5909444,-118.0318032,-70.55914112,0.147786616,3.557299157,101.3691548,BF
190.1440183,-122.0338571,-68.11016127,0.126788878,-1.654674395,101.3358923,BF
186.8781675,-120.5758402,-66.30232734,0.104053045,-4.970093736,101.3026407,BF
183.8142311,-118.0640968,-65.75013433,0.093228477,-5.757488725,101.2871835,BF
183.8142311,-118.0640968,-65.75013433,0.093228477,-5.757488725,101.2871835,BF
174.5286969,-108.7976804,-65.73101647,0.070379677,-5.967752962,101.253948,BF
162.4059383,-94.69101257,-67.71492574,0.049380264,-4.792569668,101.2207233,BF
148.6143269,-76.30271044,-72.31161647,0.03169791,-3.151923945,101.1875095,BF
134.2419414,-54.47177892,-79.7701625,0.018320927,-1.771945678,101.1543066,BF
120.144349,-30.13200868,-90.01234034,0.010137658,-0.936070172,101.1211146,BF
119.568587,-29.07669015,-90.49189681,0.009879541,-0.912480898,101.1197333,BF
119.568587,-29.07669015,-90.49189681,0.009879541,-0.912480898,101.1197333,BF
117.4381077,-23.50992079,-93.92818695,0.004791563,-0.862319063,101.1126971,BF
115.7842739,-18.12896534,-97.65530854,0.007609477,-0.852077415,101.1056614,BF
114.2439344,-14.0397618,-100.2041726,0.008111087,-0.827195872,101.1003781,BF
112.0856449,-8.724720481,-103.3609245,0.008890663,-0.788485148,101.093591,BF
107.2156301,1.846449158,-109.0620793,0.010830938,-0.690072427,101.0800749,BF
107.2156301,1.846449158,-109.0620793,0.010830938,-0.690072427,101.0800749,BF
100.2208724,14.69536572,-114.9162381,0.013015487,-0.533061608,101.0636537,BF
82.90798908,39.98105986,-122.8890489,0.017185916,-0.131798707,101.0305422,BF
61.93635856,63.53188798,-125.4682465,0.021055549,0.323803365,100.9974415,BF
38.30216666,84.30868839,-122.6108551,0.024200172,0.763490779,100.9643516,BF
12.96024856,101.4376322,-114.3978808,0.026673324,1.129349909,100.9312725,BF
-12.95925544,114.1226705,-101.163415,0.028215779,1.365511128,100.8982043,BF
-38.30552611,121.8363987,-83.53087262,0.028888584,1.428194297,100.865147,BF
-61.92047228,124.1665849,-62.24611257,0.028359721,1.278596441,100.8321004,BF
-82.8008664,121.0883766,-38.28751024,0.026972704,0.897958365,100.7990647,BF
-100.0233653,112.7164913,-12.69312599,0.024646086,0.273149168,100.7660398,BF
-111.7360541,100.9663929,10.7696612,0.021851604,-0.497977484,100.7363742,BF
-111.7360541,100.9663929,10.7696612,0.021851604,-0.497977484,100.7363742,BF
-120.0638729,83.72839426,36.33547861,0.017910274,-1.578641194,100.7033698,BF
-123.0806649,62.84451792,60.23614698,0.013544421,-2.873888671,100.6703763,BF
-120.6571747,39.23601304,81.42116163,0.008794431,-4.354471015,100.6373937,BF
-112.8953621,13.93583155,98.95953058,0.003941083,-5.984885256,100.6044218,BF
-103.7445946,-5.516293173,109.2608878,9.07E-07,-7.280892403,100.579632,BF
-103.7445946,-5.516293173,109.2608878,9.07E-07,-7.280892403,100.579632,BF
-103.7445946,-5.516293174,109.2608878,9.07E-07,-7.280892403,100.579632,BF
-99.66817259,-12.80005969,112.4682323,3.815397092,-7.773082764,100.5702827,BF
-99.66817259,-12.80005969,112.4682323,3.815397092,-7.773082764,100.5702827,BF
-99.53790687,-13.00909142,112.5469983,1.08E-06,-7.788869425,100.5700275,BF
-99.53790687,-13.00909142,112.5469983,1.07E-06,-7.788869425,100.5700275,BF
-99.40808459,-13.21654742,112.624632,-3.050274597,-7.804349885,100.5697723,BF
-98.74906138,-14.18329006,112.9323514,-16.55008251,-7.883483406,100.5686409,BF
-98.74906138,-14.18329006,112.9323514,-16.55008252,-7.883483406,100.5686409,BF
-98.01304515,-15.25280214,113.2658473,-8.279759902,-7.968923542,100.5673649,BF
-97.42575724,-16.21804346,113.6438007,9.10E-07,-8.031903973,100.5660875,BF
-97.42575724,-16.21804346,113.6438007,9.12E-07,-8.031903973,100.5660875,BF
-96.57325401,-17.73822082,114.3114748,1.694326691,-8.122867519,100.5640077,BF
-95.97292322,-18.78046395,114.7533872,2.80081323,-8.190469993,100.5626285,BF
-95.97292322,-18.78046395,114.7533872,2.80081323,-8.190469993,100.5626285,BF
-95.89934154,-18.89940536,114.7987469,1.08E-06,-8.199106172,100.5624788,BF
-95.89934154,-18.89940536,114.7987469,1.07E-06,-8.199106172,100.5624788,BF
-95.82488486,-19.01822349,114.8431083,-2.552898254,-8.207736513,100.5623291,BF
-95.3917604,-19.64661094,115.0383713,-15.30022085,-8.258790587,100.5615807,BF
-94.24511089,-21.06811747,115.3132284,-41.58619363,-8.393713617,100.5600343,BF
-94.24511089,-21.06811747,115.3132284,-41.58619364,-8.393713617,100.5600343,BF
-93.54439657,-22.01453577,115.5589323,8.28E-07,-8.466844285,100.5588548,BF
-93.54439657,-22.01453577,115.5589323,8.42E-07,-8.466844285,100.5588548,BF
-93.23009733,-22.72158123,115.9516786,16.89611705,-8.485478048,100.5576752,BF
-93.02139042,-23.47870367,116.5000941,36.14077361,-8.492977856,100.5563269,BF
-93.02139042,-23.47870367,116.5000941,36.14077362,-8.492977856,100.5563269,BF
-92.81161318,-23.90487896,116.7164921,1.24E-06,-8.516346787,100.555729,BF
-92.81161318,-23.90487896,116.7164921,1.22E-06,-8.516346787,100.555729,BF
-92.38922586,-24.46278067,116.8520065,-26.46335384,-8.570345791,100.555131,BF
-90.51666095,-26.35426672,116.8709277,-97.90225764,-8.809014303,100.553513,BF
-89.91975714,-26.88181828,116.8015754,-115.8042573,-8.882441732,100.553107,BF
-89.91975714,-26.88181828,116.8015754,-115.8042573,-8.882441732,100.553107,BF
-89.15779123,-27.68350731,116.8412985,4.10E-07,-8.957390179,100.5521768,BF
-89.15779123,-27.68350731,116.8412985,4.63E-07,-8.957390179,100.5521768,BF
-89.34089164,-27.89948895,117.2403806,62.14799282,-8.895481259,100.5512466,BF
-90.3989377,-27.84175747,118.2406952,150.4840624,-8.712470676,100.5499187,BF
-90.60427719,-27.8195218,118.423799,163.2588581,-8.681270955,100.5497261,BF
-90.60427719,-27.8195218,118.423799,163.2588582,-8.681270954,100.5497261,BF
-90.67690324,-28.21067561,118.8875789,1.93E-06,-8.671892747,100.5489718,BF
-90.67690324,-28.21067561,118.8875789,1.84E-06,-8.671892747,100.5489718,BF
-89.54654979,-29.35098681,118.8975366,-108.325402,-8.842924946,100.5482175,BF
-85.40350123,-32.52380192,117.9273031,-312.6811793,-9.421071871,100.54679,BF
-83.86564137,-33.56751601,117.4331574,-371.5457203,-9.620892498,100.5463772,BF
-83.86564137,-33.56751601,117.4331574,-371.5457204,-9.620892499,100.5463772,BF
-82.53699097,-34.4620606,116.9990516,-126.7695813,-9.7696446,100.5458161,BF
-82.53699097,-34.46206061,116.9990516,-126.7695812,-9.7696446,100.5458161,BF
-82.4856741,-34.52514266,117.0108168,-1.12E-06,-9.744329938,100.5454481,BF
-82.4856741,-34.52514266,117.0108168,-9.80E-07,-9.744329938,100.5454481,BF
-82.91969955,-34.29069676,117.2103963,93.19449595,-9.648530112,100.5450801,BF
-86.08080516,-32.60660961,118.6874148,362.0721431,-9.117932504,100.5440153,BF
-86.22677525,-32.53130637,118.7580816,370.795825,-9.095122324,100.5439807,BF
-86.22677525,-32.53130636,118.7580816,370.7958251,-9.095122323,100.5439807,BF
-88.06248733,-31.72541755,119.7879049,204.3081894,-8.814302705,100.5433795,BF
-88.52967048,-31.8763225,120.405993,37.75712223,-8.759662192,100.5427782,BF
-88.4949048,-31.95366989,120.4485747,18.66844282,-8.767930033,100.5427094,BF
-88.4949048,-31.95366989,120.4485747,18.6684427,-8.767930033,100.5427094,BF
-88.4369696,-32.05209534,120.4890649,1.77E-06,-8.780197564,100.5426329,BF
-88.4369696,-32.05209534,120.4890649,1.66E-06,-8.780197564,100.5426329,BF
-88.36150956,-32.16130347,120.522813,-17.67461756,-8.795156266,100.5425564,BF
-87.72213299,-32.86960257,120.5917356,-105.9081305,-8.910462436,100.542174,BF
-84.30836836,-35.67018227,119.9785506,-336.1954682,-9.455596607,100.5411733,BF
-79.10457723,-39.20224959,118.3068268,-565.0644635,-10.19506688,100.5401727,BF
-78.46612028,-39.6019566,118.0680769,-589.7363358,-10.2798288,100.5400643,BF
-78.46612028,-39.6019566,118.0680769,-589.7363359,-10.2798288,100.5400643,BF
-77.2877735,-40.32813085,117.6159044,-424.1952441,-10.42900835,100.5398237,BF
-77.2877735,-40.32813085,117.6159044,-424.1952438,-10.42900836,100.5398237,BF
-76.57981431,-40.74660074,117.326415,-268.1820226,-10.50452679,100.5395831,BF
-76.4196658,-40.79062928,117.2102951,-2.28E-06,-10.47344435,100.539169,BF
-76.4196658,-40.79062928,117.2102951,-2.01E-06,-10.47344435,100.539169,BF
-77.52225068,-40.0497904,117.5720411,192.0463669,-10.2480236,100.5386982,BF
-82.66852725,-36.99493628,119.6634635,589.1210666,-9.387614561,100.5377217,BF
-85.12883218,-35.64147022,120.7703024,724.2555633,-9.001046968,100.5373883,BF
-85.12883218,-35.64147022,120.7703024,724.2555635,-9.001046967,100.5373883,BF
-87.82926173,-34.32762533,122.1568871,402.0245927,-8.588756499,100.5369144,BF
-88.50576674,-34.17766304,122.6834298,206.6664051,-8.49797782,100.5366271,BF
-88.50576674,-34.17766304,122.6834298,206.6664048,-8.49797782,100.5366271,BF
-88.41669214,-34.59186995,123.0085621,3.38E-06,-8.539093195,100.5362795,BF
-88.41669214,-34.59186996,123.0085621,3.13E-06,-8.539093195,100.5362795,BF
-87.49579077,-35.53493976,123.0307305,-163.3786268,-8.716611859,100.5359318,BF
-83.42699272,-38.74300577,122.1699985,-506.3469375,-9.413445337,100.5352003,BF
-77.34157472,-42.88140706,120.2229818,-834.664564,-10.36246016,100.534496,BF
-69.84276014,-47.47996198,117.3227221,-1158.914175,-11.42206306,100.5337916,BF
-69.6290672,-47.60485771,117.2339249,-1167.460168,-11.45061913,100.5337729,BF
-69.62906719,-47.60485771,117.2339249,-1167.460169,-11.45061913,100.5337729,BF
-69.4083035,-47.73359068,117.1418942,-1140.049929,-11.4799762,100.5337532,BF
-69.40830349,-47.73359068,117.1418942,-1140.049929,-11.4799762,100.5337532,BF
-69.19320069,-47.85868811,117.0518888,-1112.908007,-11.50842655,100.5337334,BF
-68.21488124,-48.42095559,116.6358368,-978.7091848,-11.63509122,100.5336348,BF
-66.03587946,-49.58570537,115.6215848,-543.1258066,-11.883916,100.5332928,BF
-65.58086005,-49.64898593,115.229846,-171.9156366,-11.87020906,100.5329508,BF
-65.96905893,-49.28327017,115.2523291,-5.66E-06,-11.76756955,100.5327601,BF
-65.96905893,-49.28327017,115.2523291,-5.32E-06,-11.76756955,100.5327601,BF
-68.205667,-47.63852475,115.8441917,295.2086739,-11.33680367,100.5323097,BF
-71.90551762,-45.19081377,117.0963314,444.1462435,-10.6978109,100.5318169,BF
-75.80994606,-42.8175998,118.6275459,440.0069214,-10.05519093,100.5313241,BF
-79.03966169,-41.08688539,120.1265471,331.3599893,-9.54743874,100.5308314,BF
-81.0845149,-40.28813725,121.3726521,172.3968909,-9.254772299,100.5303386,BF
-81.16103039,-40.27313071,121.4341611,162.4991477,-9.245323552,100.5303101,BF
-81.16103039,-40.27313071,121.4341611,162.4991475,-9.245323552,100.5303101,BF
-81.80706805,-40.47789784,122.2849659,2.517950701,-9.197754002,100.5298173,BF
-81.80617533,-40.48945917,122.2956345,-8.53E-08,-9.19899612,100.529809,BF
-81.80617533,-40.48945917,122.2956345,-2.12E-07,-9.19899612,100.529809,BF
-81.27253359,-41.47552694,122.7480605,-127.0040763,-9.350165928,100.529308,BF
-80.10167131,-42.74909433,122.8507656,-196.253143,-9.591647591,100.5288578,BF
-80.10167131,-42.74909433,122.8507656,-196.2531431,-9.591647592,100.5288578,BF
-77.85319506,-44.77654196,122.629737,-219.5882957,-10.0016666,100.5281954,BF
-75.73325438,-46.45613459,122.189389,-172.3947851,-10.34075193,100.527533,BF
-74.26454214,-47.48266635,121.7472085,-93.70182197,-10.52694363,100.5268706,BF
-73.57131223,-47.86874052,121.4400528,-19.91196012,-10.55759193,100.5262082,BF
-73.49919492,-47.87866611,121.377861,8.11E-07,-10.53729608,100.5259775,BF
-73.49919492,-47.87866611,121.377861,8.44E-07,-10.53729608,100.5259775,BF
-73.63460149,-47.71625586,121.3508574,40.60412008,-10.38098313,100.5248853,BF
-73.78056625,-47.67725258,121.4578188,32.99662832,-10.30978832,100.5243624,BF
-73.78056625,-47.67725258,121.4578188,32.99662831,-10.30978832,100.5243624,BF
-73.72199458,-47.99106209,121.7130567,8.93E-07,-10.26839253,100.5234233,BF
-73.72199458,-47.99106209,121.7130567,8.77E-07,-10.26839253,100.5234233,BF
-73.21417596,-48.71971382,121.9338898,-29.74999725,-10.33217846,100.522544,BF
-73.21417596,-48.71971382,121.9338898,-29.74999726,-10.33217846,100.522544,BF
-72.41600966,-49.66538578,122.0813954,-42.21250417,-10.45071427,100.5216646,BF
-71.25661335,-50.92216689,122.1787802,-34.01003806,-10.60437185,100.5204117,BF
-70.36537616,-51.85198679,122.2173629,-18.93562096,-10.68419833,100.5191589,BF
-69.19668657,-53.09831824,122.2950048,-17.07488235,-10.74521175,100.517068,BF
-67.85251948,-54.54662597,122.3991454,-26.48340582,-10.85394102,100.5149772,BF
-65.31401329,-57.23030267,122.544316,-24.3593539,-11.08490214,100.511322,BF
-62.88626826,-59.71144999,122.5977182,-25.63291567,-11.27568463,100.5076669,BF
-60.35452314,-62.22711703,122.5816402,-27.70831301,-11.48256581,100.504012,BF
-56.84770889,-65.61707761,122.4647865,-28.38377984,-11.76163014,100.4989821,BF
-49.55523591,-72.2638752,121.8191111,-31.76782534,-12.32231344,100.4887899,BF
-36.23722715,-83.17910124,119.4163284,-35.95344044,-13.29091759,100.4708681,BF
-12.4795235,-99.18431806,111.6638416,-42.14072679,-14.86479793,100.4401976,BF
11.7500239,-111.3562493,99.6062254,-45.20018815,-16.31162421,100.4095365,BF
35.56258306,-119.2303861,83.66780306,-46.23442522,-17.59827927,100.3788847,BF
57.94479124,-122.420693,64.47590172,-43.81501536,-18.66413401,100.3482423,BF
78.12701348,-120.8946658,42.76765229,-39.44344596,-19.5071866,100.3176092,BF
95.31035331,-114.6862842,19.37593089,-32.7593188,-20.09807239,100.2869855,BF
101.4544723,-110.7051361,9.250663772,-29.17716667,-20.26104009,100.274112,BF
101.4544723,-110.7051361,9.250663772,-29.17716667,-20.26104009,100.274112,BF
113.2974566,-98.30137616,-14.9960804,-20.13934505,-20.47451127,100.2435016,BF
120.7563375,-82.06353914,-38.69279832,-9.335658671,-20.40374787,100.2129005,BF
123.4055379,-66.51604691,-56.889491,4.59E-07,-20.1458813,100.1880993,BF
123.4055379,-66.51604691,-56.889491,4.60E-07,-20.1458813,100.1880993,BF
122.3905342,-45.02905442,-77.3614798,10.95961807,-19.59355461,100.1575151,BF
116.6603431,-21.77854063,-94.88180243,24.00185731,-18.79122938,100.1269403,BF
106.4512792,2.363246269,-108.8145255,35.45955865,-17.76838651,100.0963748,BF
92.15523748,26.46208614,-118.6173236,45.99239561,-16.555379,100.0658186,BF
74.31700526,49.60387201,-123.9208773,55.07178314,-15.18781465,100.0352718,BF
53.59390044,70.93268704,-124.5265875,62.45167911,-13.70250476,100.0047342,BF
30.85172192,89.47119229,-120.3229142,68.17519043,-12.14194047,99.97420595,BF
24.93380802,93.62018974,-118.5539978,69.27161312,-11.74502151,99.9665721,BF
24.93380802,93.62018974,-118.5539978,69.27161312,-11.74502151,99.9665721,BF
0.820189019,107.8959296,-108.7161186,72.22085921,-10.15474195,99.93605549,BF
-23.3208617,118.0776893,-94.75682764,71.97067544,-8.590468026,99.90554817,BF
-46.59075522,123.7878231,-77.19706787,69.61587675,-7.089892258,99.87505016,BF
-63.49574343,124.9545204,-61.45877697,65.43295838,-5.991894714,99.85132212,BF
-63.49574343,124.9545204,-61.45877697,65.43295838,-5.991894714,99.85132212,BF
-82.99495897,122.2463305,-39.25137148,59.484699,-4.70164895,99.82084064,BF
-99.33039647,114.8996715,-15.56927502,50.80020771,-3.56987244,99.79036845,BF
-111.864983,103.1934145,8.671568519,40.89404818,-2.621504731,99.75990555,BF
-120.1311191,87.56419495,32.56692411,30.48186044,-1.871634488,99.72945195,BF
-123.7328571,68.62047802,55.1123791,16.51779266,-1.337871267,99.69900764,BF
-122.6262229,47.09485504,75.53136787,3.85017812,-1.013550121,99.66857261,BF
-121.4246691,40.54832275,80.8763464,1.63E-07,-0.959837902,99.65984265,BF
-121.4246691,40.54832275,80.8763464,1.62E-07,-0.959837902,99.65984265,BF
-114.3119431,16.90955911,97.40238402,-12.56246282,-0.899447502,99.62941958,BF
-102.810936,-7.320665473,110.1316015,-24.50121851,-1.03007649,99.5990058,BF
-87.37302837,-31.2284581,118.6014865,-35.19032296,-1.330206118,99.56860131,BF
-68.58630714,-53.90138894,122.4876961,-44.11378181,-1.774253584,99.53820609,BF
-59.81715722,-62.88160569,122.6987629,-47.97806588,-1.998203713,99.52538321,BF
-59.81715722,-62.88160569,122.6987629,-47.97806588,-1.998203713,99.52538321,BF
-37.52536362,-82.29693098,119.8222946,-54.06846607,-2.594103821,99.4950012,BF
-13.81301631,-98.5095292,112.3225455,-58.20228706,-3.252818519,99.46462847,BF
10.42860017,-110.9019046,100.4733044,-59.74997584,-3.939943512,99.43426502,BF
34.27835321,-118.9926678,84.71431454,-58.76282279,-4.620155209,99.40391084,BF
56.79026882,-122.4618172,65.67154842,-55.57106536,-5.254205941,99.37356593,BF
73.88265236,-121.7307661,47.84811374,-51.19207305,-5.724563007,99.34833678,BF
73.88265236,-121.7307661,47.84811374,-51.19207305,-5.724563007,99.34833678,BF
91.79948215,-116.5569164,24.75743423,-43.5278495,-6.196824591,99.31800885,BF
106.1897489,-106.853695,0.663946042,-34.25038413,-6.543853089,99.28769018,BF
116.5035877,-93.00968363,-23.49390403,-23.4674287,-6.746507541,99.25738077,BF
122.3510801,-75.54985623,-46.80122383,-11.74465892,-6.793169867,99.22708061,BF
123.5088994,-55.56980464,-67.93909471,6.13E-08,-6.677097515,99.19735886,BF
123.5088994,-55.56980464,-67.93909471,6.14E-08,-6.677097515,99.19735886,BF
119.9768665,-33.01062878,-86.96623774,13.73931514,-6.398808553,99.16707702,BF
111.8531943,-9.170333721,-102.6828606,25.80308505,-5.967502703,99.13680442,BF
99.43073071,15.07415996,-114.5048907,37.25425919,-5.397908921,99.10654106,BF
83.19030553,38.79455649,-121.984862,47.30783647,-4.712422589,99.07628694,BF
63.77214655,61.04028477,-124.8124313,55.66799399,-3.937296028,99.04604204,BF
53.17248929,71.27615597,-124.4486453,60.44349546,-3.52814954,99.03107472,BF
53.17248929,71.27615597,-124.4486453,60.44349546,-3.52814954,99.03107472,BF
30.3521687,89.82263033,-120.174799,64.83998067,-2.676595658,99.00084361,BF
6.388444494,104.9639863,-111.3524308,68.11070537,-1.824211306,98.97062172,BF
-17.83635084,116.1300363,-98.2936855,68.49470406,-1.006078487,98.94040906,BF
-41.40057684,122.9012228,-81.50064595,66.70979224,-0.26068507,98.91020561,BF
-63.34920713,124.943411,-61.59420388,61.88421446,0.37334195,98.88001137,BF
-68.34975668,124.73336,-56.38360333,60.47248574,0.506363909,98.87266976,BF
-68.34975668,124.73336,-56.38360333,60.47248574,0.506363909,98.87266976,BF
-87.19989422,120.937659,-33.73776481,52.4942655,0.95506414,98.84248697,BF
-102.6607756,112.5148805,-9.854104916,44.0710603,1.218342389,98.8123134,BF
-114.2374238,99.84437249,14.3930513,33.49600709,1.276890961,98.78214903,BF
-121.4513404,83.3554598,38.09588065,23.01356103,1.110116721,98.75199388,BF
-123.9205693,63.75256845,60.16800087,7.737346658,0.704834965,98.72184793,BF
-123.1866502,51.06182061,72.12482957,2.28E-08,0.356518214,98.70415576,BF
-123.1866502,51.06182061,72.12482957,2.26E-08,0.356518214,98.70415576,BF
-118.2067624,28.02628304,90.18047932,-13.11435979,-0.422827176,98.67402443,BF
-108.6999498,3.962287843,104.7376619,-25.71431568,-1.428232953,98.6439023,BF
-95.01501745,-20.21616751,115.231185,-37.73430128,-2.644050886,98.61378937,BF
-77.7017478,-43.55644552,121.2581933,-48.19359857,-4.0412032,98.58368565,BF
-57.4062217,-65.19006019,122.5962819,-56.7399694,-5.591641846,98.55359114,BF
-49.67478465,-72.23949614,121.9142808,-59.12132311,-6.166477632,98.54296394,BF
-49.67478465,-72.23949614,121.9142808,-59.12132311,-6.166477632,98.54296394,BF
-26.61186786,-90.26222117,116.874089,-64.73483692,-7.862270195,98.51288187,BF
-2.543536846,-104.7470048,107.2905416,-67.98236493,-9.611023851,98.48280901,BF
21.61780037,-115.1732246,93.55542426,-68.66361116,-11.37019057,98.45274533,BF
44.94968137,-121.1395203,76.18983896,-66.85262225,-13.09299841,98.42269086,BF
66.54729135,-122.3883729,55.84108159,-62.05073416,-14.73003523,98.39264557,BF
77.87106826,-120.9479957,43.07692744,-58.76373982,-15.61363029,98.37532421,BF
77.87106826,-120.9479957,43.07692744,-58.76373981,-15.61363029,98.37532421,BF
95.08572469,-114.7822136,19.69648895,-51.27600956,-17.02340828,98.3452934,BF
108.6475457,-104.1653609,-4.482184765,-41.45476125,-18.23859199,98.31527177,BF
118.020116,-89.50641351,-28.51370254,-30.76041005,-19.22029112,98.28525932,BF
122.8727378,-71.34407171,-51.52866612,-17.28826662,-19.95132471,98.25525603,BF
122.9817312,-50.41799572,-72.56373545,-4.357291145,-20.39620123,98.22526191,BF
121.8706318,-42.45800526,-79.41262656,9.31E-09,-20.48356103,98.21461012,BF
121.8706318,-42.45800526,-79.41262656,9.48E-09,-20.48356103,98.21461012,BF
115.625165,-19.04430797,-96.58085706,12.76157434,-20.54120977,98.18462841,BF
104.9235511,5.137366574,-110.0609176,24.95367468,-20.301497,98.15465586,BF
90.19081009,29.17252575,-119.3633358,36.08979303,-19.77898392,98.12469244,BF
71.9870963,52.14485737,-124.1319537,45.64860636,-18.99009793,98.09473817,BF
51.0330907,73.13381821,-124.1669089,53.50368698,-17.9571599,98.06479304,BF
42.98527909,80.03399089,-123.01927,56.69153601,-17.53160769,98.05407728,BF
42.98527909,80.03399089,-123.01927,56.69153601,-17.53160769,98.05407728,BF
19.52530964,97.12017023,-116.6454799,60.87383209,-16.21285809,98.02414454,BF
-4.662196438,110.5223304,-105.860134,63.64678833,-14.74094219,97.99422093,BF
-28.68974558,119.7342519,-91.04450636,63.58651105,-13.15174304,97.96430644,BF
-51.63945978,124.4106407,-72.77118093,61.29866245,-11.4928917,97.93440107,BF
-72.67175578,124.3684541,-51.69669834,57.77594967,-9.805392415,97.90450481,BF
-77.30458429,123.6244167,-46.31983239,54.11404946,-9.40369036,97.8973074,BF
-77.30458429,123.6244167,-46.31983239,54.11404946,-9.40369036,97.8973074,BF
-94.64882024,117.6771127,-23.02829247,47.1155832,-7.763091967,97.86742245,BF
-108.4424373,107.3022273,1.140210073,38.12001998,-6.200296562,97.8375466,BF
-118.0720911,92.85110214,25.22098894,27.61239472,-4.759936444,97.80767986,BF
-123.1937083,74.88196941,48.31173891,16.23162986,-3.475538657,97.77782223,BF
-123.5597965,54.06237451,69.49742194,3.11303123,-2.379218425,97.7479737,BF
-122.8943006,48.3817612,74.51253938,5.87E-09,-2.132064942,97.74033264,BF
-122.8943006,48.3817612,74.51253938,5.70E-09,-2.132064942,97.74033264,BF
-117.3599261,25.17354526,92.18638085,-12.59023142,-1.301450868,97.71049555,BF
-107.3356828,1.046504316,106.2891785,-24.39546685,-0.696846997,97.68066755,BF
-93.20226008,-23.08868439,116.2909445,-35.08092029,-0.32170688,97.65084866,BF
-75.46604804,-46.29105161,121.7570996,-44.75740483,-0.176541236,97.62103887,BF
-54.8829278,-67.64236043,122.5252882,-52.80762579,-0.243943123,97.59123818,BF
-51.44247763,-70.76947611,122.2119537,-53.82441311,-0.273084413,97.58657184,BF
-51.44247762,-70.76947611,122.2119537,-53.82441311,-0.273084413,97.58657184,BF
-28.49053386,-89.03818629,117.5287202,-59.15047805,-0.563488537,97.55678167,BF
-4.458707654,-103.8201829,108.2788905,-61.84331462,-1.019413047,97.5270006,BF
19.74625782,-114.6060731,94.85981526,-62.53086104,-1.607039876,97.49722862,BF
43.18124853,-120.9042062,77.72295763,-60.47546497,-2.293188096,97.46746574,BF
64.92764865,-122.5309719,57.60332326,-55.83500959,-3.032522938,97.43771195,BF
70.10711627,-122.1804764,52.07336011,-54.56341912,-3.226160742,97.43012744,BF
70.10711627,-122.1804764,52.07336011,-54.56341912,-3.226160742,97.43012744,BF
88.63306888,-117.8836199,29.25055102,-47.46815339,-3.984973818,97.40038506,BF
103.7279502,-109.0036896,5.275739396,-38.30642138,-4.709835667,97.37065176,BF
114.8426586,-95.9003532,-18.9423054,-27.69277978,-5.367114873,97.34092755,BF
121.550886,-79.07102202,-42.47986402,-16.13790016,-5.924502653,97.31121242,BF
123.5662196,-59.14443991,-64.42177973,-2.918653538,-6.351318148,97.28150636,BF
123.33342,-53.87669151,-69.45672852,2.90E-09,-6.432838028,97.27422153,BF
123.33342,-53.87669151,-69.45672852,3.07E-09,-6.432838028,97.27422153,BF
119.4539254,-31.20660861,-88.24731681,12.69772029,-6.669842717,97.24452677,BF
110.9893103,-7.300480895,-103.6888294,24.87274662,-6.73929171,97.21484107,BF
98.25852215,16.94634786,-115.20487,36.06437375,-6.638034453,97.18516444,BF
81.72478114,40.58134166,-122.3061228,46.68151525,-6.362160931,97.15549686,BF
62.07813219,62.68340617,-124.7615384,55.1318815,-5.928650361,97.12583834,BF
54.79245358,69.7153777,-124.5078313,57.48701863,-5.747121972,97.11574218,BF
54.79245358,69.7153777,-124.5078313,57.48701863,-5.747121972,97.11574218,BF
32.11644003,88.51248879,-120.6289288,62.96294236,-5.133082761,97.08609579,BF
8.208388514,103.9336188,-112.1420073,66.10356085,-4.410757821,97.05645844,BF
-16.05716474,115.4705444,-99.41337962,67.20453533,-3.618547796,97.02683013,BF
-39.6537986,122.529831,-82.8760324,65.29223844,-2.784767709,96.99721086,BF
-61.7649852,124.9773798,-63.21239459,61.08261196,-1.957020859,96.96760062,BF
-69.50762057,124.6565274,-55.14890681,58.92000453,-1.654403788,96.9564693,BF
-69.50762057,124.6565274,-55.14890681,58.92000453,-1.654403788,96.9564693,BF
-88.18489688,120.5949804,-32.41008348,51.46881496,-0.898793757,96.92687149,BF
-103.4670273,111.9411675,-8.474140222,42.05552146,-0.244203682,96.89728271,BF
-114.7943593,99.04294014,15.75141917,31.08167554,0.271838457,96.86770296,BF
-121.7342184,82.39223734,39.34198102,19.09778707,0.615572532,96.83813223,BF
-124.0270637,62.60749211,61.4195716,7.166496685,0.758994341,96.80857053,BF
-123.6031466,54.17511563,69.42803094,1.83E-09,0.753501715,96.79698327,BF
-123.6031466,54.17511563,69.42803094,1.62E-09,0.753501715,96.79698327,BF
-119.2423886,31.34183658,87.90055201,-12.20878133,0.57709014,96.76743412,BF
-110.3534928,7.369425093,102.9840678,-25.2105201,0.16101953,96.73789401,BF
-97.23334598,-16.84384183,114.0771878,-36.8682706,-0.500597685,96.70836291,BF
-80.39674949,-40.34999664,120.7467461,-47.49224975,-1.400988683,96.67884084,BF
-60.46838606,-62.28258415,122.7509702,-56.2550973,-2.528649396,96.64932779,BF
-49.05608158,-72.84202526,121.8981068,-60.13672524,-3.201883505,96.63387412,BF
-49.05608158,-72.84202526,121.8981068,-60.13672524,-3.201883505,96.63387412,BF
-25.95060056,-90.74981403,116.7004146,-65.45750448,-4.625199938,96.60437481,BF
-1.866899627,-105.1185181,106.9854178,-68.66035544,-6.200262185,96.57488452,BF
22.27535109,-115.4097735,93.13442245,-69.36105339,-7.887062423,96.54540325,BF
45.58334042,-121.2350256,75.65168522,-66.62429601,-9.646905534,96.515931,BF
67.10082902,-122.3438691,55.24304012,-62.21086052,-11.41907416,96.48646775,BF
76.42177535,-121.203245,44.7814697,-59.32508459,-12.24867204,96.47253199,BF
76.42177535,-121.203245,44.7814697,-59.32508459,-12.24867204,96.47253199,BF
93.88492531,-115.3734194,21.48849404,-53.77987742,-13.9581435,96.44308201,BF
107.7360657,-105.0746901,-2.661375577,-41.9859106,-15.56055936,96.41364104,BF
117.4410894,-90.69397294,-26.74711643,-30.644474,-17.00830969,96.38420908,BF
122.6277906,-72.76349649,-49.86429408,-18.55097972,-18.26118291,96.35478611,BF
123.0348022,-51.96006302,-71.07473914,-5.794502626,-19.26675131,96.32537213,BF
121.5751749,-41.05089497,-80.52427988,1.85E-09,-19.66768018,96.31094649,BF
121.5751749,-41.05089497,-80.52427988,2.08E-09,-19.66768018,96.31094649,BF
115.0354553,-17.55046397,-97.48499129,13.73785983,-20.27760968,96.28154591,BF
104.0717792,6.64793551,-110.7197147,25.81611455,-20.58516892,96.2521543,BF
89.10457555,30.64385997,-119.7484355,36.95437507,-20.58658538,96.22277167,BF
70.70724884,53.5190016,-124.2262504,46.41463753,-20.28229485,96.193398,BF
49.58956446,74.34632588,-123.9358903,54.67328402,-19.67053472,96.1640333,BF
42.75674854,80.17153802,-122.9282866,56.81271095,-19.4333962,96.15512781,BF
42.75674854,80.17153802,-122.9282866,56.81271095,-19.4333962,96.15512781,BF
19.29719915,97.23874339,-116.5359425,61.60993059,-18.46799624,96.12577478,BF
-4.892996174,110.6088489,-105.7158527,64.07221605,-17.26173726,96.0964307,BF
-28.91362239,119.787894,-90.87427163,64.05897089,-15.85039451,96.06709557,BF
-51.84966397,124.4280094,-72.57834546,61.69409099,-14.27715319,96.03776939,BF
-72.76979019,124.3379618,-51.56817166,57.47156945,-12.59387836,96.00845214,BF
-77.4075097,123.59777,-46.19026025,55.36061974,-12.17430788,96.0014368,BF
-77.4075097,123.59777,-46.19026025,55.36061974,-12.17430788,96.0014368,BF
-94.79278347,117.6256675,-22.83288401,47.86644693,-10.40567602,95.97213062,BF
-108.5520225,107.2274795,1.324542955,38.45779352,-8.645279393,95.94283337,BF
-118.1587796,92.753051,25.40572862,27.6669254,-6.933116264,95.91354505,BF
-123.2533586,74.76592511,48.48743349,16.06420166,-5.317804662,95.88426566,BF
-123.6392346,53.92122372,69.71801084,4.897238866,-3.837867014,95.85499519,BF
-122.9865726,48.43043722,74.55613536,1.74E-09,-3.501454059,95.84774049,BF
-122.9865726,48.43043722,74.55613536,1.50E-09,-3.501454059,95.84774049,BF
-117.4109434,25.22127931,92.18966411,-11.96510635,-2.258209971,95.81848115,BF
-107.3980538,1.093738771,106.3043151,-24.13240552,-1.226077692,95.78923074,BF
-93.26383611,-23.03144549,116.2952816,-34.99447311,-0.429096123,95.75998925,BF
-75.56669389,-46.21837326,121.7850672,-44.76997267,0.121764544,95.73075668,BF
-54.95987463,-67.6143641,122.5742387,-52.36474371,0.426045889,95.70153303,BF
-50.63657248,-71.5280814,122.1646539,-53.7386678,0.456734886,95.69578714,BF
-50.63657248,-71.5280814,122.1646539,-53.7386678,0.456734886,95.69578714,BF
-27.63004259,-89.66049173,117.2905343,-59.41462129,0.474152266,95.66657416,BF
-3.575696937,-104.3090796,107.8847766,-62.05267387,0.271138777,95.6373701,BF
20.61790976,-114.9207393,94.30282957,-62.46739026,-0.127946979,95.60817496,BF
44.00910682,-121.0536035,77.04449664,-59.85992482,-0.693286619,95.57898873,BF
65.67892103,-122.5013444,56.82242334,-55.59601453,-1.382487991,95.54981142,BF
69.62308048,-122.224054,52.60097349,-54.46718713,-1.528485767,95.54414022,BF
69.62308048,-122.224054,52.60097349,-54.46718713,-1.528485767,95.54414022,BF
88.21409201,-118.0272634,29.81317138,-47.57892923,-2.31849485,95.51497356,BF
103.3932731,-109.2472775,5.854004345,-38.45843422,-3.142339961,95.4858158,BF
114.6023673,-96.23324446,-18.36912284,-27.91145211,-3.958895254,95.45666696,BF
121.4123935,-79.48056594,-41.93182752,-16.42376111,-4.727435809,95.42752702,BF
123.5673204,-59.60825294,-63.95906748,-4.751162775,-5.414030136,95.39839598,BF
123.3342403,-53.98546819,-69.34877209,6.52E-10,-5.570728861,95.39073938,BF
123.3342403,-53.98546819,-69.34877209,8.82E-10,-5.570728861,95.39073938,BF
119.4420425,-31.31202372,-88.13001875,12.27742354,-6.090725523,95.36161958,BF
111.0020375,-7.410650021,-103.5913875,24.7809729,-6.461066923,95.33250867,BF
98.28593134,16.82683701,-115.1127684,36.0590501,-6.660247475,95.30340665,BF
81.78988496,40.47743,-122.267315,45.90645281,-6.681169118,95.27431352,BF
62.12897633,62.60312873,-124.7321051,54.94976319,-6.515854307,95.24522927,BF
55.01686029,69.48582427,-124.5026846,57.10106516,-6.421999087,95.23554293,BF
55.01686029,69.48582427,-124.5026846,57.10106516,-6.421999086,95.23554293,BF
32.36855449,88.30165933,-120.6702138,62.96277027,-6.032124101,95.20647051,BF
8.466852369,103.7790738,-112.2459262,65.99904988,-5.492861033,95.17740696,BF
-15.76153064,115.3116305,-99.55009987,67.0337056,-4.829675403,95.14835228,BF
-39.42071475,122.4806365,-83.05992171,64.92717679,-4.076047233,95.11930646,BF
-61.54735611,124.9795373,-63.43218118,60.99548022,-3.270010489,95.0902695,BF
-69.33968384,124.6785766,-55.33889276,58.68645237,-2.959526689,95.07929575,BF
-69.33968384,124.6785766,-55.33889276,58.68645237,-2.959526689,95.07929575,BF
-88.03691621,120.6543065,-32.61739029,53.52017264,-2.150315869,95.05027099,BF
-103.3682236,112.0480827,-8.67985908,43.37762424,-1.390684134,95.02125509,BF
-114.7336931,99.19329132,15.54040173,31.08171197,-0.724567907,94.99224804,BF
-121.7105736,82.57657727,39.13399632,18.68131916,-0.192095578,94.96324984,BF
-124.0306176,62.8240814,61.2065362,5.866416182,0.16987992,94.93426049,BF
-123.5878105,54.04058816,69.54722234,-3.35E-09,0.259438206,94.9224203,BF
-123.5878105,54.04058816,69.54722234,-3.52E-09,0.259438206,94.9224203,BF
-119.240732,31.19473898,88.04599302,-12.77944021,0.328403019,94.89344341,BF
-110.3138076,7.216681174,103.0971264,-25.33667266,0.160913789,94.86447537,BF
-97.17135659,-16.9926528,114.1640094,-37.14350281,-0.254268749,94.83551617,BF
-80.31030766,-40.50980908,120.8201167,-47.45540871,-0.921435716,94.80656581,BF
-60.35767805,-62.42447657,122.7821546,-56.13953154,-1.837457985,94.7776243,BF
-48.9209005,-72.99021019,121.9111107,-60.00671045,-2.410880752,94.76243272,BF
-48.9209005,-72.99021019,121.9111107,-60.00671045,-2.410880752,94.76243272,BF
-25.80746612,-90.87101429,116.6784804,-65.59179827,-3.668581946,94.7335047,BF
-1.714080495,-105.2187965,106.932877,-68.44779891,-5.117189946,94.70458552,BF
22.44319812,-115.4807034,93.03750526,-68.68724101,-6.721700949,94.67567518,BF
45.71349327,-121.2563522,75.54285894,-66.80349538,-8.434606947,94.64677369,BF
67.2288557,-122.3319868,55.10313114,-62.55907179,-10.21188216,94.61788103,BF
75.77911266,-121.3099357,45.53082304,-59.26394653,-10.98434547,94.60534558,BF
75.77911266,-121.3099357,45.53082304,-59.26394653,-10.98434547,94.60534558,BF
93.36632636,-115.6367423,22.27041598,-51.85823501,-12.76204748,94.57646559,BF
107.3292652,-105.4652495,-1.864015675,-42.13379419,-14.46626025,94.54759443,BF
117.170517,-91.20317668,-25.96734034,-31.07156738,-16.05132535,94.5187321,BF
122.5100544,-73.39293521,-49.11711917,-19.16378316,-17.46722204,94.4898786,BF
123.1472762,-52.69505145,-70.4522248,-7.162537789,-18.67421207,94.46103391,BF
122.0529537,-43.81727611,-78.23567755,2.01E-10,-19.07723089,94.44950704,BF
122.0529537,-43.81727611,-78.23567755,4.13E-10,-19.07723089,94.44950704,BF
116.050419,-20.48187255,-95.56854647,12.38578543,-19.90164253,94.42067469,BF
105.6093223,3.684078828,-109.2934011,24.51289067,-20.43625982,94.39185115,BF
91.10754323,27.7551082,-118.8626514,35.63226525,-20.65673879,94.36303641,BF
73.09317065,50.82503394,-123.9182046,45.11302914,-20.55708977,94.33423047,BF
52.24030056,71.96829265,-124.2085932,53.7305795,-20.125173,94.30543332,BF
42.92489479,80.0126588,-122.9375536,56.24992389,-19.85515712,94.29343982,BF
42.92489479,80.0126588,-122.9375536,56.24992389,-19.85515712,94.29343982,BF
19.49611222,97.10137959,-116.5974918,61.49941742,-19.00010075,94.26465511,BF
-4.696275199,110.5074857,-105.8112105,64.11441316,-17.86958084,94.23587918,BF
-28.71430971,119.7219413,-91.00763159,64.20979144,-16.50194453,94.20711203,BF
-51.66517826,124.396063,-72.73088479,61.44126027,-14.93619392,94.17835364,BF
-72.62025685,124.3283409,-51.70808403,56.76460702,-13.22307167,94.14960402,BF
-77.68762292,123.5157395,-45.82811657,55.03797765,-12.7542256,94.14205782,BF
-77.68762292,123.5157395,-45.82811657,55.03797765,-12.7542256,94.14205782,BF
-95.04066655,117.518775,-22.47810849,47.6358202,-10.93056035,94.11331926,BF
-108.7405588,107.0524181,1.688140713,38.18012164,-9.082418738,94.08458945,BF
-118.2854109,92.5263993,25.75901155,27.36513889,-7.26394315,94.0558684,BF
-123.310309,74.4958841,48.81442487,15.67558069,-5.527679406,94.0271561,BF
-123.6267586,53.63369096,69.99306767,4.045869738,-3.919505337,93.99845255,BF
-123.0260184,48.60530443,74.42071395,1.01E-09,-3.580187513,93.99194998,BF
-123.0260184,48.60530443,74.42071395,7.81E-10,-3.580187513,93.99194998,BF
-117.4959458,25.39931826,92.09662751,-12.05284822,-2.196779746,93.96325716,BF
-107.5125017,1.276618228,106.2358835,-24.1972048,-1.029982004,93.93457309,BF
-93.40720127,-22.85280238,116.2600036,-35.0589635,-0.106388771,93.90589776,BF
-75.72926269,-46.0698157,121.7990784,-44.46156977,0.559279494,93.87723118,BF
-55.13685877,-67.46586227,122.602721,-52.31965223,0.957585603,93.84857335,BF
-50.74032567,-71.45318835,122.193514,-53.68101741,1.005727935,93.84283857,BF
-50.74032567,-71.45318835,122.193514,-53.68101741,1.005727935,93.84283857,BF
-27.74444399,-89.59512076,117.3395648,-59.10662484,1.093697229,93.81419124,BF
-3.691246409,-104.2586167,107.9498631,-61.8691557,0.938566736,93.78555265,BF
20.48737406,-114.8666566,94.37928258,-62.4930846,0.564163462,93.7569228,BF
43.86480337,-121.0341291,77.16932573,-60.94700803,0.004646882,93.7283017,BF
65.57920888,-122.5058079,56.926599,-55.6524982,-0.707842767,93.69968934,BF
69.87530212,-122.2022451,52.32694298,-54.56888631,-0.873760125,93.69363284,BF
69.87530212,-122.2022451,52.32694298,-54.56888631,-0.873760125,93.69363284,BF
88.42033516,-117.9366927,29.51635758,-47.24318329,-1.70676658,93.66503107,BF
103.5523973,-109.1004705,5.548073246,-38.34927042,-2.588431904,93.63643805,BF
114.7155155,-96.03447683,-18.68103864,-27.97799888,-3.475365592,93.60785376,BF
121.4455472,-79.21489641,-42.23065076,-15.29362845,-4.320612778,93.5792782,BF
123.5060632,-59.33561049,-64.17045275,-2.767237623,-5.078713111,93.55071137,BF
123.3068778,-54.46358091,-68.84329685,1.90E-09,-5.235414499,93.54422751,BF
123.3068778,-54.46358091,-68.84329685,2.06E-09,-5.235414499,93.54422751,BF
119.5668907,-31.83780515,-87.72908551,12.64351913,-5.846114427,93.51567139,BF
111.2181526,-7.952954454,-103.2651981,24.89083062,-6.297547649,93.48712399,BF
98.59604783,16.28597909,-114.8820269,36.26277302,-6.573218977,93.45858531,BF
82.18071889,39.95381774,-122.1345366,46.17524019,-6.661670878,93.43005534,BF
62.58527728,62.13009957,-124.7153768,55.02386675,-6.556553429,93.40153409,BF
55.14891382,69.34807809,-124.4969919,57.4192459,-6.475595388,93.39158987,BF
55.14891382,69.34807809,-124.4969919,57.4192459,-6.475595388,93.39158987,BF
32.50946751,88.18600884,-120.6954764,63.28959706,-6.128064239,93.36308035,BF
8.614836131,103.6872438,-112.3020799,66.31986937,-5.62164914,93.33457953,BF
-15.6299553,115.2584207,-99.6284654,67.11258405,-4.983127092,93.30608741,BF
-39.27374314,122.4439674,-83.17022422,65.60728684,-4.247403317,93.27760398,BF
-61.42888133,124.9773222,-63.5484409,61.65980459,-3.454808832,93.24912924,BF
-69.38749426,124.6728189,-55.28532461,58.82561504,-3.142716395,93.23811896,BF
-69.38749426,124.6728189,-55.28532461,58.82561504,-3.142716395,93.23811896,BF
-88.09701196,120.6516728,-32.55466085,51.76501552,-2.346553608,93.20965626,BF
-103.4080045,112.034181,-8.626176542,42.30747981,-1.602517613,93.18120224,BF
-114.769463,99.16857348,15.60088951,31.37825481,-0.956412334,93.15275691,BF
-121.7449673,82.5459463,39.19902098,19.40731609,-0.451248743,93.12432025,BF
-124.0748763,62.78799648,61.28687981,7.307757684,-0.124816373,93.09589227,BF
-123.610298,53.77348685,69.83681112,8.37E-10,-0.051143673,93.08399248,BF
-123.610298,53.77348685,69.83681112,6.32E-10,-0.051143673,93.08399248,BF
-119.1663907,30.91443387,88.25195683,-12.57362309,-0.037000766,93.05557681,BF
-110.1909491,6.925554082,103.265395,-25.02544277,-0.266644728,93.02716981,BF
-97.00219138,-17.28133756,114.2835289,-36.72793432,-0.752803471,92.99877149,BF
-80.10080027,-40.79145754,120.8922578,-46.90113431,-1.497598599,92.97038184,BF
-60.10390939,-62.68103776,122.7849471,-55.71525543,-2.496384806,92.94200087,BF
-48.36265756,-73.48170155,121.8443591,-59.64608822,-3.128499904,92.92672624,BF
-48.36265756,-73.48170155,121.8443591,-59.64608822,-3.128499904,92.92672624,BF
-25.21594368,-91.27779333,116.493737,-65.25303913,-4.46847253,92.89835861,BF
-1.10850419,-105.5285972,106.6371014,-68.05193663,-5.99290276,92.86999965,BF
23.03936274,-115.6807264,92.64136366,-68.32127687,-7.661543192,92.84164936,BF
46.27573165,-121.3378251,75.06209341,-66.37432688,-9.421711393,92.81330774,BF
67.73420721,-122.2927973,54.55859004,-62.07971843,-11.22476663,92.78497479,BF
76.13633568,-121.239042,45.10270634,-58.90237343,-11.98976714,92.77285728,BF
76.13633568,-121.239042,45.10270634,-58.90237343,-11.98976714,92.77285728,BF
93.6596817,-115.4764697,21.81678799,-51.45933638,-13.75656571,92.7445367,BF
107.5475555,-105.2210879,-2.326467608,-41.74929906,-15.42022182,92.71622478,BF
117.3044716,-90.88423895,-26.42023261,-30.69936556,-16.93306721,92.68792152,BF
122.5536862,-73.01126082,-49.54242535,-18.80277863,-18.2441633,92.65962691,BF
123.0982812,-52.26715631,-70.83112488,-6.780065932,-19.31359255,92.63134095,BF
122.031517,-43.75659032,-78.27492668,1.49E-10,-19.64043406,92.62051692,BF
122.031517,-43.75659032,-78.27492668,3.61E-10,-19.64043406,92.62051692,BF
116.0180004,-20.41689685,-95.60110354,12.39177517,-20.29174386,92.59224291,BF
105.5709514,3.748536862,-109.3194882,24.54831561,-20.62892308,92.56397754,BF
91.05580358,27.81957379,-118.8753774,35.58747221,-20.62994678,92.53572079,BF
73.03212511,50.88419176,-123.9163169,45.10011419,-20.29609306,92.50747267,BF
52.17718073,72.02320184,-124.2003826,53.5996907,-19.62453681,92.47923317,BF
43.42919672,79.59477042,-123.0239671,55.96773092,-19.2775831,92.4681807,BF
43.42919672,79.59477042,-123.0239671,55.96773092,-19.2775831,92.4681807,BF
20.0255757,96.76044286,-116.7860186,61.20299715,-18.19054705,92.43995318,BF
-4.161155214,110.2630896,-106.1019344,63.52312093,-16.83997005,92.41173427,BF
-28.19232556,119.5723493,-91.38002375,63.84117096,-15.26770399,92.38352396,BF
-51.18017028,124.3528464,-73.17267612,61.06660498,-13.52267111,92.35532225,BF
-72.18847006,124.3940712,-52.20560111,56.49763224,-11.66317045,92.32712913,BF
-77.05402043,123.6510231,-46.59700269,54.87436533,-11.18398384,92.32005505,BF
-77.05402043,123.6510231,-46.59700269,54.87436533,-11.18398384,92.32005505,BF
-94.52033892,117.8121642,-23.29182527,47.52240214,-9.261120029,92.29187267,BF
-108.3554743,107.4930019,0.862472367,38.10366576,-7.355898375,92.26369888,BF
-118.050338,93.09761506,24.95272299,27.3291635,-5.524661553,92.23553368,BF
-123.2344099,75.17644527,48.05796461,15.68163086,-3.820773096,92.20737705,BF
-123.7131127,54.40046338,69.31264932,4.084929983,-2.289554599,92.17922901,BF
-123.139686,49.31303356,73.82665246,1.98E-09,-1.968955735,92.17276104,BF
-123.139686,49.31303356,73.82665246,1.76E-09,-1.968955735,92.17276104,BF
-117.7556989,26.14813262,91.60756631,-12.067393,-0.713995818,92.14462355,BF
-107.9067255,2.040230111,105.8664954,-24.19029612,0.288904424,92.11649464,BF
-93.92200333,-22.10381299,116.0258163,-35.05191981,1.018815178,92.08837431,BF
-76.34587311,-45.36330751,121.7091806,-44.44400929,1.468596813,92.06026256,BF
-55.84533372,-66.81791756,122.6632513,-52.57729615,1.637362731,92.03215938,BF
-51.60284927,-70.69550522,122.2983545,-53.91960299,1.638812193,92.02672203,BF
-51.60284927,-70.69550522,122.2983545,-53.91960299,1.638812193,92.02672203,BF
-28.65298756,-88.965079,117.6180666,-59.4269941,1.494612505,91.99862909,BF
-4.625634829,-103.7693413,108.3949762,-62.11819794,1.114432462,91.97054474,BF
19.58029509,-114.5576119,94.97731676,-62.53765047,0.530684704,91.94246896,BF
43.01091791,-120.8825404,77.87162247,-60.37036214,-0.216104882,91.91440175,BF
64.78424111,-122.5337105,57.74946939,-55.94330983,-1.079341087,91.88634313,BF
68.9726508,-122.2760744,53.30342363,-54.7325458,-1.267297141,91.88058052,BF
68.9726508,-122.2760744,53.30342363,-54.7325458,-1.267297141,91.88058052,BF
87.65674066,-118.2213763,30.56463565,-47.5813606,-2.207631097,91.85253223,BF
102.9502079,-109.5779307,6.627722775,-38.50045197,-3.153911939,91.82449251,BF
114.2885622,-96.68703727,-17.60152497,-27.90952713,-4.059955076,91.79646135,BF
121.2381852,-80.04058174,-41.1976035,-16.3455664,-4.881339208,91.76843876,BF
123.5385892,-60.25815534,-63.2804339,-4.49020113,-5.582096777,91.74042474,BF
123.355854,-54.84781858,-68.50803545,8.14E-10,-5.731656153,91.73331827,BF
123.355854,-54.84781858,-68.50803545,1.04E-09,-5.731656153,91.73331827,BF
119.6559682,-32.24565266,-87.41031555,12.8081144,-6.221189782,91.70531497,BF
111.3925949,-8.374127272,-103.0184677,24.97687229,-6.52873253,91.67732022,BF
98.83947618,15.86734229,-114.7068185,36.32542305,-6.63786719,91.64933402,BF
82.48519354,39.55663119,-122.0418247,46.28151373,-6.549202353,91.62135636,BF
62.93637673,61.76291244,-124.6992892,55.41457178,-6.265221535,91.59338725,BF
55.11025887,69.37387521,-124.4841341,57.85587649,-6.116330818,91.58311313,BF
55.11025887,69.37387521,-124.4841341,57.85587649,-6.116330818,91.58311313,BF
32.47113376,88.20607753,-120.6772113,63.74357236,-5.605674262,91.55515568,BF
8.575519819,103.7028661,-112.2783859,66.84632451,-4.962762497,91.52720676,BF
-15.6531796,115.2576235,-99.60444385,67.88810721,-4.224664575,91.49926637,BF
-39.31599314,122.4519115,-83.13591834,65.89823322,-3.435495846,91.4713345,BF
-61.45324466,124.9778108,-63.52456617,61.99604305,-2.643302563,91.44341115,BF
-70.11604566,124.6105183,-54.49447267,59.48551628,-2.320051241,91.43165549,BF
-70.11604566,124.6105183,-54.49447267,59.48551628,-2.320051241,91.43165549,BF
-88.6987301,120.4114925,-31.71276236,53.88314674,-1.607802516,91.40374424,BF
-103.8898136,111.6387653,-7.748951707,43.78909425,-1.010010019,91.37584151,BF
-115.0934435,98.63054912,16.4628944,31.73784245,-0.571598551,91.34794729,BF
-121.8978549,81.88324362,40.01461126,19.38000722,-0.330470797,91.32006158,BF
-124.0353687,62.02658843,62.0087803,6.587894037,-0.318406937,91.29218439,BF
-123.3800721,51.90767049,71.47240161,8.12E-10,-0.399298211,91.27915759,BF
-123.3800721,51.90767049,71.47240161,6.42E-10,-0.399298211,91.27915759,BF
-118.5857717,28.91747256,89.66829914,-12.83490457,-0.761012906,91.25129288,BF
-109.2337977,4.878744283,104.3550534,-25.39995001,-1.389766837,91.22343668,BF
-95.70645988,-19.30418328,115.0106432,-37.01838937,-2.280935245,91.19558899,BF
-78.51793748,-42.70419143,121.2221289,-47.15325032,-3.420210596,91.16774982,BF
-58.30824157,-64.42053722,122.7287788,-55.77910379,-4.784399477,91.13991915,BF
-47.26059116,-74.42558072,121.6861719,-59.3654472,-5.542188812,91.12592564,BF
-47.26059116,-74.42558072,121.6861719,-59.3654472,-5.542188812,91.12592564,BF
-24.043736,-92.06206988,116.1058059,-64.64497604,-7.168974275,91.09810776,BF
0.084179641,-106.1215803,106.0374007,-67.43751731,-8.913499139,91.07029839,BF
24.20967551,-116.0633395,91.85366396,-67.67264313,-10.72373521,91.04249752,BF
47.3806485,-121.4937507,74.11310222,-65.64172508,-12.53618624,91.01470515,BF
68.72920371,-122.2143178,53.48511412,-61.24997952,-14.29470841,90.98692129,BF
76.68091695,-121.1361875,44.45527055,-58.30320827,-14.97530935,90.97561139,BF
76.68091695,-121.1361875,44.45527055,-58.30320827,-14.97530935,90.97561139,BF
94.10918882,-115.240924,21.13173517,-50.83508632,-16.5582973,90.94783949,BF
107.8863283,-104.8625508,-3.023777462,-41.14929098,-17.93957475,90.92007607,BF
117.5188907,-90.41599559,-27.10289515,-30.12961991,-19.07721564,90.89232114,BF
122.6352095,-72.45111775,-50.18409172,-18.24553403,-19.92904623,90.86457469,BF
123.0436576,-51.63888848,-71.40476908,-6.125195302,-20.46627573,90.83683671,BF
122.0015988,-43.55808432,-78.44351453,-1.06E-09,-20.57029012,90.8267704,BF
122.0015988,-43.55808432,-78.44351453,-8.49E-10,-20.57029012,90.8267704,BF
115.9455582,-20.20032996,-95.74522821,12.44092091,-20.62470206,90.79904397,BF
105.4610699,3.967948429,-109.4290183,24.48084193,-20.33459349,90.771326,BF
90.91242701,28.03509943,-118.9475264,35.43547052,-19.69799774,90.74361649,BF
72.86209544,51.08701808,-123.9491135,44.87380495,-18.73671783,90.71591544,BF
52.01243228,72.16736388,-124.1797962,53.35878177,-17.46976399,90.68822283,BF
44.58176849,78.64854159,-123.2303101,55.75488847,-16.99367618,90.67902057,BF
44.58176849,78.64854159,-123.2303101,55.75488847,-16.99367618,90.67902057,BF
21.22232265,95.99263119,-117.2149538,60.49256405,-15.39941438,90.6513392,BF
-2.942289609,109.6885502,-106.7462606,63.0386614,-13.61882933,90.62366628,BF
-27.01328613,119.228821,-92.21553484,63.10852901,-11.70636923,90.59600178,BF
-50.07124953,124.2514643,-74.18021476,60.85847493,-9.723853796,90.56834571,BF
-71.18565573,124.5437094,-53.35805367,56.64657518,-7.739219609,90.54069806,BF
-75.88489238,123.9010123,-48.01611996,54.71892547,-7.265656621,90.53407851,BF
-75.88489238,123.9010123,-48.01611996,54.71892547,-7.265656621,90.53407851,BF
-93.54885079,118.3183495,-24.76949867,47.05478799,-5.349601161,90.5064413,BF
-107.6268757,108.2714665,-0.64459084,37.91011609,-3.568370299,90.47881252,BF
-117.5919741,94.11203665,23.47993747,27.21957627,-1.966605756,90.45119215,BF
-123.066293,76.389451,46.67684199,15.7108402,-0.588950326,90.4235802,BF
-123.841016,55.75857288,68.08244316,4.509158864,0.532461233,90.39597667,BF
-123.3188801,50.58985812,72.72902197,4.54E-12,0.75275125,90.38950256,BF
-123.3188801,50.58985812,72.72902197,-3.79E-10,0.75275125,90.38950256,BF
-118.1982181,27.51723754,90.68098055,-12.15023013,1.512742532,90.36190942,BF
-108.5988623,3.436508175,105.1623541,-24.25380967,1.980640218,90.3343247,BF
-94.83744924,-20.73053931,115.5679885,-35.14699052,2.152923179,90.3067484,BF
-77.45133379,-44.04897783,121.5003116,-44.89895859,2.044015687,90.27918051,BF
-57.09096854,-65.65681555,122.7477841,-52.61716637,1.678296212,90.25162104,BF
-53.02496851,-69.42317715,122.4481457,-53.93935963,1.584057843,90.24647754,BF
-53.02496851,-69.42317715,122.4481457,-53.93935963,1.584057843,90.24647754,BF
-30.18009834,-87.88760603,118.0677044,-59.66823408,0.959064652,90.21892807,BF
-6.192285658,-102.9349386,109.1272242,-62.433983,0.162857659,90.191387,BF
18.03156975,-113.996063,95.96449323,-62.92525708,-0.757075787,90.16385436,BF
41.55225811,-120.6177257,79.06546757,-60.464713,-1.748471012,90.13633012,BF
63.44524396,-122.5688791,59.12363513,-56.33822745,-2.752994738,90.1088143,BF
67.67066696,-122.3743011,54.70363414,-55.14551272,-2.957271308,90.10315752,BF
67.67066696,-122.3743011,54.70363414,-55.14551272,-2.957271308,90.10315752,BF
86.53972307,-118.6148365,32.07511345,-49.90533956,-3.915975826,90.07565184,BF
102.0774839,-110.2622169,8.184733023,-40.22745279,-4.781214055,90.04815455,BF
113.6839646,-97.63033726,-16.05362737,-28.46335739,-5.511169263,90.02066567,BF
120.9203354,-81.20734675,-39.71298864,-16.45016609,-6.07315369,89.99318519,BF
123.5039733,-61.6060242,-61.89794915,-3.912097817,-6.443755956,89.9657131,BF
123.3582458,-55.58131737,-67.77692846,3.13E-09,-6.507683458,89.95791434,BF
123.3582458,-55.58131737,-67.77692846,3.31E-09,-6.507683458,89.95791434,BF
119.854545,-33.03605616,-86.81848884,12.49917007,-6.612994911,89.93045302,BF
111.7374853,-9.196267852,-102.5412175,25.04702269,-6.507754757,89.90300009,BF
99.324349,15.04667642,-114.3710254,36.60963427,-6.206833419,89.87555553,BF
83.0905685,38.76402904,-121.8545975,46.81526415,-5.732064459,89.84811935,BF
63.64451446,61.06836796,-124.7128824,55.28419374,-5.115094246,89.82069153,BF
55.37018357,69.14533692,-124.5155205,58.49599347,-4.841806829,89.8100083,BF
55.37018356,69.14533692,-124.5155205,58.49599347,-4.841806829,89.8100083,BF
32.73727571,88.0013393,-120.738615,64.24369585,-4.088636618,89.78259211,BF
8.855635668,103.5366347,-112.3922704,67.71266972,-3.299764859,89.75518428,BF
-15.38104141,115.1475337,-99.76649226,68.61161539,-2.522922261,89.72778482,BF
-39.04851716,122.3989494,-83.35043225,67.12678203,-1.810366603,89.70039371,BF
-61.17703613,124.9489833,-63.77194716,63.34484784,-1.213813502,89.67301096,BF
-71.41469348,124.4840066,-53.06931309,60.100245,-0.973293407,89.65939096,BF
-71.41469349,124.4840066,-53.06931308,60.100245,-0.973293407,89.65939096,BF
-89.79119044,119.971522,-30.18033156,52.55397048,-0.634243852,89.63202072,BF
-104.7308313,110.9122429,-6.181411636,43.10880847,-0.515801126,89.60465883,BF
-115.6665455,97.64390582,18.02263972,32.17459483,-0.645960895,89.5773053,BF
-122.1852963,80.67465697,41.51063936,20.44126155,-1.042708177,89.54996012,BF
-124.0348465,60.62086384,63.41398267,9.441082127,-1.71526606,89.52262329,BF
-123.2786792,50.74824241,72.53043678,1.65E-09,-2.108548928,89.51022116,BF
-123.2786792,50.74824241,72.53043678,1.42E-09,-2.108548928,89.51022116,BF
-118.1932878,27.69076668,90.50252109,-11.86735379,-3.166303674,89.48289647,BF
-108.6244912,3.619651425,105.0048398,-24.72830189,-4.462229898,89.45558014,BF
-94.89253065,-20.54433232,115.436863,-36.1316963,-5.964680025,89.42827215,BF
-77.52493545,-43.87194404,121.3968795,-46.63087938,-7.63017603,89.40097252,BF
-57.19783715,-65.46838674,122.6662239,-55.02027603,-9.406204356,89.37368123,BF
-46.02667868,-75.45959327,121.4862719,-58.64729447,-10.32868024,89.35988496,BF
-46.02667868,-75.45959327,121.4862719,-58.64729447,-10.32868024,89.35988496,BF
-22.73880491,-92.92835722,115.6671621,-64.13600857,-12.1614584,89.33260624,BF
1.408365742,-106.7740983,105.3657325,-66.90014621,-13.95081916,89.30533587,BF
25.50390504,-116.4733784,90.9694734,-66.70381225,-15.63631104,89.27807384,BF
48.60543821,-121.6634517,73.05801352,-64.24786426,-17.15463457,89.25082014,BF
69.84003763,-122.1259632,52.28592558,-59.85763076,-18.44985844,89.22357477,BF
77.03701344,-121.0776176,44.04060413,-57.04901756,-18.8551555,89.21347248,BF
77.03701344,-121.0776176,44.04060413,-57.04901756,-18.8551555,89.21347248,BF
94.40458597,-115.094797,20.69021099,-49.79839744,-19.76697655,89.18623853,BF
108.1120689,-104.6397416,-3.472327323,-40.16174793,-20.34607238,89.1590129,BF
117.6662629,-90.12381811,-27.5424448,-29.22200233,-20.57477191,89.13179558,BF
122.6992114,-72.10116202,-50.59804943,-17.37418347,-20.43999292,89.10458658,BF
123.0014402,-51.27661965,-71.7248205,-5.215334044,-19.93758746,89.07738587,BF
122.0628808,-43.92393319,-78.13894762,8.78E-10,-19.69500998,89.06843205,BF
122.0628808,-43.92393319,-78.13894762,1.08E-09,-19.69500998,89.06843205,BF
116.0914206,-20.5732725,-95.5181481,12.38286485,-18.72883071,89.04124238,BF
105.6799884,3.596998998,-109.2769874,24.31864992,-17.45534969,89.014061,BF
91.14946391,27.70163396,-118.8510979,35.75772912,-15.89831685,88.9868879,BF
73.16046513,50.74961373,-123.9100789,45.47140725,-14.13041566,88.95972308,BF
52.31517474,71.93387396,-124.2490487,53.87782461,-12.19434072,88.93256653,BF
45.08729828,78.25267614,-123.3399744,54.57011198,-11.54411857,88.92374749,BF
45.08729828,78.25267614,-123.3399744,54.57011198,-11.54411857,88.92374749,BF
21.79476147,95.63352441,-117.4282859,59.8600022,-9.497584471,88.8966019,BF
-2.37102006,109.4281417,-107.0571217,62.4122966,-7.439125715,88.86946459,BF
-26.45389543,119.0682284,-92.61433296,62.56853446,-5.438296582,88.84233554,BF
-49.54580007,124.1978727,-74.65207264,60.3891182,-3.556429957,88.81521475,BF
-70.78387105,124.6176931,-53.83382201,56.6192041,-1.847412289,88.78810223,BF
-75.17137759,124.0476125,-48.87623486,53.59224918,-1.497081635,88.78203802,BF
-75.17137759,124.0476125,-48.87623486,53.59224918,-1.497081635,88.78203802,BF
-92.91591989,118.6377371,-25.72181723,46.38079163,-0.081590273,88.75493561,BF
-107.1546272,108.7598312,-1.605203987,37.26685416,1.064937031,88.72784146,BF
-117.2872576,94.75168254,22.53557503,26.70046329,1.911513488,88.70075557,BF
-122.9422564,77.15608511,45.78617128,15.25659739,2.447083774,88.67367795,BF
-123.9005813,56.62423052,67.27635076,4.202438266,2.671173983,88.64660859,BF
-123.4930598,52.05357483,71.43948493,6.83E-10,2.678638545,88.64096482,BF
-123.4930598,52.05357483,71.43948493,4.28E-10,2.678638545,88.64096482,BF
-118.6795215,29.07653566,89.60298589,-12.53977027,2.537236749,88.61390544,BF
-109.3673213,5.033512739,104.3338085,-24.67933602,2.13118171,88.58685433,BF
-95.86387958,-19.1573413,115.0212209,-35.63296288,1.492071138,88.55981148,BF
-78.69525077,-42.56017692,121.2554277,-45.44156992,0.666224922,88.53277689,BF
-58.50793826,-64.30951022,122.8174485,-53.32787758,-0.297168593,88.50575056,BF
-55.06965906,-67.55153752,122.6211966,-54.4739743,-0.459023137,88.50145377,BF
-55.06965906,-67.55153753,122.6211966,-54.4739743,-0.459023137,88.50145377,BF
-32.37851908,-86.29832189,118.676841,-60.24433409,-1.508176375,88.47443701,BF
-8.459359112,-101.6916342,110.1509933,-63.19222739,-2.571061015,88.44742851,BF
15.77084342,-113.128927,97.35808361,-64.0186037,-3.592043106,88.42042827,BF
39.40308688,-120.1977487,80.79466186,-61.82809949,-4.523444901,88.39343627,BF
61.49354027,-122.5920798,61.09853952,-57.73786086,-5.31434574,88.36645253,BF
66.6633942,-122.440135,55.77674083,-56.24841379,-5.484791126,88.35971875,BF
66.6633942,-122.440135,55.77674083,-56.24841379,-5.484791126,88.35971875,BF
85.68725835,-118.9180243,33.23076593,-49.31890679,-6.056841433,88.3327453,BF
101.3956523,-110.7811444,9.385492136,-40.23499588,-6.421401633,88.30578009,BF
113.2077769,-98.35057773,-14.85719919,-29.60869729,-6.569639184,88.27882312,BF
120.6717643,-82.10137713,-38.57038717,-17.86577064,-6.501373507,88.25187437,BF
123.4821026,-62.66630745,-60.81579515,-5.629422031,-6.22520351,88.22493385,BF
123.334175,-55.00209226,-68.33208275,1.06E-09,-6.07987307,88.21522206,BF
123.334175,-55.00209226,-68.33208275,1.26E-09,-6.07987307,88.21522206,BF
119.6844476,-32.40343186,-87.28101574,12.65054353,-5.562054842,88.18829273,BF
111.4566195,-8.534377836,-102.9222417,25.12879422,-4.911490683,88.16137161,BF
98.89199653,15.73574269,-114.6277392,37.14884349,-4.164872344,88.1344587,BF
82.57044694,39.40388351,-121.9743304,47.64686014,-3.381838607,88.107554,BF
63.07533651,61.59487116,-124.6702077,56.10222587,-2.61185644,88.0806575,BF
52.31912674,71.91373823,-124.232865,59.95981597,-2.24702878,88.06717566,BF
52.31912674,71.91373823,-124.232865,59.95981597,-2.24702878,88.06717566,BF
29.47212769,90.35796887,-119.8300966,65.37974136,-1.598501264,88.04029148,BF
5.486525287,105.3790606,-110.8655859,68.50107516,-1.096208206,88.01341551,BF
-18.72920139,116.4175424,-97.68834105,69.22638036,-0.785330314,87.98654773,BF
-42.24160703,123.0028401,-80.7612331,67.14670009,-0.70585475,87.95968816,BF
-64.11387127,124.9161342,-60.8022629,62.80563638,-0.885181573,87.93283678,BF
-74.13144608,124.0958087,-49.9643626,59.93489645,-1.076691325,87.91948686,BF
-74.13144608,124.0958087,-49.9643626,59.93489645,-1.076691325,87.91948686,BF
-92.07696636,118.9486905,-26.87172413,53.65192501,-1.671006162,87.89264776,BF
-106.4966298,109.2734033,-2.77677351,43.57022078,-2.544658116,87.86581686,BF
-116.8241531,95.45698317,21.36716996,31.4403807,-3.680986662,87.83899417,BF
-122.6889473,78.0205807,44.66836664,19.06718263,-5.055525237,87.81217967,BF
-123.8563953,57.62306065,66.23333467,6.137998152,-6.631315232,87.78537337,BF
-122.8670299,48.0874113,74.77961856,-1.66E-09,-7.359646909,87.77377414,BF
-122.8670299,48.0874113,74.77961856,-1.84E-09,-7.359646909,87.77377414,BF
-117.279746,24.85068148,92.4290645,-12.6383028,-9.134586714,87.74697958,BF
-107.1875174,0.722987955,106.4645294,-25.00234936,-10.97226373,87.72019323,BF
-92.99642418,-23.39068248,116.3871067,-36.32555184,-12.81293193,87.69341506,BF
-75.24644796,-46.56549948,121.8119474,-46.05970107,-14.58943172,87.66664509,BF
-54.60335094,-67.90783958,122.5111905,-54.42612372,-16.23391598,87.6398833,BF
-44.94540592,-76.38604253,121.3314484,-57.42188905,-16.88846256,87.62826197,BF
-44.94540592,-76.38604253,121.3314484,-57.42188905,-16.88846256,87.62826197,BF
-21.59105629,-93.69126021,115.2823165,-62.70323358,-18.23396445,87.60151192,BF
2.579225435,-107.3539796,104.7747542,-65.13667201,-19.30403114,87.57477004,BF
26.64970381,-116.8530279,90.20332411,-65.13283191,-20.05502742,87.54803634,BF
49.67622282,-121.8131643,72.13694143,-62.94534775,-20.45041698,87.52131081,BF
70.79428495,-122.0507085,51.25642351,-58.41922727,-20.47242734,87.49459343,BF
76.94649152,-121.1228454,44.17635392,-56.06983663,-20.39599726,87.48610619,BF
76.94649152,-121.1228454,44.17635392,-56.06983663,-20.39599726,87.48610619,BF
94.33493013,-115.1690187,20.83408859,-48.6411788,-19.92195754,87.45939956,BF
108.0666676,-104.739057,-3.327610599,-39.13563737,-19.07595131,87.43270108,BF
117.6476818,-90.24545173,-27.40223006,-28.27091927,-17.88916407,87.40601073,BF
122.7092846,-72.24176402,-50.46752054,-16.48344995,-16.39962511,87.37932853,BF
123.040076,-51.42973185,-71.61034412,-4.335681504,-14.65605509,87.35265445,BF
122.3631839,-46.19283105,-76.17035289,1.55E-10,-14.20537075,87.34636454,BF
122.3631839,-46.19283105,-76.17035289,5.98E-10,-14.20537075,87.34636454,BF
116.9243458,-22.96250058,-93.96184523,12.08169374,-12.23358761,87.3197005,BF
106.9210356,1.159279378,-108.0803149,23.64946124,-10.14410893,87.29304459,BF
92.81655291,25.28562738,-118.1021803,34.77731134,-8.014209517,87.2663968,BF
75.13821026,48.4903974,-123.6286077,44.23875581,-5.913250245,87.23975712,BF
54.56230498,69.89684186,-124.4591468,52.04025275,-3.909164019,87.21312555,BF
48.22426739,75.58123948,-123.8055069,54.14059595,-3.361151659,87.20548126,BF
48.22426739,75.58123948,-123.8055069,54.14059595,-3.361151659,87.20548126,BF
25.07916729,93.44204887,-118.5212162,58.97431294,-1.57593169,87.17886013,BF
0.981650469,107.7657221,-108.7473725,61.79992811,-0.025837181,87.15224712,BF
-23.17067494,118.0044398,-94.83376482,62.05736961,1.248705351,87.12564222,BF
-46.45309257,123.7714718,-77.31837927,60.03658821,2.216864415,87.09904543,BF
-67.96289297,124.8100757,-56.84718277,54.98519956,2.857212238,87.07245676,BF
-72.54824543,124.3783206,-51.83007514,53.6801652,2.957132193,87.06636607,BF
-72.54824543,124.3783206,-51.83007514,53.6801652,2.957132193,87.06636607,BF
-90.75748567,119.6152074,-28.85772177,46.53758226,3.19376709,87.03978736,BF
-105.4965902,110.3145918,-4.818001607,37.45904404,3.114420494,87.01321677,BF
-116.209173,96.8282181,19.38095489,27.14649997,2.743990676,86.98665429,BF
-122.4888987,79.65712474,42.83177398,16.59785122,2.117097258,86.96009993,BF
-124.0208564,59.4901837,64.5306727,2.294949516,1.283011781,86.93355368,BF
-123.7848598,55.4508061,68.33405368,1.03E-09,1.108033749,86.92860297,BF
-123.7848598,55.4508061,68.33405368,6.89E-10,1.108033749,86.92860297,BF
-119.7282506,32.71416229,87.01408828,-12.47081814,0.095727926,86.90206634,BF
-111.0942587,8.777907451,102.3163512,-24.54947588,-1.000539348,86.87553783,BF
-98.21004086,-15.45815833,113.6681992,-35.50762153,-2.122909568,86.84901742,BF
-81.55160197,-39.05872485,120.6103268,-45.96290189,-3.211524727,86.82250511,BF
-61.7949738,-61.09405936,122.8890332,-54.41764971,-4.207439804,86.79600091,BF
-57.18564875,-65.56509701,122.7507458,-55.85954302,-4.405774716,86.79027916,BF
-57.18564875,-65.56509701,122.7507458,-55.85954302,-4.405774716,86.79027916,BF
-34.65761998,-84.6163024,119.2739224,-61.475428,-5.232346952,86.76378481,BF
-10.82055491,-100.3657039,111.1862588,-64.73625872,-5.872680682,86.73729855,BF
13.43400278,-112.2182946,98.78429179,-65.62223512,-6.302235114,86.71082038,BF
37.14328803,-119.7103852,82.56709715,-64.19043565,-6.504526266,86.68435029,BF
59.42896014,-122.5707955,63.14183531,-60.45499994,-6.481466321,86.65788829,BF
66.71216237,-122.4334286,55.72126626,-58.10138698,-6.418383053,86.64862003,BF
66.71216237,-122.4334286,55.72126626,-58.10138698,-6.418383053,86.64862003,BF
85.73502279,-118.9028149,33.16779214,-51.11071905,-6.111420675,86.62216893,BF
101.428424,-110.7501981,9.321774112,-41.93379062,-5.620150973,86.59572591,BF
113.2258003,-98.30663226,-14.91916799,-31.20117869,-4.986211976,86.56929095,BF
120.6733698,-82.04698741,-38.62638235,-19.34462266,-4.255698103,86.54286405,BF
123.493861,-62.58468001,-60.90918103,-6.954015346,-3.481052242,86.51644522,BF
123.2047264,-53.22526025,-69.97946614,-8.29E-10,-3.140604254,86.50485196,BF
123.2047264,-53.22526025,-69.97946614,-4.40E-10,-3.140604254,86.50485196,BF
119.1614751,-30.50055786,-88.66091721,12.42407861,-2.400801526,86.47844472,BF
110.5615912,-6.573044308,-103.9885469,25.03832828,-1.757518438,86.45204553,BF
97.70497605,17.65463187,-115.3596079,36.6535286,-1.262991566,86.4256544,BF
81.0893172,41.2588036,-122.3481208,46.96520996,-0.965170245,86.39927133,BF
61.32801004,63.31535985,-124.6433699,55.65428614,-0.905561205,86.3728963,BF
48.9091012,74.91642074,-123.8255219,59.75773702,-0.989830635,86.35779017,BF
48.9091012,74.91642074,-123.8255219,59.75773702,-0.989830635,86.35779017,BF
25.8314358,92.87417361,-118.7056094,65.19601732,-1.356937037,86.33142781,BF
1.748863667,107.3150894,-109.0639531,68.0900087,-2.011708673,86.3050735,BF
-22.40075172,117.672117,-95.27136528,68.82743092,-2.95005172,86.27872725,BF
-45.72015587,123.5683283,-77.84817241,66.39940228,-4.156483004,86.25238904,BF
-67.28866182,124.7690374,-57.48037558,61.74912144,-5.597812397,86.22605889,BF
-76.40572239,123.6994209,-47.29369851,58.80329384,-6.331372971,86.21391518,BF
-76.40572239,123.6994209,-47.29369851,58.80329384,-6.331372971,86.21391518,BF
-93.96608828,117.9981174,-24.03202913,52.91748883,-8.038863447,86.1875968,BF
-107.9282718,107.8149713,0.113300448,42.67562575,-9.858076683,86.16128646,BF
-117.7537849,93.54464661,24.20913832,30.24187135,-11.72290299,86.13498417,BF
-123.0727994,75.72469152,47.34810792,17.98481682,-13.56740835,86.10868993,BF
-123.6772234,55.02737261,68.6498508,5.324560229,-15.32293024,86.08240373,BF
-122.6586397,46.69608939,75.96255032,2.51E-09,-15.93596714,86.07253844,BF
-122.6586397,46.69608939,75.96255032,2.15E-09,-15.93596714,86.07253844,BF
-116.7908515,23.37621699,93.41463454,-12.53527051,-17.45524394,86.0462633,BF
-106.4378786,-0.777159651,107.2150382,-24.74298882,-18.71855725,86.01999619,BF
-92.01382826,-24.86068889,116.8745171,-35.89791167,-19.68134654,85.9937371,BF
-74.06780995,-47.95033545,122.0181454,-45.48305413,-20.29971404,85.96748605,BF
-53.27734595,-69.15270772,122.4300537,-53.72152429,-20.53911041,85.941243,BF
-45.59752293,-75.86948866,121.4670116,-55.99700729,-20.52978382,85.93219693,BF
-45.59752293,-75.86948866,121.4670116,-55.99700729,-20.52978382,85.93219693,BF
-22.2785386,-93.27227263,115.5508112,-61.26021424,-20.2421867,85.90596466,BF
1.881514822,-107.0495294,105.1680146,-63.70451112,-19.56455899,85.8797404,BF
25.95608018,-116.6668994,90.71081926,-64.06390332,-18.51415717,85.85352413,BF
49.04452144,-121.7759195,72.73139803,-61.43823018,-17.12702983,85.82731586,BF
70.21987615,-122.1535713,51.93369515,-56.9675082,-15.44738176,85.80111557,BF
75.79815628,-121.3791844,45.58102809,-55.18623793,-14.92005731,85.79363603,BF
75.79815628,-121.3791844,45.58102809,-55.18623793,-14.92005731,85.79363603,BF
93.38151942,-115.7044835,22.32296407,-47.59805105,-12.95188671,85.767446,BF
107.3624326,-105.5459443,-1.816488233,-38.72670589,-10.83735697,85.74126395,BF
117.2447584,-91.2901222,-25.95463621,-28.30632899,-8.646102598,85.71508987,BF
122.6373917,-73.40892552,-49.22846617,-18.64898667,-6.440292057,85.68892377,BF
123.1688154,-52.79095192,-70.3778635,-3.425490936,-4.34312992,85.66276563,BF
122.5014257,-46.6684294,-75.83299634,-7.42E-11,-3.780703622,85.65553775,BF
122.5014257,-46.6684294,-75.83299634,2.65E-10,-3.780703622,85.65553775,BF
117.0999797,-23.49418854,-93.6057912,12.41750655,-1.863620163,85.62938978,BF
107.2004589,0.619689737,-107.8201486,24.21832765,-0.171856848,85.60324978,BF
93.17820418,24.76544089,-117.9436451,34.95814922,1.24696045,85.57711774,BF
75.5445603,48.01083524,-123.5553955,44.67017723,2.352231544,85.55099367,BF
55.02691301,69.43791667,-124.4648297,52.48952591,3.119732083,85.52487756,BF
50.53275712,73.52651519,-124.0592723,53.80199947,3.233903471,85.51953281,BF
50.53275712,73.52651519,-124.0592723,53.80199947,3.233903471,85.51953281,BF
27.55036535,91.73316194,-119.2835273,58.95803337,3.587511522,85.4934263,BF
3.507006121,106.4577403,-109.9647465,61.80252981,3.602879034,85.46732776,BF
-20.66861102,117.1359994,-96.46738837,62.66148847,3.303173623,85.44123719,BF
-44.09521582,123.3720581,-79.27684224,59.89203492,2.720423937,85.41515459,BF
-65.82871507,124.9262893,-59.09757423,55.16838298,1.90559134,85.38907996,BF
-69.19472207,124.7136005,-55.51887845,54.1953717,1.751327116,85.38476895,BF
-69.19472207,124.7136005,-55.51887845,54.1953717,1.751327116,85.38476895,BF
-87.93296018,120.7376252,-32.80466497,47.14072173,0.731220373,85.3587036,BF
-103.2935722,112.1747094,-8.881137262,38.15557183,-0.395506255,85.33264622,BF
-114.7076555,99.35559548,15.35206005,27.59460837,-1.567430133,85.3065968,BF
-121.7376723,82.77127947,38.96639287,16.0390849,-2.721575846,85.28055535,BF
-124.1189043,63.04500897,61.07389531,4.179908312,-3.801222691,85.25452185,BF
-123.9811567,58.04673457,65.93442214,1.50E-09,-4.035175896,85.24841378,BF
-123.9811567,58.04673457,65.93442214,1.05E-09,-4.035175896,85.24841378,BF
-120.4625944,35.51278484,84.94980956,-12.76082768,-4.939684262,85.2223901,BF
-112.3638857,11.67241649,100.6914692,-25.03387756,-5.6626407,85.19637438,BF
-99.9622058,-12.57131503,112.5335208,-36.44694399,-6.170947083,85.17036661,BF
-83.73891551,-36.29400059,120.0329161,-46.48580137,-6.448811334,85.14436678,BF
-64.29956651,-58.57268733,122.8722538,-55.55535303,-6.487993742,85.11837488,BF
-56.82932017,-65.91088951,122.7402097,-58.00433259,-6.446455348,85.10921912,BF
-56.82932017,-65.91088951,122.7402097,-58.00433259,-6.446455348,85.10921912,BF
-34.27773708,-84.90017849,119.1779156,-63.9989507,-6.186198662,85.08323796,BF
-10.42617351,-100.5854872,111.0116607,-67.23951639,-5.733983949,85.05726472,BF
13.82235353,-112.3763959,98.55404238,-68.13715983,-5.128904486,85.03129941,BF
37.52471469,-119.7854889,82.26077423,-66.53126512,-4.415441599,85.00534202,BF
59.75699913,-122.5581629,62.80116377,-62.62824301,-3.653407712,84.97939254,BF
69.72284042,-122.1887293,52.46588885,-59.93233732,-3.283900578,84.96686037,BF
69.72284042,-122.1887293,52.46588885,-59.93233732,-3.283900578,84.96686037,BF
88.27826813,-117.9464383,29.66817013,-53.66042612,-2.556411702,84.94092263,BF
103.4299127,-109.1284952,5.698582515,-43.78378929,-1.926374011,84.9149928,BF
114.5952448,-96.07497743,-18.52026741,-31.31702878,-1.45041682,84.88907089,BF
121.3435281,-79.29639566,-42.0471324,-19.76769318,-1.178967388,84.86315688,BF
123.4328641,-59.4156859,-64.01717822,-7.70139687,-1.15213652,84.83725079,BF
122.6508335,-48.36660964,-74.28422391,9.56E-10,-1.243595849,84.82407646,BF
122.6508335,-48.36660964,-74.28422391,1.32E-09,-1.243595849,84.82407646,BF
117.6192824,-25.30355436,-92.315728,12.83905191,-1.638378375,84.7981823,BF
108.0418659,-1.233243343,-106.8086225,25.28481742,-2.328995246,84.77229604,BF
94.31184551,22.93193035,-117.2437759,36.79340254,-3.309588424,84.7464177,BF
76.95085448,46.26595381,-123.2168083,46.82337305,-4.561301212,84.72054727,BF
56.60965901,67.87125495,-124.480914,55.18243196,-6.052608906,84.69468474,BF
45.47247593,77.83923462,-123.3117105,58.73579687,-6.879895794,84.68163905,BF
45.47247593,77.83923462,-123.3117105,58.73579687,-6.879895794,84.68163905,BF
22.18217245,95.30530262,-117.4874751,63.88527279,-8.636913444,84.65578843,BF
-1.969744794,109.1582458,-107.188501,66.49878191,-10.4961557,84.62994571,BF
-26.05124755,118.8583354,-92.8070879,66.95914054,-12.38765155,84.6041109,BF
-49.14153045,124.05366,-74.91212953,65.15448003,-14.2392914,84.57828399,BF
-70.38532635,124.5271969,-54.14187056,59.52391447,-15.98347075,84.55246498,BF
-77.66721007,123.4772932,-45.81008311,57.37458623,-16.58982413,84.54281829,BF
-77.66721007,123.4772932,-45.81008311,57.37458623,-16.58982413,84.54281829,BF
-95.01756489,117.4837582,-22.46619329,49.42798856,-18.06040277,84.51701013,BF
-108.7238714,107.0255422,1.698329138,40.04933713,-19.25487137,84.49120986,BF
-118.281864,92.5057803,25.77608374,29.22485346,-20.12504896,84.46541747,BF
-123.2899449,74.46083141,48.8291135,16.34862789,-20.62131624,84.43963296,BF
-123.5812214,53.62612726,69.95509417,3.807178822,-20.72008829,84.41385633,BF
-122.7167133,46.82333783,75.89337544,2.08E-09,-20.66754325,84.40599532,BF
-122.7167133,46.82333783,75.89337544,1.74E-09,-20.66754325,84.40599532,BF
-116.8751991,23.51929585,93.35590329,-12.51326666,-20.23897739,84.38022896,BF
-106.549365,-0.634434003,107.183799,-24.61899924,-19.40654374,84.35447045,BF
-92.14850758,-24.72195198,116.8704596,-35.625676,-18.2000189,84.3287198,BF
-74.22251104,-47.82182879,122.0443398,-45.11213049,-16.65886143,84.302977,BF
-53.44831838,-69.06457308,122.5128915,-52.73932153,-14.83572621,84.27724204,BF
-47.56385615,-74.26117314,121.8250293,-54.78528566,-14.3110358,84.27041442,BF
-47.56385615,-74.26117314,121.8250293,-54.78528566,-14.3110358,84.27041442,BF
-24.34563998,-91.93205164,116.2776916,-59.87225347,-12.21688215,84.24468937,BF
-0.222448905,-106.0430598,106.2655087,-62.67651431,-10.00356571,84.21897217,BF
23.90369284,-116.0407819,92.13708903,-62.9348673,-7.742116077,84.19326279,BF
47.10938547,-121.5498903,74.44050482,-60.85892089,-5.512605542,84.16756124,BF
68.52410212,-122.360961,53.83685885,-56.93453127,-3.388613256,84.14186752,BF
73.94616437,-121.7383396,47.79217525,-54.00503773,-2.837270954,84.13482277,BF
73.94616437,-121.7383396,47.79217525,-54.00503773,-2.837270954,84.13482277,BF
91.809397,-116.4757413,24.66634435,-47.02760061,-0.959083984,84.10913902,BF
106.1672958,-106.7364534,0.569157633,-37.8178582,0.662176714,84.08346309,BF
116.4374304,-92.85122477,-23.58620565,-27.2308141,1.978089192,84.05779499,BF
122.2379396,-75.35965378,-46.8782858,-15.74582528,2.956313308,84.03213472,BF
123.3466706,-54.9142553,-68.43241526,-4.467952578,3.579212281,84.00648227,BF
122.9083395,-49.78241707,-73.12592239,8.07E-10,3.671528683,84.00047127,BF
122.9083395,-49.78241706,-73.12592239,1.29E-09,3.671528683,84.00047127,BF
118.1248454,-26.81018366,-91.31466176,12.30967639,3.844753278,83.97482848,BF
108.8368445,-2.770788133,-106.0660563,24.47594516,3.681197429,83.94919352,BF
95.35603902,21.42259029,-116.7786293,35.43671069,3.206348699,83.92356639,BF
78.20759839,44.84706199,-123.0546604,44.89875,2.464726095,83.89794709,BF
58.02849554,66.59764713,-124.6261427,53.06469496,1.507379713,83.87233562,BF
54.41385425,70.00901881,-124.4228731,54.23696197,1.331048653,83.86805207,BF
54.41385425,70.00901881,-124.4228731,54.23696197,1.331048653,83.86805207,BF
31.71960292,88.75963952,-120.4792424,59.4346156,0.205179625,83.84244973,BF
7.762146733,104.1577308,-111.9198776,62.49645604,-1.000090832,83.81685522,BF
-16.46687666,115.5317417,-99.06486505,64.52535203,-2.206591129,83.79126853,BF
-40.03368807,122.5898606,-82.55617257,62.08865777,-3.349265388,83.76568967,BF
-62.1369323,125.0125482,-62.87561588,57.80165916,-4.385824387,83.74011862,BF
-66.84448568,124.8744246,-58.02993896,56.5459827,-4.59803479,83.73431236,BF
-66.84448568,124.8744246,-58.02993896,56.5459827,-4.59803479,83.73431236,BF
-85.9375121,121.4437432,-35.50623108,49.04820229,-5.426755987,83.7087509,BF
-101.7173039,113.3975684,-11.68026454,40.22812147,-6.038720689,83.68319725,BF
-113.6127611,101.0485451,12.56421594,29.60560293,-6.416655128,83.65765141,BF
-121.1661823,84.87039825,36.29578409,17.88414734,-6.551490338,83.63211336,BF
-124.0694119,65.48942043,58.57999147,5.601988906,-6.445909306,83.60658312,BF
-123.9411568,58.88659664,65.05456021,2.01E-09,-6.357781666,83.59861368,BF
-123.9411568,58.88659664,65.05456021,1.59E-09,-6.357781666,83.59861368,BF
-120.693999,36.41005489,84.28394411,-12.46645718,-5.984892591,83.57309366,BF
-112.7502366,12.60358863,100.146648,-24.53984426,-5.427314694,83.54758142,BF
-100.50746,-11.63692904,112.1443891,-36.43404529,-4.747288076,83.52207697,BF
-84.41970891,-35.38513592,119.8048448,-46.81445263,-3.99841132,83.49658029,BF
-65.1047803,-57.74069451,122.8454748,-55.55862186,-3.24214818,83.47109139,BF
-53.69517682,-68.80736544,122.5025423,-59.96717143,-2.855373194,83.45746341,BF
-53.69517682,-68.80736544,122.5025423,-59.96717144,-2.855373194,83.45746341,BF
-30.89648596,-87.35174325,118.2482292,-65.39260441,-2.208902866,83.43198645,BF
-6.934947118,-102.5015751,109.4365222,-68.63263838,-1.711680627,83.40651725,BF
17.28272338,-113.6732606,96.39053721,-69.39497527,-1.416324941,83.38105583,BF
40.83317865,-120.4453214,79.61214279,-67.85595976,-1.366979984,83.35560217,BF
62.83683734,-122.5591303,59.72229296,-64.58260552,-1.59673644,83.33015629,BF
73.1873435,-121.7663449,48.57900137,-58.92127205,-1.830696563,83.31710593,BF
73.1873435,-121.7663449,48.57900137,-58.92127205,-1.830696563,83.31710593,BF
91.15535979,-116.6739281,25.5185683,-52.59035974,-2.515939405,83.29167181,BF
105.6467057,-107.089633,1.442927277,-42.96091196,-3.498380184,83.26624546,BF
116.0657702,-93.34461259,-22.72115766,-32.14466498,-4.760315736,83.24082687,BF
122.0266204,-75.97054223,-46.05607815,-20.44406372,-6.268107924,83.21541606,BF
123.2980457,-55.60821847,-67.68982726,-9.173309124,-7.978539382,83.19001303,BF
122.2638807,-45.43711999,-76.82676073,6.71E-10,-8.813706803,83.17827793,BF
122.2638807,-45.43711999,-76.82676073,1.28E-09,-8.813706803,83.17827793,BF
116.5862381,-22.19198623,-94.39425184,11.86862211,-10.69658687,83.15288626,BF
106.4576403,1.942069881,-108.3997102,24.5447664,-12.61579239,83.12750235,BF
92.22457739,26.05170399,-118.2762814,35.74020553,-14.49458205,83.10212621,BF
74.44220288,49.19936139,-123.6415643,45.803737,-16.25332552,83.07675783,BF
53.77649068,70.52908541,-124.3055761,53.85571579,-17.82415856,83.0513972,BF
44.58635154,78.59638922,-123.1827408,56.76697022,-18.39728788,83.04092153,BF
44.58635154,78.59638922,-123.1827408,56.76697022,-18.39728788,83.04092153,BF
21.24433406,95.94006008,-117.1843941,61.98122133,-19.57728312,83.01557187,BF
-2.92175687,109.6458505,-106.7240936,64.44244461,-20.41355366,82.99022995,BF
-26.99819452,119.1946586,-92.19646409,64.5093911,-20.86560286,82.96489578,BF
-50.04202145,124.2091012,-74.16707973,62.37585659,-20.90366304,82.93956934,BF
-71.18744383,124.5028842,-53.31544036,57.90264308,-20.51931966,82.91425063,BF
-76.25855372,123.7881981,-47.5296444,56.05311333,-20.34680013,82.90765772,BF
-76.25855372,123.7881981,-47.5296444,56.05311333,-20.34680013,82.90765772,BF
-93.86863079,118.1478255,-24.2791947,48.69543665,-19.44405609,82.88234875,BF
-107.8682358,108.0123873,-0.144151451,39.33927561,-18.1552266,82.85704749,BF
-117.7468954,93.78023677,23.96665863,28.57393593,-16.52749568,82.83175394,BF
-123.1252297,75.99589894,47.12933077,16.85117744,-14.61805856,82.8064681,BF
-123.8028988,55.33205863,68.47084015,4.726243209,-12.49476838,82.78118996,BF
-123.1111916,49.55050886,73.56068273,5.99E-09,-11.90770096,82.77455067,BF
-123.1111916,49.55050886,73.56068273,5.56E-09,-11.90770096,82.77455067,BF
-117.857751,26.37123336,91.48651767,-11.91594818,-9.623946376,82.74928225,BF
-108.0361889,2.27163893,105.76455,-23.50277585,-7.309270827,82.72402152,BF
-94.09204862,-21.87448472,115.9665333,-34.60901856,-5.045556693,82.69876848,BF
-76.547826,-45.13997567,121.6878017,-44.15681974,-2.911529389,82.67352313,BF
-56.06972435,-66.64519914,122.7149235,-51.96177594,-0.978320759,82.64828547,BF
-49.61596419,-72.48613071,122.1020949,-53.88571943,-0.459931114,82.64088346,BF
-49.61596419,-72.48613071,122.1020949,-53.88571943,-0.459931113,82.64088346,BF
-26.53255498,-90.44846225,116.9810172,-59.11328202,1.115443005,82.61565574,BF
-2.449754932,-104.9111085,107.3608634,-61.7429214,2.364170612,82.59043572,BF
21.7171674,-115.3017187,93.58455135,-62.02780972,3.254205342,82.56522338,BF
45.04611878,-121.2301699,76.18405112,-60.00909059,3.772166416,82.54001873,BF
66.65975276,-122.4691334,55.80938069,-56.06621199,3.920237736,82.51482177,BF
71.43945304,-122.0559177,50.61646462,-53.350274,3.901858224,82.50883085,BF
71.43945304,-122.0559177,50.61646461,-53.350274,3.901858224,82.50883085,BF
89.70546291,-117.3894373,27.68397443,-46.32705522,3.614115134,82.48364341,BF
104.548965,-108.2066563,3.65769138,-37.12171794,3.022392546,82.45846367,BF
115.365446,-94.82199618,-20.54344981,-26.52228737,2.172499907,82.43329162,BF
121.7521235,-77.75453761,-43.99758587,-14.97782667,1.12461136,82.40812726,BF
123.4643804,-57.64150032,-65.82288007,-3.412939056,-0.057428348,82.3829706,BF
123.2666061,-53.8149777,-69.45162841,1.21E-09,-0.274509477,82.3785039,BF
123.2666061,-53.81497769,-69.45162842,1.71E-09,-0.274509477,82.3785039,BF
119.3486256,-31.13816185,-88.21046374,12.78495963,-1.517039123,82.35335629,BF
110.8770082,-7.229412405,-103.6475958,25.19836211,-2.738573569,82.32821637,BF
98.13385992,17.00554723,-115.1394072,36.51073886,-3.873451955,82.30308413,BF
81.61615828,40.64063807,-122.2567964,46.39069963,-4.864932944,82.27795958,BF
61.94334978,62.76088925,-124.704239,55.13698018,-5.663352401,82.2528427,BF
56.96020516,67.62776472,-124.5879699,56.8009779,-5.817876177,82.24695995,BF
56.96020516,67.62776472,-124.5879699,56.8009779,-5.817876177,82.24695995,BF
34.46852431,86.71794944,-121.1864737,62.76099104,-6.332968954,82.22185254,BF
10.64617616,102.5277423,-113.1739185,66.08198623,-6.598611474,82.1967528,BF
-13.60269675,114.4590294,-100.8563326,66.98766172,-6.614491749,82.17166073,BF
-37.34197471,122.0290234,-84.68704869,65.47448654,-6.390817516,82.14657631,BF
-59.64268589,124.9633753,-65.32068943,61.64124745,-5.959034025,82.12149955,BF
-68.49076646,124.7638561,-56.27308959,59.23527846,-5.720815109,82.11082742,BF
-68.49076646,124.7638561,-56.27308959,59.23527846,-5.720815108,82.11082742,BF
-87.32530917,120.9517778,-33.62646865,53.38659967,-5.068171557,82.08576157,BF
-102.8156013,112.5441056,-9.728504384,43.59469883,-4.325392686,82.06070336,BF
-114.3706056,99.86154056,14.50906503,31.35544496,-3.55474336,82.03565279,BF
-121.537383,83.3996109,38.13777206,19.89062133,-2.82261175,82.01060986,BF
-124.0593813,63.77218173,60.2871996,7.92684053,-2.193241514,81.98557457,BF
-123.4116537,52.02627746,71.38537627,5.41E-09,-1.916686284,81.97194237,BF
-123.4116537,52.02627746,71.38537627,5.06E-09,-1.916686284,81.97194237,BF
-118.6444057,29.05189535,89.59251039,-12.90798174,-1.565273541,81.94691888,BF
-109.3113062,5.012831036,104.2984752,-25.31147806,-1.458172911,81.92190302,BF
-95.80132061,-19.17189131,114.9732119,-36.84427036,-1.63148977,81.89689481,BF
-78.62733488,-42.57650617,121.2038411,-46.94337114,-2.108091329,81.87189423,BF
-58.4545994,-64.28115481,122.7357542,-55.54597435,-2.894975188,81.84690128,BF
-47.51052743,-74.22026739,121.7307948,-59.24954456,-3.401829937,81.83446587,BF
-47.51052743,-74.22026739,121.7307948,-59.24954456,-3.401829937,81.83446587,BF
-24.29661644,-91.88893381,116.1855503,-64.10945662,-4.633476111,81.80948437,BF
-0.17360321,-105.9843166,106.1579198,-66.89658827,-6.121333395,81.7845105,BF
23.94700853,-115.9669852,92.01997665,-67.16706042,-7.819123198,81.75954427,BF
47.14441938,-121.4592043,74.31478492,-65.06978903,-9.666971903,81.73458568,BF
68.51890355,-122.2194837,53.70058019,-59.80576524,-11.59458541,81.70963473,BF
77.31022452,-121.0104896,43.70026509,-57.22196927,-12.46466224,81.69840837,BF
77.31022452,-121.0104896,43.70026508,-57.22196927,-12.46466224,81.69840837,BF
94.60891436,-114.9533362,20.34442179,-49.79329662,-14.36570961,81.67346848,BF
108.2644766,-104.4371938,-3.827282721,-40.03194911,-16.15081997,81.64853623,BF
117.76218,-89.86545862,-27.89672138,-29.19472766,-17.74391382,81.6236116,BF
122.742322,-71.77849592,-50.96382604,-17.82260627,-19.07671673,81.59869459,BF
122.939519,-50.91345622,-72.02606277,-3.698666102,-20.05902091,81.5737852,BF
122.0993306,-44.34264193,-77.75668872,1.65E-09,-20.28109451,81.56645449,BF
122.0993306,-44.34264192,-77.75668872,2.00E-09,-20.28109451,81.56645449,BF
116.2344985,-21.03506779,-95.19943067,12.55599644,-20.77686744,81.54155495,BF
105.9007761,3.119187094,-109.0199632,24.60362168,-20.85007283,81.51666301,BF
91.49081607,27.21174799,-118.7025641,35.46496983,-20.49022263,81.49177867,BF
73.54065619,50.30758986,-123.8482461,45.67384872,-19.69575403,81.46690192,BF
52.7740136,71.50472681,-124.2787404,53.60836636,-18.49617875,81.44203276,BF
46.40782172,77.10970609,-123.5175278,55.45963291,-18.08078797,81.43491362,BF
46.40782172,77.10970609,-123.5175278,55.45963291,-18.08078797,81.43491362,BF
23.16696909,94.72733158,-117.8943007,60.42942964,-16.42229709,81.41005421,BF
-0.967207458,108.74857,-107.7813625,63.03911899,-14.47199485,81.38520237,BF
-25.06735183,118.6346741,-93.5673223,63.51215185,-12.30157077,81.36035809,BF
-48.24516617,124.0245686,-75.77940238,61.17126897,-9.987705814,81.33552138,BF
-69.56896498,124.6999331,-55.13096807,56.54506146,-7.623051665,81.31069223,BF
-75.25669478,124.0011284,-48.74443361,54.86026562,-6.942103729,81.30353344,BF
-75.25669478,124.0011284,-48.74443361,54.86026562,-6.942103729,81.30353344,BF
-93.03088465,118.5977713,-25.5668867,48.67636278,-4.635645575,81.27871403,BF
-107.2411314,108.6920236,-1.450892156,38.9991891,-2.47228756,81.25390218,BF
-117.3700075,94.65947911,22.71052839,28.51798216,-0.522523148,81.22909788,BF
-122.9583011,77.01984148,45.93845959,14.98148844,1.14063617,81.20430114,BF
-123.8605601,56.51127835,67.34928176,2.996648379,2.469015005,81.17951195,BF
-123.3371274,51.01102466,72.32610275,1.79E-09,2.745090559,81.17332181,BF
-123.3371274,51.01102465,72.32610275,1.46E-09,2.745090559,81.17332181,BF
-118.3501832,27.95835183,90.39183134,-12.34820249,3.61571412,81.14854207,BF
-108.8201535,3.888070489,104.932083,-24.29860037,4.096141816,81.12376989,BF
-95.13000512,-20.28742695,115.4174321,-35.23565052,4.194177182,81.09900526,BF
-77.801917,-43.64164238,121.4435594,-44.69385627,3.931015845,81.0742482,BF
-57.4864582,-65.27812576,122.764584,-52.53307846,3.341973663,81.0494987,BF
-53.8339009,-68.68324088,122.5171418,-53.70257437,3.214563467,81.04533952,BF
-53.8339009,-68.68324089,122.5171418,-53.70257437,3.214563467,81.04533952,BF
-31.04851798,-87.25984273,118.3083607,-59.2391253,2.313922125,81.02059885,BF
-7.085803429,-102.442715,109.5285184,-62.13765787,1.214217729,80.99586575,BF
17.14265914,-113.6553426,96.51268345,-62.68277063,-0.014918431,80.9711402,BF
40.68105968,-120.4446247,79.76356502,-61.29859701,-1.296533231,80.94642221,BF
62.67784126,-122.5769788,59.89913757,-56.32444406,-2.564633971,80.92171178,BF
66.62641304,-122.4391068,55.81269378,-55.35675671,-2.798741177,80.91699466,BF
66.62641304,-122.4391068,55.81269378,-55.35675671,-2.798741177,80.91699466,BF
85.65079854,-118.9215062,33.27070764,-48.17920282,-3.954545929,80.89229322,BF
101.3680793,-110.7958033,9.427724015,-39.33228056,-4.949854681,80.86759934,BF
113.195035,-98.3751606,-14.81987436,-28.86304046,-5.740498115,80.842913,BF
120.6499473,-82.13655713,-38.51339017,-17.51196715,-6.287556805,80.81823421,BF
123.4799413,-62.67305819,-60.80688309,-3.786485216,-6.580894066,80.79356295,BF
123.3766524,-55.96071529,-67.41593715,1.30E-09,-6.616794577,80.78574434,BF
123.3766524,-55.96071529,-67.41593715,1.64E-09,-6.616794577,80.78574434,BF
119.9530913,-33.45900888,-86.4940824,12.87483535,-6.566856899,80.761083,BF
111.9205348,-9.635351714,-102.2851831,25.28171465,-6.278813725,80.73642919,BF
99.58445886,14.61246257,-114.1969214,36.84144718,-5.787744146,80.7117829,BF
83.40902726,38.36995575,-121.778983,47.04540846,-5.140687265,80.68714413,BF
64.02268206,60.63549839,-124.6581805,56.27235022,-4.390150643,80.66251287,BF
53.05262204,71.25574179,-124.3083638,60.08380621,-3.988446755,80.64986557,BF
53.05262204,71.25574179,-124.3083638,60.08380621,-3.988446755,80.64986557,BF
30.25544626,89.80267516,-120.0581214,65.57926568,-3.216451357,80.62524568,BF
6.291736239,104.9465742,-111.2383104,68.75255907,-2.514537082,80.60063331,BF
-17.93218575,116.1202971,-98.18811133,69.56067854,-1.948756752,80.57602844,BF
-41.50694155,122.9006224,-81.39368088,68.35346241,-1.57901756,80.55143108,BF
-63.42140492,124.9389888,-61.51758391,63.3141901,-1.460441988,80.52684122,BF
-74.79040014,124.0129521,-49.22255199,60.09692396,-1.517671177,80.51297356,BF
-74.79040014,124.0129521,-49.22255199,60.09692396,-1.517671177,80.51297356,BF
-92.62138101,118.7043351,-26.08295405,52.29910956,-1.858257918,80.48839545,BF
-106.9057472,108.8870002,-1.98125303,42.74547895,-2.51600901,80.46382484,BF
-117.1078802,94.93907247,22.16880773,31.97751244,-3.488830735,80.43926174,BF
-122.8391623,77.37722187,45.46194047,21.09735929,-4.759727698,80.41470615,BF
-123.8038264,56.90779973,66.89602665,6.156221893,-6.285206355,80.39015807,BF
-122.5741861,46.14686168,76.42732438,1.49E-09,-7.105499513,80.37825142,BF
-122.5741861,46.14686168,76.42732438,1.14E-09,-7.105499513,80.37825142,BF
-116.5786152,22.80554305,93.77307212,-12.98533898,-8.918700786,80.35371449,BF
-106.1211987,-1.36005573,107.4812544,-25.10065935,-10.83833391,80.32918506,BF
-91.60155737,-25.43641962,117.037977,-36.03033087,-12.7884617,80.30466315,BF
-73.55677342,-48.49108813,122.0478616,-46.18278513,-14.68370619,80.28014873,BF
-52.72322262,-69.6185824,122.341805,-54.34421447,-16.4361986,80.25564181,BF
-45.67098735,-75.76712627,121.4381136,-56.36590399,-16.94792716,80.24789705,BF
-45.67098735,-75.76712627,121.4381136,-56.36590399,-16.94792716,80.24789705,BF
-22.35215027,-93.19248164,115.5446319,-61.40340498,-18.40201941,80.2234,BF
1.805777432,-106.9836413,105.1778638,-64.02972113,-19.53953526,80.19891044,BF
25.89636543,-116.6220714,90.72570598,-64.08839092,-20.30497093,80.17442836,BF
48.96768685,-121.7314881,72.76380128,-61.87328677,-20.65273951,80.14995377,BF
70.16239386,-122.1270158,51.96462191,-57.39604028,-20.56079069,80.12548664,BF
75.76263972,-121.3500065,45.58736678,-55.31578417,-20.44731081,80.1184615,BF
75.76263972,-121.3500065,45.58736678,-55.31578417,-20.44731081,80.1184615,BF
93.35953391,-115.6877303,22.3281964,-47.92565234,-19.78302507,80.09400398,BF
107.3375825,-105.5284739,-1.809108537,-38.60151198,-18.685048,80.06955392,BF
117.1927069,-91.27539028,-25.91731665,-27.85617038,-17.19471206,80.04511132,BF
122.5450545,-73.47328923,-49.07176531,-16.16525357,-15.36466759,80.02067616,BF
123.1951517,-52.79713346,-70.39801824,-4.052221956,-13.2621581,79.99624844,BF
122.6051814,-47.76667835,-74.83850305,3.40E-09,-12.74626425,79.99066467,BF
122.6051814,-47.76667835,-74.83850305,3.83E-09,-12.74626425,79.99066467,BF
117.477231,-24.63616545,-92.84106555,12.04480483,-10.41780213,79.96624609,BF
107.7814106,-0.550315133,-107.2310954,23.65499656,-8.003907958,79.94183494,BF
93.94832353,23.60742928,-117.5557528,34.70313261,-5.596671997,79.91743123,BF
76.49856205,46.91059146,-123.4091535,44.22773666,-3.284958788,79.89303494,BF
56.0960082,68.47697896,-124.5729872,52.01676809,-1.151590327,79.86864608,BF
48.89787723,75.00824184,-123.9061191,54.26985214,-0.505720994,79.86066,BF
48.89787723,75.00824184,-123.9061191,54.26985214,-0.505720994,79.86066,BF
25.80301368,92.95698196,-118.7599956,59.22354857,1.271492707,79.836281,BF
1.718150348,107.3970984,-109.1152488,61.93975586,2.714345563,79.81190943,BF
-22.44708322,117.7639273,-95.31684406,62.17744844,3.781700176,79.78754529,BF
-45.76855432,123.6662271,-77.89767273,60.11237425,4.451266029,79.76318857,BF
-67.36724396,124.8779653,-57.51072138,56.11606594,4.71888258,79.73883929,BF
-71.96976511,124.4791525,-52.50938738,53.55029641,4.723753396,79.73326582,BF
-71.96976511,124.4791525,-52.50938738,53.55029641,4.723753396,79.73326582,BF
-90.24895482,119.8296747,-29.58071992,46.4301295,4.51256724,79.70892567,BF
-105.104774,110.6612949,-5.556520835,37.20599255,3.958697741,79.68459295,BF
-115.9357661,97.28983157,18.6459345,26.58308484,3.10872971,79.66026767,BF
-122.3373857,80.2338542,42.10353145,15.01177818,2.02627902,79.63594982,BF
-124.0650684,60.1333194,63.93174904,3.373338207,0.780798369,79.61163941,BF
-123.8660205,56.22877486,67.63724567,2.58E-09,0.545059113,79.6072317,BF
-123.8660205,56.22877486,67.63724567,2.10E-09,0.545059113,79.6072317,BF
-119.9487863,33.54658425,86.4022021,-13.08771672,-0.789324864,79.58293006,BF
-111.4737819,9.636176303,101.8376056,-25.20351561,-2.115494234,79.55863586,BF
-98.72914253,-14.59940785,113.3285504,-36.48766965,-3.361183036,79.53434909,BF
-82.21043125,-38.23359895,120.4440302,-46.34629283,-4.462024142,79.51006974,BF
-62.54394809,-60.34479146,122.8887395,-55.16979824,-5.361037062,79.48579781,BF
-58.17446239,-64.62710248,122.8015649,-56.69329818,-5.517459388,79.48080954,BF
-58.17446239,-64.62710248,122.8015649,-56.69329818,-5.517459388,79.48080954,BF
-35.72794465,-83.80564621,119.5335909,-62.6658169,-6.125883232,79.45654655,BF
-11.9325479,-99.7155569,111.6481048,-66.03000809,-6.46693098,79.43229097,BF
12.31656019,-111.7626262,99.44606604,-67.01762065,-6.539653947,79.4080428,BF
36.08231475,-119.461931,83.37961628,-65.51642097,-6.354679906,79.38380203,BF
58.43693695,-122.5316674,64.09473046,-61.74494214,-5.944919979,79.35956866,BF
67.71976985,-122.3614038,54.64163392,-59.27360442,-5.700050276,79.34877174,BF
67.71976985,-122.3614038,54.64163392,-59.27360442,-5.700050276,79.34877174,BF
86.57901019,-118.5887236,32.0097134,-53.29029225,-5.049333066,79.32454905,BF
102.0992171,-110.218548,8.119330899,-43.59072033,-4.303741649,79.30033375,BF
113.6882508,-97.56856542,-16.11968534,-31.59268044,-3.531350238,79.27612584,BF
120.89388,-81.13465662,-39.7592234,-20.03591879,-2.804660963,79.25192531,BF
123.4555959,-61.53083509,-61.92476082,-7.922637982,-2.193313691,79.22773216,BF
122.7976235,-49.50676446,-73.29085908,-4.20E-10,-1.928065299,79.21424552,BF
122.7976235,-49.50676446,-73.29085909,-7.64E-11,-1.928065299,79.21424552,BF
118.0080701,-26.52628631,-91.48178379,12.89785295,-1.625130376,79.19006387,BF
108.6543526,-2.483853628,-106.170499,25.24126898,-1.587772436,79.1658896,BF
95.12545742,21.69950551,-116.8249629,36.72090258,-1.851771423,79.1417227,BF
77.93540273,45.09802434,-123.0334271,46.76446349,-2.437633266,79.1175632,BF
57.74809868,66.79426172,-124.5423604,55.29413892,-3.347873793,79.09341107,BF
46.19901109,77.24035528,-123.4393664,59.13246064,-3.95216839,79.08074696,BF
46.19901109,77.24035528,-123.4393664,59.13246064,-3.95216839,79.08074696,BF
22.94266731,94.80650626,-117.7491736,63.90544341,-5.322796469,79.05660608,BF
-1.195560567,108.7802543,-107.5846937,66.59073979,-6.943245008,79.03247259,BF
-25.30233993,118.6265464,-93.32420652,66.77355054,-8.757075769,79.00834648,BF
-48.45723768,123.971761,-75.51452332,64.60372182,-10.69411325,78.98422776,BF
-69.75739739,124.5825266,-54.82512924,59.17349955,-12.67255874,78.96011641,BF
-77.63343268,123.4839373,-45.85050467,56.93971844,-13.46137213,78.95038843,BF
-77.63343268,123.4839373,-45.85050467,56.93971844,-13.46137213,78.95038843,BF
-94.98295177,117.4962094,-22.51325767,49.46492506,-15.3510306,78.92628744,BF
-108.6973223,107.0438626,1.653459604,39.73773977,-17.07309346,78.90219383,BF
-118.2596611,92.52930926,25.73035189,28.88985951,-18.5475721,78.87810758,BF
-123.3081065,74.4951404,48.81296609,17.44285478,-19.7043754,78.85402869,BF
-123.581489,53.66148934,69.91999966,3.520810513,-20.4598476,78.82995717,BF
-122.8079742,47.39650673,75.41146745,2.03E-09,-20.59916019,78.82319059,BF
-122.8079742,47.39650673,75.41146745,1.69E-09,-20.59916019,78.82319059,BF
-117.0737165,24.12549864,92.94821785,-12.53972521,-20.81032356,78.79912849,BF
-106.8613146,-0.017778831,106.8790934,-24.58713581,-20.56173428,78.77507373,BF
-92.55914386,-24.12449655,116.6836404,-35.49060313,-19.85414355,78.75102631,BF
-74.70669011,-47.28366995,121.9903601,-44.77289302,-18.70676607,78.72698622,BF
-53.98270021,-68.53888109,122.5215813,-53.39085623,-17.14402663,78.70295346,BF
-47.89851193,-73.94711746,121.8456294,-54.95014166,-16.65378908,78.69634782,BF
-47.89851193,-73.94711746,121.8456294,-54.95014166,-16.65378908,78.69634782,BF
-24.71732247,-91.70085344,116.4181759,-59.48002124,-14.67453616,78.67232439,BF
-0.598998835,-105.8594455,106.4584443,-62.8636585,-12.4372686,78.64830827,BF
23.53963904,-115.9321316,92.39249257,-63.33145904,-10.03611619,78.62429947,BF
46.78570098,-121.5249493,74.73924827,-61.6493367,-7.559961588,78.60029797,BF
68.28284176,-122.4078124,54.12497062,-59.06900927,-5.095474399,78.57630378,BF
73.66587536,-121.8016479,48.13577252,-52.86524041,-4.447801793,78.56975349,BF
73.66587536,-121.8016479,48.13577252,-52.86524041,-4.447801793,78.56975349,BF
86.91328132,-118.4854866,31.57220528,-50.46464246,-2.777644537,78.5523811,BF
98.49436361,-112.8055801,14.31121646,-43.56876198,-1.204246307,78.53501254,BF
110.7585963,-101.71065,-9.047946331,-34.11862346,0.670201868,78.51191529,BF
119.0673881,-86.93759829,-32.12978977,-22.79382897,2.246252148,78.48882481,BF
123.1237719,-69.04714143,-54.07663051,-11.94216268,3.474962179,78.46574112,BF
122.8015095,-48.93309582,-73.86841371,2.28E-09,4.318836576,78.44298012,BF
122.8015095,-48.93309582,-73.86841371,2.55E-09,4.318836576,78.44298012,BF
118.1457148,-26.78772139,-91.35799343,12.14932866,4.792382494,78.4199099,BF
109.260743,-3.628888946,-105.631854,23.70085607,4.882674584,78.39684645,BF
96.47840957,19.70062968,-116.1790392,34.3092154,4.61161895,78.37378979,BF
80.23894263,42.37778227,-122.6167249,43.91552988,4.013531851,78.35073992,BF
61.14031654,63.57783739,-124.7181539,51.85370666,3.14034605,78.32769683,BF
54.14908858,70.27288456,-124.4219731,54.11592346,2.792392946,78.31991062,BF
54.14908858,70.27288456,-124.4219731,54.11592346,2.792392946,78.31991062,BF
32.28295929,88.35598274,-120.638942,59.47631925,1.644510219,78.2968766,BF
9.265672425,103.3259543,-112.5916267,62.71000448,0.37370286,78.27384938,BF
-14.08947992,114.6594907,-100.5700107,63.63217364,-0.948495913,78.25082893,BF
-36.96909937,121.957565,-84.98846564,61.78456411,-2.253424031,78.22781527,BF
-58.53464979,124.9551768,-66.42052703,57.95014917,-3.470024191,78.20480839,BF
-65.90547656,124.9376423,-59.03216573,56.13457666,-3.878690584,78.19643128,BF
-65.90547656,124.9376423,-59.03216573,56.13457666,-3.878690584,78.19643128,BF
-84.46999388,121.9231785,-37.45318465,50.56863976,-4.88389465,78.17343364,BF
-100.0309553,114.6131623,-14.58220706,41.64294544,-5.678176573,78.15044278,BF
-112.0294456,103.2544351,8.775010555,31.31320649,-6.230656189,78.12745868,BF
-120.0865486,88.28552953,31.80101907,20.25724111,-6.532522119,78.10448134,BF
-123.8242179,70.18253022,53.64168771,7.61903122,-6.571032041,78.08151076,BF
-123.9480667,57.73037366,66.21769306,3.34E-09,-6.47511597,78.06732231,BF
-123.9480667,57.73037366,66.21769306,2.98E-09,-6.47511597,78.06732231,BF
-120.5946542,36.02172097,84.57293321,-12.36669129,-6.144056218,78.04436266,BF
-112.9558668,13.08954127,99.86632552,-24.55687096,-5.628101033,78.02140975,BF
-101.3069972,-10.27580552,111.5828027,-35.84772266,-4.979127077,77.9984636,BF
-86.05408318,-33.25079831,119.3048815,-45.91215569,-4.255170832,77.97552418,BF
-67.74834112,-54.94081146,122.6891526,-54.91355165,-3.518971689,77.95259151,BF
-52.06992917,-70.25924769,122.3291769,-60.39819397,-2.990877452,77.93503601,BF
-52.06992916,-70.25924769,122.3291769,-60.39819397,-2.990877452,77.93503601,BF
-30.02470665,-87.96670428,117.9914109,-65.48874116,-2.399943518,77.91211523,BF
-6.919233001,-102.4975708,109.4168038,-68.7051117,-1.976512114,77.88920119,BF
16.42625121,-113.3402264,96.91397523,-69.67032303,-1.774097815,77.86629389,BF
39.19690786,-120.1119758,80.91506791,-68.75077761,-1.835543136,77.84339332,BF
60.49538431,-122.5040687,62.00868438,-63.90612693,-2.192321586,77.82049949,BF
75.86141186,-121.2993978,45.43798599,-59.54990212,-2.691574124,77.80240574,BF
75.86141186,-121.2993978,45.43798599,-59.54990212,-2.691574124,77.80240574,BF
92.82288942,-115.8761149,23.05322544,-51.90052455,-3.597976129,77.77952397,BF
106.4706542,-106.2820855,-0.188568759,-42.70551927,-4.797212142,77.75664894,BF
116.3184268,-92.85737863,-23.46104817,-32.39668234,-6.25832326,77.73378065,BF
122.0192845,-76.06573443,-45.95355007,-21.8705004,-7.937924343,77.7109191,BF
123.3117892,-56.53451292,-66.77727628,-7.57823186,-9.76563638,77.68806429,BF
121.8970568,-43.24622858,-78.65082826,6.71E-10,-10.95746457,77.67380359,BF
121.8970568,-43.24622858,-78.65082826,1.02E-09,-10.95746457,77.67380359,BF
116.1135793,-20.75524482,-95.35833445,12.38374864,-12.88918986,77.65095972,BF
106.1782341,2.520215622,-108.6984498,24.14105545,-14.77866354,77.62812259,BF
92.44877695,25.75639175,-118.2051687,34.74854185,-16.54625415,77.60529219,BF
75.39849961,48.11879678,-123.5172964,44.7815527,-18.10982958,77.58246851,BF
55.66758582,68.7958844,-124.4634702,52.82918157,-19.39592849,77.55965157,BF
45.74609472,77.6435447,-123.3896394,55.86465408,-19.88213007,77.54903243,BF
45.74609472,77.6435447,-123.3896394,55.86465408,-19.88213007,77.54903243,BF
23.34513398,94.58408478,-117.9292188,61.04302236,-20.65963343,77.52622533,BF
0.098184423,108.1942616,-108.292446,63.50218438,-21.02987702,77.50342494,BF
-23.16541864,117.9879025,-94.82248388,64.02313607,-20.96591555,77.48063126,BF
-45.61471991,123.6236503,-78.00893044,62.17057157,-20.46125393,77.45784428,BF
-66.45240477,124.9007352,-58.44833047,58.10645939,-19.52543546,77.43506399,BF
-75.22260312,123.9936303,-48.77102723,55.53150804,-18.95593228,77.42465365,BF
-75.22260312,123.9936303,-48.77102723,55.53150804,-18.95593228,77.42465365,BF
-92.42521617,118.8968372,-26.47162102,48.422755,-17.44988811,77.40188311,BF
-106.322593,109.5863336,-3.263740579,39.68958434,-15.60566589,77.37911925,BF
-116.4499213,96.41949429,20.03042702,29.5293133,-13.49515701,77.35636208,BF
-122.4438081,79.86127649,42.5825316,18.42107438,-11.19445321,77.33361157,BF
-124.0954365,60.49802881,63.59740766,6.824851585,-8.787535259,77.31086774,BF
-123.2899797,50.78786695,72.50211278,1.09E-09,-7.662894532,77.30035404,BF
-123.2899797,50.78786695,72.50211279,5.32E-10,-7.662894532,77.30035404,BF
-118.5655994,28.57800258,89.9875968,-11.50250885,-5.258962809,77.27761996,BF
-109.5622905,5.410031404,104.1522591,-22.55955171,-2.967842509,77.25489254,BF
-96.67871992,-17.90901211,114.587732,-33.3107847,-0.867733186,77.23217179,BF
-80.36187407,-40.54954214,120.9114162,-42.64345535,0.970494967,77.2094577,BF
-61.19116977,-61.71253186,122.9037016,-50.38641934,2.489408778,77.18675028,BF
-50.77682967,-71.45904565,122.2358753,-53.91243108,3.111338079,77.17543784,BF
-50.77682967,-71.45904565,122.2358753,-53.91243108,3.111338079,77.17543784,BF
-28.6325183,-88.98828492,117.6208032,-58.76761646,4.071320866,77.15274041,BF
-5.485866536,-103.3129097,108.7987763,-61.50427354,4.636240673,77.13004965,BF
17.84688599,-113.9142535,96.06736754,-62.00389702,4.805373424,77.10736555,BF
40.53767119,-120.419689,79.88201784,-60.33258196,4.597582058,77.08468813,BF
61.79008822,-122.5981657,60.80807744,-56.69421129,4.046727859,77.06201738,BF
69.18366825,-122.2737833,53.09011506,-53.38402826,3.762992733,77.05355652,BF
69.18366825,-122.2737833,53.09011506,-53.38402826,3.762992733,77.05355652,BF
87.18412393,-118.3742514,31.19012743,-47.08482432,2.822968831,77.03089494,BF
102.0972995,-110.2404641,8.14316457,-38.33567292,1.677139701,77.00824003,BF
113.3374953,-98.11231984,-15.22517547,-28.17353238,0.395124426,76.98559179,BF
120.5184823,-82.45147938,-38.06700296,-16.49620316,-0.944438217,76.96295023,BF
123.3965907,-63.84129892,-59.55529179,-4.628288293,-2.263916804,76.94031533,BF
123.2945132,-55.12613554,-68.16837766,1.95E-09,-2.808780262,76.93063754,BF
123.2945132,-55.12613554,-68.16837766,2.29E-09,-2.808780262,76.93063754,BF
119.9579172,-33.41846585,-86.53945132,13.39604207,-3.99800014,76.90801216,BF
112.2825681,-10.47291711,-101.809651,24.86548394,-5.010062534,76.88539345,BF
100.6068598,12.89019344,-113.4970532,36.08319816,-5.806729277,76.8627814,BF
85.33582002,35.83976581,-121.1755858,45.97782515,-6.355399715,76.840176,BF
67.01102934,57.56673367,-124.577763,54.28676761,-6.641750893,76.81757726,BF
57.61588918,67.03430979,-124.650199,58.21824826,-6.68273429,76.80705549,BF
57.61588917,67.03430979,-124.650199,58.21824826,-6.68273429,76.80705549,BF
36.02083201,85.55749547,-121.5783275,63.8770215,-6.585593565,76.78446649,BF
13.14178738,101.0815046,-114.223292,67.46385778,-6.258415619,76.76188413,BF
-10.21718338,113.0488927,-102.8317093,68.7591372,-5.738593305,76.73930841,BF
-33.2265488,121.0388313,-87.8122825,67.78207026,-5.078110263,76.71673932,BF
-55.04173795,124.7460214,-69.70428343,64.76223724,-4.336730932,76.69417686,BF
-70.19759519,124.5965415,-54.39894631,60.53032664,-3.763592871,76.67719005,BF
-70.19759519,124.5965415,-54.39894631,60.53032664,-3.763592871,76.67719005,BF
-88.18445378,120.6486707,-32.46421693,53.41163639,-3.046057046,76.65463922,BF
-102.9818151,112.3978453,-9.416030168,44.66231255,-2.4337698,76.63209501,BF
-114.130585,100.1948411,13.93574392,34.32413707,-1.992287832,76.60955742,BF
-121.2240655,84.46608027,36.75798522,22.99794415,-1.777105128,76.58702646,BF
-124.0155781,65.7702221,58.24535598,11.16667375,-1.832414805,76.56450213,BF
-123.0396537,49.32205325,73.7176004,1.63E-09,-2.090757076,76.5466968,BF
-123.0396537,49.32205325,73.7176004,1.36E-09,-2.090757076,76.5466968,BF
-118.0029149,27.03425529,90.96865965,-12.05419313,-2.695291222,76.52418433,BF
-108.7225351,3.832244161,104.8902909,-23.79813288,-3.6165529,76.50167849,BF
-95.58806816,-19.46385288,115.051921,-34.83958166,-4.835751661,76.47917928,BF
-79.05678717,-42.02335297,121.0801401,-44.53802011,-6.319918591,76.4566867,BF
-59.72180704,-63.03062693,122.752434,-52.85760138,-8.018616458,76.43420075,BF
-45.25459676,-76.11365454,121.3682513,-57.50142431,-9.272632265,76.41886056,BF
-45.25459676,-76.11365454,121.3682513,-57.50142431,-9.272632265,76.41886056,BF
-22.78971992,-92.881357,115.6710769,-62.12811398,-11.18714401,76.39638575,BF
0.476827674,-106.3014889,105.8246612,-64.77320527,-13.12672117,76.37391758,BF
23.71684877,-115.8906267,92.17377789,-65.06322892,-15.00747255,76.35145602,BF
46.10782056,-121.3120595,75.20423894,-63.07317173,-16.7464286,76.32900109,BF
66.82586649,-122.3479532,55.52208668,-58.91633599,-18.25622064,76.30655278,BF
74.9933438,-121.3985242,46.40518037,-56.24056674,-18.81013995,76.29693751,BF
74.9933438,-121.3985242,46.40518037,-56.24056674,-18.81013995,76.29693751,BF
92.15190462,-116.2383883,24.08648366,-48.66547746,-19.89113484,76.27449864,BF
105.9607641,-106.8266293,0.865865263,-40.14086915,-20.57480761,76.25206638,BF
115.9960808,-93.57725226,-22.41882853,-29.83765864,-20.83802852,76.22964072,BF
121.8891002,-76.94688801,-44.94221222,-18.65097614,-20.65420989,76.20722166,BF
123.4360336,-57.52622286,-65.9098107,-6.962398003,-20.02026835,76.18480919,BF
122.6158479,-48.01235484,-74.6034931,-2.00E-09,-19.57106116,76.17466643,BF
122.6158479,-48.01235484,-74.6034931,-1.65E-09,-19.57106116,76.17466643,BF
117.8290574,-25.78235454,-92.04670287,11.56864061,-18.32337494,76.15226352,BF
108.7702438,-2.610253343,-106.1599904,22.90937316,-16.67748979,76.12986718,BF
95.83722874,20.70435224,-116.541581,33.66496552,-14.71055274,76.10747742,BF
79.47750035,43.32772504,-122.8052254,43.11728092,-12.49143926,76.08509423,BF
60.27240294,64.46260181,-124.7350047,51.02742384,-10.10297156,76.06271759,BF
49.21712012,74.68650956,-123.9036297,54.68638214,-8.801952065,76.05090855,BF
49.21712012,74.68650956,-123.9036297,54.68638214,-8.801952065,76.05090855,BF
27.01091973,92.15450673,-119.1654265,59.59925647,-6.32980041,76.02854194,BF
3.843152212,106.31133,-110.1544822,62.4893608,-3.919108992,76.00618188,BF
-19.4764502,116.7403578,-97.2639076,63.02140087,-1.65770557,75.98382839,BF
-42.11442104,123.0554922,-80.94107117,61.32729157,0.373933737,75.96148145,BF
-63.2724104,125.0387841,-61.76637368,57.60372933,2.108062815,75.93914106,BF
-72.05679437,124.4173188,-52.36052447,53.74540495,2.768143845,75.92907216,BF
-72.05679437,124.4173188,-52.36052447,53.74540495,2.768143845,75.92907216,BF
-76.16687161,123.9080464,-47.74117476,54.25002528,3.070894694,75.92428023,BF
-80.04686588,123.0965767,-43.0497108,51.68132533,3.34138864,75.91948861,BF
-83.83763992,122.1261743,-38.28853442,50.80659952,3.599800877,75.91469728,BF
-88.48019815,120.5690261,-32.0888279,48.43794819,3.901863851,75.9085473,BF
-95.77667726,117.2191128,-21.44243552,44.69247238,4.343614582,75.89816893,BF
-109.5038869,106.3575956,3.146291342,34.67018557,5.014902436,75.87462034,BF
-118.9037048,91.31736199,27.58634284,23.75552806,5.229181041,75.85107905,BF
-123.5699843,72.67533171,50.8946526,11.38844427,5.002352793,75.82754506,BF
-123.6407522,53.6082555,70.0324967,-7.97E-10,4.470342769,75.8064605,BF
-123.6407522,53.6082555,70.03249671,-1.08E-09,4.470342769,75.8064605,BF
-119.1018018,30.38177126,88.72003055,-13.20210485,3.556283854,75.78294037,BF
-109.8316421,5.976095044,103.8555471,-25.48482421,2.372283294,75.75942755,BF
-96.2274999,-18.63250528,114.8600052,-36.63446099,1.006331212,75.73592203,BF
-78.77503915,-42.47144621,121.2464854,-46.21463342,-0.454334705,75.71242382,BF
-58.99273616,-63.75853378,122.7512699,-54.67900227,-1.851593903,75.68975034,BF
-58.99273616,-63.75853378,122.7512699,-54.67900227,-1.851593903,75.68975034,BF
-36.32322985,-83.36049374,119.6837236,-61.09621477,-3.215743379,75.66626648,BF
-12.14004331,-99.57970439,111.7197477,-63.95192549,-4.418840767,75.64278992,BF
12.49671101,-111.8098841,99.31317313,-65.19582588,-5.393871503,75.61932065,BF
36.63043518,-119.5642344,82.93379922,-63.60508346,-6.09620801,75.59585867,BF
59.30131346,-122.5234892,63.22217576,-59.41379299,-6.498462918,75.57240398,BF
65.46224154,-122.4594735,56.99723197,-57.92978962,-6.556861889,75.56560859,BF
65.46224154,-122.4594735,56.99723197,-57.92978962,-6.556861889,75.56560859,BF
84.92744134,-119.1017378,34.17429642,-50.93210779,-6.56985873,75.54216328,BF
101.0068601,-110.9784748,9.971614696,-41.90182477,-6.304872634,75.51872525,BF
113.0791397,-98.4106696,-14.66847009,-31.22367171,-5.805784205,75.49529448,BF
120.6374455,-81.89647106,-38.74097442,-19.5137343,-5.129979547,75.47187098,BF
123.4723832,-62.06262753,-61.40975568,-7.580693881,-4.354301718,75.44845474,BF
123.1907632,-53.58328487,-69.60747835,-5.17E-10,-4.037262045,75.4392963,BF
123.1907632,-53.58328487,-69.60747835,-7.76E-11,-4.037262045,75.4392963,BF
119.1154534,-30.50751026,-88.60794315,11.85817818,-3.249499832,75.41589016,BF
110.3477314,-6.187598042,-104.1601334,24.85969272,-2.559395415,75.39249127,BF
97.18811989,18.42810522,-115.6162251,36.49800756,-2.043979246,75.36909964,BF
80.16618496,42.36658481,-122.5327698,46.83512049,-1.773852076,75.34571526,BF
59.96444651,64.64927422,-124.6137207,55.72590404,-1.806194482,75.32233813,BF
47.58613048,76.05965576,-123.6457862,59.93065891,-1.970693772,75.3093133,BF
47.58613048,76.05965576,-123.6457862,59.93065891,-1.970693772,75.3093133,BF
24.04727573,94.0737237,-118.1209994,65.07339678,-2.543449222,75.28594747,BF
-0.490074545,108.46616,-107.9760855,67.25281697,-3.475609272,75.2625889,BF
-25.04318497,118.5679245,-93.52473956,67.08691055,-4.756570463,75.23923759,BF
-48.53717343,123.9238606,-75.38668714,64.94359713,-6.339366212,75.21589353,BF
-69.98464547,124.4678917,-54.48324622,60.1211674,-8.138757393,75.19255674,BF
-80.69455776,122.8266317,-42.13207391,59.13416693,-9.213353042,75.17995164,BF
-80.69455776,122.8266317,-42.13207391,59.13416693,-9.213353042,75.17995164,BF
-97.77553724,115.967103,-18.1915658,47.89057679,-11.26301114,75.15662602,BF
-110.939992,104.5224543,6.417537693,38.07672494,-13.33054514,75.13330766,BF
-119.7343114,88.99052938,30.74378205,26.39723684,-15.32192128,75.10999655,BF
-123.800503,69.97620755,53.82429542,14.21030023,-17.1346339,75.08669269,BF
-122.9786735,48.21554042,74.76313304,2.160328822,-18.67571347,75.06339608,BF
-122.6015037,45.78977311,76.81173062,2.68E-09,-18.81723317,75.06092887,BF
-122.6015037,45.78977311,76.81173062,2.15E-09,-18.81723317,75.06092887,BF
-116.3630265,22.04266747,94.32035907,-13.47607683,-19.93465389,75.03764027,BF
-105.5658635,-2.531446798,108.0973103,-25.93225652,-20.62228046,75.01435889,BF
-90.58934785,-26.95878552,117.5481334,-37.09796586,-20.81960315,74.99108475,BF
-72.03591682,-50.27543249,122.3113493,-46.66948023,-20.50482224,74.96781782,BF
-50.62955519,-71.56871464,122.1982698,-54.20589071,-19.67766805,74.94455811,BF
-48.06026598,-73.81225194,121.8725179,-55.10938578,-19.5513358,74.94191984,BF
-48.06026598,-73.81225194,121.8725179,-55.10938578,-19.5513358,74.94191984,BF
-24.49453014,-91.80758834,116.3021185,-60.66552101,-18.17328465,74.91866815,BF
0.0245874,-106.1361692,106.1115818,-63.37096123,-16.36789464,74.89542367,BF
24.53138183,-116.2083548,91.67697299,-63.58761276,-14.20108772,74.87218637,BF
48.05809783,-121.6334583,73.57536043,-61.27786438,-11.76452965,74.84895627,BF
69.65142319,-122.1765363,52.5251131,-56.78491237,-9.160907075,74.82573335,BF
73.76696175,-121.6739256,47.90696381,-55.45679539,-8.612762112,74.82099391,BF
73.76696175,-121.6739256,47.90696381,-55.45679539,-8.612762112,74.82099391,BF
91.93695386,-116.3556395,24.4186856,-47.76414056,-5.955847455,74.79777964,BF
106.451025,-106.3702244,-0.080800543,-38.4233573,-3.376376541,74.77457254,BF
116.7352129,-92.12303135,-24.61218155,-27.56058509,-0.982868837,74.75137262,BF
122.3852519,-74.17695824,-48.20829367,-15.72487294,1.129633151,74.72817989,BF
123.1810421,-53.23746642,-69.94357571,-3.621368863,2.882371935,74.70499433,BF
122.7279361,-48.97323725,-73.75469885,-6.37E-10,3.163702545,74.70058021,BF
122.7279361,-48.97323725,-73.75469885,-1.63E-10,3.163702545,74.70058021,BF
117.7186434,-25.55402909,-92.16461429,12.31323908,4.411685916,74.67740319,BF
108.004496,-1.090186165,-106.9143098,24.29006851,5.190056227,74.65423336,BF
94.00234274,23.47072974,-117.4730725,35.33166043,5.497758099,74.63107072,BF
76.2615654,47.15298253,-123.4145479,44.86047967,5.349885698,74.60791525,BF
55.47208558,69.0202837,-124.4923693,52.67253873,4.783840458,74.58476698,BF
52.76403533,71.52080821,-124.2848435,53.52649613,4.68869214,74.581942,BF
52.76403533,71.52080821,-124.2848435,53.52649613,4.68869214,74.581942,BF
29.56249745,90.31957574,-119.8820732,58.77137228,3.728754069,74.55880179,BF
5.154397612,105.5959174,-110.750315,61.43565278,2.495660433,74.53566877,BF
-19.46017027,116.6950674,-97.23489717,62.43735292,1.080950742,74.51254294,BF
-43.23928026,123.1665111,-79.92723085,60.94462904,-0.408852609,74.4894243,BF
-65.40002356,124.9736588,-59.57363521,55.39527232,-1.892429267,74.46631285,BF
-66.78522438,124.911058,-58.1258336,55.07405274,-1.988880716,74.46478546,BF
-66.78522438,124.911058,-58.1258336,55.07405274,-1.988880716,74.46478546,BF
-86.17690202,121.4085023,-35.23160026,47.76339198,-3.371437391,74.44168166,BF
-102.1397945,113.1398379,-11.00004342,38.78174077,-4.566465307,74.41858505,BF
-114.074313,100.43851,13.63580303,28.01747386,-5.517566278,74.39549561,BF
-121.5055669,83.80793925,37.69762769,16.13451811,-6.181216181,74.37241334,BF
-124.1450675,63.90057029,60.24449726,3.658826723,-6.537346358,74.34933824,BF
-124.0325868,59.80872081,64.22386601,2.73E-09,-6.558669309,74.34494306,BF
-124.0325868,59.80872081,64.22386601,2.26E-09,-6.558669309,74.34494306,BF
-120.8594217,37.02599334,83.83342836,-12.80436868,-6.554858632,74.32187648,BF
-112.8680486,12.85278977,100.0152588,-25.32867946,-6.263102178,74.29881706,BF
-100.4256706,-11.78495339,112.210624,-37.17116876,-5.742218223,74.27576479,BF
-84.01742969,-35.90701911,119.9244488,-47.65063147,-5.054890593,74.25271966,BF
-64.28984639,-58.56904436,122.8588907,-56.43434241,-4.278404126,74.22968168,BF
-54.61930486,-67.87863004,122.4979349,-59.90507936,-3.920894619,74.21940828,BF
-54.61930486,-67.87863004,122.4979349,-59.90507936,-3.920894619,74.21940828,BF
-50.6343367,-71.56513598,122.1994727,-61.43651898,-3.785244101,74.21531998,BF
-46.59538435,-75.02772057,121.6231049,-62.19158859,-3.645730454,74.21123192,BF
-42.49765361,-78.44917308,120.9468267,-63.49536329,-3.510659094,74.20714408,BF
-38.34708262,-81.74814766,120.0952303,-64.31661316,-3.377209786,74.20305646,BF
-31.94586853,-86.57622065,118.5220892,-65.64826721,-3.180763325,74.19684139,BF
-21.07835496,-94.047871,115.126226,-67.56722649,-2.873314954,74.18647686,BF
0.748877903,-106.4735802,105.7247023,-69.45960988,-2.367716937,74.16603577,BF
22.54497976,-115.5312035,92.9862237,-69.42536333,-2.039279033,74.14560032,BF
43.62491434,-120.9165233,77.29160895,-67.57245288,-1.934352532,74.1251705,BF
63.31879037,-122.5046871,59.18589672,-64.15174362,-2.086977069,74.10474631,BF
74.71877258,-121.4818563,46.76308369,-58.87593975,-2.327695449,74.0918661,BF
74.71877258,-121.4818563,46.76308369,-58.87593975,-2.327695449,74.0918661,BF
90.91832207,-116.8083926,25.89007051,-52.94093913,-2.943176578,74.07145108,BF
104.2201787,-108.4047366,4.184557809,-44.48422304,-3.848008373,74.0510417,BF
114.2605253,-96.57704226,-17.683483,-34.74883591,-5.025802974,74.03063795,BF
120.7160393,-81.68850019,-39.02753912,-24.13571246,-6.44742285,74.01023984,BF
123.3887174,-64.20433536,-59.184382,-13.04654128,-8.070591889,73.98984735,BF
121.4376537,-40.24242578,-81.19522791,-0.05319924,-10.23743079,73.96505869,BF
121.4263081,-40.1833222,-81.24298595,1.62E-10,-10.24268253,73.96500026,BF
121.4263081,-40.1833222,-81.24298595,7.23E-10,-10.24268253,73.96500026,BF
113.7953531,-14.33139279,-99.46396034,15.58577663,-12.50031158,73.94021994,BF
100.9328869,12.25088897,-113.1837759,28.9347938,-14.73464432,73.91544795,BF
83.39090297,38.32315599,-121.714059,40.46289261,-16.80597193,73.89068427,BF
61.98563719,62.68898559,-124.6746228,49.99597667,-18.58725427,73.86592891,BF
46.87662894,76.70696478,-123.5835937,55.51531324,-19.50880337,73.85026617,BF
46.87662894,76.70696478,-123.5835937,55.51531324,-19.50880337,73.85026617,BF
21.34572885,95.90055052,-117.2462794,60.83341027,-20.56742853,73.82552437,BF
-5.179191156,110.7265772,-105.547386,63.56722161,-21.07533136,73.80079088,BF
-31.48108451,120.4979759,-89.01689135,63.24458732,-20.98232126,73.77606567,BF
-56.32636704,124.7458994,-68.41953231,60.3188016,-20.26944407,73.75134874,BF
-74.36885607,124.0407386,-49.6718825,55.4985016,-19.26988809,73.73163438,BF
-74.36885607,124.0407386,-49.6718825,55.4985016,-19.26988809,73.73163438,BF
-93.81487088,118.083332,-24.26846115,47.28479779,-17.52789082,73.70693231,BF
-108.9469152,106.7136522,2.233262959,37.07727223,-15.309168,73.6822385,BF
-119.0595945,90.47505193,28.58454255,25.1638939,-12.7268239,73.65755294,BF
-123.6923704,70.11291671,53.57945374,12.19803141,-9.909380317,73.63287563,BF
-122.9801024,49.10367557,73.87642688,5.99E-10,-7.2971227,73.61075627,BF
-122.9801024,49.10367557,73.87642688,3.47E-10,-7.2971227,73.61075627,BF
-116.8193749,23.63123602,93.18813888,-13.89820844,-4.429298733,73.58609458,BF
-105.2764858,-2.886718204,108.163204,-26.64828344,-1.740922164,73.56144112,BF
-88.88366068,-29.21440022,118.0980609,-38.15745753,0.63681229,73.5367959,BF
-68.39756366,-54.14437177,122.5419354,-47.79593889,2.596949317,73.51215892,BF
-50.16760746,-71.82299378,121.9906012,-54.11986711,3.77497779,73.49295137,BF
-50.16760746,-71.82299378,121.9906012,-54.11986711,3.77497779,73.49295137,BF
-24.82908068,-91.5113589,116.3404396,-59.29643709,4.814937894,73.46832905,BF
1.64878808,-106.8713599,105.2225718,-61.78680272,5.285791491,73.44371497,BF
28.04144484,-117.2510306,89.2095858,-61.32960957,5.209122349,73.41910913,BF
53.13437259,-122.1641876,69.02981496,-58.05863818,4.630036216,73.39451154,BF
68.6474522,-122.2092869,53.56183471,-53.53624265,3.989864646,73.37798308,BF
68.6474522,-122.2092869,53.56183471,-53.53624265,3.989864646,73.37798308,BF
89.05628137,-117.6388707,28.58258931,-45.60561979,2.755037263,73.35339929,BF
105.2966659,-107.5234419,2.226776016,-35.59289974,1.265992138,73.32882374,BF
116.6756069,-92.39828791,-24.27731902,-23.63487852,-0.350441963,73.30425645,BF
122.6602608,-72.94793458,-49.71232621,-10.66634627,-1.971570042,73.2796974,BF
123.4333408,-57.50038547,-65.93295534,1.19E-10,-3.023113359,73.26280834,BF
123.4333408,-57.50038547,-65.93295534,3.74E-10,-3.023113359,73.26280834,BF
119.8532524,-32.88377211,-86.96948032,13.81005628,-4.39500354,73.2382632,BF
110.6746434,-6.681678169,-103.9929652,27.08273689,-5.487382726,73.2137263,BF
96.38673215,19.88339814,-116.2701303,39.47784995,-6.244976673,73.18919762,BF
77.63640313,45.5923486,-123.2287517,50.06978219,-6.635476148,73.16467717,BF
56.7351049,67.84842472,-124.5835296,58.82302168,-6.660374656,73.141668,BF
56.7351049,67.84842472,-124.5835296,58.82302168,-6.660374656,73.141668,BF
31.95495082,88.59891767,-120.5538685,65.01105339,-6.367902465,73.11716347,BF
5.685850557,105.2890111,-110.9748617,68.52159963,-5.791000808,73.09266715,BF
-20.85479543,117.1778192,-96.32302375,69.02347649,-5.0179419,73.06817903,BF
-46.44744669,123.7166038,-77.26915711,66.57531898,-4.149023814,73.0436991,BF
-69.92831052,124.6108783,-54.68256782,61.57639997,-3.294732928,73.01922737,BF
-71.59578538,124.3978699,-52.80208449,60.23833798,-3.231195307,73.01730878,BF
-71.59578538,124.3978699,-52.80208449,60.23833798,-3.231195307,73.01730878,BF
-91.5503766,119.1274498,-27.57707317,52.10025596,-2.518483057,72.99284589,BF
-107.2607056,108.4116378,-1.150932236,41.67194333,-2.047786196,72.96839118,BF
-118.0318299,92.744878,25.28695185,29.4156942,-1.906043526,72.94394466,BF
-123.3658493,72.85169142,50.51415787,16.10640012,-2.158268623,72.91950633,BF
-123.021748,49.63881625,73.38293172,2.727390713,-2.841039792,72.8950762,BF
-122.5291384,46.30092538,76.228213,1.23E-09,-2.967378436,72.89177201,BF
-122.5291384,46.30092538,76.228213,7.49E-10,-2.967378436,72.89177201,BF
-115.7032926,20.62888787,95.07440475,-14.12024258,-4.144668966,72.86735118,BF
-103.5846835,-5.922574924,109.5072584,-27.54568384,-5.71776929,72.84293854,BF
-86.68380186,-32.1478707,118.8316726,-39.39234476,-7.623598401,72.8185341,BF
-65.78937484,-56.83940004,122.6287749,-49.25528482,-9.767961462,72.79413785,BF
-45.23545682,-76.0559935,121.2914503,-56.4449531,-11.72389518,72.77305211,BF
-45.23545681,-76.0559935,121.2914503,-56.4449531,-11.72389518,72.77305211,BF
-19.58049467,-94.9095926,114.4900873,-61.50876957,-13.98627369,72.74867114,BF
6.97267445,-109.3316633,102.3589889,-64.02010205,-16.11997842,72.72429836,BF
33.19803036,-118.6522126,85.45418222,-63.45722638,-17.98885841,72.69993377,BF
57.86271716,-122.4199214,64.55720423,-60.35893371,-19.46240733,72.67557736,BF
74.68314936,-121.5134913,46.83034195,-55.27399195,-20.25298052,72.65732326,BF
74.68314936,-121.5134913,46.83034195,-55.27399195,-20.25298052,72.65732326,BF
93.98625797,-115.3351015,21.34884355,-47.01690752,-20.80639181,72.63298114,BF
108.9471604,-103.7832556,-5.163904873,-36.73729214,-20.75028483,72.60864718,BF
118.8699932,-87.38123764,-31.48875552,-24.79371911,-20.06401638,72.58432137,BF
123.3056885,-66.88184807,-56.42384041,-11.8967714,-18.76747467,72.5600037,BF
122.7680804,-48.65179923,-74.11628117,2.79E-10,-17.35724468,72.54104086,BF
122.7680804,-48.65179923,-74.11628117,5.82E-10,-17.35724468,72.54104086,BF
117.0497478,-23.3087929,-93.74095486,13.05631455,-15.12305219,72.51673766,BF
105.9254637,3.167234296,-109.0926979,26.1105843,-12.51067684,72.49244257,BF
89.89801599,29.55675197,-119.454768,37.73389651,-9.650901573,72.4681556,BF
69.70435311,54.65546383,-124.3598169,47.56405488,-6.689692011,72.44387674,BF
48.9962815,74.890638,-123.8869195,54.90593471,-4.094993767,72.42231364,BF
48.9962815,74.890638,-123.8869195,54.90593471,-4.094993767,72.42231364,BF
23.62391137,94.40772019,-118.0316316,59.82773283,-1.359838521,72.39805008,BF
-2.872041831,109.6438262,-106.7717843,62.70164995,1.0620233,72.37379463,BF
-29.24569164,119.8730067,-90.6273151,62.43390175,3.053439503,72.34954728,BF
-54.29926519,124.6351913,-70.33592613,59.55597784,4.532832223,72.32530803,BF
-72.16351615,124.3498095,-52.18629333,53.69674027,5.290904084,72.30637294,BF
-72.16351615,124.3498095,-52.18629333,53.69674027,5.290904084,72.30637294,BF
-92.00485422,118.9440659,-26.93921171,45.90293666,5.746254796,72.28214814,BF
-107.6240345,108.1132361,-0.489201649,35.56115093,5.638480482,72.25793146,BF
-118.2854637,92.34326686,25.94219684,23.7063656,5.014464041,72.2337229,BF
-123.507695,72.35896096,51.14873402,11.15835577,3.953742989,72.20952245,BF
-123.8134247,57.2790638,66.53436089,7.80E-10,3.061752573,72.19354013,BF
-123.8134247,57.2790638,66.53436089,4.40E-10,3.061752573,72.19354013,BF
-119.5464263,32.41722859,87.1291977,-13.07709498,1.515131494,72.16935317,BF
-109.7876211,6.114086931,103.6735342,-26.48316794,-0.156933633,72.14517432,BF
-94.96738022,-20.41982097,115.3872012,-38.49235226,-1.82633834,72.1210036,BF
-75.77217069,-45.94423476,121.7164055,-49.09622575,-3.369413974,72.09684098,BF
-59.26143405,-63.51371998,122.775154,-55.98208449,-4.372533037,72.07897346,BF
-59.26143405,-63.51371998,122.775154,-55.98208449,-4.372533037,72.07897346,BF
-34.66580356,-84.54965316,119.2154567,-62.14679216,-5.462108232,72.05482495,BF
-8.478572752,-101.6385538,110.1171265,-65.91275326,-6.201040558,72.03068454,BF
18.09125487,-113.9823328,95.89107796,-66.59101138,-6.559478402,72.00655222,BF
43.79833149,-120.9931086,77.19477709,-64.56974735,-6.539971512,71.98242799,BF
67.47373638,-122.3669454,54.89320902,-59.22610169,-6.183418648,71.95831185,BF
67.6195556,-122.3572555,54.73769986,-59.19454489,-6.180138139,71.95815458,BF
67.6195556,-122.3572555,54.73769986,-59.19454489,-6.180138139,71.95815458,BF
88.17096106,-117.9937902,29.82282916,-51.01689867,-5.552977921,71.93404656,BF
104.6132765,-108.1252211,3.511944593,-40.94863035,-4.746965802,71.90994661,BF
116.2172972,-93.20981198,-23.00748519,-28.9242771,-3.871132258,71.88585472,BF
122.4476652,-73.93773075,-48.50993442,-15.72672129,-3.041779845,71.8617709,BF
123.0236666,-51.18842292,-71.83524367,-2.153716493,-2.373487162,71.83769514,BF
122.7191263,-48.42686446,-74.29226181,-9.04E-10,-2.312632814,71.8349585,BF
122.7191263,-48.42686446,-74.29226181,-4.46E-10,-2.312632814,71.8349585,BF
116.9052665,-23.04834139,-93.85692514,13.99357877,-1.948672074,71.81089171,BF
105.7218064,3.431006089,-109.1528124,27.54702912,-1.946799403,71.78683299,BF
89.63726261,29.80778923,-119.4450518,39.60754315,-2.364660793,71.76278233,BF
69.40295376,54.8668228,-124.2697766,49.84125288,-3.227724509,71.73873973,BF
45.93097479,77.44547837,-123.3764532,57.82600284,-4.529769681,71.7147052,BF
44.56446208,78.59542179,-123.1598839,58.21162834,-4.613580996,71.71338094,BF
44.56446207,78.59542179,-123.1598839,58.21162834,-4.613580996,71.71338094,BF
18.89817955,97.41426016,-116.3124397,63.42176867,-6.326310262,71.68935492,BF
-7.660420481,111.796806,-104.1363855,65.71992526,-8.351703793,71.66533697,BF
-33.88039272,121.0736942,-87.19330146,65.08487333,-10.58366749,71.64132709,BF
-58.52476981,124.79327,-66.26850016,61.88682988,-12.89103652,71.61732527,BF
-76.75944307,123.6036462,-46.84420311,55.92121352,-14.74681295,71.5977077,BF
-76.75944308,123.6036462,-46.84420311,55.92121352,-14.74681295,71.5977077,BF
-95.7591118,117.0018397,-21.24272788,47.31091053,-16.84026879,71.57372054,BF
-110.3581079,105.058225,5.299882863,36.75272498,-18.62059409,71.54974143,BF
-119.8749824,88.31496065,31.5600218,24.61184935,-19.96320631,71.52577037,BF
-123.8791845,67.53929402,56.33989053,11.69232857,-20.77077672,71.50180735,BF
-123.1756167,50.93620788,72.23940882,7.26E-10,-20.95208161,71.48487139,BF
-123.1756167,50.93620788,72.23940882,5.42E-10,-20.95208161,71.48487139,BF
-117.5072091,25.59063197,91.91657712,-13.3734878,-20.70738983,71.46092208,BF
-106.3536968,-0.886430909,107.2401277,-26.22324602,-19.79869255,71.43698078,BF
-90.31354835,-27.26953583,117.5830842,-38.05716117,-18.28099326,71.4130475,BF
-70.11121999,-52.34537382,122.4565938,-47.98319612,-16.21922979,71.38912222,BF
-48.84678753,-73.07551395,121.9223015,-55.32269575,-13.94832546,71.36732231,BF
-48.84678753,-73.07551396,121.9223015,-55.32269575,-13.94832546,71.36732231,BF
-23.42136305,-92.49341052,115.9147736,-61.06512843,-11.15170267,71.3434123,BF
3.090226557,-107.6063979,104.5161714,-63.5584308,-8.174681308,71.31951027,BF
29.4325045,-117.682302,88.24979755,-63.29220356,-5.176265064,71.29561622,BF
54.41530103,-122.28078,67.86547893,-60.13505983,-2.309002495,71.27173015,BF
74.4735689,-121.5692679,47.09569901,-54.93765458,0.004672035,71.25056607,BF
74.4735689,-121.5692679,47.09569901,-54.93765458,0.004672035,71.25056607,BF
93.81059255,-115.4396847,21.62909219,-46.19467402,2.240672386,71.22669505,BF
108.8078647,-103.9195624,-4.888302313,-35.71960967,3.985822417,71.202832,BF
118.7681929,-87.54675745,-31.22143541,-23.57703015,5.170361399,71.17897693,BF
123.2370554,-67.07579818,-56.16125723,-10.51679181,5.76346548,71.15512984,BF
122.9077535,-50.65650808,-72.25124537,6.19E-10,5.820835301,71.13831275,BF
122.9077535,-50.65650808,-72.25124537,8.74E-10,5.820835301,71.13831275,BF
117.7004876,-25.46286159,-92.23762598,13.65113802,5.443345163,71.11447929,BF
106.9964693,0.971503011,-107.9679723,26.521683,4.568638639,71.09065381,BF
91.34755702,27.41699763,-118.7645546,38.34737298,3.300542218,71.06683633,BF
71.46510723,52.65768586,-124.1227931,48.24894122,1.755354205,71.04302685,BF
56.61203907,67.93577931,-124.5478184,54.19199989,0.657321695,71.02747641,BF
56.61203907,67.93577931,-124.5478184,54.19199989,0.657321695,71.02747641,BF
31.81919511,88.65882524,-120.4780204,60.09792806,-1.056617818,71.00368014,BF
5.54593067,105.3504435,-110.8963742,63.51775315,-2.699139439,70.97989186,BF
-20.99991432,117.2361903,-96.23627595,63.90236391,-4.153744005,70.95611156,BF
-46.57588495,123.7511742,-77.17528925,61.61909359,-5.321846253,70.93233924,BF
-64.80187528,124.9215273,-60.11965206,57.38827939,-5.984718393,70.91414346,BF
-64.80187528,124.9215273,-60.11965206,57.38827939,-5.984718393,70.91414346,BF
-85.86016379,121.421603,-35.56143917,49.92033845,-6.507195431,70.89038522,BF
-102.9795092,112.3583689,-9.378859666,39.97378867,-6.64161351,70.86663494,BF
-115.3558767,98.16787544,17.18800129,28.23507081,-6.413743974,70.84289262,BF
-122.4253449,79.50168034,42.92366454,15.19533484,-5.883002496,70.81915824,BF
-123.8685176,57.21306616,66.65545144,1.598411214,-5.135475851,70.79543181,BF
-123.7127272,55.498848,68.21387917,1.48E-09,-5.072597972,70.79372231,BF
-123.7127272,55.498848,68.21387917,9.45E-10,-5.072597972,70.79372231,BF
-119.0190771,30.47108307,88.54799403,-14.11167515,-4.208086457,70.77000439,BF
-108.8422033,4.113807362,104.728396,-27.62646244,-3.359460497,70.74629442,BF
-93.65249528,-22.37937735,116.0318726,-39.92674202,-2.646113032,70.72259237,BF
-74.1524083,-47.78484822,121.9372565,-50.48531283,-2.179633549,70.69889827,BF
-51.2327132,-70.94442468,122.1771379,-58.85625324,-2.053892072,70.6752121,BF
-47.45958974,-74.23749329,121.697083,-60.04090899,-2.069975312,70.67156129,BF
-47.45958974,-74.23749329,121.697083,-60.04090899,-2.069975312,70.67156129,BF
-21.91688561,-93.42189567,115.3387813,-65.21389326,-2.424417414,70.64788428,BF
4.606423746,-108.2518955,103.6454718,-67.70151432,-3.228303789,70.62421521,BF
30.9061322,-118.0219738,87.11584163,-67.12761566,-4.480161745,70.60055407,BF
55.77028485,-122.2907395,66.52045461,-63.74937815,-6.140286921,70.57690088,BF
78.06757474,-120.8622855,42.79471072,-57.99766257,-8.137355523,70.55325563,BF
79.29427393,-120.5934002,41.29912632,-57.16798007,-8.265309527,70.55184214,BF
79.29427393,-120.5934002,41.29912632,-57.16798007,-8.265309527,70.55184214,BF
97.66587695,-113.14431,15.47843307,-47.47414861,-10.49841155,70.52820531,BF
108.7058684,-103.9173332,-4.788535177,-38.85043548,-12.27657537,70.51021003,BF
118.4607006,-88.1169973,-30.34370331,-26.91205302,-14.51435994,70.48729685,BF
123.056185,-68.42915409,-54.62703094,-14.66637967,-16.60674746,70.46439113,BF
122.2589195,-45.6838965,-76.57502305,-0.878167563,-18.41992018,70.44149288,BF
122.0313223,-44.19773803,-77.8335843,-1.74E-09,-18.518201,70.44006065,BF
122.0313223,-44.19773803,-77.8335843,-1.38E-09,-18.518201,70.44006065,BF
115.6769405,-19.39881305,-96.27812749,14.12295656,-19.912348,70.41717031,BF
104.2125397,6.348227211,-110.5607669,26.7984328,-20.79749711,70.39428743,BF
88.21775645,31.86817701,-120.0859335,38.37941122,-21.10987497,70.37141199,BF
68.37257108,56.064235,-124.4368061,48.03206081,-20.80909569,70.34854398,BF
48.63236756,75.19084441,-123.823212,55.28759576,-20.03497141,70.3286454,BF
48.63236756,75.19084441,-123.823212,55.28759576,-20.03497141,70.3286454,BF
24.00571454,94.17345649,-118.179171,60.70444577,-18.60538973,70.30579128,BF
-1.676325105,109.0913124,-107.4149873,63.56630633,-16.63775071,70.28294456,BF
-27.29960953,119.327745,-92.02813543,63.61582974,-14.23213548,70.26010525,BF
-51.75378883,124.436306,-72.68251717,60.91823163,-11.50548655,70.23727334,BF
-73.98826769,124.2006381,-50.21237037,55.76165451,-8.593086364,70.21444881,BF
-74.76093886,124.0685707,-49.30763181,55.26951085,-8.480086197,70.21357766,BF
-74.76093886,124.0685707,-49.30763181,55.26951085,-8.480086197,70.21357766,BF
-93.6276646,118.2585696,-24.63090495,47.31172153,-5.529186609,70.19076081,BF
-108.4538875,107.3803535,1.073533967,37.14487106,-2.693387908,70.16795134,BF
-118.56168,91.86571935,26.69596068,25.85660277,-0.10896626,70.14514927,BF
-123.5042011,72.39510656,51.10909456,13.6836004,2.1002203,70.12235458,BF
-123.0888333,50.02134559,73.06748767,-3.65E-09,3.821983595,70.09972842,BF
-123.0888333,50.02134559,73.06748767,-3.94E-09,3.821983595,70.09972842,BF
-117.4859943,25.43807931,92.04791494,-13.97519459,5.034778935,70.07694846,BF
-106.6924847,-0.25681336,106.9492981,-25.96066856,5.672422684,70.05417589,BF
-91.29101157,-25.88107472,117.1720863,-37.30842535,5.746552776,70.03141072,BF
-71.93085632,-50.33304297,122.2638993,-46.8138943,5.292406936,70.00865294,BF
-53.53379362,-68.89100368,122.4247973,-53.50627137,4.564475573,69.98985905,BF
-53.53379362,-68.89100368,122.4247973,-53.50627137,4.564475573,69.98985905,BF
-29.22170856,-88.50416198,117.7258705,-58.83778189,3.339904735,69.9671148,BF
-3.644596252,-104.2308499,107.8754461,-61.84377831,1.841579207,69.94437795,BF
22.08001568,-115.3764751,93.29645946,-61.98531922,0.192209936,69.9216485,BF
46.82223475,-121.4426809,74.62044619,-59.60381662,-1.480861638,69.89892646,BF
64.63459401,-122.4519682,57.81737417,-55.45912749,-2.716262074,69.88130812,BF
64.63459401,-122.4519682,57.81737417,-55.45912749,-2.716262074,69.88130812,BF
85.10996076,-119.0742226,33.96426188,-47.62460232,-4.151835673,69.85859921,BF
101.8239658,-110.4139038,8.589938009,-38.41508228,-5.309850277,69.8358977,BF
114.11128,-96.91347888,-17.1978011,-27.09631784,-6.133018163,69.81320357,BF
121.4304297,-79.14790096,-42.28252874,-14.61345177,-6.585287768,69.79051682,BF
123.4713223,-57.88464236,-65.58667994,-1.518439705,-6.664959142,69.76783744,BF
123.3802258,-56.23794999,-67.14227578,-1.49E-09,-6.651710411,69.76619688,BF
123.3802258,-56.23794999,-67.14227578,-9.68E-10,-6.651710411,69.76619688,BF
119.6435215,-32.25152569,-87.39199583,13.74401772,-6.360672811,69.74352541,BF
110.6934753,-6.827553865,-103.8659215,26.92455274,-5.786173215,69.7208613,BF
96.922448,18.94752664,-115.8699746,39.06697389,-5.014103376,69.69820455,BF
78.92975672,43.95356745,-122.8833242,49.6453899,-4.146486663,69.67555515,BF
57.49118519,67.11624142,-124.6074266,58.24344836,-3.294807697,69.65291311,BF
52.08523415,72.07303312,-124.1582673,60.07630386,-3.108958877,69.64763837,BF
52.08523415,72.07303312,-124.1582673,60.07630387,-3.108958877,69.64763837,BF
27.6922597,91.60812656,-119.3003863,65.8442469,-2.432829795,69.62500539,BF
2.097364914,107.1459799,-109.2433448,68.91421088,-2.014261242,69.60237976,BF
-23.60315659,118.0918782,-94.48872166,69.11167271,-1.938136979,69.57976148,BF
-48.2903948,123.9583339,-75.66793914,66.57253348,-2.265088368,69.55715055,BF
-70.90315686,124.4984988,-53.5953419,61.61434071,-3.025989874,69.53454697,BF
-75.56920272,123.7991547,-48.22995198,58.48445594,-3.261718956,69.52942111,BF
-75.56920273,123.7991547,-48.22995198,58.48445594,-3.261718957,69.52942111,BF
-94.34616893,117.8166552,-23.47048624,50.5807407,-4.55030586,69.50682656,BF
-108.9485517,106.7092854,2.239266274,40.57753163,-6.222369707,69.48423936,BF
-118.843857,91.02575353,27.8181035,28.59992818,-8.204339284,69.46165952,BF
-123.5849247,71.43598554,52.14893918,15.74756823,-10.39489635,69.43908704,BF
-122.9728143,48.78573622,74.18707808,2.771543653,-12.67435198,69.41652192,BF
-122.434494,45.30354029,77.13095376,2.10E-09,-13.00381136,69.41324987,BF
-122.434494,45.30354029,77.13095376,1.63E-09,-13.00381136,69.41324987,BF
-115.6933168,20.36276835,95.33054849,-14.00027853,-15.21297105,69.39069317,BF
-103.9626607,-5.39626379,109.3589245,-26.73916001,-17.21586367,69.36814381,BF
-87.72026539,-30.87187889,118.5921443,-38.23328266,-18.88039076,69.3456018,BF
-67.67725599,-54.95913594,122.6363919,-47.86486119,-20.092298,69.32306713,BF
-49.26170296,-72.70739662,121.9690996,-54.77106109,-20.67508419,69.30483981,BF
-49.26170296,-72.70739662,121.9690996,-54.77106109,-20.67508419,69.30483981,BF
-24.6471323,-91.66992475,116.317057,-60.11023282,-20.84856212,69.2823184,BF
1.033586927,-106.6086319,105.5750449,-63.14305411,-20.39268705,69.2598043,BF
26.65929988,-116.8637683,90.2044684,-63.25449849,-19.308628,69.23729752,BF
51.10434009,-121.9752397,70.87089957,-60.83997466,-17.63447265,69.21479803,BF
73.32063992,-121.7390624,48.41842246,-55.3739616,-15.44918264,69.19230584,BF
73.71473931,-121.6824904,47.96775109,-55.28176552,-15.40331689,69.19187949,BF
73.71473931,-121.6824904,47.96775109,-55.28176552,-15.40331689,69.19187949,BF
92.68219879,-116.0073492,23.32515045,-47.3782884,-12.80497609,69.16939472,BF
107.5918316,-105.2344498,-2.357381794,-37.52924402,-9.934731349,69.14691723,BF
117.8170093,-89.83632706,-27.9806822,-26.07636104,-6.937920894,69.12444702,BF
122.9138932,-70.48240698,-52.43148625,-13.61210211,-3.967265713,69.10198409,BF
122.6659533,-48.00702828,-74.65892501,-0.825721753,-1.170478612,69.07952842,BF
122.5211355,-46.99087195,-75.53026358,6.74E-10,-1.058054957,69.07857002,BF
122.5211355,-46.99087195,-75.53026358,1.16E-09,-1.058054957,69.07857002,BF
116.6746312,-22.30328565,-94.37134558,13.45682551,1.407867563,69.05612194,BF
105.7598865,3.398118153,-109.1580046,25.85189003,3.44060387,69.03368113,BF
90.23441812,29.00576702,-119.2401851,37.08512153,4.954331233,69.0112476,BF
70.77610741,53.40900257,-124.18511,46.60427434,5.897142274,68.98882134,BF
49.86551807,74.0838571,-123.9493752,53.85479264,6.242715524,68.96795418,BF
49.86551807,74.0838571,-123.9493752,53.85479264,6.242715524,68.96795418,BF
25.31311777,93.25490064,-118.5680184,58.90088623,6.069065891,68.94554199,BF
-0.347102303,108.405288,-108.0581857,61.42898524,5.375976088,68.92313708,BF
-26.00710416,118.9016287,-92.89452454,61.15112646,4.249040392,68.90073947,BF
-50.55368192,124.2868169,-73.73313499,58.17611906,2.794733022,68.87834914,BF
-67.38525974,124.7928115,-57.40755173,53.86301364,1.575562647,68.86174503,BF
-67.38525974,124.7928115,-57.40755173,53.86301364,1.575562647,68.86174503,BF
-87.51194398,120.8734747,-33.36153072,46.33271581,-0.150204114,68.8393674,BF
-103.8233481,111.7184632,-7.895115121,36.63531499,-1.854867406,68.81699706,BF
-115.6421791,97.76813491,17.87404423,25.18304146,-3.418119959,68.79463401,BF
-122.4523102,79.6214633,42.83084689,12.61295429,-4.737868745,68.77227824,BF
-124.005193,59.2058529,64.79934012,1.35E-09,-5.694644743,68.75104846,BF
-124.005193,59.2058529,64.79934012,1.12E-09,-5.694644743,68.75104846,BF
-120.3856215,35.28327554,85.10234593,-14.25273709,-6.337735253,68.72870687,BF
-111.5596824,9.87797567,101.6817068,-27.36402792,-6.597726714,68.70637254,BF
-97.89893901,-15.90211156,113.8010506,-39.53177626,-6.488608074,68.68404548,BF
-79.99968845,-40.94082668,120.9405151,-50.12779819,-6.059756886,68.66172566,BF
-58.63316048,-64.16084683,122.7940073,-58.70912052,-5.387437304,68.6394131,BF
-55.26782485,-67.33913688,122.6069617,-60.02804853,-5.273420017,68.63614792,BF
-55.26782485,-67.33913688,122.6069617,-60.02804854,-5.273420017,68.63614792,BF
-31.06996224,-87.19484923,118.2648115,-65.96892738,-4.438803996,68.61384366,BF
-5.554936381,-103.2165197,108.7714561,-69.33718925,-3.589887592,68.59154664,BF
20.18976323,-114.6977023,94.50793905,-69.80714393,-2.840465484,68.56925685,BF
45.04545934,-121.1460502,76.10059084,-67.54826482,-2.302387287,68.54697431,BF
67.94427378,-122.2853601,54.34108627,-62.87942979,-2.072424271,68.524699,BF
73.11447436,-121.6493087,48.5348343,-59.37443955,-2.075335211,68.5191739,BF
73.11447436,-121.6493087,48.5348343,-59.37443955,-2.075335211,68.5191739,BF
77.47776309,-120.9977185,43.51995538,-60.01465453,-2.091920587,68.51453812,BF
81.55150864,-120.0110933,38.45958469,-57.20905197,-2.13033751,68.50990266,BF
85.52840631,-118.8409712,33.31256489,-56.08140622,-2.18530336,68.50526751,BF
90.26275491,-117.026217,26.76346206,-53.55984563,-2.281735245,68.49944751,BF
97.4073087,-113.3271886,15.91987987,-49.47634752,-2.502799259,68.48996291,BF
111.081404,-101.0832674,-9.998136668,-38.34799488,-3.343947374,68.46759031,BF
119.8634475,-84.33244948,-35.53099801,-26.32931727,-4.627670397,68.44522502,BF
123.3295812,-63.78665343,-59.54292779,-12.93002099,-6.31501989,68.42286705,BF
121.6532538,-41.77690971,-79.87634404,1.80E-09,-8.203422301,68.40172434,BF
121.6532538,-41.77690971,-79.87634404,2.05E-09,-8.203422301,68.40172434,BF
114.6795185,-16.69105707,-97.98846145,14.37863988,-10.41792438,68.37938062,BF
102.6330079,9.219615243,-111.8526231,27.15452201,-12.73961862,68.35704422,BF
86.0704704,34.77481006,-120.8452805,38.70820038,-15.02268651,68.33471514,BF
65.71377242,58.86293493,-124.5767073,48.31786441,-17.12449036,68.31239337,BF
46.84799144,76.7364227,-123.5844141,55.03396619,-18.61074668,68.29413571,BF
46.84799143,76.7364227,-123.5844141,55.03396619,-18.61074668,68.29413571,BF
21.97972162,95.49945829,-117.4791799,60.27401589,-20.02964219,68.27182723,BF
-3.873481647,110.1345104,-106.2610287,63.09428217,-20.91921283,68.24952604,BF
-29.57053192,119.9889438,-90.41841184,62.97950988,-21.20100516,68.22723215,BF
-53.9715553,124.6157995,-70.64424421,60.33681121,-20.8308842,68.20494554,BF
-73.56001398,124.2083528,-50.64833878,55.37819929,-19.96604644,68.18532204,BF
-73.56001398,124.2083528,-50.64833878,55.37819929,-19.96604644,68.18532204,BF
-92.72677245,118.6790789,-25.95230643,47.50917673,-18.40544772,68.1630491,BF
-107.8348947,107.9833071,-0.148412425,37.68956938,-16.29437955,68.14078342,BF
-118.2208523,92.60185882,25.61899348,26.22531519,-13.74010154,68.11852499,BF
-123.4320987,73.20810641,50.22399226,13.69017933,-10.87378327,68.09627381,BF
-123.2440286,50.6476923,72.59633633,0.748688929,-7.844402767,68.07402987,BF
-123.1142363,49.74226978,73.37196654,1.73E-09,-7.728178386,68.07318502,BF
-123.1142363,49.74226978,73.37196654,1.23E-09,-7.728178386,68.07318502,BF
-117.2968288,24.94374731,92.35308147,-13.44376188,-4.697266156,68.05094859,BF
-106.352741,-0.886018877,107.2387599,-25.92735115,-1.828691968,68.02871939,BF
-90.74861785,-26.62494507,117.3735629,-37.22155737,0.734987601,68.00649743,BF
-71.17248837,-51.1442607,122.3167491,-46.80422115,2.870435495,67.98428271,BF
-48.47700464,-73.37777425,121.8547789,-54.23531181,4.484660339,67.96207522,BF
-48.03653109,-73.75809936,121.7946305,-54.3674089,4.508942625,67.96166782,BF
-48.03653109,-73.75809936,121.7946305,-54.3674089,4.508942625,67.96166782,BF
-23.19062637,-92.61091925,115.8015456,-59.51099528,5.523712145,67.93946771,BF
2.657042754,-107.3656397,104.7085969,-61.66448901,5.93847267,67.91727484,BF
28.37721683,-117.3486393,88.97142252,-61.09871378,5.76761709,67.89508922,BF
52.84421621,-122.13029,69.28607382,-57.83184177,5.067340236,67.87291086,BF
69.29139723,-122.1610175,52.86962026,-53.24258862,4.265456611,67.85669888,BF
69.29139723,-122.1610175,52.86962026,-53.24258862,4.265456611,67.85669888,BF
89.120758,-117.5965585,28.47580048,-45.46891864,2.870795915,67.83453308,BF
104.9968609,-107.7766309,2.779769988,-35.50007283,1.236320793,67.81237452,BF
116.2581093,-93.17720809,-23.08090126,-23.82122915,-0.499959577,67.79022322,BF
122.4065528,-74.43167437,-47.97487848,-11.1057683,-2.204499007,67.76807918,BF
123.4362977,-57.443856,-65.99244168,4.10E-10,-3.428748255,67.75081308,BF
123.4362977,-57.443856,-65.99244168,7.34E-10,-3.428748255,67.75081308,BF
119.9843558,-33.46082646,-86.5235293,13.62635115,-4.782039196,67.72868193,BF
111.2232895,-7.944025808,-103.2792637,26.86274034,-5.80792297,67.70655802,BF
97.57393883,17.97329381,-115.5472326,39.10275212,-6.45602007,67.68444135,BF
79.62960145,43.1583566,-122.7879581,49.71641762,-6.707544625,67.66233191,BF
58.17333209,66.51585159,-124.6891837,58.26230752,-6.580118362,67.64022969,BF
56.53994877,68.07459709,-124.6145459,58.95240122,-6.557227864,67.63866076,BF
56.53994877,68.07459709,-124.6145459,58.95240122,-6.557227864,67.63866076,BF
32.3712772,88.29142787,-120.6627051,65.49139965,-6.073541459,67.61656627,BF
6.781913252,104.700179,-111.4820922,68.92967624,-5.350195561,67.59447899,BF
-19.11602711,116.5625128,-97.44648566,69.59996155,-4.487323029,67.57239892,BF
-44.18737995,123.3652435,-79.17786358,67.47124068,-3.603399146,67.55032605,BF
-67.34266923,124.8137445,-57.47107529,62.81652094,-2.819955447,67.52826039,BF
-71.91412643,124.3348717,-52.42074527,60.13971288,-2.675531092,67.52349358,BF
-71.91412643,124.3348717,-52.42074527,60.13971288,-2.675531092,67.52349358,BF
-91.4170722,119.2295931,-27.81252089,52.45076636,-2.170071212,67.50143668,BF
-106.8285411,108.8855095,-2.056968475,42.68935951,-2.004359902,67.47938697,BF
-117.5747279,93.82212806,23.75259985,30.84698236,-2.248388793,67.45734447,BF
-123.1677416,74.69108816,48.47665346,17.99239756,-2.942925186,67.43530917,BF
-123.3699688,52.32853676,71.04143202,4.856145775,-4.093084865,67.41328108,BF
-122.4822218,45.85287073,76.62935109,9.74E-10,-4.479300197,67.40733142,BF
-122.4822218,45.85287073,76.62935109,5.47E-10,-4.479300197,67.40733142,BF
-115.8070461,20.80583571,95.00121043,-13.46856435,-6.1591687,67.38531248,BF
-104.0817583,-5.082472684,109.164231,-26.3244641,-8.168063465,67.36330076,BF
-87.79161191,-30.69796247,118.4895744,-37.86175816,-10.40175207,67.34129624,BF
-67.65660906,-54.9169202,122.5735293,-47.55396562,-12.73035151,67.31929894,BF
-46.00274546,-75.45048247,121.4532279,-55.06844963,-14.87654034,67.29863352,BF
-46.00274546,-75.45048247,121.4532279,-55.06844963,-14.87654034,67.29863352,BF
-21.05323639,-93.99755989,115.0507963,-60.26154836,-16.96830481,67.2766502,BF
4.822668633,-108.3789898,103.5563212,-62.90207883,-18.7298231,67.25467407,BF
30.47726203,-117.9489183,87.47165627,-62.63515761,-20.03040381,67.23270514,BF
54.77077242,-122.27313,67.50235761,-59.84548506,-20.76372288,67.21074339,BF
73.49227113,-121.6739118,48.1816407,-55.13112631,-20.88561883,67.19213418,BF
73.49227113,-121.6739118,48.1816407,-55.13112631,-20.88561883,67.19213418,BF
92.61275558,-116.0461614,23.43340585,-46.85799302,-20.43273194,67.17018569,BF
107.6118378,-105.2326656,-2.379172268,-37.02517733,-19.30794904,67.14824436,BF
117.8823813,-89.75056722,-28.1318141,-25.47466517,-17.56763279,67.12631018,BF
122.968221,-70.27315582,-52.69506521,-12.93274052,-15.29218599,67.10438315,BF
122.6603615,-47.72201868,-74.93834283,5.85E-10,-12.60547285,67.08252886,BF
122.6603615,-47.72201868,-74.93834283,8.44E-10,-12.60547285,67.08252886,BF
116.9220838,-22.96035096,-93.96173281,13.55648471,-9.628698946,67.06061608,BF
106.06707,2.860359641,-108.9274297,26.2106525,-6.535107506,67.03871042,BF
90.53885014,28.60894204,-119.1477922,37.54744558,-3.485439186,67.0168119,BF
71.02563635,53.15786828,-124.1835046,47.18291905,-0.639854012,66.9949205,BF
48.37743906,75.43886783,-123.8163069,54.69338429,1.858370136,66.97303622,BF
47.56398087,76.13189904,-123.6958799,54.90019472,1.934272892,66.9722954,BF
47.56398087,76.13189904,-123.6958799,54.90019472,1.934272893,66.9722954,BF
22.72053231,95.00403881,-117.7245711,60.10302501,3.942046813,66.95041849,BF
-3.125417961,109.7647832,-106.6393652,62.3386093,5.390056682,66.92854871,BF
-28.8473606,119.7577241,-90.91036351,61.82156378,6.228275575,66.90668607,BF
-53.3181678,124.548927,-71.23075923,58.60998755,6.448304274,66.88483056,BF
-71.96786606,124.3783331,-52.41046707,53.5634604,6.176541205,66.86661398,BF
-71.96786606,124.3783331,-52.41046707,53.5634604,6.176541205,66.86661398,BF
-91.42499192,119.2591821,-27.83419021,45.31434987,5.370887023,66.84477157,BF
-106.8676478,108.9358995,-2.068251727,35.15698546,4.12406572,66.8229363,BF
-117.6328086,93.88548036,23.74732821,23.34280242,2.558618054,66.80110818,BF
-123.2522879,74.7359559,48.51633196,10.28506431,0.803379339,66.77928721,BF
-123.9098645,58.82185796,65.08800657,4.50E-09,-0.492829082,66.76347796,BF
-123.9098645,58.82185796,65.08800657,4.22E-09,-0.492829082,66.76347796,BF
-120.221799,34.74189552,85.47990347,-13.66302057,-2.233643442,66.7416693,BF
-111.2274911,9.181558438,102.0459327,-26.63535698,-3.790817797,66.71986779,BF
-97.36977651,-16.72838265,114.0981592,-38.78078892,-5.063488674,66.69807341,BF
-79.24913932,-41.8541513,121.1032906,-49.24196476,-5.976894397,66.67628616,BF
-58.24637137,-64.53391571,122.7802871,-57.44905735,-6.483027991,66.65506563,BF
-58.24637137,-64.53391571,122.7802871,-57.44905735,-6.483027991,66.65506563,BF
-34.18869788,-84.92421747,119.1129153,-64.4250217,-6.598206996,66.63329244,BF
-8.645101825,-101.5499347,110.1950365,-67.9688403,-6.344253907,66.61152636,BF
17.26429346,-113.6611633,96.39686985,-68.79357446,-5.78297447,66.58976739,BF
42.40469418,-120.7335395,78.32884535,-66.76999407,-5.008483547,66.56801552,BF
65.68215085,-122.4606272,56.77847635,-62.12144222,-4.133851725,66.54627074,BF
69.75595802,-122.1136338,52.35767582,-60.2715084,-3.963346204,66.54214288,BF
69.75595803,-122.1136338,52.35767582,-60.2715084,-3.963346203,66.54214288,BF
89.50662166,-117.4097484,27.90312675,-52.57697262,-3.132314692,66.52040655,BF
105.2610199,-107.4575015,2.196481655,-42.80715165,-2.472132473,66.49867731,BF
116.3889163,-92.74009577,-23.64882054,-31.08630527,-2.096159233,66.47695516,BF
122.3934655,-73.89710424,-48.49636129,-18.26520017,-2.095488531,66.45524011,BF
123.0169173,-51.75233773,-71.26457961,-5.048928061,-2.532355909,66.43353216,BF
122.1520827,-44.72976221,-77.4223205,1.05E-09,-2.750314765,66.42713669,BF
122.1520827,-44.72976221,-77.4223205,1.46E-09,-2.750314765,66.42713669,BF
115.7588892,-19.76045624,-95.99843295,13.38218451,-3.792055747,66.40543792,BF
104.2913605,6.110713878,-110.4020744,26.28102574,-5.276986904,66.38374625,BF
88.22644433,31.76982251,-119.9962668,37.87874503,-7.148047111,66.36206168,BF
68.27355213,56.09088144,-124.3644336,47.68518012,-9.311745954,66.34038422,BF
45.29343428,78.00333506,-123.2967693,55.46347394,-11.64746284,66.31871386,BF
44.16235657,78.95073407,-123.1130906,55.7861431,-11.75835576,66.31770204,BF
44.16235657,78.95073407,-123.1130906,55.7861431,-11.75835576,66.31770204,BF
19.12945387,97.2988238,-116.4282777,60.97307272,-14.11716127,66.29603912,BF
-6.763976126,111.4354029,-104.6714268,63.31549894,-16.34702004,66.27438329,BF
-32.37637083,120.7337667,-88.3573959,62.85748323,-18.29582892,66.25273455,BF
-56.56606974,124.769532,-68.20346224,59.89463693,-19.82016282,66.2310929,BF
-73.88773366,124.100422,-50.21268831,55.14663668,-20.63898653,66.21406914,BF
-73.88773366,124.100422,-50.21268831,55.14663668,-20.63898653,66.21406914,BF
-93.04570216,118.5237803,-25.47807812,46.71874405,-21.15617044,66.19244014,BF
-108.0745933,107.7421851,0.332408233,37.10823167,-20.99299699,66.17081821,BF
-118.3813903,92.29178458,26.08960568,25.51018652,-20.15190443,66.14920333,BF
-123.5048588,72.84003597,50.66482281,12.92986746,-18.65694936,66.12759551,BF
-123.2506115,50.44343212,72.80717938,2.01E-09,-16.5969892,66.1061817,BF
-123.2506115,50.44343212,72.80717938,1.75E-09,-16.5969892,66.1061817,BF
-117.583116,25.70265464,91.88046141,-13.65771053,-14.03351034,66.08458789,BF
-106.7913223,-0.110475009,106.9017973,-26.37491067,-11.12888802,66.0630011,BF
-91.31934944,-25.86623144,117.1855809,-37.78599509,-8.034381897,66.04142134,BF
-71.85259746,-50.43616125,122.2887587,-47.48830759,-4.918517882,66.0198486,BF
-49.23966499,-72.75097589,121.9906409,-55.06405148,-1.947065933,65.99828288,BF
-48.38417497,-73.48187618,121.8660511,-55.30917852,-1.84617358,65.9975145,BF
-48.38417497,-73.48187618,121.8660511,-55.30917852,-1.84617358,65.9975145,BF
-23.55831012,-92.39376817,115.9520783,-60.57086801,0.808847062,65.97595604,BF
2.28172563,-107.2012591,104.9195335,-62.84025373,3.023402627,65.95440461,BF
28.00977278,-117.2470482,89.23727542,-62.34867579,4.695959785,65.93286019,BF
52.4979195,-122.0947337,69.59681422,-59.1494644,5.762490489,65.9113228,BF
73.72654524,-121.668205,47.94165976,-53.74499871,6.192377377,65.89077339,BF
73.72654524,-121.668205,47.94165976,-53.74499871,6.192377377,65.89077339,BF
92.76231116,-115.9362551,23.17394396,-44.96649942,6.041811824,65.86924974,BF
107.7225789,-105.069685,-2.652893825,-34.62249608,5.335701923,65.84773312,BF
117.9384611,-89.53421621,-28.40424485,-22.68319863,4.163570688,65.82622354,BF
122.967164,-70.01413723,-52.95302673,-9.795006242,2.644053237,65.804721,BF
123.2871687,-55.43990077,-67.84726789,2.96E-10,1.522916668,65.79062654,BF
123.2871687,-55.43990076,-67.84726789,6.71E-10,1.522916668,65.79062654,BF
119.3851095,-31.28025254,-88.10485692,13.48828471,-0.267965271,65.76913566,BF
110.1803878,-5.682122536,-104.4982653,26.37652285,-2.032675335,65.74765181,BF
96.13440521,20.21849153,-116.3528967,38.45855049,-3.639363727,65.726175,BF
77.85369917,45.28882657,-123.1425257,48.85008753,-4.976602598,65.70470521,BF
58.63254853,66.01525818,-124.6478067,56.97418809,-5.868425312,65.68557281,BF
58.63254853,66.01525818,-124.6478067,56.97418809,-5.868425312,65.68557281,BF
34.66409015,86.58074643,-121.2448366,63.32643185,-6.49798095,65.66411631,BF
9.159631153,103.3775629,-112.537194,67.0882704,-6.710400429,65.64266682,BF
-16.75829559,115.6929566,-98.93466099,68.03164924,-6.533336402,65.62122434,BF
-41.95474823,122.9855736,-81.0308254,66.13520205,-6.025201957,65.59978885,BF
-65.33285436,124.940812,-59.60795764,61.58155705,-5.27547708,65.57836037,BF
-68.89720059,124.7243844,-55.82718381,60.37360417,-5.135516611,65.57487547,BF
-68.8972006,124.7243844,-55.82718381,60.37360417,-5.135516611,65.57487547,BF
-88.8296272,120.3493217,-31.51969452,52.79393846,-4.244836516,65.55345511,BF
-104.8913342,110.7515327,-5.860198517,42.92792785,-3.371549983,65.53204174,BF
-116.356059,96.34478706,20.01127193,31.36483979,-2.643458989,65.51063536,BF
-122.7273032,77.7631337,44.96416954,18.60349751,-2.179098213,65.48923597,BF
-123.7288484,55.81796228,67.91088613,5.400479991,-2.077248384,65.46784356,BF
-122.9260616,48.91949153,74.00657007,6.59E-10,-2.129411132,65.4616167,BF
-122.9260616,48.91949153,74.00657007,2.33E-10,-2.129411132,65.4616167,BF
-116.9859348,24.0646432,92.92129163,-13.16346386,-2.59553902,65.44023332,BF
-105.8650348,-1.776098444,107.6411332,-25.85224743,-3.536944795,65.41885692,BF
-90.11538638,-27.48942255,117.6048089,-37.52909981,-4.937166231,65.39748753,BF
-70.41834714,-51.94282618,122.3611733,-47.42111767,-6.743260836,65.37612512,BF
-47.64184106,-74.04768389,121.6895249,-55.4307737,-8.864196318,65.35476972,BF
-44.06100801,-77.07083912,121.1318471,-56.49992283,-9.199505892,65.35161076,BF
-44.06100801,-77.07083912,121.1318471,-56.49992283,-9.199505892,65.35161076,BF
-18.96654155,-95.327056,114.2935976,-61.29298502,-11.53716698,65.33026338,BF
6.930974383,-109.3301153,102.3991409,-63.48971139,-13.90217371,65.308923,BF
32.51659439,-118.4805742,85.96397978,-62.85330318,-16.14252827,65.28758962,BF
56.66675274,-122.3774972,65.71074444,-59.5027512,-18.10324984,65.26626322,BF
74.31341846,-121.5315102,47.21809172,-54.70384315,-19.37151686,65.24909175,BF
74.31341846,-121.5315102,47.21809172,-54.70384315,-19.37151686,65.24909175,BF
93.27773538,-115.691338,22.41360263,-46.52536379,-20.4843913,65.22777795,BF
108.1003621,-104.6806842,-3.419677804,-36.50502965,-20.96939597,65.20647113,BF
118.1707985,-89.02528338,-29.14551512,-24.81917809,-20.77931571,65.18517127,BF
123.0428,-69.40557561,-53.63722438,-12.16236769,-19.8972773,65.16387836,BF
122.7563614,-48.78706324,-73.96929812,-7.91E-11,-18.51061325,65.14447579,BF
122.7563614,-48.78706324,-73.96929812,1.81E-10,-18.51061325,65.14447579,BF
117.2870551,-24.10831017,-93.1787449,13.64119675,-16.41932503,65.12319615,BF
106.6542841,1.688145769,-108.3424299,26.26997619,-13.83359276,65.10192343,BF
91.32700379,27.46314768,-118.7901515,37.75837262,-10.89241113,65.08065764,BF
71.97827183,52.08885833,-124.0671302,47.5353499,-7.756438443,65.05939876,BF
49.45286225,74.49259987,-123.9454621,55.21607266,-4.596860898,65.0381468,BF
48.29642879,75.48826789,-123.7846967,55.55116591,-4.446388642,65.03711986,BF
48.29642879,75.48826789,-123.7846967,55.55116591,-4.446388642,65.03711986,BF
23.50288256,94.47992761,-117.9828102,60.87276764,-1.447937657,65.01587515,BF
-2.327220688,109.3756774,-107.0484567,63.254565,1.231667916,64.99463735,BF
-28.06874276,119.5219488,-91.45320606,62.85842629,3.457637893,64.97340646,BF
-52.59270892,124.4762897,-71.88358076,59.75228658,5.126266459,64.95218249,BF
-74.83062572,124.0238899,-49.19326417,54.26076404,6.173281773,64.93096544,BF
-75.01906369,123.9910797,-48.97201599,54.1075053,6.179435614,64.93076942,BF
-75.01906369,123.9910797,-48.97201598,54.1075053,6.179435614,64.93076942,BF
-93.92283757,118.0662395,-24.14340191,45.20461111,6.570494617,64.90955936,BF
-108.7287276,107.0286494,1.700078195,34.82721359,6.340378988,64.88835622,BF
-118.7702918,91.34115184,27.42913996,22.86735189,5.548349616,64.86716002,BF
-123.6131259,71.69642014,51.91670575,9.970205016,4.292689756,64.84597074,BF
-123.7816928,56.59452627,67.18716653,8.81E-10,3.241184644,64.83165817,BF
-123.7816928,56.59452627,67.18716653,5.95E-10,3.241184644,64.83165817,BF
-119.5828817,32.32759073,87.25529094,-13.50092734,1.498731154,64.81048052,BF
-110.1007758,6.682774273,103.4180016,-26.34190144,-0.341513119,64.78930981,BF
-95.80504013,-19.20238738,115.0074275,-38.3402115,-2.131610392,64.76814602,BF
-77.31393771,-44.19540583,121.5093435,-48.63292522,-3.738760298,64.74698917,BF
-59.86172441,-62.94666872,122.8083931,-56.11975998,-4.821657466,64.72990953,BF
-59.8617244,-62.94666872,122.8083931,-56.11975998,-4.821657466,64.72990953,BF
-35.95768818,-83.61523975,119.5729279,-62.36797756,-5.840761594,64.70876519,BF
-10.48157366,-100.532688,111.0142616,-66.20863777,-6.443658901,64.68762777,BF
15.44039261,-112.9885569,97.54816429,-67.21945297,-6.624899208,64.66649725,BF
40.673567,-120.4336736,79.76010656,-65.38289744,-6.412258475,64.64537364,BF
64.09441616,-122.525208,58.43079187,-61.03648903,-5.868629526,64.62425692,BF
67.26284348,-122.3757493,55.11290585,-60.12049059,-5.768317564,64.62122806,BF
67.26284348,-122.3757493,55.11290585,-60.12049059,-5.768317564,64.62122806,BF
87.37603397,-118.2704367,30.89440277,-52.71438654,-4.96770563,64.60011922,BF
103.6971206,-108.9593432,5.262222524,-43.45664806,-4.072595789,64.57901727,BF
115.3492106,-94.73111492,-20.61809569,-31.06008914,-3.205675819,64.5579222,BF
121.9689701,-76.33110445,-45.63786567,-18.36047179,-2.507340475,64.53683402,BF
123.2201965,-54.528839,-68.69135751,-4.828847924,-2.094540298,64.51575272,BF
122.3867449,-46.53979847,-75.84694644,1.77E-10,-2.038248429,64.50862834,BF
122.3867449,-46.53979847,-75.84694644,5.32E-10,-2.038248429,64.50862834,BF
116.4295719,-21.69457304,-94.73499882,13.64025908,-2.155351275,64.48755625,BF
105.3199235,4.147749524,-109.467673,26.3951341,-2.739588686,64.46649105,BF
89.57585608,29.8615805,-119.4374366,38.04981475,-3.806998103,64.44543274,BF
69.88458451,54.31782867,-124.2024132,47.92233484,-5.334166317,64.42438132,BF
47.11086488,76.42725826,-123.5381231,55.86807634,-7.256580898,64.40333679,BF
43.32600609,79.62054686,-122.9465529,57.01093982,-7.588311971,64.40004701,BF
43.32600609,79.62054686,-122.9465529,57.01093982,-7.588311971,64.40004701,BF
18.22143045,97.85066335,-116.0720938,61.72334363,-9.844584388,64.37901045,BF
-7.678474298,111.82242,-104.1439457,63.8427502,-12.24047978,64.35798079,BF
-33.25856276,120.9380745,-87.67951177,63.12779458,-14.62634642,64.33695802,BF
-57.39530154,124.7980628,-67.40276121,59.7074762,-16.84118982,64.31594214,BF
-75.72066644,123.826911,-48.10624458,54.59356724,-18.4464595,64.29833358,BF
-75.72066644,123.826911,-48.10624458,54.59356724,-18.4464595,64.29833358,BF
-94.51756161,117.7627702,-23.24520861,46.30723524,-19.94768921,64.27733035,BF
-109.1665569,106.5599076,2.606649362,36.13067095,-20.87654552,64.25633399,BF
-119.0379139,90.73306886,28.30484499,24.35392757,-21.15053953,64.2353445,BF
-123.698495,70.97351866,52.7249763,11.60417867,-20.72453002,64.21436186,BF
-123.3747824,51.66960474,71.70517762,1.20E-09,-19.80199023,64.19648648,BF
-123.3747824,51.66960474,71.70517762,9.31E-10,-19.80199023,64.19648648,BF
-118.0236617,27.02633154,90.99733014,-13.51435795,-18.11303581,64.17551651,BF
-107.4883641,1.241042771,106.2473213,-26.21287237,-15.83737321,64.15455338,BF
-92.24916235,-24.54511978,116.7942821,-37.77254885,-13.09964239,64.13359707,BF
-72.97267397,-49.20392197,122.1765959,-47.61437684,-10.04965886,64.11264758,BF
-50.50139949,-71.66065463,122.1620541,-55.36518688,-6.856759948,64.09170491,BF
-49.32233793,-72.68123315,122.0035711,-55.72166802,-6.697821086,64.09067104,BF
-49.32233793,-72.68123315,122.0035711,-55.72166802,-6.697821086,64.09067104,BF
-24.55995171,-91.7426086,116.3025603,-61.11862214,-3.546559021,64.06973551,BF
1.260221439,-106.7211495,105.4609281,-63.58062008,-0.615096115,64.04880679,BF
27.01313684,-116.9607355,89.94759868,-63.25559328,1.94183052,64.02788488,BF
51.56911845,-122.0145597,70.44544129,-60.20679095,3.995630566,64.00696978,BF
73.85782927,-121.6636838,47.80585448,-54.74437185,5.454622244,63.9860615,BF
74.49930932,-121.5537161,47.05440679,-54.2578341,5.488443788,63.98540549,BF
74.49930932,-121.5537161,47.05440679,-54.2578341,5.488443788,63.98540549,BF
93.40081768,-115.6180824,22.21726468,-45.60067312,6.276938934,63.96450424,BF
108.1999311,-104.5662956,-3.633635457,-35.04909319,6.415200997,63.94360981,BF
118.2212453,-88.84838982,-29.37285547,-23.15432232,5.938144629,63.92272221,BF
123.0174123,-69.15887708,-53.85853522,-10.29978754,4.925896889,63.90184144,BF
123.1341022,-53.32338028,-69.81072196,4.56E-09,3.952857065,63.88705029,BF
123.1341022,-53.32338028,-69.81072196,4.91E-09,3.952857065,63.88705029,BF
118.7463688,-28.99073357,-89.75563524,13.70580258,2.313706448,63.86618119,BF
109.079095,-3.317377271,-105.7617177,26.44508417,0.49507628,63.84531893,BF
94.61857456,22.55517831,-117.1737529,38.39131311,-1.347693597,63.8244635,BF
75.98934569,47.49440225,-123.4837479,48.59887888,-3.070746217,63.8036149,BF
58.96997582,65.66589676,-124.6358726,55.92292374,-4.251713497,63.78726356,BF
58.96997582,65.66589676,-124.6358726,55.92292374,-4.251713497,63.78726356,BF
35.04119895,86.29066679,-121.3318657,62.09388839,-5.468161164,63.76642714,BF
9.550796847,103.1531079,-112.7039048,65.90719968,-6.283521888,63.74559754,BF
-16.36974275,115.5454358,-99.17569304,66.89557834,-6.671463756,63.72477474,BF
-41.58650775,122.9208914,-81.33438366,65.03929292,-6.640817231,63.70395874,BF
-64.97646197,124.9404789,-59.96401689,60.6658797,-6.238321988,63.68314955,BF
-67.24490332,124.8375141,-57.59261077,60.00002542,-6.1788769,63.68101525,BF
-67.24490332,124.8375141,-57.59261077,60.00002542,-6.1788769,63.68101525,BF
-87.46978379,120.8942241,-33.42444026,52.75732774,-5.469119839,63.66021354,BF
-103.830194,111.6905696,-7.860375558,43.74395879,-4.595783192,63.63941862,BF
-115.6780517,97.60652895,18.07152279,31.14172587,-3.687871996,63.61863048,BF
-122.4422713,79.31238203,43.1298893,18.48070978,-2.885414018,63.59784913,BF
-123.8436285,57.59163493,66.25199358,5.002008055,-2.316291412,63.57707456,BF
-123.0149865,49.27593477,73.73905169,2.43E-09,-2.19311604,63.56975177,BF
-123.0149865,49.27593477,73.73905169,2.08E-09,-2.19311604,63.56975177,BF
-117.1259312,24.45148553,92.67444572,-13.61532619,-2.112597605,63.54898638,BF
-106.0805168,-1.38515687,107.4656737,-26.35802228,-2.484501813,63.52822776,BF
-90.39269054,-27.10796288,117.5006534,-38.00594267,-3.343163124,63.50747594,BF
-70.74755477,-51.58746797,122.3350227,-47.88511162,-4.682602289,63.4867309,BF
-48.0071281,-73.73438622,121.7415143,-55.82189553,-6.454126567,63.46599265,BF
-44.44233231,-76.72345569,121.165788,-56.83372738,-6.747769527,63.46294005,BF
-44.44233231,-76.7234557,121.165788,-56.83372738,-6.747769527,63.46294005,BF
-19.37517914,-95.0705622,114.4457413,-61.58396274,-8.907940075,63.4422096,BF
6.518961194,-109.1378911,102.6189299,-63.82725221,-11.26719948,63.42148594,BF
32.11812634,-118.3673165,86.24919017,-63.15089786,-13.67905934,63.40076907,BF
56.29691469,-122.3451125,66.04819776,-59.75262804,-15.98015782,63.38005899,BF
75.81547057,-121.2966527,45.48118212,-54.40854454,-17.80629617,63.3615693,BF
75.81547057,-121.2966527,45.48118212,-54.40854454,-17.80629617,63.3615693,BF
94.49056434,-115.0528155,20.56225115,-45.61961387,-19.45932531,63.34087207,BF
108.9877144,-103.6863607,-5.301353728,-35.63578768,-20.56434105,63.32018161,BF
118.6955608,-87.71034517,-30.98521561,-23.8902851,-21.02776197,63.29949791,BF
123.1622133,-67.80643219,-55.35578112,-10.69980052,-20.78419104,63.27882097,BF
122.8076031,-49.48440719,-73.32319589,1.98E-09,-20.06060382,63.26209642,BF
122.8076031,-49.48440719,-73.32319589,2.30E-09,-20.06060382,63.26209642,BF
117.5215341,-24.86209177,-92.65944232,13.57661279,-18.55097176,63.24143169,BF
107.0359999,0.917525635,-107.9535255,26.26031367,-16.41185896,63.22077368,BF
91.84247425,26.70923985,-118.5517141,37.84220043,-13.76285878,63.2001224,BF
72.60363345,51.38483232,-123.9884658,47.68777933,-10.74884184,63.17947785,BF
50.16121097,73.86856638,-124.0297773,55.43222402,-7.538970533,63.15884,BF
48.79988791,75.04906728,-123.8489552,55.8879136,-7.352574645,63.15766363,BF
48.79988791,75.04906728,-123.8489552,55.8879136,-7.352574645,63.15766363,BF
24.04114161,94.122904,-118.1640456,61.31348671,-4.132611653,63.13703288,BF
-1.777466344,109.1125355,-107.3350691,63.7889374,-1.091924691,63.11640883,BF
-27.53181457,119.3650099,-91.83319538,63.46700907,1.605081822,63.0957915,BF
-52.09166575,124.4322812,-72.34061543,60.40661408,3.818028507,63.07518088,BF
-74.38618785,124.0952749,-49.70908705,54.89701083,5.442801996,63.05457697,BF
-74.98842878,123.9928701,-49.0044413,54.48234481,5.479438547,63.05397122,BF
-74.98842878,123.9928701,-49.0044413,54.48234481,5.479438547,63.05397122,BF
-93.90812071,118.0812846,-24.1731639,45.90045709,6.429304562,63.03337423,BF
-108.716794,107.0478219,1.668972064,35.53437252,6.710527156,63.01278396,BF
-118.7641897,91.36498889,27.39920079,23.58886332,6.353064052,62.99220041,BF
-123.6122828,71.72375761,51.88852515,10.69676344,5.430703006,62.9716236,BF
-123.6667518,54.92369799,68.74305383,2.71E-09,4.431640117,62.95622286,BF
-123.6667518,54.92369799,68.74305383,2.44E-09,4.431640117,62.95622286,BF
-119.0724529,30.52104437,88.55140849,-13.45837385,2.80287015,62.93565782,BF
-109.2291183,4.820554535,104.4085638,-26.4521308,0.966295049,62.91509951,BF
-94.60790028,-21.03837423,115.6462745,-38.3584641,-0.918895654,62.89454794,BF
-75.84469318,-45.92396446,121.7686576,-48.53099384,-2.70272739,62.8740031,BF
-60.21147706,-62.59642262,122.8078997,-55.34147208,-3.844589562,62.85921436,BF
-60.21147706,-62.59642262,122.8078997,-55.34147208,-3.844589562,62.85921436,BF
-36.34450306,-83.32048148,119.6649845,-61.5341292,-5.16055567,62.83868109,BF
-10.88348997,-100.3023505,111.1858405,-65.45212348,-6.0771733,62.81815453,BF
15.0406175,-112.8335134,97.79289585,-66.54331186,-6.559607918,62.79763469,BF
40.2937338,-120.3601229,80.06638912,-64.79491369,-6.608964153,62.77712155,BF
63.77464893,-122.5572046,58.78255565,-60.35854337,-6.269004884,62.75661511,BF
66.31793266,-122.4495338,56.13160112,-59.52862805,-6.206734206,62.75425833,BF
66.31793266,-122.4495338,56.13160112,-59.52862805,-6.206734206,62.75425833,BF
86.57091282,-118.5696005,31.99868767,-52.18690493,-5.524659787,62.73375935,BF
103.0249576,-109.4427416,6.417784004,-42.55903061,-4.658940696,62.71326706,BF
114.9393283,-95.45759444,-19.48173386,-31.19406943,-3.74010457,62.69278146,BF
121.7969666,-77.23077631,-44.5661903,-18.57459792,-2.907903264,62.67230254,BF
123.3003,-55.55903016,-67.7412698,-5.388318805,-2.296726294,62.6518303,BF
122.6124475,-48.54254771,-74.06989975,5.49E-10,-2.17678278,62.64571564,BF
122.6124475,-48.54254771,-74.06989975,9.52E-10,-2.17678278,62.64571564,BF
117.1371793,-23.82320532,-93.31397403,13.13553178,-2.024552534,62.62525208,BF
106.4338061,1.976224763,-108.4100308,25.7231944,-2.325772086,62.60479521,BF
91.05365867,27.74554276,-118.7992014,37.43413702,-3.120615921,62.58434503,BF
71.65971014,52.34889585,-124.008606,47.40153063,-4.410359981,62.56390153,BF
49.1019158,74.71405688,-123.8159727,55.22525741,-6.152248767,62.54346473,BF
43.39385536,79.57482949,-122.9686849,56.97175786,-6.623545586,62.53862578,BF
43.39385536,79.57482949,-122.9686849,56.97175786,-6.623545586,62.53862578,BF
18.29581914,97.80098204,-116.0968012,61.71761799,-8.804098346,62.51819726,BF
-7.603937301,111.7889655,-104.1850282,63.88663603,-11.19548082,62.49777543,BF
-33.18694579,120.9195803,-87.73263452,63.16515476,-13.64666594,62.4773603,BF
-57.3301939,124.795953,-67.46575907,59.73271947,-15.99079273,62.45695186,BF
-75.81769992,123.8134269,-47.99572695,54.52317009,-17.76058471,62.43969907,BF
-75.81769992,123.8134269,-47.99572695,54.52317009,-17.76058471,62.43969907,BF
-94.59750276,117.7251697,-23.12766699,46.17448171,-19.47275074,62.41930296,BF
-109.2266072,106.5003237,2.726283481,35.95834083,-20.63512343,62.39891354,BF
-119.075316,90.65401296,28.42130304,24.14749914,-21.1464927,62.37853078,BF
-123.7115678,70.87867857,52.83288928,11.37221758,-20.94408085,62.35815468,BF
-123.4249844,52.11597734,71.30900704,2.10E-09,-20.21594581,62.34127058,BF
-123.4249844,52.11597734,71.30900704,1.82E-09,-20.2159458,62.34127058,BF
-118.1793322,27.5058468,90.67348536,-13.48551295,-18.70291804,62.32090664,BF
-107.737094,1.731486104,106.0056079,-26.20438514,-16.54982513,62.30054933,BF
-92.58096151,-24.06494942,116.6459109,-37.80189641,-13.87743065,62.28019865,BF
-73.37291808,-48.75458326,122.1275013,-47.68377534,-10.83474042,62.25985459,BF
-50.95337056,-71.26025882,122.2136294,-55.48113989,-7.595427692,62.23951715,BF
-49.69554224,-72.35493049,122.0504727,-55.86632449,-7.421614488,62.23844429,BF
-49.69554224,-72.35493049,122.0504727,-55.86632449,-7.421614488,62.23844429,BF
-24.95618076,-91.47627052,116.4324513,-61.32710962,-4.175834787,62.2181138,BF
0.860560052,-106.5314259,105.6708658,-63.42861114,-1.116243031,62.19778993,BF
26.63170087,-116.8473802,90.21567935,-63.69976042,1.589297034,62.17747267,BF
51.22071947,-121.9572063,70.7364868,-60.8211833,3.796472709,62.15716202,BF
73.52980929,-121.6893786,48.15956926,-55.35835325,5.399415817,62.13685799,BF
74.723469,-121.494419,46.77095001,-54.37889933,5.470562738,62.13567746,BF
74.723469,-121.494419,46.77095001,-54.37889933,5.470562738,62.13567746,BF
93.60267966,-115.5186547,21.91597507,-45.16510802,6.372050364,62.11538043,BF
108.3289496,-104.4053007,-3.923648888,-35.08245922,6.591738427,62.09509003,BF
118.3005211,-88.64876093,-29.65176013,-23.62537193,6.16960839,62.07480626,BF
123.0469349,-68.91672709,-54.13020779,-10.45698981,5.180250038,62.05452912,BF
123.0888832,-52.64225502,-70.44662815,-5.97E-10,4.17916114,62.0397999,BF
123.0888832,-52.64225502,-70.44662815,-3.06E-10,4.17916114,62.0397999,BF
118.5279792,-28.24721179,-90.2807674,13.67496685,2.511906206,62.01953422,BF
108.7148616,-2.552190773,-106.1626708,26.51948244,0.651863228,61.99927517,BF
94.12100732,23.30916775,-117.4301751,38.45250229,-1.239223951,61.97902276,BF
75.38072226,48.20362119,-123.5843435,48.65791153,-3.009366109,61.95877698,BF
59.51413256,65.12900437,-124.6431369,55.56468014,-4.144932241,61.94398373,BF
59.51413256,65.12900437,-124.6431369,55.56468014,-4.144932241,61.94398373,BF
35.63750073,85.83592185,-121.4734226,61.77998883,-5.411147118,61.92374943,BF
10.17167932,102.7979144,-112.9695937,65.68950589,-6.263260288,61.90352174,BF
-15.7513374,115.3055963,-99.55425887,66.77655185,-6.672419964,61.88330067,BF
-40.9973374,122.8064706,-81.80913323,65.01402555,-6.647127959,61.8630862,BF
-64.44504668,124.957173,-60.51212637,60.73369361,-6.236721535,61.84287834,BF
-67.20228452,124.8423695,-57.64008496,59.95571522,-6.162583423,61.84036247,BF
-67.20228452,124.8423695,-57.64008496,59.95571522,-6.162583423,61.84036247,BF
-87.45204374,120.9098946,-33.45785088,53.17955116,-5.430727293,61.82016203,BF
-103.8168948,111.6970485,-7.880153672,42.6980375,-4.53417179,61.79996817,BF
-115.6608312,97.64464245,18.01618874,31.35391112,-3.61530189,61.7797809,BF
-122.4388547,79.36052141,43.07833325,18.65200084,-2.815269845,61.75960022,BF
-123.8553875,57.64686832,66.20851917,5.303548631,-2.268644741,61.73942612,BF
-123.0122067,49.34311754,73.66908913,1.36E-09,-2.15950021,61.73232601,BF
-123.0122067,49.34311754,73.66908913,9.98E-10,-2.15950021,61.73232601,BF
-117.1558526,24.52320479,92.63264778,-13.49393802,-2.13217891,61.71216082,BF
-106.1213389,-1.312142659,107.4334816,-26.10585037,-2.580056209,61.69200221,BF
-90.44548756,-27.03749534,117.4829829,-37.7313127,-3.532311983,61.6718502,BF
-70.80900632,-51.52222609,122.3312324,-47.58768771,-4.975709207,61.65170478,BF
-48.07179932,-73.69806836,121.7698677,-55.26790207,-6.852408183,61.63156596,BF
-43.64499713,-77.43010947,121.0751066,-56.59926645,-7.236382946,61.62788153,BF
-43.64499713,-77.43010947,121.0751066,-56.59926645,-7.236382946,61.62788153,BF
-18.52946857,-95.60200607,114.1314746,-61.44826326,-9.49435725,61.60775052,BF
7.374514916,-109.526996,102.152481,-63.45929454,-11.92200553,61.5876261,BF
32.94486483,-118.5869637,85.64209892,-62.69221314,-14.35887216,61.56750828,BF
57.05961501,-122.3884393,65.32882428,-59.21292833,-16.6328704,61.54739705,BF
74.82819789,-121.4524364,46.62423852,-54.20867797,-18.23830008,61.53106134,BF
74.8281979,-121.4524364,46.62423852,-54.20867797,-18.23830008,61.53106134,BF
93.68508731,-115.4712368,21.7861495,-45.97680064,-19.79659903,61.51096205,BF
108.3999344,-104.3406169,-4.059317442,-35.83823495,-20.75958852,61.49086934,BF
118.3457182,-88.57778429,-29.76793394,-24.08417513,-21.03769561,61.4707832,BF
123.0847766,-68.87047689,-54.21429971,-11.35518909,-20.58078851,61.45070362,BF
122.8773393,-50.06852037,-72.80881897,6.20E-10,-19.63209791,61.433995,BF
122.8773393,-50.06852037,-72.80881897,8.99E-10,-19.63209791,61.433995,BF
117.7148045,-25.48502275,-92.22978179,13.45472148,-17.86468907,61.41392742,BF
107.3511448,0.279829333,-107.6309741,26.14556398,-15.48325178,61.39386637,BF
92.26438807,26.08488285,-118.3492709,37.72463534,-12.62430172,61.37381186,BF
73.11373653,50.80062143,-123.914358,47.6007329,-9.450600529,61.35376386,BF
50.73733854,73.34825323,-124.0855918,55.40379924,-6.145964639,61.33372238,BF
48.99697013,74.86342208,-123.8603922,55.93641478,-5.904075368,61.33225617,BF
48.99697013,74.86342208,-123.8603922,55.93641478,-5.904075368,61.33225617,BF
24.24688692,93.98001488,-118.2269018,61.22010367,-2.671457806,61.31222168,BF
-1.567343077,109.0045171,-107.437174,63.70687852,0.297601099,61.29219371,BF
-27.32766913,119.2984518,-91.97078268,63.35252741,2.842048661,61.27217226,BF
-51.9020637,124.4090544,-72.50699071,60.26715419,4.829785323,61.25215732,BF
-74.21841785,124.1155605,-49.8971427,54.71256379,6.171171741,61.2321489,BF
-74.99619082,123.9852303,-48.98903948,54.19391896,6.206749388,61.23139084,BF
-74.99619082,123.9852303,-48.98903948,54.19391896,6.206749388,61.23139084,BF
-93.91954255,118.0762551,-24.15671255,45.60505326,6.82884875,61.2113892,BF
-108.7268128,107.0410978,1.685714984,35.19866181,6.767767547,61.19139409,BF
-118.7733506,91.35728992,27.41606063,23.20618235,6.079388069,61.17140551,BF
-123.6198789,71.71508073,51.90479821,10.26238845,4.862238254,61.15142347,BF
-123.7446302,55.85463855,67.8899917,1.46E-09,3.748251169,61.13727245,BF
-123.7446302,55.85463855,67.8899917,1.18E-09,3.748251169,61.13727245,BF
-119.3691408,31.52686334,87.84227749,-13.61079648,1.946950536,61.11730158,BF
-109.7269179,5.856614031,103.8703038,-26.48101291,0.017226908,61.09733726,BF
-95.28643621,-20.01740698,115.3038432,-38.47595908,-1.876093981,61.07737948,BF
-76.67434496,-44.96262251,121.6369675,-48.764972,-3.584072966,61.05742824,BF
-60.44921583,-62.37750373,122.8267196,-55.81373425,-4.663089653,61.04246726,BF
-60.44921583,-62.37750373,122.8267196,-55.81373425,-4.663089653,61.04246726,BF
-36.60297784,-83.13054775,119.7335256,-62.13513622,-5.770674502,61.02252744,BF
-11.1528952,-100.1530533,111.3059485,-66.0919583,-6.433263572,61.00259415,BF
14.77158469,-112.7304316,97.95884693,-67.2411834,-6.64213964,60.98266737,BF
40.03587729,-120.3074879,80.27161058,-65.55046751,-6.427060637,60.9627471,BF
63.53719665,-122.5564442,59.01924752,-61.17557819,-5.860331503,60.94283333,BF
66.81987041,-122.3826564,55.56278598,-59.93670761,-5.746134972,60.93984055,BF
66.81987041,-122.3826564,55.56278598,-59.93670761,-5.746134972,60.93984055,BF
87.03069514,-118.3982191,31.36752398,-52.68032445,-4.90885033,60.91993426,BF
103.3712098,-109.1376187,5.766408957,-43.0685195,-3.976311343,60.90003446,BF
115.1634686,-95.03611126,-20.1273573,-31.65998314,-3.096973326,60.88014116,BF
121.8861155,-76.70997432,-45.17614121,-19.05322339,-2.414204279,60.86025434,BF
123.248985,-54.96199899,-68.28698606,-5.872681706,-2.056549339,60.84037402,BF
122.389542,-46.87788695,-75.51165504,3.70E-10,-2.03056838,60.83357004,BF
122.389542,-46.87788695,-75.51165504,7.61E-10,-2.03056838,60.83357004,BF
116.5431532,-22.05616967,-94.4869835,13.19621788,-2.262831733,60.81369843,BF
105.4985374,3.779856582,-109.278394,25.72041315,-3.003819928,60.79383332,BF
89.81698801,29.50471889,-119.3217069,37.33585884,-4.257182151,60.7739747,BF
70.17563582,53.98690252,-124.1625383,47.17098734,-5.983711565,60.75412259,BF
47.43584461,76.15836598,-123.5942106,54.82069577,-8.099458938,60.73427698,BF
43.16284053,79.76211596,-122.9249565,56.22925766,-8.505714582,60.7307704,BF
43.16284053,79.76211596,-122.9249565,56.22925766,-8.505714582,60.7307704,BF
18.0497582,97.95623256,-116.0059908,61.05118869,-10.919534,60.71093244,BF
-7.852681995,111.9033565,-104.0506745,63.09741029,-13.41311154,60.69110099,BF
-33.42753143,120.9882056,-87.56067416,62.35212448,-15.81479142,60.67127604,BF
-57.55160857,124.8156225,-67.26401395,58.89364102,-17.94807565,60.65145758,BF
-74.28481255,124.0549143,-49.77010174,54.24540775,-19.2843722,60.63635578,BF
-74.28481255,124.0549143,-49.77010174,54.24540775,-19.2843722,60.63635578,BF
-93.35271368,118.3728225,-25.02010882,46.20941325,-20.55928122,60.61654877,BF
-108.3127923,107.5129833,0.799808993,36.21883992,-21.16741702,60.59674823,BF
-118.5352188,91.98952594,26.54569284,24.5678369,-21.04443834,60.57695416,BF
-123.5687934,72.4783169,51.09047648,11.91411204,-20.16676354,60.55716655,BF
-123.4867132,52.46692866,71.01978456,6.23E-10,-18.77131231,60.53958058,BF
-123.4867132,52.46692866,71.01978456,3.50E-10,-18.77131231,60.53958058,BF
-118.3234584,27.86745615,90.45600228,-12.20527394,-16.5909472,60.51980516,BF
-107.9361683,2.112190372,105.8239779,-26.29445007,-13.86332122,60.50003617,BF
-92.84028569,-23.69289335,116.533179,-37.74233331,-10.75778553,60.48027361,BF
-73.68271969,-48.40387186,122.0865916,-47.62927249,-7.4540122,60.46051747,BF
-51.30370575,-70.93873925,122.242445,-55.3805547,-4.147050339,60.44076776,BF
-49.32664169,-72.66929117,121.9959329,-55.96939434,-3.878187235,60.4391301,BF
-49.32664169,-72.66929117,121.9959329,-55.96939434,-3.878187235,60.4391301,BF
-24.5605034,-91.74647781,116.3069812,-61.06761755,-0.783867782,60.41938734,BF
1.247144275,-106.7194282,105.4722839,-63.1602476,1.924318749,60.399651,BF
27.01492751,-116.9579675,89.94303995,-63.08119673,4.108174634,60.37992109,BF
51.56853765,-122.0048574,70.43631972,-59.79223682,5.656483451,60.3601976,BF
73.8442411,-121.6408464,47.7966053,-53.91374696,6.512540136,60.34048054,BF
73.92620741,-121.6281926,47.70198519,-53.8811444,6.514469813,60.34040272,BF
73.92620741,-121.6281926,47.70198519,-53.8811444,6.514469813,60.34040272,BF
92.92878728,-115.8440963,22.915309,-45.53907445,6.667249133,60.32069212,BF
107.8525236,-104.9322646,-2.920258918,-35.56447537,6.164550831,60.30098797,BF
118.0387808,-89.34744343,-28.69133738,-24.54770415,5.090740207,60.28129026,BF
122.9669681,-69.7498652,-53.21710294,-9.25477649,3.568203173,60.26159899,BF
123.2078035,-53.96299267,-69.24481082,1.11E-09,2.310402861,60.24765024,BF
123.2078035,-53.96299267,-69.24481082,1.48E-09,2.310402861,60.24765024,BF
118.9385666,-29.66009731,-89.27846928,13.45114906,0.393872229,60.22797,BF
109.4061145,-4.016506581,-105.3896079,26.73177382,-1.525623236,60.2082962,BF
95.06716834,21.86965922,-116.9368276,38.5759395,-3.296944057,60.18862884,BF
76.53333755,46.82865531,-123.3619929,49.55292638,-4.778763952,60.16896792,BF
59.92966629,64.75717726,-124.6868436,56.46350294,-5.665368586,60.15384233,BF
59.92966629,64.75717727,-124.6868436,56.46350294,-5.665368586,60.15384233,BF
36.08487058,85.48502024,-121.5698908,62.92586521,-6.42152897,60.1341928,BF
10.63930875,102.5244202,-113.163729,66.93535596,-6.718447565,60.11454969,BF
-15.28533055,115.1157773,-99.8304468,68.08519287,-6.575768745,60.09491299,BF
-40.556747,122.7130136,-82.15626665,66.41444503,-6.059420505,60.07528271,BF
-64.03485445,124.9550802,-60.92022573,62.32874002,-5.269325271,60.05565884,BF
-68.74233175,124.7209866,-55.97865487,60.90304251,-5.075912032,60.05147624,BF
-68.74233176,124.7209866,-55.97865487,60.90304251,-5.075912032,60.05147624,BF
-88.71360439,120.39898,-31.68537561,53.10401746,-4.13460847,60.03186013,BF
-104.8038972,110.8352644,-6.031367285,43.36512842,-3.22913868,60.01225042,BF
-116.3035303,96.46054249,19.8429878,31.86530649,-2.508024676,59.99264711,BF
-122.710525,77.9047276,44.80579743,19.17371601,-2.104447935,59.97305019,BF
-123.7465214,55.98051016,67.76601124,5.958546891,-2.12529078,59.95345968,BF
-122.7641876,47.73527758,75.02890998,1.95E-09,-2.248841597,59.94666026,BF
-122.7641876,47.73527758,75.02890999,1.56E-09,-2.248841597,59.94666026,BF
-116.5707366,22.81152603,93.75921059,-13.15895459,-2.94429173,59.92707837,BF
-105.2089441,-3.051861531,108.2608057,-25.66809344,-4.161760603,59.90750288,BF
-89.24803027,-28.73052375,117.978554,-37.21946275,-5.860872364,59.8879338,BF
-69.37807321,-53.0946459,122.4727191,-46.96787838,-7.958246694,59.86837114,BF
-46.47256714,-75.06398244,121.5365496,-54.76943463,-10.32849847,59.84881489,BF
-44.46445667,-76.73590112,121.2003578,-55.34321362,-10.53200833,59.84719639,BF
-44.46445667,-76.73590112,121.2003578,-55.34321362,-10.53200833,59.84719639,BF
-19.3984488,-95.07324347,114.4716923,-60.19913446,-13.02683006,59.82764707,BF
6.49635724,-109.1498731,102.6535159,-62.45122268,-15.44489265,59.80810417,BF
32.09653509,-118.3847681,86.28823306,-61.84390344,-17.6104404,59.78856767,BF
56.27728597,-122.3685731,66.09128716,-58.50369405,-19.35198324,59.76903758,BF
72.79410879,-121.7693457,48.97523696,-54.11673217,-20.28233521,59.75441856,BF
72.79410879,-121.7693457,48.97523696,-54.11673217,-20.28233521,59.75441856,BF
92.01783941,-116.3137899,24.29595049,-46.23421446,-20.95354471,59.73489964,BF
107.1669793,-105.6654977,-1.501481684,-36.39506212,-20.87984176,59.7153871,BF
117.6021613,-90.32859508,-27.27356619,-24.87359279,-20.04135008,59.69588093,BF
122.8631824,-70.97103719,-51.89214523,-12.31585218,-18.46208849,59.67638112,BF
122.8877207,-50.00216031,-72.88556035,1.40E-09,-16.3832883,59.6581731,BF
122.8877207,-50.00216031,-72.88556036,1.68E-09,-16.3832883,59.6581731,BF
117.6856484,-25.40647463,-92.27917377,13.55442947,-13.62986589,59.63868557,BF
107.3042826,0.361040388,-107.665323,26.12561071,-10.48677656,59.61920437,BF
92.19868014,26.16529226,-118.3639724,37.57278837,-7.141102804,59.5997295,BF
73.03272674,50.87555891,-123.9082856,47.34388048,-3.792752019,59.58026097,BF
50.64495022,73.41235048,-124.0573007,55.0464747,-0.639193268,59.56079876,BF
48.18320704,75.54949235,-123.7326994,55.70586076,-0.334200432,59.55878898,BF
48.18320704,75.54949235,-123.7326994,55.70586076,-0.334200432,59.55878898,BF
23.3753358,94.55216848,-117.9275043,60.73491756,2.395605308,59.53933376,BF
-2.456756291,109.4261797,-106.9694234,63.05714296,4.577120629,59.51988486,BF
-28.1971896,119.5525956,-91.35540602,62.51249039,6.108592789,59.50044231,BF
-52.71397345,124.4833508,-71.76937736,59.25647657,6.931580586,59.48100609,BF
-74.34430877,124.0882717,-49.74396292,53.65264717,7.046656064,59.46212641,BF
-74.34430877,124.0882717,-49.74396292,53.65264717,7.046656064,59.46212641,BF
-93.41444931,118.3983106,-24.98386131,44.44696041,6.509839217,59.4427027,BF
-104.6261168,110.9887706,-6.362653753,37.75700404,5.743696269,59.42870168,BF
-113.4791292,101.1286898,12.35043941,28.93720139,4.732238308,59.41470397,BF
-121.4151662,83.81866868,37.59649756,16.41393924,3.022500133,59.39538141,BF
-124.0764307,62.89226947,61.18416123,3.5432747,1.094171012,59.37606516,BF
-123.9244027,57.92880985,65.99559282,7.57E-09,0.663199005,59.37183878,BF
-123.9244027,57.92880985,65.99559282,7.18E-09,0.663199005,59.37183878,BF
-120.0379903,33.86749871,86.17049157,-13.5253911,-1.297695287,59.35253021,BF
-110.9293471,8.393290999,102.5360561,-26.70014228,-3.104760829,59.33322793,BF
-97.00867101,-17.3967307,114.4054017,-38.82773593,-4.624610128,59.31393194,BF
-78.88045769,-42.37998862,121.2604463,-49.3333912,-5.754403029,59.29464225,BF
-60.18395696,-62.70484229,122.8887993,-57.15722932,-6.371805451,59.27777697,BF
-60.18395696,-62.70484229,122.8887993,-57.15722932,-6.371805451,59.27777697,BF
-36.41686479,-83.3075716,119.7244364,-63.85215178,-6.642805088,59.25849904,BF
-11.07263117,-100.2286332,111.3012644,-67.74304255,-6.472635347,59.23922739,BF
14.73702128,-112.7366647,97.99964342,-68.89218027,-5.933145137,59.219962,BF
39.8915841,-120.2888313,80.39724715,-67.2206363,-5.131506533,59.20070286,BF
63.301603,-122.5600302,59.25842723,-62.89819529,-4.201811334,59.18144998,BF
69.74236213,-122.1225341,52.38017202,-60.46480263,-3.917724793,59.17570172,BF
69.74236213,-122.1225341,52.38017202,-60.46480263,-3.917724793,59.17570172,BF
89.42789318,-117.4591732,28.03128007,-52.72270652,-3.045680956,59.15645696,BF
105.1303793,-107.5696119,2.439232588,-43.25862024,-2.385346697,59.13721845,BF
116.2533509,-92.95533543,-23.29801547,-31.66303823,-2.069116375,59.1179862,BF
122.299958,-74.24257374,-48.05738429,-18.9723324,-2.198576409,59.09876019,BF
123.0125216,-52.24540441,-70.76711724,-5.763453953,-2.836393216,59.07954045,BF
121.9943979,-44.35069148,-77.64370637,2.86E-09,-3.168265239,59.0731531,BF
121.9943979,-44.35069148,-77.64370637,3.26E-09,-3.168265239,59.0731531,BF
115.622083,-19.47730564,-96.14477738,13.10406302,-4.501835908,59.0539417,BF
104.1475738,6.285495046,-110.4330688,25.59383537,-6.309959993,59.03473655,BF
88.13232104,31.82965237,-119.9619734,37.09539481,-8.49827238,59.01553768,BF
68.26384858,56.04096348,-124.3048121,46.79322899,-10.93437404,58.99634506,BF
45.40715342,77.85588538,-123.2630388,54.57041091,-13.45469543,58.97715872,BF
44.28175375,78.80239264,-123.0841464,54.91120344,-13.57203019,58.97626415,BF
44.28175375,78.80239264,-123.0841464,54.91120344,-13.57203019,58.97626415,BF
19.35593453,97.11982086,-116.4757554,59.92640214,-15.99278217,58.95708436,BF
-6.418232816,111.2506218,-104.832389,62.27630955,-18.12667129,58.93791083,BF
-31.93041149,120.5923434,-88.66193194,61.82456069,-19.80683143,58.91874355,BF
-56.07039671,124.7389186,-68.66852188,58.6507955,-20.88992913,58.89958252,BF
-71.95679638,124.366036,-52.40923964,54.5936144,-21.23041307,58.88581564,BF
-71.95679639,124.366036,-52.40923964,54.5936144,-21.23041307,58.88581564,BF
-91.3577302,119.3159475,-27.95821731,46.97274673,-21.07265501,58.86666532,BF
-106.770542,109.0890315,-2.318489477,37.38932213,-20.13479679,58.84752123,BF
-117.5554688,94.17125306,23.3842157,26.09415942,-18.46024677,58.82838335,BF
-123.2401033,75.20587725,48.03422607,13.72413218,-16.13267905,58.80925168,BF
-123.581121,53.01701995,70.56410101,0.838493373,-13.28357279,58.7901262,BF
-123.4473384,51.88876812,71.55857027,2.42E-09,-13.13498757,58.78921158,BF
-123.4473384,51.88876811,71.55857027,1.98E-09,-13.13498757,58.78921158,BF
-118.1621551,27.35763327,90.80452182,-13.86146891,-9.918166256,58.77009259,BF
-107.7367539,1.689814554,106.0469394,-25.76277837,-6.548967063,58.75097979,BF
-92.63721565,-23.99721974,116.6344354,-36.84930525,-3.231268357,58.73187317,BF
-73.54259975,-48.58560134,122.1282011,-46.83559279,-0.162814695,58.71277273,BF
-51.24474096,-71.00801521,122.2527562,-54.41562724,2.483283029,58.69367848,BF
-48.26637151,-73.61572341,121.8820949,-55.24166533,2.777722688,58.69128627,BF
-48.26637151,-73.61572341,121.8820949,-55.24166533,2.777722688,58.69128627,BF
-23.54230251,-92.44593746,115.98824,-60.21220882,4.779432791,58.67219898,BF
2.185740419,-107.1945331,105.0087926,-62.24943638,6.105716774,58.65311789,BF
27.81394182,-117.2339647,89.42002289,-61.75217588,6.716389283,58.63404299,BF
52.23822087,-122.1279123,69.88969143,-58.83254112,6.621412569,58.61497428,BF
70.5482292,-122.097936,51.54970677,-52.62508611,6.054801118,58.59935414,BF
70.5482292,-122.097936,51.54970676,-52.62508611,6.054801118,58.59935414,BF
90.05187979,-117.2004266,27.14854682,-45.22948968,4.862663872,58.58029673,BF
105.6364233,-107.1628018,1.526378452,-35.05414633,3.248314049,58.56124554,BF
116.6089422,-92.40691513,-24.20202704,-23.39850309,1.3715801,58.54220055,BF
122.4980366,-73.57647561,-48.92156095,-10.71558599,-0.595486476,58.52316178,BF
123.3921022,-58.22601512,-65.16608713,5.56E-10,-1.944688374,58.50970278,BF
123.3921022,-58.22601512,-65.16608713,8.05E-10,-1.944688374,58.50970278,BF
120.1645163,-34.4225094,-85.74200686,13.48697491,-3.6854742,58.49067461,BF
111.6442684,-9.056404474,-102.587864,26.43479515,-5.101263601,58.47165264,BF
98.26119312,16.75340367,-115.0145968,38.70128246,-6.102350861,58.45263687,BF
80.5883063,41.88746002,-122.4757663,49.37594459,-6.638305817,58.43362729,BF
59.39451191,65.25726627,-124.6517782,58.03960697,-6.707998479,58.41462389,BF
57.87653995,66.72716584,-124.6037058,58.70211343,-6.696660183,58.41335816,BF
57.87653995,66.72716584,-124.6037058,58.70211343,-6.696660183,58.41335816,BF
33.93834367,87.07338986,-121.0117335,65.33516873,-6.315465309,58.39436135,BF
8.523213063,103.6866133,-112.2098264,69.00700815,-5.609994354,58.37537072,BF
-17.27614497,115.8375397,-98.56139476,69.89608099,-4.701837977,58.35638626,BF
-42.33607024,123.0008801,-80.66480982,67.99130289,-3.737207314,58.33740796,BF
-65.57169457,124.8678165,-59.29612188,63.46099963,-2.869798878,58.31843582,BF
-72.69930856,124.2133886,-51.51408007,60.50529772,-2.62704582,58.31209013,BF
-72.69930856,124.2133886,-51.51408007,60.50529772,-2.62704582,58.31209013,BF
-86.51327135,121.1491334,-34.63586205,55.32976807,-2.23360158,58.29892856,BF
-98.43030929,115.4900649,-17.05975564,49.4856228,-2.023723429,58.28576995,BF
-111.9896741,103.0989416,8.890732441,38.56736367,-2.109819564,58.26671592,BF
-120.6242434,86.21742611,34.40681733,26.26898358,-2.7155073,58.24766812,BF
-123.9529846,65.58040677,58.37257787,12.71027091,-3.861631235,58.22862655,BF
-122.1815943,44.09671885,78.08487549,3.50E-09,-5.364211342,58.21112479,BF
-122.1815943,44.09671884,78.08487549,3.18E-09,-5.364211342,58.21112479,BF
-115.2262634,18.99812888,96.22813453,-14.09881187,-7.407636994,58.1920952,BF
-103.1391294,-6.936866161,110.0759956,-26.43174406,-9.771628258,58.17307185,BF
-86.53956902,-32.50881331,119.0483823,-37.91510061,-12.2920105,58.15405475,BF
-66.14386394,-56.60220701,122.746071,-47.47437986,-14.78971803,58.13504389,BF
-47.93817326,-73.85555506,121.7937283,-53.93637618,-16.61630336,58.12004132,BF
-47.93817326,-73.85555506,121.7937283,-53.93637618,-16.61630336,58.12004132,BF
-23.08371056,-92.7439554,115.827666,-59.2096851,-18.60689683,58.10104161,BF
2.782137065,-107.477104,104.6949669,-61.98122585,-20.06626961,58.08204813,BF
28.51180141,-117.4351743,88.92337284,-61.92315987,-20.8656785,58.06306088,BF
52.97693059,-122.1775596,69.20062903,-59.08227243,-20.91397988,58.04407983,BF
70.83009007,-122.0489239,51.21883382,-54.86290996,-20.3806716,58.02895719,BF
70.83009007,-122.0489239,51.21883382,-54.86290996,-20.3806716,58.02895719,BF
90.39323854,-117.0693703,26.67613176,-47.29507238,-19.02392213,58.00998728,BF
105.9512653,-106.8637524,0.912487083,-37.74218191,-16.9433693,57.99102356,BF
116.8387243,-91.90996627,-24.92875801,-26.48118818,-14.2609149,57.97206602,BF
122.5758739,-72.86162055,-49.71425333,-14.11011127,-11.13401931,57.95311464,BF
122.9138805,-50.55487102,-72.35900946,-1.214944801,-7.752683155,57.93416943,BF
122.7097293,-48.87029095,-73.83943835,7.69E-10,-7.507545545,57.93282614,BF
122.7097293,-48.87029095,-73.83943836,1.20E-09,-7.507545544,57.93282614,BF
117.244093,-24.15630313,-93.08778991,13.17550871,-4.082708826,57.91388752,BF
106.6026606,1.661015206,-108.2636758,25.62521655,-0.837784224,57.89495507,BF
91.25897042,27.45980607,-118.7187765,36.89463582,2.036351588,57.87602877,BF
71.88778461,52.10457064,-123.9923552,46.47316527,4.376158309,57.85710863,BF
49.33837561,74.51679368,-123.8551693,53.95367986,6.061175594,57.83819467,BF
47.27102895,76.29660513,-123.5676341,54.45853699,6.170274466,57.8365647,BF
47.27102895,76.29660513,-123.5676341,54.45853699,6.170274466,57.8365647,BF
22.389188,95.17118813,-117.5603761,59.29848615,7.065243909,57.81765743,BF
-3.482113322,109.8953684,-106.4132551,61.38567695,7.218004996,57.79875634,BF
-29.21743086,119.8420324,-90.62460156,60.64478735,6.67583846,57.77986143,BF
-53.68448262,124.5725481,-70.88806546,57.18637063,5.533280081,57.76097271,BF
-69.58680701,124.6148331,-55.02802609,52.76425282,4.434592066,57.74764142,BF
-69.58680701,124.6148331,-55.02802609,52.76425282,4.434592066,57.74764142,BF
-89.47995396,120.121351,-30.641397,44.85570445,2.59891467,57.72876326,BF
-105.4268727,110.3619645,-4.935091777,34.88234734,0.586692421,57.70989128,BF
-116.7579356,95.80788665,20.95004896,23.13479124,-1.419996619,57.69102549,BF
-122.9712773,77.0929314,45.87834595,10.30222294,-3.25405809,57.67216589,BF
-124.0817284,61.45267987,62.62904851,1.84E-09,-4.385814891,57.65856464,BF
-124.0817284,61.45267987,62.62904851,1.54E-09,-4.385814891,57.65856464,BF
-121.0026998,37.59756582,83.40513401,-13.59844275,-5.614412917,57.63971568,BF
-112.5851806,12.13126823,100.4539123,-26.82189024,-6.374711769,57.62087288,BF
-99.23835806,-13.81270492,113.051063,-39.14110025,-6.649757311,57.60203626,BF
-81.54373865,-39.09690232,120.640641,-49.88273141,-6.468337238,57.58320579,BF
-60.27870769,-62.61437387,122.8930816,-58.62970157,-5.90703548,57.56438147,BF
-57.04258295,-65.69155878,122.7341417,-60.02314806,-5.799201619,57.56173219,BF
-57.04258295,-65.69155878,122.7341417,-60.02314806,-5.799201619,57.56173219,BF
-32.84426015,-85.95410168,118.7983618,-66.10949,-4.948250894,57.54291488,BF
-7.23120676,-102.3432423,109.5744491,-69.60424486,-3.995296993,57.52410372,BF
18.68502014,-114.1826288,95.49760869,-70.2107764,-3.102451453,57.5052987,BF
43.7630546,-120.9469418,77.18388717,-68.01595243,-2.425789051,57.48649981,BF
66.90543005,-122.3428229,55.4373928,-63.21056526,-2.103866151,57.46770707,BF
74.68931381,-121.4088399,46.71952613,-59.55754191,-2.099837531,57.46077533,BF
74.68931381,-121.4088399,46.71952612,-59.55754191,-2.099837531,57.46077533,BF
88.23477102,-117.8582543,29.62348333,-54.2961356,-2.271085073,57.44776198,BF
99.81915812,-111.7135308,11.89437265,-48.19842011,-2.701499546,57.43475158,BF
112.7469636,-98.72172232,-14.02524128,-36.96850733,-3.782716901,57.4160059,BF
120.7037661,-81.34047498,-39.36329109,-24.42278153,-5.385575928,57.39726635,BF
123.3405572,-60.32374265,-63.0168146,-10.7093225,-7.437378335,57.37853294,BF
121.6943239,-42.52890127,-79.16542259,-2.83E-09,-9.216125738,57.36430409,BF
121.6943239,-42.52890127,-79.16542259,-2.49E-09,-9.216125738,57.36430409,BF
114.9214033,-17.4907211,-97.43068218,13.90572275,-11.73733166,57.34558147,BF
103.0336065,8.390331861,-111.4239384,26.40696105,-14.29114092,57.32686499,BF
86.62177597,33.95666004,-120.578436,37.99913188,-16.68698425,57.30815464,BF
66.39447356,58.09095021,-124.4854238,47.69791329,-18.73541553,57.28945041,BF
49.74126352,74.14627623,-123.8875397,53.90844221,-19.90312311,57.27582076,BF
49.74126352,74.14627623,-123.8875397,53.90844221,-19.90312311,57.27582076,BF
25.09258872,93.38925985,-118.4818486,59.45664138,-20.96923069,57.25712711,BF
-0.678559829,108.5630681,-107.8845083,62.54508131,-21.2930514,57.23843957,BF
-26.43468021,119.0365561,-92.60187585,62.82048533,-20.82687415,57.21975814,BF
-51.04919076,124.3468387,-73.29764799,60.30307881,-19.56839412,57.20108279,BF
-71.73505665,124.46049,-52.72543338,55.67056412,-17.75806248,57.18392192,BF
-71.73505665,124.46049,-52.72543338,55.67056412,-17.75806248,57.18392192,BF
-91.21738777,119.4122206,-28.19483281,48.03303317,-15.18313177,57.16525823,BF
-106.7088118,109.1739472,-2.465135369,38.55233241,-12.12247205,57.1466006,BF
-117.5415284,94.20092796,23.34060039,27.32216944,-8.76488911,57.12794904,BF
-123.2212559,75.13326998,48.08798594,14.96174479,-5.316781117,57.10930353,BF
-123.4761517,52.8157998,70.66035191,2.320202882,-1.995949739,57.09066407,BF
-122.996204,48.71692028,74.27928368,-1.91E-10,-1.451170504,57.08744361,BF
-122.996204,48.71692028,74.27928368,-5.35E-10,-1.451170504,57.08744361,BF
-117.0064227,23.91475421,93.09166848,-13.66261823,1.461030816,57.06881125,BF
-105.8685194,-1.919471703,107.7879911,-25.91515446,3.850763713,57.05018495,BF
-90.10783207,-27.61160208,117.7194342,-37.06780106,5.587275221,57.03156471,BF
-70.40952748,-52.04330259,122.4528301,-46.44400135,6.597082073,57.01295053,BF
-48.20780074,-73.64994052,121.8577413,-53.54579134,6.863734685,56.99478807,BF
-48.20780074,-73.64994052,121.8577413,-53.54579134,6.863734685,56.99478807,BF
-23.39299863,-92.52469866,115.9176973,-58.52137942,6.435005152,56.97618589,BF
2.431957921,-107.2979424,104.8659845,-60.64788965,5.38771765,56.95758979,BF
28.13736659,-117.3130662,89.17569963,-60.01926722,3.8524858,56.93899977,BF
52.59802012,-122.1351295,69.53710934,-56.65891408,1.992945516,56.92041584,BF
65.99574173,-122.4104961,56.41475437,-53.1100783,0.814821757,56.9094484,BF
65.99574173,-122.4104961,56.41475437,-53.11007829,0.814821757,56.9094484,BF
86.33257821,-118.664736,32.3321578,-45.62736048,-1.189511239,56.89087414,BF
102.8391877,-109.621841,6.782653284,-36.04478504,-3.055150927,56.87230596,BF
114.8310379,-95.72803223,-19.10300569,-24.60371015,-4.632859654,56.85374386,BF
121.7777142,-77.58488942,-44.19282481,-11.99699816,-5.807992789,56.83518783,BF
123.453694,-58.56426994,-64.88942404,-1.97E-10,-6.454918711,56.81873157,BF
123.453694,-58.56426994,-64.88942404,8.73E-11,-6.454918711,56.81873157,BF
120.2533483,-34.69031927,-85.56302905,12.44628303,-6.725246078,56.80018698,BF
111.7618854,-9.201845571,-102.5600398,25.43206041,-6.533482781,56.78164844,BF
98.3245157,16.64830817,-114.9728239,39.2866897,-5.939993013,56.76311595,BF
80.58900941,41.86985001,-122.4588594,49.87309024,-5.082889814,56.7445895,BF
59.31049211,65.30530887,-124.615801,58.60757479,-4.099258092,56.72606909,BF
52.11724609,72.043386,-124.1606321,60.97965615,-3.791939703,56.72032403,BF
52.11724609,72.043386,-124.1606321,60.97965615,-3.791939703,56.72032403,BF
27.6191236,91.62757726,-119.2467009,66.42455788,-2.886473697,56.70181152,BF
1.914356443,107.2118096,-109.1261661,69.13206444,-2.223023672,56.68330505,BF
-23.89283902,118.1522301,-94.25939108,69.26550055,-1.938638331,56.66480462,BF
-48.6801315,123.998872,-75.31874053,65.98013394,-2.135893917,56.64631022,BF
-71.33229276,124.4053675,-53.0730747,60.73760226,-2.878717639,56.62782187,BF
-78.44989799,123.2858909,-44.83599288,58.15718572,-3.263342914,56.62146195,BF
-78.44989799,123.2858909,-44.83599288,58.15718572,-3.263342914,56.62146195,BF
-96.71101232,116.4870453,-19.77603301,49.37075112,-4.738478798,56.60298172,BF
-110.7350919,104.634388,6.100703862,38.63987833,-6.69101775,56.58450753,BF
-119.9207746,88.24483132,31.67594331,26.44715329,-9.01023764,56.5660394,BF
-123.8655075,68.03446104,55.83104643,13.54390006,-11.54394075,56.54757732,BF
-122.3955092,44.87454906,77.52096012,0.876472774,-14.11378683,56.52912129,BF
-122.2326167,43.95212493,78.28049176,4.19E-10,-14.20894793,56.52842083,BF
-122.2326167,43.95212493,78.28049176,-1.63E-10,-14.20894793,56.52842083,BF
-115.1574981,18.84277861,96.31471953,-15.10722298,-16.59160419,56.50997107,BF
-103.0906603,-7.044386017,110.1350463,-28.11437915,-18.6174493,56.49152736,BF
-86.50678484,-32.57275054,119.0795354,-39.63067734,-20.10324486,56.47308969,BF
-66.14384391,-56.62473955,122.7685835,-49.27447891,-20.91155678,56.45465804,BF
-52.8624505,-69.51772925,122.3801797,-54.46827826,-21.02107017,56.44391588,BF
-52.8624505,-69.51772925,122.3801797,-54.46827826,-21.02107017,56.44391588,BF
-28.39581365,-89.14593508,117.5417487,-60.23156093,-20.59479234,56.42549376,BF
-2.68923504,-104.7779905,107.4672255,-63.51018002,-19.35092747,56.40707764,BF
23.12195078,-115.7716111,92.64966027,-64.02874671,-17.35784924,56.38866752,BF
47.90890991,-121.6396696,73.73075966,-61.74108213,-14.7240096,56.37026339,BF
70.58961341,-122.1290795,51.53946605,-56.82363987,-11.60756587,56.35186523,BF
71.78835272,-121.976724,50.18837127,-56.36121655,-11.41682255,56.35081399,BF
71.78835272,-121.976724,50.18837127,-56.36121655,-11.41682255,56.35081399,BF
91.15908532,-116.7493175,25.59023215,-48.73278605,-7.998880137,56.33242215,BF
106.5088173,-106.3497592,-0.159058187,-39.03695601,-4.519590071,56.31403628,BF
117.1783337,-91.23634192,-25.94199179,-27.65687159,-1.194714845,56.29565637,BF
122.6996782,-72.07210072,-50.62757751,-15.17536627,1.772255378,56.27728244,BF
122.8332332,-49.69502397,-73.13820926,-2.212606102,4.208466648,56.25891448,BF
122.4213528,-46.57645576,-75.84489708,7.51E-10,4.477024703,56.25651708,BF
122.4213528,-46.57645576,-75.84489709,1.17E-09,4.477024703,56.25651708,BF
116.469022,-21.7449908,-94.72403122,13.09137204,6.159410521,56.23815587,BF
105.3819578,4.08104189,-109.4629997,25.5360968,7.091267802,56.21980065,BF
89.66328698,29.783133,-119.44642,36.78114647,7.264458336,56.2014514,BF
70.00019792,54.23330767,-124.2335056,46.28014936,6.72338269,56.18310815,BF
51.35790537,72.73149668,-124.0894021,52.70275089,5.801739711,56.16794237,BF
51.35790537,72.73149668,-124.0894021,52.70275089,5.801739711,56.16794237,BF
26.81629255,92.20598459,-119.0222771,58.11281422,4.23968883,56.14961007,BF
1.078228367,107.6785023,-108.7567307,60.84330707,2.338856765,56.13128378,BF
-24.72009002,118.4859558,-93.76586574,60.79630952,0.285693572,56.11296348,BF
-49.44999508,124.153995,-74.70399991,57.97749743,-1.735020754,56.09464919,BF
-63.84224386,124.9330634,-61.09081953,54.757708,-2.901404034,56.08322334,BF
-63.84224386,124.9330634,-61.09081953,54.757708,-2.901404034,56.08322334,BF
-84.5869035,121.8583428,-37.27143934,47.58483773,-4.521434972,56.06491878,BF
-101.6109339,113.4565713,-11.84563733,38.35195371,-5.726593035,56.04662021,BF
-114.199041,100.1414372,14.05760372,27.22282138,-6.451825505,56.02832762,BF
-121.7963195,82.49017567,39.3061438,14.84282292,-6.679730459,56.010041,BF
-124.073859,61.27631629,62.79754276,1.756069003,-6.446521511,55.99176035,BF
-123.9753055,58.97692165,64.99838386,3.33E-09,-6.396647021,55.9899247,BF
-123.9753055,58.97692165,64.99838386,2.90E-09,-6.396647021,55.9899247,BF
-120.2923096,34.91453618,85.37777337,-13.50887601,-5.755028718,55.97165061,BF
-111.3346405,9.386276081,101.9483644,-26.50249798,-4.871879195,55.95338248,BF
-97.51265278,-16.5000552,114.012708,-38.48833813,-3.903579909,55.9351203,BF
-79.43098261,-41.60863599,121.0396186,-48.90789298,-3.014961588,55.91686408,BF
-57.88108781,-64.84336216,122.72445,-57.35088171,-2.366226208,55.8986138,BF
-48.95257019,-72.91932588,121.8718961,-60.05668949,-2.213728734,55.89167446,BF
-48.95257019,-72.91932588,121.8718961,-60.05668949,-2.213728734,55.89167446,BF
-32.06129465,-86.45982698,118.5211216,-63.80509324,-2.095742219,55.87912587,BF
-14.52073195,-98.09603042,112.6167624,-66.46674467,-2.213847991,55.86658009,BF
11.00273486,-111.1197326,100.1169977,-67.79912076,-2.828941129,55.84862494,BF
36.04146213,-119.3557553,83.31429314,-66.02073133,-3.985511309,55.83067556,BF
59.52199335,-122.4694077,62.94741433,-62.12132183,-5.650506728,55.81273197,BF
79.49231901,-120.552308,41.05998894,-55.99734997,-7.632744328,55.79569317,BF
79.49231901,-120.552308,41.05998894,-55.99734997,-7.632744328,55.79569317,BF
97.22612346,-113.5242112,16.29808776,-46.32387549,-10.02172943,55.77776085,BF
110.7565446,-101.5327475,-9.223797172,-36.00459976,-12.56452618,55.75983433,BF
119.5830282,-85.22590272,-34.35712551,-23.35061236,-15.07216714,55.74191359,BF
123.3298806,-65.24072509,-58.08915555,-10.10438028,-17.36275257,55.72399863,BF
122.688941,-48.52381308,-74.16512795,1.07E-08,-18.80598103,55.71071123,BF
122.688941,-48.52381308,-74.16512795,1.11E-08,-18.80598103,55.71071123,BF
117.3114571,-24.23766409,-93.07379297,13.43381695,-20.28476299,55.69280633,BF
106.9289731,1.135170681,-108.0641437,25.87831788,-21.0986,55.67490719,BF
91.98777027,26.52740659,-118.5151769,37.16749913,-21.15980925,55.65701382,BF
73.09079948,50.83801633,-123.9288158,48.2328793,-20.41529095,55.63912619,BF
52.06825699,72.15286259,-124.2211196,55.8614669,-18.97473379,55.62198403,BF
52.06825699,72.15286259,-124.2211196,55.8614669,-18.97473379,55.62198403,BF
27.96098881,91.45561626,-119.4166051,61.12336897,-16.78478043,55.60410764,BF
2.654107768,106.8954103,-109.549518,64.755368,-14.00484928,55.58623696,BF
-22.78314938,117.8590409,-95.07589151,65.29033905,-10.80829724,55.568372,BF
-47.27642005,123.8733518,-76.59693176,63.24060031,-7.387395893,55.55051275,BF
-69.80318361,124.6821213,-54.87893765,59.18087707,-3.948765425,55.5326592,BF
-72.04837336,124.4108866,-52.3625132,55.67016921,-3.586837218,55.53070221,BF
-72.04837336,124.4108866,-52.3625132,55.67016921,-3.586837218,55.53070221,BF
-82.55629122,122.384948,-39.82865676,53.97598109,-1.859254592,55.52131795,BF
-92.10062391,118.9512731,-26.85064919,49.22579624,-0.223501009,55.51193527,BF
-104.0089768,111.4970011,-7.488024253,41.96637165,1.938557111,55.49829821,BF
-115.7787474,97.43677655,18.34197084,30.61164968,4.30508946,55.48022225,BF
-122.4986595,79.15391463,43.34474483,18.2176829,5.991119806,55.46215216,BF
-123.8456545,57.44385509,66.40179942,5.283191003,6.919887202,55.44408794,BF
-123.0718234,49.35041305,73.72141038,2.74E-09,7.06346769,55.43782836,BF
-123.0718234,49.35041305,73.72141038,2.37E-09,7.06346769,55.43782836,BF
-117.2413222,24.59934853,92.64197364,-13.43971908,6.979194978,55.41977206,BF
-106.2802962,-1.163022759,107.443319,-25.93189288,6.202078349,55.40172165,BF
-90.69590742,-26.8274596,117.523367,-37.38819494,4.852922889,55.38367712,BF
-71.16493952,-51.27104128,122.4359808,-47.08259301,3.086435899,55.36563849,BF
-56.75889112,-65.95495754,122.7138487,-52.75389771,1.799686146,55.35393838,BF
-56.75889112,-65.95495754,122.7138487,-52.75389771,1.799686146,55.35393838,BF
-32.65859976,-86.12096052,118.7795603,-58.62136853,-0.255689425,55.33590946,BF
-7.131125339,-102.4517237,109.582849,-62.07954431,-2.240058752,55.31788643,BF
18.69320443,-114.2647478,95.57154338,-62.77906552,-3.985303469,55.2998693,BF
43.69036583,-121.0407846,77.35041879,-60.6898446,-5.357095445,55.28185804,BF
63.09116464,-122.5998218,59.5086572,-56.87800529,-6.145756077,55.26685077,BF
63.09116464,-122.5998218,59.5086572,-56.87800529,-6.145756077,55.26685077,BF
83.79933956,-119.5520795,35.75273991,-49.85932283,-6.636136059,55.24885028,BF
100.8259294,-111.2169857,10.39105632,-40.75003836,-6.630165259,55.23085566,BF
113.4391137,-97.98058663,-15.45852705,-29.79452088,-6.189260657,55.2128669,BF
121.0884245,-80.4182403,-40.67018416,-17.54449417,-5.417952009,55.19488399,BF
123.4431884,-59.29594949,-64.14723886,-4.565057714,-4.456584448,55.17690693,BF
123.0627916,-52.72674629,-70.33604528,-4.11E-10,-4.166026881,55.17177977,BF
123.0627916,-52.72674629,-70.33604528,-3.23E-11,-4.166026881,55.17177977,BF
118.5284466,-28.39364296,-90.13480367,13.24520223,-3.201244862,55.15381023,BF
108.7508142,-2.780292037,-105.9705221,25.75227262,-2.421271914,55.13584652,BF
94.21969865,23.00522219,-117.2249208,37.46032775,-1.980051819,55.11788867,BF
75.56110117,47.83543716,-123.3965383,47.52957818,-1.999109152,55.09993666,BF
53.58957617,70.63071951,-124.2202957,55.59060433,-2.557442305,55.0819905,BF
44.52540161,78.52732791,-123.0527295,58.0828185,-2.922678168,55.07515363,BF
44.52540161,78.52732791,-123.0527295,58.0828185,-2.922678168,55.07515363,BF
19.57258779,96.94284015,-116.5154279,62.72973444,-4.25964744,55.05721556,BF
-6.239986651,111.1116566,-104.8716699,64.76856352,-6.112711245,55.03928334,BF
-31.7964808,120.4891752,-88.69269441,63.90723986,-8.378458489,55.02135698,BF
-55.97892644,124.6545751,-68.67564866,60.34872245,-10.90989288,55.00343648,BF
-77.73626831,123.4301746,-45.69390626,54.29346827,-13.52675706,54.98552185,BF
-77.91439546,123.3929198,-45.47852432,54.18502846,-13.54959996,54.98536241,BF
-77.91439546,123.3929198,-45.47852432,54.18502846,-13.54959996,54.98536241,BF
-96.24176076,116.7614807,-20.51971991,45.81225201,-16.04696278,54.96745369,BF
-110.4210309,105.1318342,5.289196706,35.34167139,-18.23072536,54.94955082,BF
-119.7532173,88.89552051,30.85769682,22.07766766,-19.90437156,54.9316538,BF
-123.8679278,68.85595278,55.01197498,9.194404426,-20.91331174,54.91376262,BF
-123.6030914,53.64759716,69.95549419,-3.83E-09,-21.16361799,54.90173159,BF
-123.6030914,53.64759716,69.95549419,-4.17E-09,-21.16361799,54.90173159,BF
-118.7309454,29.22385208,89.50709332,-12.84543605,-20.85420113,54.88385016,BF
-108.6846453,3.570753332,105.113892,-25.98220502,-19.7165327,54.86597455,BF
-93.90767031,-22.19854297,116.1062133,-37.663697,-17.80075783,54.84810475,BF
-75.05359018,-46.9122224,121.9658126,-48.02891634,-15.21137588,54.83024075,BF
-52.90356191,-69.56813552,122.4716974,-56.47828927,-12.10251385,54.81238254,BF
-51.65816299,-70.68878149,122.3469445,-56.85215828,-11.92707403,54.8114389,BF
-51.65816299,-70.68878149,122.3469445,-56.85215828,-11.92707403,54.8114389,BF
-27.13714643,-90.05546283,117.1926093,-62.29289401,-8.492608945,54.79358678,BF
-1.449495547,-105.4374299,106.8869255,-65.04564018,-4.972200602,54.77574045,BF
24.28936846,-116.1680817,91.87871327,-65.03669675,-1.589513485,54.75789989,BF
48.9586499,-121.7812302,72.82258028,-62.34570051,1.444343559,54.74006511,BF
71.49040314,-122.0338727,50.5434696,-57.31612735,3.948997428,54.72223611,BF
74.11032784,-121.6267199,47.51639208,-55.13217081,4.215183155,54.71996032,BF
74.11032784,-121.6267199,47.51639208,-55.13217081,4.215183155,54.71996032,BF
93.06153443,-115.828763,22.76722856,-47.23344841,5.960186904,54.70213785,BF
107.8920709,-104.9006533,-2.991417628,-36.98283854,6.939299558,54.68432117,BF
118.0054669,-89.34407163,-28.66139527,-25.03162642,7.144328789,54.66651029,BF
122.9535647,-69.83527019,-53.11829454,-12.10751344,6.618676516,54.64870521,BF
122.8292579,-49.91226086,-72.91699706,-2.67E-09,5.618957154,54.63292708,BF
122.8292579,-49.91226086,-72.91699707,-2.24E-09,5.618957154,54.63292708,BF
117.6476122,-25.37177688,-92.27583537,12.06055341,4.022116548,54.61513296,BF
107.2860005,0.334833605,-107.6208341,26.99117116,2.090506305,54.59734465,BF
92.2445056,26.05645904,-118.3009646,38.83677909,0.021227967,54.57956215,BF
73.15622027,50.71507945,-123.8712997,48.85770116,-2.002680239,54.56178547,BF
59.81650283,64.79318776,-124.6096906,54.27260157,-3.139548124,54.55090487,BF
59.81650283,64.79318776,-124.6096906,54.27260157,-3.139548124,54.55090487,BF
36.04022169,85.47769977,-121.5179215,60.78841496,-4.732398573,54.53313755,BF
10.66765226,102.468913,-113.1365653,64.8018789,-5.893733292,54.51537602,BF
-15.1818165,115.0410924,-99.85927587,66.06209297,-6.559398994,54.49762029,BF
-40.3826898,122.6446987,-82.26200895,64.50547396,-6.717739502,54.47987035,BF
-63.83861021,124.9511317,-61.11252146,60.25105646,-6.412202709,54.46212619,BF
-66.2473928,124.8505767,-58.60318391,59.48521809,-6.350603416,54.46017846,BF
-66.2473928,124.8505767,-58.60318391,59.48521809,-6.350603416,54.46017846,BF
-86.57848697,121.1701308,-34.5916438,52.3689566,-5.640645795,54.44244071,BF
-103.1208454,112.2382941,-9.117448749,43.06892826,-4.706434358,54.42470872,BF
-115.1766174,98.46084277,16.7157746,31.93492664,-3.71178819,54.4069825,BF
-122.2176924,80.43819324,41.77949914,19.5503121,-2.827310882,54.38926205,BF
-123.9397057,58.95628364,64.98342204,6.488011942,-2.215912704,54.37154736,BF
-122.9991011,49.21234662,73.78675444,-8.34E-10,-2.077650817,54.36418851,BF
-122.9991011,49.21234662,73.78675444,-1.19E-09,-2.077650817,54.36418851,BF
-117.1595215,24.45985888,92.69966265,-13.12521033,-2.081209492,54.34648198,BF
-106.1554976,-1.302191992,107.4576896,-25.46609521,-2.628147993,54.32878122,BF
-90.53797601,-26.95682817,117.4948042,-36.93301748,-3.745388683,54.31108624,BF
-70.97913369,-51.38214437,122.3612781,-46.64925383,-5.406175159,54.29339703,BF
-48.33311274,-73.51615846,121.8492712,-54.24109623,-7.527654141,54.2757136,BF
-43.86625765,-77.26018101,121.1264387,-55.59830869,-7.961494168,54.27244304,BF
-43.86625765,-77.26018101,121.1264387,-55.59830869,-7.961494168,54.27244304,BF
-18.84226661,-95.45748171,114.2997483,-60.2668989,-10.45539828,54.25476646,BF
6.984845229,-109.3998505,102.4150053,-62.31171578,-13.06608706,54.23709566,BF
32.49696181,-118.5192922,86.02233039,-61.52258822,-15.59600362,54.21943065,BF
56.57940269,-122.4124288,65.83302615,-58.03241769,-17.83864288,54.20177141,BF
72.62452684,-121.821988,49.1974612,-53.65344428,-19.17668735,54.18889101,BF
72.62452684,-121.821988,49.1974612,-53.65344428,-19.17668735,54.18889101,BF
91.82851646,-116.4329593,24.60444282,-45.72169618,-20.48606162,54.17124175,BF
106.9899787,-105.8781266,-1.111852078,-35.88559239,-21.05132527,54.15359824,BF
117.4719891,-90.65343255,-26.81855654,-24.35556899,-20.79924365,54.13596048,BF
122.8143373,-71.41848488,-51.39585246,-11.78979942,-19.70907039,54.11832847,BF
123.0454346,-51.66150326,-71.38393138,-9.24E-10,-18.07073829,54.10268803,BF
123.0454346,-51.66150326,-71.38393138,-6.32E-10,-18.07073829,54.10268803,BF
118.2522244,-27.25638241,-90.99584202,12.12758574,-15.56812066,54.08506681,BF
108.2770173,-1.579116496,-106.6979008,24.71060426,-12.50799299,54.06745131,BF
93.54616735,24.10528718,-117.6514545,37.49601543,-9.092490886,54.04984151,BF
74.71403061,48.91518955,-123.6292202,47.46729578,-5.528393683,54.03223742,BF
52.6198354,71.59229227,-124.2121277,55.23910938,-2.060127511,54.01463903,BF
48.26488642,75.45794843,-123.7228349,56.50176081,-1.4485018,54.0114035,BF
48.26488642,75.45794843,-123.7228349,56.50176081,-1.4485018,54.0114035,BF
23.54375814,94.40763306,-117.9513912,61.44273854,1.630825914,53.99381185,BF
-2.210320639,109.278493,-107.0681724,63.5470645,4.172687793,53.97622591,BF
-27.88770706,119.4376372,-91.54993015,63.04876761,6.037893084,53.95864568,BF
-52.37442089,124.4421422,-72.06772134,60.07626519,7.139764063,53.94107115,BF
-74.40772939,124.0401547,-49.63242528,53.37184212,7.444593125,53.92362501,BF
-74.40772939,124.0401547,-49.63242528,53.37184212,7.444593125,53.92362501,BF
-93.3870295,118.3174783,-24.93044876,45.01090049,7.004527918,53.90606189,BF
-108.3036082,107.4810475,0.822560637,34.52671543,5.904519301,53.8885045,BF
-118.5068124,92.00380027,26.50301211,22.54491842,4.286333522,53.87095283,BF
-123.5538016,72.56037817,50.99342348,9.645845995,2.325888091,53.8534069,BF
-123.9458938,59.26018958,64.68570423,1.52E-09,1.060913741,53.84283723,BF
-123.9458938,59.26018958,64.68570423,1.22E-09,1.060913741,53.84283723,BF
-120.4083094,35.29771958,85.11058978,-13.32241925,-1.042726371,53.82530049,BF
-111.5671626,9.834535746,101.7326269,-26.23205021,-2.98645366,53.80776948,BF
-97.88010718,-16.00501836,113.8851255,-38.51168244,-4.613303974,53.79024419,BF
-79.93318403,-41.0958802,121.0290642,-49.16435,-5.804053673,53.77272463,BF
-60.34104948,-62.55769929,122.8987488,-57.38107459,-6.45367231,53.75662285,BF
-60.34104948,-62.55769929,122.8987488,-57.38107459,-6.45367231,53.75662285,BF
-36.54931227,-83.22291056,119.7722228,-63.62871135,-6.667156476,53.73911425,BF
-11.15967532,-100.1823083,111.3419836,-68.11872551,-6.397670175,53.72161136,BF
14.67788138,-112.71225,98.0343686,-69.3010485,-5.743364547,53.70411416,BF
39.87520325,-120.2851085,80.40990524,-67.84072334,-4.837129852,53.68662265,BF
63.32512391,-122.542242,59.21711809,-63.36511618,-3.838011673,53.66913683,BF
70.98945961,-122.0140136,51.02455403,-60.57359079,-3.494214867,53.66293315,BF
70.98945961,-122.0140136,51.02455403,-60.57359079,-3.494214867,53.66293315,BF
90.46131376,-117.0092117,26.54789789,-53.14399188,-2.651438552,53.64545504,BF
105.9354482,-106.8099754,0.874527201,-43.20091061,-2.115496138,53.6279826,BF
116.7735621,-91.90005182,-24.87351029,-31.53542485,-2.022591279,53.61051586,BF
122.4980979,-72.92596293,-49.57213501,-18.75426878,-2.466374604,53.59305481,BF
122.862361,-50.71559928,-72.14676172,-5.46377406,-3.488486999,53.57559945,BF
121.7568472,-42.89711676,-78.85973041,8.67E-11,-3.949554168,53.56989698,BF
121.7568472,-42.89711676,-78.85973041,4.76E-10,-3.949554168,53.56989698,BF
115.0546362,-17.90196944,-97.15266676,13.21897044,-5.705011636,53.55244918,BF
103.2642312,7.920517926,-111.1847491,25.66071785,-7.913723215,53.53500708,BF
86.9567234,33.45177864,-120.408502,37.10486353,-10.4333798,53.51757069,BF
66.83584941,57.57549759,-124.411347,46.72129828,-13.08342648,53.50014,BF
45.81251529,77.52443014,-123.3369454,53.73780573,-15.44971575,53.48418671,BF
45.81251529,77.52443014,-123.3369454,53.73780573,-15.44971575,53.48418671,BF
20.94872627,96.10850004,-117.0572263,59.01401377,-17.77523759,53.46676694,BF
-4.843131245,110.5371455,-105.6940143,61.68784898,-19.63189473,53.44935287,BF
-30.4493554,120.1987719,-89.74941653,61.44245432,-20.85255456,53.43194448,BF
-54.74642396,124.6531685,-69.90674456,58.26605657,-21.30555819,53.41454177,BF
-70.33723855,124.5405554,-54.20331685,54.45403769,-21.11826613,53.40237644,BF
-70.33723855,124.5405554,-54.20331685,54.45403769,-21.11826613,53.40237644,BF
-90.03217058,119.8916645,-29.85949387,47.31881582,-20.14989756,53.38498335,BF
-105.787003,110.0172279,-4.230224923,37.95138418,-18.35713463,53.36759592,BF
-116.9421732,95.39847494,21.5436983,26.85037572,-15.85142761,53.35021412,BF
-123.0075564,76.66659396,46.34096244,14.61810258,-12.78541468,53.33283797,BF
-123.7216286,54.63942114,69.08220742,1.810660521,-9.356520012,53.31546744,BF
-123.4359695,51.99049926,71.44547023,8.72E-10,-8.955616509,53.3135152,BF
-123.4359695,51.99049926,71.44547023,4.71E-10,-8.955616509,53.3135152,BF
-118.1737226,27.42327197,90.75045061,-12.99096936,-5.385911761,53.29615093,BF
-107.7493612,1.721351979,106.0280093,-25.33295073,-1.938725696,53.27879228,BF
-92.63685595,-24.00535596,116.6422119,-36.54339269,1.166663066,53.26143925,BF
-73.49433311,-48.63236863,122.1267017,-46.08183277,3.739073248,53.24409185,BF
-51.15645764,-71.08840633,122.244864,-53.55334041,5.633303507,53.22675008,BF
-47.74472281,-74.04267771,121.7874005,-54.50424343,5.838732937,53.22427053,BF
-47.74472281,-74.04267771,121.7874005,-54.50424343,5.838732937,53.22427053,BF
-22.94493333,-92.84367064,115.788604,-59.19902769,6.854107583,53.2069352,BF
2.832537688,-107.5051926,104.6726549,-61.29357976,7.070780258,53.1896055,BF
28.47596412,-117.4268877,88.95092361,-60.52948149,6.539920015,53.17228146,BF
52.86425669,-122.170718,69.30646134,-57.06192103,5.36391133,53.15496306,BF
69.41040079,-122.1940534,52.78365262,-52.48729611,4.166968236,53.14218983,BF
69.41040079,-122.1940534,52.78365262,-52.48729611,4.166968236,53.14218983,BF
89.15885406,-117.6083121,28.44945805,-44.48608465,2.248594921,53.12488126,BF
104.9807367,-107.8058319,2.825095134,-34.49617043,0.16252016,53.10757835,BF
116.2109197,-93.25019162,-22.96072805,-22.74411323,-1.89079847,53.09028109,BF
122.3563439,-74.57190647,-47.78443745,-9.903801338,-3.729374283,53.07298948,BF
123.4529449,-59.48424545,-63.96869945,-2.09E-09,-4.802419606,53.06090574,BF
123.4529449,-59.48424545,-63.96869945,-1.77E-09,-4.802419606,53.06090574,BF
120.4948754,-35.76125415,-84.73362124,14.02006677,-5.958368953,53.04362373,BF
112.2358526,-10.42705216,-101.8088004,27.14041443,-6.598416217,53.02634735,BF
99.06469103,15.44093762,-114.5056286,39.11935803,-6.721504135,53.00907661,BF
81.55033552,40.67334422,-122.2236797,49.92870381,-6.368134934,52.99181149,BF
60.4640454,64.17982914,-124.6438745,58.79120288,-5.640287743,52.97455198,BF
55.86529421,68.59782052,-124.4631147,60.29918358,-5.458903747,52.97107975,BF
55.86529421,68.59782052,-124.4631147,60.29918358,-5.458903747,52.97107975,BF
31.72230499,88.68822104,-120.410526,66.46298355,-4.470870193,52.95382699,BF
6.187737225,104.9542964,-111.1420336,69.60860027,-3.451694202,52.93657984,BF
-19.64268964,116.7046711,-97.06198149,70.26087567,-2.578079624,52.9193383,BF
-44.58383511,123.337822,-78.75398694,68.29509873,-2.017754433,52.90210236,BF
-67.65081604,124.7074336,-57.05661757,62.40396664,-1.906383541,52.88487204,BF
-77.74707565,123.4180432,-45.6709675,59.31876327,-2.044227305,52.87657444,BF
-77.74707565,123.4180432,-45.6709675,59.31876327,-2.044227305,52.87657444,BF
-96.10138046,116.8211358,-20.71975534,50.75635683,-2.760089764,52.85935243,BF
-110.2672123,105.1715264,5.095685878,39.97093458,-4.061973067,52.84213605,BF
-119.6328178,88.98126054,30.65155722,27.8253924,-5.903661129,52.82492528,BF
-123.7907892,68.9542977,54.83649154,14.90938392,-8.18236491,52.80772015,BF
-122.5593437,45.95424018,76.60510355,2.121194852,-10.74750179,52.79052063,BF
-122.1488952,43.5906837,78.55821151,1.70E-09,-11.00569139,52.78884603,BF
-122.1488952,43.5906837,78.55821151,1.16E-09,-11.00569139,52.78884603,BF
-115.0221141,18.5063056,96.51580848,-14.42593664,-13.65638172,52.77165269,BF
-102.9239848,-7.330500675,110.2544855,-27.43637563,-16.17173229,52.75446498,BF
-86.33592556,-32.7988862,119.1348118,-38.92596836,-18.33585868,52.73728289,BF
-65.99104695,-56.78712108,122.778168,-48.57552983,-19.9556575,52.72010641,BF
-52.70430299,-69.66979362,122.3740966,-53.7637657,-20.57696554,52.71007927,BF
-52.70430299,-69.66979362,122.3740966,-53.7637657,-20.57696554,52.71007927,BF
-28.28184177,-89.23674225,117.518584,-59.51946302,-21.03657563,52.69291167,BF
-2.626869787,-104.8259568,107.4528266,-62.88469153,-20.63846832,52.67574966,BF
23.13035518,-115.7940093,92.66365408,-63.47615663,-19.38496114,52.65859323,BF
47.86779429,-121.657426,73.78963174,-61.27672619,-17.33120955,52.64144238,BF
70.50886536,-122.1633475,51.6544821,-56.45232642,-14.59687152,52.62429709,BF
70.79292125,-122.1296184,51.33669711,-56.34518966,-14.55542269,52.62406557,BF
70.79292125,-122.1296184,51.33669711,-56.34518966,-14.55542269,52.62406557,BF
90.28601174,-117.1642409,26.87822914,-48.79771701,-11.30431249,52.60692591,BF
105.8213491,-107.0396199,1.218270811,-39.38751841,-7.762319868,52.5897918,BF
116.7441866,-92.20387941,-24.54030724,-27.9703326,-4.161766101,52.57266323,BF
122.5415054,-73.27619549,-49.26530989,-15.71644577,-0.73776319,52.55554021,BF
122.9751015,-51.09579949,-71.87930199,-2.921606411,2.288158337,52.53842274,BF
122.3790783,-46.20654678,-76.1725315,-3.91E-09,2.84282434,52.5348966,BF
122.3790783,-46.20654678,-76.1725315,-3.55E-09,2.84282434,52.5348966,BF
116.3505437,-21.4055604,-94.94498326,12.98480597,5.146576349,52.51778582,BF
105.2209759,4.373816912,-109.5947928,25.32334964,6.707149413,52.50068059,BF
89.48515909,30.01505516,-119.5002143,36.45792335,7.464314454,52.48358093,BF
69.82930611,54.39817994,-124.2274861,45.87126911,7.420161757,52.46648683,BF
49.67655475,74.21334141,-123.8898962,52.56545063,6.75522971,52.45124285,BF
49.67655475,74.21334141,-123.8898962,52.56545063,6.75522971,52.45124285,BF
25.05653131,93.39547264,-118.452004,57.36447502,5.421196401,52.4341593,BF
-0.664142698,108.5360533,-107.8719106,60.36704846,3.619929957,52.41708132,BF
-26.38469604,118.9996571,-92.61496106,60.04785945,1.541676387,52.40000893,BF
-50.97262193,124.3087204,-73.33609849,56.63209377,-0.609433112,52.38294212,BF
-64.45074208,124.8990472,-60.44830515,53.50906348,-1.822703593,52.37288168,BF
-64.45074208,124.8990472,-60.44830515,53.50906348,-1.822703593,52.37288168,BF
-85.07017541,121.6886876,-36.61851224,46.59824655,-3.690807815,52.35582373,BF
-101.959999,113.1812407,-11.22124169,37.33775579,-5.174401533,52.33877136,BF
-114.4174616,99.79130168,14.62615988,26.21684647,-6.175341966,52.32172455,BF
-121.8946604,82.09758634,39.79707406,13.86254537,-6.64712121,52.3046833,BF
-124.0686317,60.87270003,63.19593169,0.808385228,-6.603557609,52.2876476,BF
-124.0260438,59.79061299,64.2354308,1.22E-09,-6.587982659,52.28684044,BF
-124.0260438,59.79061299,64.2354308,7.86E-10,-6.587982659,52.28684044,BF
-120.5388446,35.85673304,84.68211156,-13.60645756,-6.079698866,52.26981055,BF
-111.8017675,10.41837088,101.3833967,-26.54108949,-5.251444074,52.2527862,BF
-98.19852873,-15.42169589,113.6202246,-38.47573566,-4.261219575,52.23576739,BF
-80.32398857,-40.53467429,120.8586629,-48.86883932,-3.286174813,52.21875411,BF
-58.95767386,-63.8275819,122.7852558,-57.28696375,-2.50494793,52.20174637,BF
-48.98515068,-72.91131221,121.8964629,-60.48628056,-2.272033747,52.1944951,BF
-48.98515068,-72.91131221,121.8964629,-60.48628056,-2.272033747,52.1944951,BF
-24.28166832,-91.91881701,116.2004853,-65.35221645,-2.039904623,52.17749524,BF
1.468840254,-106.797784,105.3289437,-67.66763969,-2.335294885,52.16050093,BF
27.14150228,-116.9691329,89.82763059,-67.12991124,-3.214619029,52.14351215,BF
51.61505095,-121.9786545,70.36360358,-63.85112241,-4.677270811,52.12652892,BF
73.8243728,-121.6113197,47.78694686,-58.03594707,-6.661443159,52.10955124,BF
77.98699382,-120.8291338,42.84213996,-55.70819613,-7.123888777,52.10606539,BF
77.98699382,-120.8291338,42.84213996,-55.70819613,-7.123888777,52.10606539,BF
96.22091596,-114.0428317,17.82191569,-46.8772891,-9.576769801,52.0890944,BF
110.1924863,-102.1889172,-8.003569091,-36.32576604,-12.22340703,52.07212896,BF
119.3467203,-85.82424797,-33.52247234,-23.95940875,-14.86279698,52.05516907,BF
123.2760169,-65.65747151,-57.61854536,-10.73737239,-17.27699546,52.03821473,BF
122.6560447,-48.52877153,-74.12727314,-1.19E-09,-18.81041869,52.02548611,BF
122.6560447,-48.52877153,-74.12727314,-8.85E-10,-18.81041869,52.02548611,BF
117.1898428,-23.9131782,-93.27666465,14.05376476,-20.34226628,52.00854147,BF
106.569335,1.798738618,-108.3680736,26.95433044,-21.13572924,51.99160236,BF
91.26709293,27.49964677,-118.7667397,38.24017018,-21.09553054,51.97466877,BF
71.9841893,52.06258267,-124.046772,48.74600716,-20.19214066,51.95774069,BF
53.35310258,70.96405434,-124.3171569,55.63160632,-18.78118689,51.94356302,BF
53.35310258,70.96405434,-124.3171569,55.63160632,-18.78118689,51.94356302,BF
29.01805857,90.67856358,-119.6966221,61.46812059,-16.40193158,51.92664505,BF
3.398457278,106.489624,-109.8880813,64.86177189,-13.40438391,51.90973256,BF
-22.38456301,117.7085429,-95.32397987,65.40267333,-9.984288395,51.89282554,BF
-47.21247919,123.8491835,-76.63670433,63.2412018,-6.368020391,51.875924,BF
-70.01440307,124.6448768,-54.63047369,58.80060068,-2.79436666,51.85902793,BF
-74.35874524,124.1192328,-49.76048756,56.36302994,-2.084952293,51.85554348,BF
-74.35874524,124.1192328,-49.76048756,56.36302994,-2.084952293,51.85554348,BF
-93.31305288,118.3703586,-25.0573057,48.73819447,1.11579479,51.83865401,BF
-108.2411685,107.5486238,0.692544672,38.54425367,3.78796322,51.82177001,BF
-118.4517056,92.07832646,26.37337909,26.88442189,5.773154668,51.80489149,BF
-123.5065406,72.64165125,50.86488936,14.13637205,6.973798877,51.78801846,BF
-123.185455,50.08395047,73.10150454,1.000708714,7.356988744,51.7711509,BF
-123.0010999,48.78249492,74.21860503,4.00E-10,7.353038565,51.77023467,BF
-123.0010999,48.78249492,74.21860503,-6.39E-11,7.353038565,51.77023467,BF
-117.0231615,23.99930753,93.02385394,-13.95489316,6.9106236,51.75337291,BF
-105.9709266,-1.77401244,107.744939,-25.93145282,5.789055608,51.73651665,BF
-90.24442958,-27.44780839,117.692238,-37.68492684,4.126149339,51.7196659,BF
-70.63322577,-51.83121615,122.4644419,-47.51020967,2.125431106,51.70282065,BF
-57.08782626,-65.64340105,122.7312273,-52.63096294,0.821053511,51.69254568,BF
-57.08782626,-65.64340105,122.7312273,-52.63096295,0.821053511,51.69254568,BF
-33.00791194,-85.84081136,118.8487233,-58.88944598,-1.305576067,51.67570929,BF
-7.49524184,-102.2380586,109.7333004,-62.32322201,-3.251786249,51.65887841,BF
18.32701363,-114.1116166,95.78460299,-63.32877827,-4.851239756,51.64205303,BF
43.33507314,-120.9607695,77.62569633,-61.59697089,-5.986379878,51.62523314,BF
62.5816043,-122.6006892,60.01908495,-57.60383369,-6.52675987,51.61137743,BF
62.5816043,-122.6006892,60.01908495,-57.60383369,-6.52675987,51.61137743,BF
83.34717482,-119.6721788,36.32500394,-50.7802686,-6.690842633,51.59456754,BF
100.4710524,-111.4586687,10.98761634,-41.76136423,-6.363835248,51.57776313,BF
113.194265,-98.3317951,-14.86246987,-30.94552754,-5.646184519,51.56096418,BF
120.9641823,-80.8628189,-40.1013634,-18.79694236,-4.682090512,51.5441707,BF
123.4435772,-59.81412918,-63.629448,-5.896375533,-3.644541492,51.52738268,BF
122.8834148,-50.80356597,-72.07984883,1.44E-10,-3.257426275,51.52083273,BF
122.8834148,-50.80356597,-72.07984883,4.96E-10,-3.257426275,51.52083273,BF
117.9188239,-26.3288116,-91.59001233,13.15565488,-2.423408195,51.5040523,BF
107.7336977,-0.657656701,-107.076041,25.47836091,-1.938390362,51.48727733,BF
92.83945549,25.09289561,-117.9323511,37.00669877,-1.93824163,51.47050781,BF
73.87775301,49.79760879,-123.6753618,46.86115045,-2.511062931,51.45374377,BF
51.67694065,72.3812099,-124.0581506,54.6776495,-3.687297243,51.43698519,BF
43.55740974,79.34881152,-122.9062213,56.97657086,-4.222383126,51.43129967,BF
43.55740974,79.34881153,-122.9062213,56.97657086,-4.222383126,51.43129967,BF
18.54879404,97.61123644,-116.1600305,61.39103206,-6.146634557,51.41454842,BF
-7.276469996,111.6024304,-104.3259604,63.3111395,-8.505450839,51.39780264,BF
-32.80035625,120.7810744,-87.9807181,62.34839551,-11.13579471,51.38106235,BF
-56.90669992,124.73578,-67.82908009,58.69775259,-13.83765318,51.36432753,BF
-75.58218824,123.8249367,-48.24274847,53.40059495,-16.03674057,51.35002852,BF
-75.58218824,123.8249367,-48.24274847,53.40059495,-16.03674057,51.35002852,BF
-94.35969977,117.8239832,-23.46428342,44.93180535,-18.29066618,51.33330386,BF
-109.0220575,106.7136738,2.308383697,34.66851896,-20.00249176,51.31658466,BF
-118.9400368,90.9968995,27.94313729,22.81984575,-21.00622261,51.29987092,BF
-123.6803067,71.35776454,52.32254216,10.0052637,-21.18523963,51.28316263,BF
-123.7324553,55.2130848,68.51937054,9.95E-10,-20.76253506,51.27110713,BF
-123.7324553,55.2130848,68.51937054,6.85E-10,-20.76253506,51.27110713,BF
-119.2291633,30.91629365,88.31286969,-13.72669113,-19.43970601,51.2544082,BF
-109.5069254,5.320681246,104.1862442,-26.34550596,-17.29916505,51.23771469,BF
-95.01782489,-20.48097454,115.4987994,-37.88248462,-14.47795256,51.22102659,BF
-76.387229,-45.32671482,121.7139438,-47.96755425,-11.15684534,51.2043439,BF
-54.44280074,-68.13111272,122.5739135,-55.90785524,-7.562243536,51.18766661,BF
-50.78292859,-71.42800831,122.2109369,-57.02098044,-6.99221781,51.18507391,BF
-50.78292859,-71.42800831,122.2109369,-57.02098044,-6.99221781,51.18507391,BF
-26.19453441,-90.67036382,116.8648982,-62.29727532,-3.381988982,51.16840286,BF
-0.482922414,-105.8962586,106.379181,-64.65437222,-0.021315361,51.15173721,BF
25.2486894,-116.459225,91.21053562,-64.51958468,2.874925017,51.13507695,BF
49.82565866,-121.8321324,72.00647379,-61.72384205,5.119494847,51.11842209,BF
72.25948676,-121.8870453,49.62755853,-55.28932549,6.606562699,51.10177264,BF
75.34307569,-121.4277989,46.08472326,-54.31032031,6.757237064,51.09930134,BF
75.34307569,-121.4277989,46.08472326,-54.31032031,6.757237064,51.09930134,BF
94.05014779,-115.3067644,21.2566166,-45.63740868,7.296019408,51.0826581,BF
108.6305076,-104.1009215,-4.529586173,-35.10818883,7.030814436,51.06602029,BF
118.4582919,-88.29780566,-30.16048628,-23.01587113,6.048363075,51.0493879,BF
123.1046667,-68.58685298,-54.51781369,-10.0384104,4.4899106,51.03276094,BF
123.2032893,-54.2974536,-68.90583573,5.41E-10,3.271018323,51.02212491,BF
123.2032893,-54.2974536,-68.90583573,8.26E-10,3.271018323,51.02212491,BF
119.058496,-30.11178362,-88.94671239,13.40693615,1.175625685,51.00550686,BF
109.6485005,-4.548524292,-105.0999763,26.29754824,-0.973399649,50.98889424,BF
95.44834787,21.26453504,-116.7128829,38.48405866,-2.973470377,50.97228705,BF
77.06798044,46.20275479,-123.2707352,49.00818067,-4.651065893,50.95568529,BF
60.69755461,63.96880213,-124.6663567,56.10710468,-5.629847936,50.94301054,BF
60.69755461,63.96880213,-124.6663567,56.10710468,-5.629847936,50.94301054,BF
37.00477452,84.77182959,-121.7766041,62.82448097,-6.457589522,50.92641834,BF
11.67327233,101.9120451,-113.5853174,66.95374279,-6.738311791,50.90983155,BF
-14.17711551,114.6573854,-100.4802699,68.35260286,-6.508928808,50.89325016,BF
-39.42049305,122.4504208,-83.02992776,66.91535285,-5.85985192,50.87667416,BF
-62.95733055,124.95363,-61.99629942,62.76875268,-4.929365837,50.86010356,BF
-69.01982593,124.6401517,-55.62032574,60.92522221,-4.639407478,50.85550179,BF
-69.01982593,124.6401517,-55.62032574,60.92522221,-4.639407478,50.85550179,BF
-88.93104743,120.2866666,-31.3556192,53.29357127,-3.60244208,50.83893807,BF
-104.9192859,110.6879124,-5.768626517,43.96699771,-2.689984666,50.82237973,BF
-116.344857,96.31501535,20.02984166,32.57147203,-2.081746162,50.80582678,BF
-122.7015207,77.7890955,44.91242523,20.00776702,-1.926015434,50.78927922,BF
-123.7150757,55.91927896,67.79579675,6.818820371,-2.326836749,50.77273705,BF
-122.4120165,45.58548432,76.8265322,1.22E-09,-2.691983208,50.76554621,BF
-122.4120165,45.58548432,76.8265322,8.74E-10,-2.691983208,50.76554621,BF
-115.7799295,20.61001852,95.16991094,-13.11956484,-3.958596044,50.74901178,BF
-104.0472566,-5.209853186,109.2571098,-25.42465954,-5.790658095,50.73248275,BF
-87.79041226,-30.75211136,118.5425236,-36.79343523,-8.081831114,50.71595912,BF
-67.71010349,-54.90017644,122.6102799,-46.35380648,-10.67469082,50.6994409,BF
-45.1850227,-76.18112856,121.3661513,-53.64038897,-13.31583907,50.68327165,BF
-45.1850227,-76.18112856,121.3661513,-53.64038897,-13.31583907,50.68327165,BF
-20.24451253,-94.5613591,114.8058716,-58.83279597,-15.89970324,50.66676413,BF
5.566513767,-108.762646,103.1961323,-61.15686347,-18.14684097,50.650262,BF
31.12421976,-118.1631142,87.03889439,-60.72716058,-19.8499794,50.63376527,BF
55.3130582,-122.3542211,67.04116288,-57.57076707,-20.83844146,50.61727393,BF
69.41359145,-122.1919766,52.77838515,-54.1181399,-21.03115637,50.6068412,BF
69.41359145,-122.1919766,52.77838515,-54.1181399,-21.03115637,50.6068412,BF
89.16372116,-117.6169062,28.45318503,-46.73568076,-20.63285335,50.59035863,BF
104.9840878,-107.8198035,2.835715717,-37.41726528,-19.33883391,50.57388142,BF
116.213309,-93.2688542,-22.94445482,-26.323495,-17.21960688,50.55740956,BF
122.3580239,-74.5937914,-47.76423251,-14.10318774,-14.40068555,50.54094304,BF
123.1525467,-52.61004449,-70.54250218,-1.29256174,-11.06557914,50.52448185,BF
122.9594841,-50.67852141,-72.28096272,6.16E-10,-10.77288431,50.523129,BF
122.9594841,-50.67852141,-72.28096272,1.01E-09,-10.77288431,50.523129,BF
117.9303141,-26.19068318,-91.73963089,13.05143949,-7.131645773,50.50667358,BF
107.7317849,-0.516660304,-107.2151246,25.402525,-3.467755858,50.49022349,BF
92.81854799,25.23312908,-118.0516771,36.63366334,-0.027778022,50.47377872,BF
73.84120622,49.93344636,-123.7746526,46.21778274,2.961457326,50.45733927,BF
51.62727649,72.50892285,-124.1361993,53.75260892,5.313825265,50.44090515,BF
46.87660365,76.64735796,-123.5239616,55.00777394,5.690035592,50.43762592,BF
46.87660365,76.64735796,-123.5239616,55.00777394,5.690035592,50.43762592,BF
22.0585251,95.41277421,-117.4712993,59.54508242,7.11468464,50.4211982,BF
-3.724476416,110.023417,-106.2989406,61.54582573,7.693555148,50.40477582,BF
-29.36045834,119.8885371,-90.52807872,60.64788125,7.451975327,50.38835879,BF
-53.72825627,124.5717292,-70.84347298,57.05048421,6.473665956,50.37194712,BF
-71.17134694,124.4661847,-53.2948378,52.25092162,5.285344532,50.35913956,BF
-71.17134694,124.4661847,-53.2948378,52.25092162,5.285344532,50.35913956,BF
-90.7232938,119.5862199,-28.86292605,44.0082576,3.376289633,50.34273743,BF
-106.3141318,109.5145637,-3.200431908,33.84980018,1.217401613,50.32634066,BF
-117.2799147,94.71779547,22.56211922,21.98500694,-0.974015801,50.30994925,BF
-123.1405209,75.83850751,47.30201335,9.057574791,-2.994847532,50.2935632,BF
-124.0580331,62.14990148,61.9081316,1.53E-09,-4.101800395,50.28320748,BF
-124.0580331,62.14990148,61.9081316,1.21E-09,-4.101800395,50.28320748,BF
-121.1712848,38.45405232,82.71723251,-13.96831095,-5.495369408,50.26683016,BF
-112.9758657,13.13208875,99.84377692,-27.12368889,-6.361329924,50.25045819,BF
-99.85316235,-12.726065,112.5792274,-38.84019593,-6.676173435,50.23409156,BF
-82.40417953,-37.97411516,120.3782947,-50.00449542,-6.474561445,50.21773026,BF
-61.3654412,-61.50353391,122.8689751,-58.84537155,-5.843862171,50.20137428,BF
-56.99742289,-65.72548503,122.7229079,-60.37999757,-5.684645508,50.19824622,BF
-56.99742289,-65.72548503,122.7229079,-60.37999757,-5.684645508,50.19824622,BF
-32.8950865,-85.89243438,118.7875209,-66.43923439,-4.732300933,50.18189658,BF
-7.380000755,-102.2472377,109.6272385,-69.73265964,-3.703392258,50.16555226,BF
18.44707874,-114.0907804,95.64370166,-70.35229908,-2.787656613,50.14921325,BF
43.46276355,-120.9068713,77.44410779,-68.35711788,-2.166118336,50.13287955,BF
66.58880211,-122.398234,55.80943189,-64.20456866,-1.992277443,50.11655117,BF
75.85898873,-121.3099853,45.45099654,-58.80423514,-2.089288741,50.10937273,BF
75.85898873,-121.3099853,45.45099654,-58.80423514,-2.089288741,50.10937273,BF
94.42745622,-115.0165866,20.58913039,-51.43433842,-2.7416643,50.09305201,BF
108.8880026,-103.6823973,-5.205605379,-40.61436621,-4.005473027,50.07673661,BF
118.5748007,-87.76298822,-30.8118125,-28.4792255,-5.842157505,50.06042655,BF
123.0717258,-67.95876143,-55.11296438,-15.30627741,-8.148103394,50.04412181,BF
122.1831161,-45.1311608,-77.05195534,-1.834354801,-10.76554679,50.02782241,BF
121.8054335,-42.8724052,-78.93302827,8.01E-10,-11.01828659,50.02629959,BF
121.8054335,-42.8724052,-78.93302827,1.29E-09,-11.01828659,50.02629959,BF
115.0776409,-17.87591485,-97.20172602,13.84069644,-13.74756255,50.01000603,BF
103.3016536,7.9454446,-111.2470982,26.7215411,-16.33906409,49.99371779,BF
87.00119918,33.47604257,-120.4772418,38.34979359,-18.56941803,49.97743488,BF
66.88717813,57.6002757,-124.4874538,48.15429158,-20.23078351,49.9611573,BF
52.50360425,71.70084449,-124.2044487,53.72552393,-20.90553488,49.95081586,BF
52.50360425,71.70084449,-124.2044487,53.72552393,-20.90553488,49.95081586,BF
28.1123791,91.32192272,-119.4343018,59.63499469,-21.30331132,49.93454696,BF
2.469077863,106.9857431,-109.4548209,63.04911526,-20.80253499,49.91828336,BF
-23.29539249,118.0365933,-94.7412008,63.70983869,-19.4106404,49.90202505,BF
-48.05845241,123.9889545,-75.9305021,61.57160491,-17.19630211,49.88577201,BF
-70.74136234,124.5855143,-53.84415198,56.79070846,-14.2965959,49.86952425,BF
-71.06418157,124.5491421,-53.48496054,56.68051477,-14.24728977,49.86927613,BF
-71.06418157,124.5491421,-53.48496054,56.68051477,-14.24728977,49.86927613,BF
-90.61342069,119.6678015,-29.05438079,48.93502439,-10.84632548,49.85303371,BF
-106.2139791,109.6236692,-3.409690058,40.16456714,-7.191248204,49.83679654,BF
-117.1963283,94.84945282,22.34687546,28.68016202,-3.530588129,49.82056463,BF
-123.0979385,75.98415405,47.1137845,15.96895301,-0.110838096,49.80433797,BF
-123.6081094,53.84418656,69.76392288,3.076978212,2.834856632,49.78811656,BF
-122.9491711,48.36467149,74.58449961,1.58E-09,3.426937379,49.78437406,BF
-122.9491711,48.36467149,74.58449961,1.24E-09,3.426937379,49.78437406,BF
-116.865606,23.54877739,93.31682856,-12.83748217,5.545468687,49.76815913,BF
-105.6935193,-2.233568666,107.9270879,-25.07474189,6.860505175,49.75194946,BF
-89.92035856,-27.87179619,117.7921547,-36.08476471,7.331651978,49.73574506,BF
-70.23038317,-52.22552305,122.4559062,-45.7260625,6.984337443,49.71954594,BF
-51.1852349,-71.03668897,122.2219239,-52.17765102,6.125517173,49.70587806,BF
-51.1852349,-71.03668897,122.2219239,-52.17765102,6.125517173,49.70587806,BF
-26.63806216,-90.33499361,116.9730558,-57.35838909,4.566011921,49.68968868,BF
-0.934199443,-105.6501664,106.5843659,-60.00516274,2.597922329,49.6735046,BF
24.79725435,-116.2997922,91.50253785,-59.88645243,0.433707385,49.6573258,BF
49.4366429,-121.8233467,72.38670377,-57.04768617,-1.710366399,49.6411523,BF
62.72582156,-122.5269017,59.80108012,-53.90670709,-2.85708857,49.63180757,BF
62.72582156,-122.5269017,59.80108012,-53.90670709,-2.85708857,49.63180757,BF
83.51804482,-119.6001565,36.08211173,-46.82026318,-4.578670855,49.61564241,BF
100.6107332,-111.3473332,10.73660004,-37.92722257,-5.835428413,49.59948253,BF
113.3051613,-98.19092166,-15.11423961,-26.95508093,-6.553510731,49.58332791,BF
121.0409516,-80.69602271,-40.34492889,-14.7385115,-6.715450235,49.56717857,BF
123.4837794,-59.62748707,-63.85629231,-1.779917744,-6.36920553,49.55103448,BF
123.3995703,-57.11209507,-66.2874752,3.22E-10,-6.300857336,49.54925252,BF
123.3995703,-57.11209507,-66.2874752,7.25E-10,-6.300857336,49.54925252,BF
119.8556146,-33.15106956,-86.704545,13.33903406,-5.517087056,49.53311427,BF
111.0507495,-7.70002602,-103.3507235,26.14462501,-4.499815009,49.51698126,BF
97.38773746,18.13857851,-115.526316,37.97266438,-3.436166193,49.5008535,BF
79.46171651,43.23559993,-122.6973164,48.25060112,-2.519339923,49.48473098,BF
58.05511648,66.49805363,-124.5531701,56.56046868,-1.93075242,49.4686137,BF
46.52519761,76.89987871,-123.4250763,60.03415233,-1.810998608,49.46070127,BF
46.52519761,76.89987871,-123.4250763,60.03415233,-1.810998608,49.46070127,BF
21.70261219,95.61488797,-117.3175002,64.65893068,-1.975821827,49.44459182,BF
-4.084033416,110.1514482,-106.0674148,66.65524085,-2.753148776,49.42848762,BF
-29.70476487,119.9371249,-90.23236008,65.83053142,-4.150956411,49.41238867,BF
-54.04101035,124.5358303,-70.49481992,62.27445546,-6.113831106,49.39629499,BF
-76.03293919,123.7498671,-47.71692787,56.18888787,-8.522782778,49.38020656,BF
-78.59454941,123.2401088,-44.64555939,54.76596901,-8.85246314,49.37816236,BF
-78.59454941,123.2401088,-44.64555939,54.76596901,-8.85246314,49.37816236,BF
-96.81736977,116.4458251,-19.62845533,45.84180511,-11.55734227,49.36207987,BF
-110.7973132,104.5999264,6.197386867,35.08899311,-14.2919437,49.34600265,BF
-119.9564445,88.23972859,31.71671591,22.73149181,-16.82790527,49.32993069,BF
-123.891146,68.07704691,55.81409911,9.502618272,-18.93702583,49.31386398,BF
-123.5105548,53.13053401,70.38002078,1.51E-09,-19.98847179,49.3032864,BF
-123.5105548,53.13053401,70.38002078,1.19E-09,-19.98847179,49.3032864,BF
-118.5424384,28.67346021,89.86897817,-13.92160607,-20.97052929,49.2872284,BF
-108.3819675,3.015867762,105.3660997,-26.85379155,-21.08613836,49.27117563,BF
-93.49223591,-22.73743801,116.2296739,-38.21285493,-20.29152148,49.25512809,BF
-74.54957328,-47.44844799,121.9980213,-48.77338347,-18.61319115,49.23908576,BF
-54.13535499,-68.41258868,122.5479437,-56.36865,-16.34978675,49.22426584,BF
-54.13535499,-68.41258868,122.5479437,-56.36865,-16.34978675,49.22426584,BF
-29.81161049,-88.15114195,117.9627524,-62.17509921,-13.28117683,49.20823352,BF
-4.196659544,-103.9919418,108.1886014,-65.4280769,-9.771231712,49.19220639,BF
21.58938224,-115.2441621,93.65477982,-65.85489918,-6.064003453,49.17618445,BF
46.42638224,-121.4198152,74.99343301,-63.57039027,-2.416507277,49.16016769,BF
69.24033457,-122.2508051,53.01047055,-58.94449832,0.92293261,49.14415611,BF
73.16746902,-121.7130661,48.54559705,-55.83433921,1.491574169,49.14111895,BF
73.16746902,-121.7130661,48.54559705,-55.83433921,1.491574169,49.14111895,BF
92.31183911,-116.1728621,23.86102296,-48.34340039,4.182700555,49.12511354,BF
107.3303973,-105.4564291,-1.873968259,-38.63651356,6.130093398,49.10911333,BF
117.6627954,-90.09053542,-27.57225995,-26.77825998,7.250056039,49.09311831,BF
122.843231,-70.73780484,-52.10542618,-13.91184618,7.514054899,49.07712849,BF
122.6496265,-48.24334231,-74.40628418,-0.558438002,6.968427457,49.06114388,BF
122.5530848,-47.51931848,-75.03376635,-1.09E-09,6.939443256,49.06065914,BF
122.5530848,-47.51931848,-75.03376635,-6.22E-10,6.939443256,49.06065914,BF
116.8256646,-22.81055722,-94.0151074,14.0152455,5.676171691,49.04467991,BF
106.0013145,2.927369312,-108.9286838,26.69740735,3.890031698,49.02870589,BF
90.544647,28.59765971,-119.1423067,38.05521535,1.781853253,49.0127371,BF
71.05851605,53.11966054,-124.1781766,48.67009568,-0.438487778,48.99677353,BF
59.12387395,65.52264757,-124.6465215,53.21712347,-1.604744868,48.98810811,BF
59.12387395,65.52264758,-124.6465215,53.21712347,-1.604744868,48.98810811,BF
35.27206189,86.09793214,-121.369994,59.68055679,-3.559902345,48.97215259,BF
9.870685987,102.9674171,-112.8381031,63.69109397,-5.125503086,48.95620228,BF
-15.97712374,115.3980792,-99.42095543,64.92520041,-6.185955209,48.94025718,BF
-41.13467947,122.8344696,-81.6997901,63.56036583,-6.684699581,48.92431728,BF
-64.50941838,124.9707286,-60.46131019,59.46023182,-6.635984002,48.90838258,BF
-65.33977439,124.9344404,-59.59466597,59.15616234,-6.622601856,48.90777901,BF
-65.33977439,124.9344404,-59.59466597,59.15616234,-6.622601856,48.90777901,BF
-85.81103338,121.4766568,-35.66562338,51.8862569,-6.086261322,48.89184969,BF
-102.5244277,112.7552643,-10.23083657,42.8517939,-5.209277449,48.87592555,BF
-114.7769665,99.16699606,15.60997041,31.90764047,-4.165726919,48.86000659,BF
-122.0316572,81.30443205,40.72722513,19.69713726,-3.148154508,48.8440928,BF
-123.974013,59.947078,64.02693497,6.758348094,-2.349928285,48.82818419,BF
-123.0007044,49.22156757,73.77913685,2.16E-10,-2.106739509,48.82089525,BF
-123.0007044,49.22156757,73.77913685,-1.24E-10,-2.106739509,48.82089525,BF
-117.1474655,24.47094113,92.67652442,-13.11175664,-1.928660787,48.80499419,BF
-106.1366622,-1.294114297,107.4307765,-25.32603834,-2.323719082,48.7890983,BF
-90.51124995,-26.94912403,117.460374,-36.67056105,-3.341881584,48.7732076,BF
-70.94536805,-51.37332532,122.3186934,-46.28279371,-4.96863603,48.75732209,BF
-48.2936104,-73.50297297,121.7965834,-53.80314352,-7.121940621,48.74144177,BF
-43.47797094,-77.53914201,121.017113,-55.10547009,-7.603494862,48.73827421,BF
-43.47797094,-77.53914201,121.017113,-55.10547009,-7.603494862,48.73827421,BF
-18.4273673,-95.67923851,114.1066058,-59.47398357,-10.197338,48.72240012,BF
7.406400007,-109.544631,102.138231,-61.19121743,-12.93544038,48.70653123,BF
32.9219625,-118.6214392,85.69947674,-60.74007953,-15.5984903,48.69066753,BF
56.97257818,-122.397583,65.42500486,-56.70795557,-17.93785971,48.67480902,BF
72.21062644,-121.8682732,49.65764681,-52.83489744,-19.25379833,48.66382845,BF
72.21062644,-121.8682732,49.65764681,-52.83489744,-19.25379833,48.66382845,BF
91.49217421,-116.5826443,25.09047007,-44.6938108,-20.57999054,48.64797871,BF
106.746127,-106.1149551,-0.631171824,-34.96797184,-21.08040951,48.63213415,BF
117.3049409,-90.95383959,-26.3511013,-24.06094987,-20.67190469,48.61629474,BF
122.7700682,-71.83514401,-50.93492417,-11.29107783,-19.36086307,48.60046049,BF
123.2000854,-53.16525167,-70.0348337,1.65E-09,-17.58413362,48.58712051,BF
123.2000854,-53.16525167,-70.0348337,2.23E-09,-17.58413362,48.58712051,BF
118.7358433,-28.8920402,-89.84380306,13.16922454,-14.79666714,48.57129572,BF
109.0800087,-3.293892512,-105.7861162,25.74243899,-11.44969228,48.55547606,BF
94.64994011,22.49882831,-117.1487684,37.20438121,-7.774712995,48.53966151,BF
76.07635119,47.36259953,-123.4389507,47.05262965,-4.02906318,48.52385209,BF
54.16939212,70.21380425,-124.3831964,54.86283229,-0.473680024,48.50804777,BF
48.03892344,75.66139439,-123.7003178,56.65889813,0.385945748,48.50394887,BF
48.03892344,75.66139439,-123.7003178,56.65889813,0.385945749,48.50394887,BF
23.30130935,94.60658213,-117.9078915,61.3141791,3.364987804,48.488151,BF
-2.459582144,109.4272665,-106.9676844,63.42210088,5.658653787,48.47235825,BF
-28.12780266,119.5298184,-91.40201575,62.64562624,7.144752994,48.45657063,BF
-52.58115827,124.466043,-71.88488473,59.14267903,7.764241115,48.44078813,BF
-74.75485998,124.0231438,-49.26828381,53.09452614,7.533692794,48.42501078,BF
-75.09085294,123.9676693,-48.87681639,52.91182451,7.52279194,48.42475301,BF
-75.09085294,123.9676693,-48.87681639,52.91182451,7.52279194,48.42475301,BF
-93.9464356,118.068568,-24.12213238,44.12800132,6.516746157,48.40898088,BF
-108.7366895,107.0931593,1.643530179,33.64969504,4.901903747,48.39321391,BF
-118.8032031,91.47836363,27.32483943,22.61478675,2.865151522,48.37745208,BF
-123.6273095,71.88683383,51.74047566,7.590099878,0.630702072,48.36169541,BF
-123.9885383,59.15832312,64.83021521,1.20E-09,-0.656989641,48.35262709,BF
-123.9885383,59.15832311,64.83021521,4.94E-10,-0.656989641,48.35262709,BF
-120.3695628,35.17585547,85.19370737,-13.89555348,-2.751325384,48.33687854,BF
-111.5071047,9.710675049,101.7964297,-27.1717228,-4.508983636,48.32113513,BF
-97.79265547,-16.12727624,113.9199317,-39.38654655,-5.791145668,48.30539687,BF
-79.82332869,-41.21353403,121.0368627,-49.95946806,-6.51848333,48.28966375,BF
-59.72997406,-63.11274537,122.8427194,-58.72860374,-6.677600472,48.27486679,BF
-59.72997406,-63.11274537,122.8427194,-58.72860374,-6.677600472,48.27486679,BF
-35.8742265,-83.68842264,119.5626491,-65.33017735,-6.350270103,48.25914361,BF
-10.47082544,-100.5362238,111.0070492,-69.19855924,-5.610312043,48.24342555,BF
15.37413977,-112.9433749,97.5692351,-70.26028471,-4.619291454,48.2277126,BF
40.53206824,-120.3666357,79.83456746,-68.49092515,-3.565932808,48.21200475,BF
63.90684397,-122.4840271,58.57718314,-64.01691058,-2.649423124,48.19630202,BF
73.53849366,-121.6175593,48.0790656,-60.71373986,-2.332499292,48.18923418,BF
73.53849366,-121.6175593,48.0790656,-60.71373986,-2.332499292,48.18923418,BF
92.58358582,-115.9767491,23.39316326,-52.42680825,-1.94048031,48.17353886,BF
107.5174365,-105.1650254,-2.352411071,-42.46046932,-2.085991521,48.15784864,BF
117.7484461,-89.714783,-28.0336631,-30.50294292,-2.848193052,48.14216353,BF
122.8217726,-70.29296305,-52.52880951,-17.5108284,-4.242164213,48.12648355,BF
122.5188554,-47.74798224,-74.77087315,-4.032805219,-6.213478782,48.11080869,BF
121.6216191,-42.05572791,-79.5658912,-7.98E-10,-6.752810293,48.10710642,BF
121.6216191,-42.05572791,-79.5658912,1.48E-11,-6.752810293,48.10710642,BF
114.7386357,-17.01233487,-97.72630082,13.40034647,-9.26732339,48.0914379,BF
102.7949436,8.819107467,-111.614051,25.97959679,-12.01150999,48.0757745,BF
86.35197482,34.3220982,-120.674073,37.50553395,-14.76455743,48.06011624,BF
66.12196106,58.38154683,-124.5035079,47.20197414,-17.2868213,48.04446309,BF
50.22500305,73.73192423,-123.9569273,53.00804181,-18.78116161,48.03354837,BF
50.22500305,73.73192423,-123.9569273,53.00804181,-18.78116161,48.03354837,BF
25.66448942,93.00957522,-118.6740646,58.73212591,-20.39919785,48.01790392,BF
-0.039815216,108.2599516,-108.2201364,61.89247205,-21.23164457,48.00226457,BF
-25.75706958,118.8414606,-93.08439103,62.30096209,-21.17442843,47.98663032,BF
-50.36619341,124.2894861,-73.92329265,59.93667801,-20.18781049,47.97100115,BF
-69.24093002,124.7142162,-55.4732862,55.97029409,-18.67699971,47.95798081,BF
-69.24093002,124.7142162,-55.4732862,55.97029409,-18.67699971,47.95798081,BF
-89.10024254,120.314295,-31.21405241,48.74621062,-16.14078682,47.94236094,BF
-105.0714892,110.7029088,-5.631419581,39.46929058,-12.96576103,47.92674614,BF
-116.4707883,96.30091951,20.16986877,28.55690626,-9.372155635,47.91113639,BF
-122.8148581,77.76780528,45.04705277,16.36263183,-5.620513209,47.89553169,BF
-123.8007125,55.87962593,67.92108655,3.640171089,-1.970635197,47.87993204,BF
-123.1201427,49.46726717,73.65287556,3.76E-09,-1.029951281,47.87569413,BF
-123.1201427,49.46726717,73.65287556,3.08E-09,-1.029951281,47.87569413,BF
-117.2740167,24.72084336,92.55317338,-12.81379973,2.124825599,47.8601009,BF
-106.3214435,-1.040444987,107.3618885,-24.93971078,4.647880779,47.84451272,BF
-90.74133559,-26.70871587,117.4500515,-35.9109998,6.392544703,47.82892959,BF
-71.20804064,-51.14399655,122.3520372,-45.43065459,7.27446191,47.81335153,BF
-48.56664892,-73.3239711,121.89062,-52.61770043,7.293770768,47.79777853,BF
-48.26910262,-73.58118657,121.8502892,-52.69847889,7.288703266,47.79758488,BF
-48.26910262,-73.58118657,121.8502892,-52.69847889,7.288703266,47.79758488,BF
-23.51886766,-92.43113937,115.950007,-57.65508641,6.500713578,47.78201703,BF
2.251652154,-107.2029808,104.9513287,-59.77986326,5.052974697,47.76645426,BF
27.91030333,-117.241061,89.33075771,-59.19239197,3.131078166,47.75089657,BF
52.34060743,-122.1108471,69.77023968,-55.90589245,0.952551026,47.73534397,BF
64.55357498,-122.4608289,57.90725391,-52.57687852,-0.243037247,47.72699059,BF
64.55357498,-122.4608289,57.90725391,-52.57687852,-0.243037248,47.72699059,BF
85.08125114,-119.0922716,34.0110205,-45.25652465,-2.37752132,47.7114458,BF
101.8368531,-110.416883,8.580029907,-36.12005038,-4.218531066,47.6959061,BF
114.1416991,-96.87836571,-17.26333343,-24.90527118,-5.613671218,47.68037148,BF
121.4512756,-79.05767042,-42.39360516,-12.50366449,-6.46386436,47.66484193,BF
123.4727365,-58.89025164,-64.58248491,7.84E-10,-6.736546556,47.65010933,BF
123.4727365,-58.89025163,-64.58248491,1.38E-09,-6.736546556,47.65010933,BF
120.3523489,-35.10492936,-85.24741953,13.45647115,-6.496842938,47.63458964,BF
111.9636011,-9.731859555,-102.2317416,26.14786253,-5.809841907,47.61907499,BF
98.67607771,16.10898487,-114.7850626,37.57305673,-4.825696582,47.6035654,BF
81.02357609,41.3158723,-122.3394484,49.15403032,-3.727498009,47.58806084,BF
59.85813739,64.75639685,-124.6145342,57.56824561,-2.724446793,47.57256133,BF
48.46497576,75.28078657,-123.7457623,61.00638292,-2.326531418,47.56497457,BF
48.46497576,75.28078657,-123.7457623,61.00638292,-2.326531418,47.56497457,BF
23.76160686,94.25415856,-118.0157654,65.73031307,-1.815867067,47.54948256,BF
-1.98767651,109.1546103,-107.1669338,67.99562321,-1.827809885,47.53399559,BF
-27.6662453,119.3457751,-91.67952981,67.50514952,-2.455729864,47.51851368,BF
-52.15787387,124.3822072,-72.22433338,64.44225017,-3.728406484,47.50303681,BF
-74.40516874,124.041505,-49.63633627,59.21518237,-5.605784212,47.487565,BF
-79.33939872,123.1361771,-43.79677842,55.21912274,-6.140713823,47.48381121,BF
-79.33939872,123.1361771,-43.79677842,55.21912274,-6.140713823,47.48381121,BF
-93.78381979,118.0547697,-24.27094988,49.33181468,-8.039545346,47.47170478,BF
-105.7663614,109.8873527,-4.120991332,40.72486756,-10.13345996,47.45960145,BF
-116.9081301,95.26845237,21.63967769,28.8276084,-12.9233702,47.44415717,BF
-122.9658109,76.53486157,46.43094933,15.7714259,-15.62883465,47.42871793,BF
-123.6495656,54.49478669,69.15477888,2.150098014,-18.0028688,47.41328375,BF
-123.3004601,51.10254983,72.19791032,2.65E-09,-18.30174053,47.41104794,BF
-123.3004601,51.10254983,72.19791032,1.89E-09,-18.30174053,47.41104794,BF
-117.8802656,26.52582135,91.35444426,-13.87023231,-20.02466362,47.39561953,BF
-107.3149209,0.829406609,106.4855143,-26.85399234,-20.97905096,47.38019615,BF
-92.08798556,-24.85251277,116.9404983,-38.75486418,-21.04601139,47.3647778,BF
-72.86033432,-49.40252067,122.262855,-48.91247759,-20.17528536,47.34936446,BF
-55.33462876,-67.32172946,122.6563582,-55.73139272,-18.83165669,47.33716109,BF
-55.33462876,-67.32172946,122.6563582,-55.73139273,-18.83165669,47.33716109,BF
-31.13374892,-87.23666481,118.3704137,-61.86630309,-16.40400745,47.3217567,BF
-5.581217253,-103.2868123,108.8680296,-65.31091641,-13.29687354,47.30635731,BF
20.19932976,-114.7861037,94.5867739,-65.99068463,-9.731519746,47.29096289,BF
45.08609372,-121.232497,76.14640327,-63.84444377,-5.961001699,47.27557345,BF
67.99619442,-122.3468239,54.3506295,-59.02961686,-2.254403068,47.26018898,BF
73.59333629,-121.694696,48.1013597,-57.03168405,-1.31453405,47.25610644,BF
73.59333629,-121.694696,48.10135969,-57.03168405,-1.31453405,47.25610644,BF
92.61749041,-116.0460278,23.42853737,-48.99346191,1.943608809,47.24072827,BF
107.5486479,-105.2516742,-2.296973698,-39.0418056,4.589284382,47.22535507,BF
117.7839821,-89.82251668,-27.96146537,-27.27818744,6.465366227,47.20998685,BF
122.8716011,-70.42646444,-52.44513665,-14.47744766,7.478242608,47.19462362,BF
122.5922083,-47.90883263,-74.68337567,-1.190677386,7.611456587,47.17926538,BF
122.3627502,-46.2699896,-76.09276056,-1.18E-09,7.58761999,47.17821355,BF
122.3627502,-46.2699896,-76.09276056,-3.08E-10,7.58761999,47.17821355,BF
116.3673058,-21.49581692,-94.87148884,13.5577189,6.847507606,47.16286065,BF
105.2789697,4.260057593,-109.5390273,26.27985792,5.423746408,47.14751277,BF
89.58877528,29.88402615,-119.4728014,37.83996235,3.502119344,47.13216989,BF
69.98006253,54.25867132,-124.2387338,47.67197454,1.301508152,47.11683202,BF
57.78153879,66.76266035,-124.5441991,52.57255531,0.052607493,47.10837718,BF
57.78153879,66.76266035,-124.5441991,52.57255531,0.052607493,47.10837718,BF
33.83966376,87.15434886,-120.9940126,58.82285075,-2.128325253,47.09304709,BF
8.402376139,103.7737984,-112.1761745,62.64802283,-4.026685187,47.07772201,BF
-17.41408927,115.9278468,-98.51375751,63.74703854,-5.483109944,47.06240193,BF
-42.48608274,123.0831964,-80.59711369,62.06431338,-6.393984398,47.04708685,BF
-63.83798003,124.9740364,-61.13605635,58.18702032,-6.716550386,47.03307863,BF
-63.83798003,124.9740364,-61.13605635,58.18702032,-6.716550386,47.03307863,BF
-84.51012416,121.8947647,-37.38464051,51.59791437,-6.543136943,47.0177731,BF
-101.4849604,113.5399954,-12.05503502,43.05478533,-5.906387017,47.00247254,BF
-114.1286484,100.3128274,13.81582096,32.75257347,-4.961956879,46.98717696,BF
-121.6945655,82.72580154,38.96876392,19.46012379,-3.883647846,46.97188635,BF
-124.0252164,61.61147983,62.41373658,6.625561079,-2.886081128,46.9566007,BF
-123.1603562,50.03334133,73.12701486,9.50E-10,-2.479770398,46.94898489,BF
-123.1603562,50.03334133,73.12701486,2.75E-10,-2.479770398,46.94898489,BF
-117.4526317,25.35720021,92.09543152,-13.10213314,-1.961614349,46.93370668,BF
-106.6327534,-0.368233317,107.0009868,-25.41469671,-1.960136576,46.91843344,BF
-91.17983326,-26.02773954,117.2075728,-36.62326557,-2.571925632,46.90316518,BF
-71.76070864,-50.4839272,122.2446358,-46.41449565,-3.828302025,46.88790189,BF
-49.21212292,-72.71841698,121.9305399,-53.80815792,-5.690416606,46.87264358,BF
-42.62307715,-78.27342323,120.8965004,-55.55515404,-6.292534363,46.8684689,BF
-42.62307715,-78.27342323,120.8965004,-55.55515404,-6.292534363,46.8684689,BF
-17.55200275,-96.23307638,113.7850791,-60.08482302,-8.75512286,46.85321694,BF
8.266792945,-109.9411808,101.6743879,-61.72529295,-11.48449087,46.83796997,BF
33.71505803,-118.8056271,85.0905691,-60.68900747,-14.25653269,46.82272799,BF
57.68500337,-122.4409969,64.75599348,-57.00089185,-16.82713897,46.807491,BF
71.5706437,-121.9106727,50.34002902,-52.79213334,-18.23026343,46.79785661,BF
71.57064371,-121.9106727,50.34002902,-52.79213334,-18.23026343,46.79785661,BF
90.96017965,-116.8124766,25.85229692,-44.92314496,-19.97390964,46.78262774,BF
106.3294396,-106.5169183,0.187478705,-35.34651692,-20.93913347,46.76740385,BF
117.0594198,-91.5343162,-25.52510362,-23.85037262,-21.01353119,46.75218491,BF
122.6753854,-72.50839253,-50.16699286,-11.3383613,-20.14231713,46.73697092,BF
123.218271,-53.6598874,-69.55838359,-3.84E-10,-18.66289462,46.72397225,BF
123.218271,-53.6598874,-69.55838359,2.21E-10,-18.66289462,46.72397225,BF
118.8839206,-29.44386939,-89.4400512,13.15974425,-16.16764939,46.70876742,BF
109.3618477,-3.88899053,-105.4728571,25.40660946,-13.00210274,46.6935675,BF
95.06094369,21.88081261,-116.9417563,36.70836985,-9.386933578,46.67837249,BF
76.56828164,46.76974427,-123.3380259,47.42000222,-5.573549468,46.6631824,BF
54.75023814,69.65936639,-124.4096045,55.22399738,-1.84810704,46.64799721,BF
48.10492188,75.6212529,-123.7261748,57.11075757,-0.84722933,46.643714,BF
48.10492188,75.6212529,-123.7261748,57.11075757,-0.84722933,46.643714,BF
23.39327157,94.53030682,-117.9235784,61.84491415,2.391308849,46.62853511,BF
-2.343112487,109.3619099,-107.0187974,63.84044372,4.994833142,46.61336112,BF
-27.9947794,119.4843627,-91.48958326,63.1706286,6.806914997,46.59819206,BF
-52.44626611,124.4558526,-72.00958654,59.91895973,7.739760007,46.58302791,BF
-74.64144803,124.0589976,-49.41754954,54.42946129,7.78315129,46.5678687,BF
-76.86349914,123.6892627,-46.82576355,52.88274625,7.736133754,46.56622986,BF
-76.86349914,123.6892627,-46.82576355,52.88274625,7.736133754,46.56622986,BF
-95.35998784,117.3177458,-21.95775793,43.67907981,6.86770298,46.55107612,BF
-106.8632338,108.9626416,-2.099407852,35.05522774,5.736571397,46.53940698,BF
-117.6055481,94.01142156,23.59412658,23.15676976,3.823060165,46.52427815,BF
-123.2557302,75.0179948,48.23773535,10.32681046,1.607112137,46.50915425,BF
-123.9994858,59.49583136,64.50365443,-5.69E-10,-0.021525195,46.49839967,BF
-123.9994858,59.49583136,64.50365443,-1.23E-09,-0.021525195,46.49839967,BF
-120.4958289,35.60809795,84.88773092,-13.69837644,-2.211459657,46.48328422,BF
-111.7535644,10.21085484,101.5427096,-26.53585176,-4.102781038,46.46817371,BF
-98.16877808,-15.58978549,113.7585636,-38.40924558,-5.537716867,46.45306812,BF
-80.30687631,-40.64472801,120.9516043,-50.26189026,-6.408556997,46.43796746,BF
-60.57316299,-62.33677298,122.909936,-58.46641856,-6.692932973,46.42393125,BF
-60.57316299,-62.33677298,122.909936,-58.46641856,-6.692932973,46.42393125,BF
-36.84825679,-82.97548423,119.823741,-65.08863235,-6.466781711,46.40884006,BF
-11.53426126,-99.95525934,111.4895206,-69.12882815,-5.789508864,46.39375377,BF
14.26549883,-112.5377369,98.27223802,-70.36013056,-4.816418892,46.37867238,BF
39.43319359,-120.1786913,80.74549775,-68.80751378,-3.738824296,46.36359589,BF
62.88198624,-122.5482176,59.66623133,-64.70793214,-2.762886611,46.34852428,BF
71.36052474,-121.8794305,50.51890571,-60.78769079,-2.449819646,46.34255584,BF
71.36052475,-121.8794305,50.51890571,-60.78769078,-2.449819646,46.34255584,BF
71.36052475,-121.8794305,50.5189057,-60.78769079,-2.449819646,46.34255584,BF
74.36319425,-121.5900676,47.22687334,-63.11375677,-2.351964156,46.34046681,BF
74.59629111,-121.5563818,46.9600907,-62.01122644,-2.344457781,46.34029942,BF
74.59629112,-121.5563818,46.9600907,-62.01122644,-2.344457781,46.34029942,BF
76.59844417,-121.1672014,44.56875723,-58.82214353,-2.280684896,46.33880221,BF
78.58617358,-120.7587355,42.1725619,-60.14302462,-2.221233355,46.33730504,BF
83.41382428,-119.5288709,36.11504664,-57.28105414,-2.091294743,46.33358434,BF
91.55410481,-116.4709969,24.91689211,-53.64941731,-1.932015875,46.32684369,BF
102.4055728,-109.836763,7.431190164,-46.95651307,-1.899115364,46.31656312,BF
114.4938145,-96.06448654,-18.42932794,-35.4799491,-2.368090058,46.30146799,BF
121.5589987,-78.03173291,-43.52726577,-22.80311774,-3.491575976,46.28637779,BF
123.2764258,-56.51657005,-66.75985574,-9.474682752,-5.247272484,46.27129252,BF
121.4793477,-41.16641729,-80.3129304,-7.91E-09,-6.677198013,46.26150184,BF
121.4793477,-41.16641728,-80.3129304,-7.25E-09,-6.677198013,46.26150184,BF
114.4083504,-16.07358692,-98.3347635,13.61900521,-9.227984006,46.24642471,BF
102.276752,9.784196361,-112.0609484,26.12296535,-12.0190119,46.23135252,BF
85.66476149,35.26886067,-120.9336222,37.61715611,-14.81634505,46.21628527,BF
65.29185483,59.26641205,-124.5582669,47.25904107,-17.36953763,46.20122296,BF
51.03870552,73.01639648,-124.055102,52.53587427,-18.7278917,46.19181966,BF
51.03870552,73.01639648,-124.055102,52.53587427,-18.7278917,46.19181966,BF
26.51942285,92.42831408,-118.9477369,58.33950705,-20.38622771,46.17676535,BF
0.818033729,107.8308936,-108.6489273,61.61575799,-21.23562092,46.16171596,BF
-24.93277772,118.5771834,-93.6444057,62.14485507,-21.16724121,46.14667148,BF
-49.6089769,124.1943778,-74.58540091,59.89635415,-20.14026596,46.1316319,BF
-69.13022052,124.7181974,-55.58797692,55.86801071,-18.51793971,46.11870814,BF
-69.13022052,124.7181974,-55.58797692,55.86801071,-18.51793971,46.11870814,BF
-89.00968855,120.3277927,-31.31810414,48.95575467,-15.87948841,46.10367764,BF
-105.0328798,110.7392941,-5.706414316,40.02399948,-12.60253206,46.08865201,BF
-116.4744957,96.36108996,20.11340572,28.90646025,-8.919970274,46.07363124,BF
-122.7833415,77.82094425,44.96239721,17.79860876,-5.104754345,46.05861533,BF
-123.782371,55.88061492,67.90175609,3.310790569,-1.416179393,46.04360428,BF
-123.1016669,49.43225644,73.66941045,-1.51E-09,-0.470865533,46.03950129,BF
-123.1016669,49.43225644,73.66941045,-2.14E-09,-0.470865532,46.03950129,BF
-117.2493762,24.68098818,92.56838802,-12.49384969,2.650986898,46.02449643,BF
-106.2685138,-1.122733159,107.391247,-24.92788821,5.097341035,46.00949643,BF
-90.6391518,-26.81397502,117.4531268,-35.9399141,6.714959206,45.9945013,BF
-71.10303634,-51.25068761,122.3537239,-45.30152698,7.439096398,45.97951105,BF
-48.45298713,-73.41903274,121.8720199,-52.50994859,7.280011181,45.96452568,BF
-47.16232377,-74.51772822,121.680052,-52.86662004,7.246026053,45.9637201,BF
-47.16232377,-74.51772822,121.680052,-52.86662004,7.246026053,45.9637201,BF
-22.31144151,-93.22606409,115.5375056,-57.8131082,6.248488156,45.94873989,BF
3.492996746,-107.8003326,104.3073358,-59.40836636,4.617630893,45.93376456,BF
29.13991358,-117.6119755,88.47206189,-58.92225892,2.55755238,45.91879414,BF
53.50731267,-122.2224877,68.71517499,-55.43167976,0.300874301,45.90382861,BF
64.64209039,-122.4927985,57.85070815,-52.42681688,-0.801365242,45.89648193,BF
64.64209039,-122.4927985,57.85070815,-52.42681688,-0.801365242,45.89648193,BF
85.15925643,-119.0864807,33.92722429,-45.34378926,-2.913968135,45.88152371,BF
101.9149362,-110.3941417,8.479205456,-36.03116314,-4.672827151,45.86657038,BF
114.2084753,-96.82884565,-17.37962963,-24.86541611,-5.933832297,45.85162194,BF
121.4987881,-78.97942239,-42.51936571,-12.49907663,-6.613966043,45.83667838,BF
123.4928896,-58.68476752,-64.80812208,6.20E-10,-6.710701114,45.82243587,BF
123.4928896,-58.68476752,-64.80812208,1.22E-09,-6.710701114,45.82243587,BF
120.3135654,-34.86215952,-85.45140586,13.31496815,-6.292845739,45.80750182,BF
111.86137,-9.461656451,-102.3997136,26.04712118,-5.462035186,45.79257264,BF
98.50807889,16.41904746,-114.9271264,37.47517612,-4.391757506,45.77764831,BF
80.80699022,41.56575293,-122.3727432,48.53594321,-3.282896886,45.76272884,BF
59.58465353,65.03039704,-124.6150506,57.25197185,-2.352056834,45.74781422,BF
47.10043767,76.46868207,-123.5691197,60.84292653,-1.995871054,45.73984507,BF
47.10043767,76.46868207,-123.5691197,60.84292653,-1.995871054,45.73984507,BF
22.28717529,95.23545291,-117.5226282,65.514215,-1.704126063,45.7249379,BF
-3.507176797,109.8818541,-106.3746773,67.49853753,-2.005269672,45.71003559,BF
-29.16043746,119.7769515,-90.61651407,66.71541886,-2.96531254,45.69513814,BF
-53.55272146,124.4881769,-70.93545544,63.25130228,-4.577828648,45.68024555,BF
-75.62287725,123.8102474,-48.18737012,57.37053348,-6.7624362,45.66535784,BF
-78.60634104,123.2046203,-44.5982793,54.97887267,-7.126806365,45.66314325,BF
-78.60634104,123.2046203,-44.5982793,54.97887266,-7.126806365,45.66314325,BF
-96.84472424,116.3973465,-19.55262225,46.08769095,-9.782024097,45.64826114,BF
-110.813988,104.5228212,6.291166744,35.42040445,-12.61525467,45.6333839,BF
-119.957297,88.13287699,31.82441998,22.93502949,-15.38623934,45.61851154,BF
-123.8673182,67.93932046,55.9279977,9.595368891,-17.83961351,45.60364405,BF
-123.4550199,52.83506151,70.61995841,3.09E-09,-19.171466,45.59376849,BF
-123.4550199,52.83506151,70.61995841,2.43E-09,-19.171466,45.59376849,BF
-118.4181581,28.3410013,90.07715681,-13.95674357,-20.58889009,45.5789091,BF
-108.1885403,2.649616671,105.5389237,-26.70229786,-21.14230397,45.56405456,BF
-93.24814558,-23.09445158,116.3425972,-38.2643321,-20.74374388,45.54920486,BF
-74.225851,-47.80807749,122.0339285,-49.13375279,-19.38169952,45.53435999,BF
-55.19909601,-67.42417562,122.6232716,-56.25444336,-17.48382082,45.5215622,BF
-55.19909601,-67.42417562,122.6232716,-56.25444336,-17.48382082,45.5215622,BF
-30.94771971,-87.33635232,118.284072,-62.2647529,-14.57319367,45.50672631,BF
-5.351934777,-103.3814037,108.7333385,-65.69146238,-11.09550774,45.49189522,BF
20.46573126,-114.8582445,94.39251325,-66.2771717,-7.304856742,45.47706893,BF
45.38069045,-121.2674519,75.88676149,-64.09538694,-3.479359828,45.46224743,BF
68.3102765,-122.3304177,54.02014122,-59.41598499,0.103030879,45.44743073,BF
73.40231792,-121.6854343,48.28311635,-56.41152061,0.901072528,45.44382398,BF
73.40231792,-121.6854343,48.28311635,-56.41152061,0.901072528,45.44382398,BF
92.52021125,-116.0953117,23.57510044,-48.69360262,3.835972947,45.42901325,BF
107.4985478,-105.3144751,-2.184072726,-38.98996617,6.013096552,45.41420731,BF
117.7774736,-89.88586754,-27.89160603,-27.0857193,7.323144533,45.39940619,BF
122.8936052,-70.47445121,-52.41915404,-14.1651977,7.721173644,45.38460988,BF
122.6267281,-47.92947722,-74.69725086,-0.72866696,7.246159832,45.3698184,BF
122.4898349,-46.9244198,-75.56541511,-9.09E-10,7.207559867,45.36919725,BF
122.4898349,-46.9244198,-75.56541512,-3.07E-11,7.207559867,45.36919725,BF
116.6263425,-22.15870693,-94.4676356,13.92399914,5.944573566,45.35441079,BF
105.6610023,3.611900376,-109.2729027,26.6613154,4.109841458,45.33962917,BF
90.06420727,29.30609294,-119.3703002,37.70940402,1.919746236,45.32485239,BF
70.48201915,53.75552524,-124.2375444,48.55409879,-0.38279299,45.31008044,BF
58.52844356,66.11107046,-124.639514,53.06017289,-1.592157937,45.30208136,BF
58.52844356,66.11107046,-124.639514,53.06017289,-1.592157937,45.30208136,BF
34.60783573,86.61123009,-121.2190658,59.66645321,-3.612205192,45.28731687,BF
9.162880404,103.3758039,-112.5386843,63.67181375,-5.20864485,45.27255721,BF
-16.6959797,115.677536,-98.98155627,64.91770592,-6.259000376,45.25780237,BF
-41.84053691,122.9800311,-81.13949419,63.37021948,-6.710180423,45.24305234,BF
-65.15357202,124.9436238,-59.79005174,59.41391372,-6.579915078,45.22830713,BF
-65.19515783,124.9422134,-59.7470556,59.40199553,-6.579179006,45.22827954,BF
-65.19515783,124.9422134,-59.7470556,59.40199552,-6.579179006,45.22827954,BF
-85.68829298,121.4976612,-35.80936822,52.50946408,-5.962293976,45.21353913,BF
-102.4327756,112.8055253,-10.37274971,43.06195127,-5.009266404,45.19880352,BF
-114.7159361,99.22640674,15.48952935,32.57528187,-3.91115255,45.18407271,BF
-121.9872829,81.34909626,40.63818661,20.6964711,-2.880734336,45.16934669,BF
-123.9168123,59.95935218,63.95746016,7.889563906,-2.128300305,45.15462545,BF
-122.6161095,46.78114703,75.83496249,1.60E-08,-1.89875322,45.14635208,BF
-122.6161095,46.78114703,75.83496249,1.53E-08,-1.89875322,45.14635208,BF
-116.2137089,21.86265496,94.35105394,-13.33709016,-1.923801279,45.13163834,BF
-104.6968461,-3.960499518,108.6573456,-25.46881567,-2.588188793,45.11692939,BF
-88.61884399,-29.55745435,118.1762983,-36.65514571,-3.917322199,45.10222525,BF
-68.67682756,-53.80792672,122.4847543,-46.07270864,-5.862639019,45.08752592,BF
-45.74279239,-75.65384068,121.3966331,-53.36438212,-8.302148919,45.07283139,BF
-43.81699428,-77.24886206,121.0658563,-53.89723854,-8.512038193,45.07166504,BF
-43.81699428,-77.24886206,121.0658563,-53.89723854,-8.512038193,45.07166504,BF
-18.77309954,-95.44266367,114.2157632,-58.50486532,-11.27766627,45.05697572,BF
7.061811744,-109.3893981,102.3275864,-60.34964438,-14.09783898,45.0422912,BF
32.60494589,-118.5335571,85.92861117,-59.86831351,-16.72802234,45.0276115,BF
56.71012751,-122.3925805,65.68245298,-55.84632798,-18.90380668,45.01293661,BF
71.07825657,-122.0118624,50.93360586,-52.31275486,-19.96546165,45.00340483,BF
71.07825657,-122.0118624,50.93360586,-52.31275486,-19.96546165,45.00340483,BF
90.56325737,-117.0099022,26.44664482,-44.53985828,-20.93614799,44.98873785,BF
106.067844,-106.8137476,0.745903537,-34.83623792,-20.97854909,44.97407566,BF
116.907098,-91.88369193,-25.02340603,-23.93575054,-20.04015969,44.95941824,BF
122.6436429,-72.93516916,-49.70847373,-11.48375705,-18.16594722,44.94476558,BF
123.2740926,-53.79669344,-69.47739912,8.19E-09,-15.85610934,44.93205134,BF
123.2740926,-53.79669344,-69.47739912,8.78E-09,-15.85610934,44.93205134,BF
118.9463055,-29.55319409,-89.39311137,13.04126186,-12.57382436,44.91740755,BF
109.4129322,-3.958536426,-105.4543958,25.51853533,-8.855037109,44.90276851,BF
95.08530096,21.86063701,-116.945938,36.88533037,-4.973959425,44.8881342,BF
76.59061033,46.77714186,-123.3677522,46.65327313,-1.216948778,44.87350462,BF
54.73682465,69.70312094,-124.4399456,54.39349065,2.143698795,44.85887978,BF
46.66678769,76.8570138,-123.5238015,56.61795242,3.152900732,44.85389561,BF
46.66678769,76.8570138,-123.5238015,56.61795242,3.152900733,44.85389561,BF
21.82283181,95.59939721,-117.422229,60.86601744,5.630017617,44.83927712,BF
-3.98701558,110.1644938,-106.1774782,62.43932218,7.2520859,44.82466338,BF
-29.62328435,119.9703323,-90.34704792,61.34050281,7.955554305,44.81005439,BF
-54.01272896,124.63971,-70.62698103,58.27465837,7.758654289,44.79545015,BF
-71.83818851,124.4205666,-52.58237813,52.08994635,6.995833742,44.78378117,BF
-71.83818851,124.4205666,-52.58237813,52.08994635,6.995833742,44.78378117,BF
-91.25861232,119.3360767,-28.07746435,44.63618024,5.434777352,44.76918551,BF
-106.7233643,109.098686,-2.375321683,34.12375046,3.384029037,44.75459463,BF
-117.5332509,94.14410464,23.3891463,22.16577961,1.080239752,44.74000852,BF
-123.2204049,75.12737221,48.09303264,9.117569165,-1.231143179,44.72542719,BF
-124.020889,61.7928342,62.22805482,4.04E-09,-2.549688299,44.71648897,BF
-124.020889,61.7928342,62.22805482,3.40E-09,-2.5496883,44.71648897,BF
-121.0555537,38.04890701,83.00664666,-14.09063615,-4.408404132,44.70191534,BF
-112.7636004,12.67840984,100.0851906,-26.73988413,-5.761952653,44.68734647,BF
-99.5648814,-13.18784584,112.7527272,-39.21711016,-6.525090919,44.67278236,BF
-82.02736306,-38.42382483,120.4511879,-50.07914293,-6.682252037,44.65822301,BF
-60.91900604,-61.9264212,122.8454272,-58.96356278,-6.293109573,44.64366839,BF
-58.81463324,-63.96898641,122.7836196,-59.79062107,-6.232275885,44.64232586,BF
-58.81463324,-63.96898641,122.7836196,-59.79062107,-6.232275885,44.64232586,BF
-34.86084392,-84.41594095,119.2767849,-66.01540293,-5.393106481,44.62777642,BF
-9.404434084,-101.1040662,110.5085003,-69.87643254,-4.329154351,44.61323171,BF
16.46401373,-113.3497803,96.88576659,-70.62443043,-3.253061915,44.59869174,BF
41.56329982,-120.5192935,78.95599367,-68.97153516,-2.379454074,44.58415649,BF
64.86712643,-122.4196857,57.55255929,-63.48415515,-1.906327277,44.56962597,BF
77.76015478,-120.8772251,43.11707035,-60.1655545,-1.883959571,44.5607565,BF
77.76015478,-120.8772251,43.11707035,-60.1655545,-1.883959571,44.5607565,BF
95.99754912,-114.1488901,18.15134094,-50.62586406,-2.355342959,44.54623361,BF
110.0352432,-102.3373758,-7.697867401,-39.7599983,-3.50005798,44.53171546,BF
119.2446594,-86.00125483,-33.24340461,-27.39378103,-5.290542169,44.51720205,BF
123.2267547,-65.8500459,-57.3767088,-14.04156938,-7.625293299,44.5026934,BF
121.8079853,-42.76490499,-79.04308031,-0.331479028,-10.33447866,44.4881895,BF
121.7265701,-42.30801704,-79.41855305,9.52E-10,-10.38757203,44.48791718,BF
121.7265701,-42.30801704,-79.41855305,1.85E-09,-10.38757203,44.48791718,BF
114.8643935,-17.26735268,-97.59704083,14.08125494,-13.24967811,44.47341812,BF
102.9785841,8.567978636,-111.5465628,26.83570805,-16.00320311,44.45892382,BF
86.57952229,34.08912109,-120.6686434,38.2298713,-18.39209652,44.44443426,BF
66.32691881,58.19895834,-124.5258772,48.39363885,-20.17404087,44.42994945,BF
53.14227607,71.16166696,-124.303943,53.4202275,-20.85444387,44.42150531,BF
53.14227607,71.16166696,-124.303943,53.4202275,-20.85444387,44.42150531,BF
28.77065454,90.87032679,-119.6409813,59.51736374,-21.30238099,44.40702799,BF
3.131382799,106.6564246,-109.7878074,63.10817311,-20.77644743,44.39255538,BF
-22.65990447,117.8355467,-95.17564221,63.89039427,-19.27496392,44.37808748,BF
-47.47582019,123.9195441,-76.44372392,61.88920229,-16.88082086,44.36362428,BF
-70.234092,124.6439448,-54.40985277,57.23334578,-13.75547836,44.34916576,BF
-70.41495341,124.6247403,-54.20978689,57.17135888,-13.72594676,44.34904259,BF
-70.41495341,124.6247403,-54.20978689,57.17135888,-13.72594676,44.34904259,BF
-90.07918803,119.896263,-29.817075,49.86719025,-10.08973095,44.33458879,BF
-105.8280252,109.9926453,-4.164620134,40.36935476,-6.222169093,44.32013967,BF
-116.9580301,95.32512546,21.63290466,29.45813318,-2.409162449,44.30569522,BF
-122.9829999,76.53538786,46.44761207,17.33471621,1.067755414,44.29125544,BF
-123.6285882,54.4446294,69.18395876,4.505018513,3.959310689,44.27682034,BF
-122.7132367,47.07830582,75.63493084,4.19E-09,4.701837384,44.27233791,BF
-122.7132367,47.07830582,75.63493084,3.48E-09,4.701837384,44.27233791,BF
-116.3774021,22.17605956,94.2013425,-13.19489536,6.555028843,44.25790894,BF
-104.926651,-3.646658557,108.5733095,-25.23877258,7.490895373,44.24348467,BF
-88.90593546,-29.25844899,118.1643844,-36.32796929,7.507592247,44.22906509,BF
-69.01042936,-53.53867515,122.5491045,-45.66347527,6.678414884,44.21465021,BF
-51.36543077,-70.84311005,122.2085408,-51.64402742,5.536426034,44.20342089,BF
-51.36543077,-70.84311005,122.2085408,-51.64402742,5.536426033,44.20342089,BF
-26.81896901,-90.2062479,117.0252169,-56.98538548,3.605845533,44.1890144,BF
-1.103592798,-105.5614262,106.665019,-59.69334697,1.363348409,44.17461262,BF
24.64705428,-116.2518426,91.60478829,-59.68890483,-0.940260546,44.16021556,BF
49.30877529,-121.8089076,72.50013229,-56.95420909,-3.067611329,44.14582321,BF
62.103898,-122.5540173,60.45011932,-54.21148087,-4.092905956,44.13784597,BF
62.10389801,-122.5540173,60.45011932,-54.21148087,-4.092905956,44.13784597,BF
82.9809259,-119.7571025,36.7761766,-47.45526678,-5.565880515,44.12346094,BF
100.2107266,-111.6561058,11.44537918,-38.92327418,-6.458713807,44.1090806,BF
113.0680935,-98.62672956,-14.44136398,-28.46820988,-6.739626598,44.09470496,BF
120.8903968,-81.20093538,-39.6894614,-16.30013032,-6.435890618,44.08033401,BF
123.4825501,-60.198563,-63.28398709,-2.522713095,-5.679178125,44.06596773,BF
123.3355789,-55.45995782,-67.87562108,-9.26E-10,-5.477825126,44.0629836,BF
123.3355789,-55.45995782,-67.87562109,2.18E-10,-5.477825126,44.0629836,BF
119.3966547,-31.34524994,-88.05140478,12.92903035,-4.391879036,44.04862296,BF
110.2079766,-5.81134328,-104.3966333,25.60056554,-3.264314465,44.034267,BF
96.1985121,20.02895131,-116.2274634,37.14641476,-2.317491505,44.01991571,BF
77.97276084,45.04580868,-123.0185695,47.14074592,-1.754802375,44.00556908,BF
56.3253395,68.14937045,-124.47471,55.13881476,-1.740110357,43.99122713,BF
44.66102075,78.46252321,-123.123544,58.51025939,-1.973096217,43.98416296,BF
44.66102075,78.46252321,-123.123544,58.51025939,-1.973096217,43.98416296,BF
19.70724911,96.91046459,-116.6177137,62.82420339,-2.947159281,43.969828,BF
-6.125752474,111.1055672,-104.9798147,64.51596094,-4.595663205,43.95549771,BF
-31.70417702,120.5045792,-88.80040216,63.38367472,-6.828892997,43.94117212,BF
-55.90926868,124.685009,-68.77574036,59.54463963,-9.489786908,43.92685122,BF
-77.68476615,123.4670327,-45.78226659,53.18052571,-12.36314165,43.91253501,BF
-77.70778173,123.4623536,-45.75457183,53.16841172,-12.36644492,43.91251866,BF
-77.70778174,123.4623536,-45.75457182,53.16841172,-12.36644492,43.91251866,BF
-96.09912944,116.896831,-20.79770156,44.48255634,-15.1996346,43.89820715,BF
-110.2812076,105.2559734,5.025234229,33.88023148,-17.72351268,43.88390033,BF
-119.685371,89.06614786,30.61922313,20.89216787,-19.69816052,43.86959819,BF
-123.8499111,69.04398021,54.80593085,7.804382349,-20.89827118,43.85530073,BF
-123.7848294,56.01454442,67.77028498,5.48E-09,-21.17864772,43.84702115,BF
-123.7848294,56.01454442,67.77028498,4.80E-09,-21.17864772,43.84702115,BF
-119.440529,31.7577018,87.68282719,-13.42938725,-20.89380423,43.83273105,BF
-109.8816838,6.16225153,103.7194322,-26.27756664,-19.61436556,43.81844561,BF
-95.53447133,-19.65419464,115.188666,-38.03485717,-17.40697446,43.80416481,BF
-77.02195427,-44.56794776,121.589902,-48.10459773,-14.41740151,43.78988863,BF
-55.13659695,-67.46898744,122.6055844,-56.82810904,-10.85617051,43.77561708,BF
-53.27816211,-69.17518137,122.4533435,-57.3524269,-10.55596946,43.7744826,BF
-53.27816211,-69.17518137,122.4533435,-57.3524269,-10.55596946,43.7744826,BF
-28.87048705,-88.79211484,117.6626019,-62.91966311,-6.688885001,43.76021603,BF
-3.209078159,-104.4816698,107.690748,-65.73715939,-2.83572493,43.74595407,BF
22.57896885,-115.5509754,92.97200652,-65.74500736,0.715220737,43.73169672,BF
47.36865711,-121.5185045,74.14984735,-62.97089239,3.707987655,43.71744399,BF
70.07922006,-122.1243806,52.04516056,-57.62671256,5.941176599,43.70319588,BF
75.62367415,-121.3135707,45.68989651,-54.66482546,6.38302268,43.69939112,BF
75.62367415,-121.3135707,45.68989651,-54.66482546,6.38302268,43.69939112,BF
94.32949283,-115.1498213,20.82032844,-46.19275042,7.48428177,43.68514887,BF
108.8388567,-103.8488364,-4.990020314,-35.88151201,7.642794363,43.67091126,BF
118.587166,-87.96157916,-30.62558685,-23.55216939,6.931603382,43.65667829,BF
123.1380987,-68.17495267,-54.96314601,-10.28108023,5.487757634,43.64244997,BF
123.0539889,-51.94965054,-71.10433837,7.40E-10,4.099761381,43.63218794,BF
123.0539889,-51.94965053,-71.10433837,1.40E-09,4.099761381,43.63218794,BF
118.3479048,-27.56171412,-90.78619064,14.03345799,1.885740346,43.61796763,BF
108.4328513,-1.912518068,-106.5203333,27.20360225,-0.442420113,43.60375198,BF
93.78209285,23.87123536,-117.6533282,39.10741868,-2.639268797,43.58954099,BF
75.02505669,48.66864393,-123.6937006,49.02768491,-4.492053039,43.57533464,BF
62.07632351,62.65072526,-124.7270488,56.06980854,-5.37098806,43.56680508,BF
62.07632351,62.65072527,-124.7270488,56.06980854,-5.37098806,43.56680508,BF
38.47610753,83.65373166,-122.1298392,62.14273733,-6.363855543,43.55260616,BF
13.19869106,101.0436487,-114.2423397,66.72071488,-6.737067886,43.53841189,BF
-12.66833282,114.0709829,-101.4026501,68.36290089,-6.522715743,43.52422223,BF
-37.99276336,122.1663299,-84.17356653,67.21609533,-5.824714471,43.5100372,BF
-61.66993131,124.9775189,-63.30758757,63.33275226,-4.807233992,43.49585679,BF
-68.99439581,124.6583156,-55.66391975,61.19660524,-4.427046538,43.49112321,BF
-68.99439581,124.6583156,-55.66391975,61.19660524,-4.427046538,43.49112321,BF
-88.91942702,120.3062238,-31.38679673,53.66081944,-3.308633105,43.47694894,BF
-104.9158392,110.6969167,-5.781077513,44.42886068,-2.369412908,43.46277928,BF
-116.3426438,96.30764438,20.03499944,33.08805899,-1.817820549,43.44861424,BF
-122.6931397,77.76074737,44.93239236,20.55597152,-1.818239907,43.43445381,BF
-123.6919798,55.86774013,67.82423963,7.350993578,-2.474341411,43.42029799,BF
-122.12923,44.00650222,78.12272781,2.00E-09,-3.059629702,43.41325952,BF
-122.12923,44.00650222,78.12272781,1.32E-09,-3.059629702,43.41325952,BF
-115.1404281,18.92695906,96.21346904,-13.22809636,-4.727129285,43.39911063,BF
-103.0820089,-6.929417136,110.011426,-25.50274812,-6.976703373,43.38496637,BF
-86.53331962,-32.43102506,118.9643447,-36.80272738,-9.644291479,43.37082675,BF
-66.21112953,-56.46259148,122.673721,-46.28543121,-12.51007563,43.35669176,BF
-47.71383687,-74.00576082,121.7195977,-52.54045182,-14.78504488,43.34532364,BF
-47.71383687,-74.00576082,121.7195977,-52.54045182,-14.78504488,43.34532364,BF
-22.92479464,-92.80839091,115.7331855,-57.89798212,-17.35216993,43.33119701,BF
2.864484748,-107.490999,104.6265142,-60.57665069,-19.38648797,43.31707501,BF
28.51704999,-117.4237204,88.90667043,-60.53603138,-20.66976424,43.30295762,BF
52.91288713,-122.1712995,69.25841236,-57.76131438,-21.04166786,43.28884484,BF
67.1646408,-122.3730472,55.20840643,-54.64450398,-20.76082157,43.2799424,BF
67.1646408,-122.3730472,55.20840642,-54.64450398,-20.76082157,43.27994239,BF
87.28196696,-118.3471792,31.06521228,-47.59316937,-19.51268102,43.26583711,BF
103.5537427,-109.0679075,5.514164814,-38.61518179,-17.3151693,43.25173641,BF
115.2896665,-94.97227752,-20.31738901,-27.82699147,-14.32055203,43.23764027,BF
121.9746485,-76.67263917,-45.30200934,-15.84576857,-10.74393516,43.2235487,BF
123.3179149,-54.96935929,-68.34855565,-3.202974878,-6.853239173,43.20946169,BF
122.8493443,-49.76373576,-73.08560851,1.84E-10,-5.972912898,43.206333,BF
122.8493443,-49.76373576,-73.08560851,8.96E-10,-5.972912898,43.206333,BF
117.6273478,-25.19371443,-92.43363333,12.84006475,-2.097487378,43.19225156,BF
107.222809,0.523658035,-107.7464671,24.86161509,1.439055854,43.17817466,BF
92.12192769,26.27204369,-118.3939714,35.91277947,4.383227204,43.16410233,BF
72.98148595,50.92456869,-123.9060546,45.29802236,6.536695039,43.15003455,BF
50.63825172,73.40524631,-124.043498,52.63162279,7.77727083,43.13597134,BF
45.84895529,77.54338375,-123.392339,53.90451294,7.907287701,43.13315674,BF
45.84895529,77.54338375,-123.392339,53.90451294,7.907287702,43.13315674,BF
20.95380935,96.15708759,-117.1108969,58.34535037,8.014385097,43.11909902,BF
-4.868327528,110.5837468,-105.7154193,59.78076857,7.235614682,43.1050459,BF
-30.49357204,120.2593478,-89.76577578,59.2726525,5.725378609,43.09099736,BF
-54.78546474,124.685861,-69.90039622,55.03428322,3.680141348,43.07695342,BF
-68.89662864,124.7054733,-55.80884468,51.92899589,2.229396632,43.06814927,BF
-68.89662865,124.7054733,-55.80884468,51.92899589,2.229396632,43.06814927,BF
-88.812164,120.4078952,-31.59573115,43.69833516,-0.143414963,43.05411281,BF
-104.8757795,110.8697814,-5.994001971,33.78579708,-2.400102329,43.04008095,BF
-116.3675039,96.54324381,19.82426006,22.22578361,-4.313477068,43.02605368,BF
-122.7878022,78.05067252,44.73712967,9.536243878,-5.718589333,43.01203099,BF
-124.0837422,63.14099985,60.94274238,9.71E-10,-6.339191243,43.00227949,BF
-124.0837422,63.14099985,60.94274238,3.24E-10,-6.339191243,43.00227949,BF
-121.4030753,39.52007607,81.88299928,-13.45018439,-6.704917604,42.98826457,BF
-113.4200149,14.21472077,99.20529409,-25.83030013,-6.47992305,42.97425422,BF
-100.4883359,-11.6347719,112.1231078,-38.05370357,-5.772961413,42.96024843,BF
-83.1588179,-36.95232321,120.1111411,-49.03240922,-4.756459546,42.9462472,BF
-62.23962196,-60.58561775,122.8252397,-57.93218691,-3.643650673,42.93225052,BF
-51.26546783,-70.93289154,122.1983594,-61.26849347,-3.143792101,42.92559836,BF
-51.26546783,-70.93289154,122.1983594,-61.26849347,-3.143792101,42.92559836,BF
-26.6951831,-90.24776692,116.94295,-66.27524452,-2.293633427,42.91160839,BF
-0.978287033,-105.5556609,106.5339479,-68.66306402,-1.875888162,42.89762298,BF
24.76738564,-116.1946692,91.42728355,-68.24577487,-2.04376184,42.88364213,BF
49.41687627,-121.6999638,72.28308752,-65.09649588,-2.885031611,42.86966583,BF
71.89638252,-121.8320686,49.93568611,-59.4330336,-4.410116428,42.8556941,BF
78.07717805,-120.7398174,42.66263938,-55.71151669,-5.00033719,42.85146151,BF
78.07717805,-120.7398174,42.66263938,-55.71151669,-5.00033719,42.85146151,BF
96.32021027,-113.9360496,17.61583934,-47.01338558,-7.299271201,42.83749574,BF
110.266534,-102.0359624,-8.230571606,-36.44129818,-10.00406202,42.82353455,BF
119.3891173,-85.62763101,-33.76148625,-23.83709467,-12.89098168,42.80957793,BF
123.2765575,-65.41855584,-57.85800165,-10.39359707,-15.69863567,42.79562588,BF
122.7016189,-48.91019724,-73.79142163,-4.17E-10,-17.52526017,42.78553259,BF
122.7016189,-48.91019724,-73.79142163,2.41E-10,-17.52526017,42.78553259,BF
117.3228,-24.30601889,-93.01678116,13.98166621,-19.57441051,42.77158842,BF
106.7816332,1.42187997,-108.2035132,26.69689669,-20.86281692,42.75764882,BF
91.55863051,27.13513538,-118.6937659,38.51270173,-21.23047473,42.74371376,BF
72.30417419,51.75345589,-124.0576301,49.25447381,-20.59999351,42.72978325,BF
55.70215364,68.83131407,-124.5334677,55.62111837,-19.46254897,42.7193157,BF
55.70215364,68.83131408,-124.5334677,55.62111837,-19.46254897,42.7193157,BF
31.53974675,88.91815864,-120.4579054,61.87959899,-17.1435443,42.70539312,BF
5.970577928,105.1641163,-111.1346942,66.02387539,-14.04208689,42.69147504,BF
-19.87276547,116.8556395,-96.98287408,66.55494344,-10.38938659,42.67756147,BF
-44.83082003,123.5075373,-78.67671727,64.7194846,-6.473883581,42.6636524,BF
-67.86699212,124.8208917,-56.95389953,60.24296007,-2.579815489,42.64974782,BF
-74.17879579,124.1433975,-49.96460171,57.65642834,-1.469288765,42.64562758,BF
-74.17879579,124.1433975,-49.9646017,57.65642834,-1.469288765,42.64562758,BF
-93.19202381,118.4722704,-25.28024658,49.73322293,1.953299942,42.63172884,BF
-108.1571411,107.6695395,0.487601573,39.51494613,4.730293,42.61783459,BF
-118.405091,92.21464995,26.19044105,27.75450811,6.674998241,42.60394485,BF
-123.4905146,72.7821042,50.70841035,14.874692,7.685164062,42.59005962,BF
-123.1917682,50.22116858,72.97059965,1.490791375,7.746043168,42.57617891,BF
-122.8837156,48.04985629,74.83385931,1.67E-09,7.704544948,42.57492297,BF
-122.8837156,48.04985629,74.83385931,8.44E-10,7.704544948,42.57492297,BF
-116.7409238,23.19763705,93.54328672,-13.5591287,6.815912476,42.5610472,BF
-105.4971041,-2.609258327,108.1063624,-26.3115814,5.216079737,42.54717596,BF
-89.65543523,-28.25053177,117.905967,-37.9153167,3.121546986,42.53330926,BF
-69.90741095,-52.6045477,122.5119586,-47.78412045,0.782125384,42.5194471,BF
-58.92655962,-63.8492059,122.7757655,-52.22348656,-0.387611153,42.51258466,BF
-58.92655962,-63.8492059,122.7757655,-52.22348656,-0.387611154,42.51258466,BF
-34.99427049,-84.34410169,119.3383722,-58.67361147,-2.618570285,42.49872929,BF
-9.537463536,-101.0744139,110.6118775,-62.50749532,-4.492437375,42.48487845,BF
16.30932336,-113.3410972,97.03177383,-63.56305212,-5.846025848,42.47103214,BF
41.453453,-120.6045766,79.15112359,-62.33210193,-6.587569354,42.45719036,BF
62.79862538,-122.5804213,59.78179589,-58.5322042,-6.71297314,42.44457634,BF
62.79862538,-122.5804213,59.78179589,-58.5322042,-6.71297314,42.44457634,BF
83.54432079,-119.5794518,36.03513096,-51.90081924,-6.306781396,42.43074318,BF
100.6301536,-111.3025251,10.67237154,-43.20358211,-5.460195282,42.41691453,BF
113.3039193,-98.10939744,-15.19452184,-32.63622238,-4.359251078,42.40309037,BF
121.0144336,-80.57670846,-40.43772516,-20.76326249,-3.22443832,42.38927071,BF
123.4259584,-59.46771098,-63.95824746,-8.216203913,-2.284170956,42.37545554,BF
122.4990979,-47.78109012,-74.71800783,6.60E-10,-1.954674868,42.3685183,BF
122.4990979,-47.78109011,-74.71800783,1.34E-09,-1.954674868,42.3685183,BF
116.8809139,-23.0788538,-93.80206014,12.52739064,-1.688553942,42.35470988,BF
106.0545309,2.685100263,-108.7396311,24.46858772,-2.057757351,42.34090597,BF
90.58830757,28.38426575,-118.9725733,35.74123577,-3.124358415,42.32710656,BF
71.14601917,52.89376298,-124.0397821,45.29785231,-4.872901103,42.31331166,BF
48.57896645,75.14386116,-123.7228276,52.80208041,-7.205173027,42.29952128,BF
42.8221006,79.99638818,-122.8184888,54.38721935,-7.831562854,42.29623075,BF
42.8221006,79.99638818,-122.8184888,54.38721935,-7.831562854,42.29623075,BF
17.75657429,98.1426822,-115.8992565,58.86569767,-10.64372301,42.28244597,BF
-8.097656386,112.0105694,-103.912913,60.38226816,-13.57349875,42.2686657,BF
-33.6168552,121.0634167,-87.4465615,59.8452049,-16.35588924,42.25488996,BF
-57.66893687,124.8362772,-67.16734029,55.9887888,-18.71046474,42.24111872,BF
-70.97237226,124.5149126,-53.54254034,52.7073451,-19.81828949,42.23285618,BF
-70.97237226,124.5149126,-53.54254034,52.7073451,-19.81828949,42.23285618,BF
-90.56339886,119.6785891,-29.11519021,45.03056547,-21.00852504,42.21909215,BF
-106.2082948,109.6605965,-3.45230169,35.41216218,-21.25231297,42.20533262,BF
-117.2275621,94.90241022,22.32515184,24.19846778,-20.47986013,42.19157757,BF
-123.1402333,76.04828675,47.09194659,11.9221756,-18.71078002,42.177827,BF
-123.8391254,55.94091621,67.89820921,6.70E-10,-16.31269347,42.16527271,BF
-123.8391254,55.94091621,67.89820921,1.58E-10,-16.31269347,42.16527271,BF
-119.4523809,31.67940932,87.77297159,-12.71983732,-13.01143651,42.15153066,BF
-109.8841721,6.072487598,103.8116845,-24.98466212,-9.244449883,42.13779306,BF
-95.47157841,-19.74805597,115.2196344,-37.13137508,-5.293583519,42.12405989,BF
-76.92865614,-44.6464677,121.5751238,-46.80634882,-1.474526835,42.11033116,BF
-55.03737827,-67.53892538,122.5763037,-54.49150873,1.928109339,42.09660687,BF
-46.67942576,-74.94268205,121.6221078,-56.76522296,2.981562438,42.09176904,BF
-46.67942576,-74.94268205,121.6221078,-56.76522296,2.981562438,42.09176904,BF
-21.80218647,-93.56486685,115.3670533,-61.17379336,5.442403507,42.07805076,BF
4.012251541,-108.0330633,104.0208117,-62.74496698,7.014100709,42.06433693,BF
29.6431546,-117.7326349,88.08948027,-61.74531861,7.631539589,42.05062757,BF
53.97498057,-122.2368001,68.26181954,-58.18385148,7.316109475,42.03692267,BF
72.24709892,-121.8687035,49.62160457,-51.97869656,6.42675242,42.02564569,BF
72.24709892,-121.8687035,49.62160457,-51.97869656,6.42675242,42.02564569,BF
91.5063532,-116.5321437,25.02579052,-43.90370129,4.737941709,42.01194895,BF
106.7605813,-106.0566158,-0.703965503,-33.31214911,2.593593265,41.9982567,BF
117.3338759,-90.89097777,-26.44289817,-21.23490999,0.248487131,41.98456893,BF
122.7665766,-71.69945882,-51.06711779,-8.120895209,-2.03861116,41.97088564,BF
123.4342692,-59.89202987,-63.54223931,-2.38E-09,-3.166596859,41.96347412,BF
123.4342692,-59.89202986,-63.54223931,-1.70E-09,-3.166596859,41.96347412,BF
120.5943349,-36.19802519,-84.39630969,13.99818659,-4.924229281,41.94979774,BF
112.4230048,-10.85231026,-101.5706945,26.69921318,-6.125277611,41.93612582,BF
99.34577651,15.00340727,-114.3491838,38.93026403,-6.698277455,41.92245838,BF
81.87592921,40.28017911,-122.1561083,49.93305843,-6.646466915,41.90879538,BF
60.85210583,63.82937955,-124.6814854,59.12086992,-6.059061177,41.89513684,BF
57.7039127,66.89752918,-124.6014419,60.18408372,-5.942756152,41.89324935,BF
57.7039127,66.89752918,-124.6014419,60.18408372,-5.942756152,41.89324935,BF
33.70023723,87.26455535,-120.9647926,66.33122522,-4.930949912,41.87959586,BF
8.218877471,103.8624341,-112.0813116,69.84893404,-3.768005992,41.86594682,BF
-17.63439035,115.973044,-98.33865361,70.546403,-2.684070781,41.85230221,BF
-42.72904302,123.0670947,-80.33805171,68.43700006,-1.904532843,41.83866204,BF
-65.97083956,124.8358601,-58.86502054,63.67002808,-1.623027514,41.82502631,BF
-77.62922157,123.417107,-45.78788539,58.90652505,-1.738386822,41.81747083,BF
-77.62922158,123.417107,-45.78788539,58.90652505,-1.738386822,41.81747083,BF
-96.06007513,116.8872904,-20.82721524,50.26643921,-2.478683809,41.80384201,BF
-110.241462,105.234242,5.007220009,39.83103998,-3.926649473,41.79021765,BF
-119.6237819,89.04018226,30.58359966,27.38833799,-6.015696716,41.77659774,BF
-123.7867694,69.0037503,54.78301907,14.01335792,-8.603392667,41.76298229,BF
-122.5508701,46.00174524,76.54912489,0.223664752,-11.47994161,41.74937131,BF
-122.4975836,45.68828842,76.80929517,3.55E-10,-11.51789206,41.74919551,BF
-122.4975836,45.68828842,76.80929517,-5.28E-10,-11.51789206,41.74919551,BF
-115.8512378,20.70789271,95.14334511,-13.87836019,-14.42572511,41.73558904,BF
-104.140119,-5.122101987,109.262221,-26.82351459,-17.08215882,41.72198704,BF
-87.88974155,-30.70011445,118.589856,-38.81348811,-19.2263279,41.70838949,BF
-67.81507673,-54.86158492,122.6766616,-48.91003203,-20.6136151,41.6947964,BF
-55.72286691,-66.91050907,122.633376,-53.50540042,-20.98403607,41.68748761,BF
-55.7228669,-66.91050907,122.633376,-53.50540042,-20.98403607,41.68748761,BF
-31.51486491,-86.91450758,118.4293725,-59.71754995,-20.9084074,41.67390133,BF
-5.941427245,-103.0628081,109.0042354,-63.61495124,-19.80183338,41.66031948,BF
19.8824682,-114.6584928,94.77602456,-64.64653053,-17.71448081,41.64674204,BF
44.81654103,-121.1762289,76.35968785,-63.07595716,-14.78140669,41.633169,BF
67.79616529,-122.3728764,54.57671113,-58.07737657,-11.2240887,41.61960035,BF
70.19451886,-122.1637114,51.96919253,-57.57369627,-10.79772447,41.61808641,BF
70.19451886,-122.1637114,51.96919252,-57.57369627,-10.79772447,41.61808641,BF
89.79982607,-117.3294453,27.52961928,-50.38198113,-6.857115396,41.60452263,BF
105.4630693,-107.3304352,1.867365945,-40.93406033,-2.904138099,41.59096324,BF
116.5034436,-92.58480065,-23.918643,-29.76486641,0.762236571,41.57740824,BF
122.4382267,-73.74023211,-48.69799456,-17.40593399,3.867550022,41.56385761,BF
123.0087954,-51.61959381,-71.38920163,-4.423975503,6.194636645,41.55031138,BF
122.1005825,-44.54312784,-77.5574547,-7.57E-10,6.708735907,41.54629064,BF
122.1005825,-44.54312784,-77.5574547,-3.65E-11,6.708735907,41.54629064,BF
115.7363292,-19.62388203,-96.11244722,13.04276503,7.833641372,41.53275011,BF
104.2650085,6.200977495,-110.465986,25.23166174,7.981894253,41.51921399,BF
88.2261043,31.80991249,-120.0360168,36.4382203,7.226209702,41.50568229,BF
68.31614592,56.08202239,-124.3981683,45.90115617,5.712598401,41.492155,BF
52.66757769,71.56803925,-124.2356169,51.44394292,4.3244575,41.48277071,BF
52.66757768,71.56803925,-124.2356169,51.44394292,4.3244575,41.48277071,BF
28.2643025,91.22254995,-119.4868524,57.09575436,2.032795488,41.46925092,BF
2.603054846,106.9276287,-109.5306836,60.17307697,-0.371049046,41.45573556,BF
-23.18479489,118.0150736,-94.8302787,60.54925737,-2.628246215,41.44222463,BF
-47.97323841,123.9982394,-76.02500095,58.18565778,-4.516033791,41.42871813,BF
-61.74207579,124.9983919,-63.25631609,55.53319833,-5.388193982,41.42071519,BF
-61.74207579,124.9983919,-63.25631609,55.53319833,-5.388193982,41.42071519,BF
-82.74811446,122.426006,-39.67789157,49.02814674,-6.377605309,41.40721571,BF
-100.1454783,114.5429856,-14.39750726,40.60632134,-6.723235023,41.39372064,BF
-113.1940404,101.7116012,11.48243921,30.32637049,-6.467785294,41.38022997,BF
-121.3221879,84.47412795,36.84805995,19.07033772,-5.725887826,41.3667437,BF
-124.062403,63.5980749,60.46432811,4.913156921,-4.66911055,41.3532618,BF
-123.6897584,54.68077554,69.00898289,1.42E-09,-4.223329203,41.34801974,BF
-123.6897584,54.68077554,69.0089829,7.64E-10,-4.223329203,41.34801974,BF
-118.997837,30.29719493,88.70064204,-12.99983257,-3.114219426,41.33454394,BF
-109.1176172,4.6505355,104.4670817,-25.40602014,-2.240586707,41.32107252,BF
-94.48116979,-21.14505858,115.6262284,-36.70576779,-1.809982601,41.30760548,BF
-75.72842503,-45.96204139,121.6904664,-46.39714642,-1.981075191,41.29414283,BF
-53.67736741,-68.71863953,122.3960069,-54.05386282,-2.843542591,41.28068457,BF
-43.48540709,-77.49810709,120.9835142,-56.88374984,-3.429907518,41.27495113,BF
-43.48540709,-77.49810709,120.9835142,-56.88374984,-3.429907518,41.27495113,BF
-18.42863009,-95.66645777,114.0950879,-60.99816523,-5.270733239,41.26149914,BF
7.424574152,-109.5363282,102.1117541,-62.51696824,-7.678573559,41.24805157,BF
32.94134589,-118.5722286,85.63088269,-61.23266734,-10.46507139,41.23460839,BF
57.00546527,-122.3684778,65.36301252,-57.27247242,-13.38782058,41.22116963,BF
74.07111693,-121.5647785,47.49366159,-52.30258073,-15.58355499,41.21069608,BF
74.07111694,-121.5647785,47.49366158,-52.30258073,-15.58355499,41.21069608,BF
93.02321897,-115.79126,22.76804099,-44.06446027,-18.06705228,41.19726516,BF
107.9009052,-104.8955993,-3.005305945,-34.09521007,-19.93412738,41.18383864,BF
118.0596142,-89.35585002,-28.7037642,-22.7392207,-20.97146013,41.1704165,BF
122.9956186,-69.84520738,-53.15041121,-8.662670372,-21.01885168,41.15699875,BF
123.314446,-55.06349234,-68.25095365,-1.42E-09,-20.47985073,41.14806239,BF
123.314446,-55.06349234,-68.25095365,-7.36E-10,-20.47985073,41.14806239,BF
119.2974105,-30.92674464,-88.37066588,13.39078042,-18.82320136,41.13465191,BF
110.0505648,-5.382092958,-104.6684718,26.13581686,-16.24104471,41.12124577,BF
95.98169065,20.4517469,-116.4334375,37.78974465,-12.91730487,41.10784398,BF
77.70492631,45.4474126,-123.1523389,47.82869137,-9.10328245,41.09444653,BF
56.01706623,68.51563024,-124.5326965,55.84114779,-5.094470048,41.0810534,BF
50.38845564,73.60732907,-123.9957847,57.68691868,-4.136920254,41.07783775,BF
50.38845564,73.60732907,-123.9957847,57.68691868,-4.136920253,41.07783775,BF
25.79406407,92.93466841,-118.7287325,62.597464,-0.317076989,41.06444999,BF
0.06929354,108.1919276,-108.2612211,64.98336072,3.015731904,41.05106656,BF
-25.67367916,118.780705,-93.10702583,64.417266,5.625779768,41.03768746,BF
-50.30701533,124.2290957,-73.92208035,61.0785907,7.342824534,41.0243127,BF
-72.75552269,124.301107,-51.54558436,55.10926961,8.084800277,41.01094229,BF
-76.58392703,123.6968156,-47.11288854,53.418448,8.111211739,41.00846678,BF
-76.58392704,123.6968156,-47.11288854,53.418448,8.111211739,41.00846678,BF
-95.20423906,117.4257621,-22.22152304,44.47312993,7.720759782,40.99510153,BF
-109.6489208,106.052827,3.596093825,33.70329175,6.489964762,40.98174065,BF
-119.3180491,90.09908738,29.21896175,21.22622082,4.612117029,40.96838413,BF
-123.7851977,70.25926051,53.52593722,7.809663052,2.328139694,40.95503199,BF
-123.942227,58.36335198,65.57887501,1.17E-09,1.034187346,40.9479103,BF
-123.942227,58.36335197,65.57887501,4.66E-10,1.034187346,40.9479103,BF
-120.1579033,34.30074832,85.85715497,-13.97833145,-1.355756869,40.93456487,BF
-111.1108169,8.793437915,102.3173789,-27.29576722,-3.491697236,40.9212238,BF
-97.23190651,-17.04831955,114.2802261,-39.46325834,-5.174232999,40.9078871,BF
-79.12032093,-42.09298844,121.2133094,-49.83989099,-6.265594607,40.89455476,BF
-62.29012326,-60.60715063,122.8972739,-58.34690684,-6.668653269,40.88403508,BF
-62.29012326,-60.60715063,122.8972739,-58.34690684,-6.668653269,40.88403508,BF
-38.69759203,-81.52592264,120.2235147,-64.63257135,-6.61442979,40.87071052,BF
-13.394061,-98.84828961,112.2423506,-68.77388275,-6.018971034,40.8573903,BF
12.47281464,-111.7926653,99.31985066,-70.26988962,-5.04360318,40.84407442,BF
37.77878604,-119.7970417,82.01825569,-68.87747779,-3.89922805,40.83076287,BF
61.41748251,-122.5119516,61.09446908,-64.73423074,-2.821128012,40.81745564,BF
73.72237343,-121.5980702,47.87569673,-60.94534355,-2.325712196,40.80987294,BF
73.72237344,-121.5980702,47.87569673,-60.94534355,-2.325712196,40.80987294,BF
92.72922294,-115.8907135,23.1614906,-52.69700994,-1.807676335,40.79657251,BF
107.6306055,-105.0222309,-2.608374622,-42.56040265,-1.878190058,40.78327641,BF
117.8138442,-89.51273322,-28.30111094,-30.5911012,-2.639859046,40.76998465,BF
122.8292713,-70.03534734,-52.79392397,-17.54598166,-4.114567019,40.75669724,BF
122.4591845,-47.44197404,-75.01721051,-3.97165534,-6.237451633,40.74341417,BF
121.4928244,-41.40284593,-80.08997847,5.35E-10,-6.855479614,40.74009342,BF
121.4928244,-41.40284593,-80.08997847,1.31E-09,-6.855479614,40.74009342,BF
114.4611374,-16.30820498,-98.15293243,13.52158701,-9.575421926,40.72681579,BF
102.380311,9.547865499,-111.9281765,26.14997027,-12.51666299,40.71354251,BF
85.8105582,35.04289001,-120.8534482,37.70240235,-15.41073608,40.70027359,BF
65.47219648,59.06110118,-124.5332977,47.42998688,-17.97329054,40.68700902,BF
52.24276652,71.92352569,-124.1662922,52.41694852,-19.20075621,40.67929682,BF
52.24276652,71.92352569,-124.1662922,52.41694853,-19.20075621,40.67929682,BF
27.81783125,91.52175095,-119.3395822,58.45855744,-20.71437552,40.66603912,BF
2.15185362,107.155084,-109.3069376,61.96120506,-21.30184668,40.65278574,BF
-23.62313485,118.1614033,-94.53826843,62.72911897,-20.86467317,40.63953669,BF
-48.38201655,124.0573969,-75.67538034,60.70716712,-19.38995006,40.62629195,BF
-67.87109954,124.8386377,-56.96753819,56.9162495,-17.37084881,40.61500165,BF
-67.87109954,124.8386377,-56.96753819,56.9162495,-17.37084881,40.61500165,BF
-87.96070064,120.7710736,-32.81037295,50.23630904,-14.26289227,40.60176487,BF
-104.2046265,111.4660831,-7.261456587,41.42771722,-10.57572443,40.58853236,BF
-115.9486378,97.35928437,18.58935346,30.91979431,-6.598831329,40.57530413,BF
-122.5625411,79.02181782,43.54072328,18.74995904,-2.647832846,40.56208017,BF
-123.8984762,57.29187695,66.60659926,5.251145835,0.976941225,40.54886049,BF
-122.8493077,47.50577721,75.34353044,2.70E-09,2.314397007,40.54338176,BF
-122.8493077,47.50577721,75.34353044,2.04E-09,2.314397008,40.54338176,BF
-116.5625781,22.62085742,93.94172071,-12.86935577,5.014149808,40.53016813,BF
-105.1933459,-3.196699219,108.3900451,-25.01259594,6.833605642,40.51695878,BF
-89.24003201,-28.82140963,118.0614416,-35.93608267,7.681252371,40.50375373,BF
-69.39950408,-53.1340069,122.533511,-45.14685402,7.558858867,40.49055297,BF
-48.39815776,-73.46689068,121.8650484,-51.858882,6.66367643,40.478383,BF
-48.39815776,-73.46689068,121.8650484,-51.858882,6.66367643,40.478383,BF
-23.64365917,-92.35049165,115.9941508,-56.93975749,5.007568422,40.46519053,BF
2.140366581,-107.1529544,105.0125878,-59.12101701,2.858407403,40.45200238,BF
27.80632497,-117.2072353,89.40091034,-59.06508205,0.481195509,40.43881855,BF
52.27241012,-122.1064524,69.83404224,-55.40833537,-1.860113868,40.42563904,BF
63.24596944,-122.5374695,59.29150009,-53.09521992,-2.894035112,40.41932215,BF
63.24596944,-122.5374695,59.29150009,-53.09521992,-2.894035112,40.41932215,BF
83.94507519,-119.441928,35.49685282,-46.11135176,-4.735655422,40.40614902,BF
100.9560706,-111.070524,10.1144534,-37.03130169,-6.02299934,40.3929802,BF
113.5423678,-97.7923223,-15.75004549,-26.22853111,-6.669151419,40.37981568,BF
121.1540731,-80.18760316,-40.96646996,-14.19549441,-6.671211296,40.36665545,BF
123.4600015,-59.02455829,-64.43544317,-1.480394645,-6.110116744,40.35349952,BF
123.3825161,-57.0568347,-66.32568142,2.71E-10,-6.037121129,40.35236646,BF
123.3825161,-57.05683469,-66.32568142,1.13E-09,-6.037121129,40.35236646,BF
119.8183626,-33.07623746,-86.74212518,13.21891143,-5.040548141,40.33921517,BF
110.9920758,-7.605669899,-103.3864059,25.77598142,-3.860777119,40.32606816,BF
97.30141455,18.24969057,-115.5511051,37.36316342,-2.736903327,40.31292542,BF
79.34429933,43.35816185,-122.7024612,47.40569209,-1.904606492,40.29978695,BF
57.90568279,66.6232041,-124.5288869,55.47944972,-1.56900693,40.28665276,BF
43.62123492,79.34861875,-122.9698537,59.30025136,-1.674797367,40.2787082,BF
43.62123492,79.34861875,-122.9698537,59.30025136,-1.674797367,40.2787082,BF
18.60433849,97.60791962,-116.2122581,63.57862546,-2.41659112,40.26558088,BF
-7.246573291,111.6123921,-104.3658188,64.57303637,-3.885397809,40.25245785,BF
-32.77761944,120.8056165,-88.0279971,63.07010266,-6.01045542,40.23933912,BF
-56.93160076,124.7972919,-67.86569114,59.89286686,-8.65120711,40.22622468,BF
-76.2811469,123.7384977,-47.45735079,52.941518,-11.24713266,40.21459102,BF
-76.2811469,123.7384977,-47.45735079,52.941518,-11.24713266,40.21459102,BF
-94.93051431,117.53296,-22.60244565,44.75570018,-14.21548397,40.2014847,BF
-109.4507787,106.2471467,3.203631999,33.97031208,-16.95597133,40.18838268,BF
-119.1992448,90.36746064,28.83178411,21.80191027,-19.18672624,40.17528496,BF
-123.7516789,70.58888647,53.16279242,8.685837393,-20.66291752,40.16219152,BF
-123.8720329,57.32089899,66.55113394,2.56E-09,-21.09698433,40.1544126,BF
-123.8720329,57.32089898,66.55113394,1.90E-09,-21.09698433,40.1544126,BF
-119.8572917,33.17942256,86.67786916,-13.80572893,-21.03243595,40.14132598,BF
-110.5749367,7.636637554,102.9382991,-26.81306299,-19.90271353,40.12824361,BF
-96.49339126,-18.18852384,114.6819151,-38.31406465,-17.77709134,40.11516549,BF
-78.16720752,-43.19253948,121.359747,-48.48259076,-14.7863428,40.10209161,BF
-56.47811617,-66.23183034,122.7099465,-57.11053199,-11.17355418,40.08902196,BF
-53.76461549,-68.74490529,122.5095208,-57.91905903,-10.72236931,40.08750073,BF
-53.76461549,-68.74490529,122.5095208,-57.91905903,-10.72236931,40.08750073,BF
-29.37945006,-88.43874729,117.8181973,-63.34896302,-6.737768501,40.07443579,BF
-3.733001746,-104.2099677,107.9429695,-66.17826693,-2.760750768,40.06137507,BF
22.06413824,-115.3735049,93.30936666,-66.16858723,0.898354999,40.04831858,BF
46.88356924,-121.4417109,74.55814162,-63.3737066,3.961200619,40.0352663,BF
69.64268273,-122.1502828,52.50760006,-57.9535619,6.211176058,40.02221826,BF
76.20927304,-121.195801,44.986528,-54.77985358,6.721961496,40.01809638,BF
76.20927304,-121.195801,44.986528,-54.77985358,6.721961496,40.01809638,BF
94.80101148,-114.8766772,20.07566575,-46.10294032,7.716591884,40.00505391,BF
109.1793011,-103.4321411,-5.74716,-35.64084154,7.717869568,39.99201568,BF
118.7798876,-87.41885406,-31.36103357,-23.1820358,6.818311031,39.97898171,BF
123.1739748,-67.529616,-55.64435875,-9.789929442,5.181296163,39.96595201,BF
123.0578123,-52.16244281,-70.89536944,6.96E-10,3.754328185,39.95706348,BF
123.0578123,-52.16244281,-70.89536945,1.37E-09,3.754328185,39.95706348,BF
118.3979073,-27.79057746,-90.60732983,13.83703359,1.412164739,39.94404095,BF
108.5376836,-2.140985179,-106.3966984,26.56989636,-0.989166523,39.93102268,BF
93.90527404,23.64813908,-117.5534131,39.16562825,-3.185664062,39.91800868,BF
75.17206825,48.46834237,-123.6404106,50.22151104,-4.962390897,39.90499894,BF
61.56350101,63.15525321,-124.7187542,55.87643036,-5.793496612,39.89677871,BF
61.56350101,63.15525322,-124.7187542,55.87643036,-5.793496612,39.89677871,BF
37.93080404,84.08170802,-122.0125121,62.9734503,-6.583121457,39.88377591,BF
12.62816683,101.383374,-114.0115408,67.45510285,-6.717625965,39.87077735,BF
-13.23853767,114.3082025,-101.0696649,69.14836192,-6.263553392,39.85778303,BF
-38.53974461,122.2917447,-83.75200006,68.01667639,-5.363263418,39.84479293,BF
-62.17228569,124.9863092,-62.8140235,64.1836687,-4.217749917,39.83180706,BF
-69.48608169,124.6069493,-55.12086759,61.49600387,-3.815610046,39.82745342,BF
-69.4860817,124.6069493,-55.12086758,61.49600387,-3.815610046,39.82745342,BF
-83.7907771,122.0589569,-38.2681798,56.60348686,-3.022105815,39.81836923,BF
-96.22585088,116.8452764,-20.61942555,51.07640964,-2.344566565,39.8092871,BF
-110.4324127,105.080257,5.352155751,40.55982982,-1.730024128,39.79624679,BF
-119.7679527,88.72552524,31.04242747,28.57324818,-1.699954736,39.78321076,BF
-123.8227112,68.49685153,55.32585965,15.50417436,-2.371740199,39.770179,BF
-122.4031504,45.28595252,77.11719792,2.125470336,-3.779251232,39.75715151,BF
-121.7651202,41.88298055,79.8821396,1.12E-08,-4.0308266,39.75533965,BF
-121.7651202,41.88298055,79.88213961,1.05E-08,-4.0308266,39.75533965,BF
-114.2668759,16.5790413,97.68783461,-13.93101191,-6.194237552,39.74231704,BF
-101.6998611,-9.427935764,111.1277969,-26.0837613,-8.864705994,39.72929873,BF
-84.6794612,-34.94888918,119.6283504,-37.38409726,-11.80868383,39.71628471,BF
-63.89292373,-58.88346952,122.7763932,-46.66394342,-14.75525727,39.70327498,BF
-50.32267884,-71.68173996,122.0044188,-52.11140385,-16.35200791,39.69565396,BF
-50.32267884,-71.68173996,122.0044188,-52.11140385,-16.35200791,39.69565396,BF
-34.90350831,-84.39728575,119.3007941,-55.79143522,-17.92850372,39.68744601,BF
-18.83561166,-95.48565378,114.3212654,-58.39063235,-19.22636459,39.67923976,BF
2.98157186,-107.58914,104.6075681,-60.77422017,-20.4634665,39.66832637,BF
24.68994637,-116.2892645,91.59931812,-60.81169304,-21.0314006,39.657416,BF
45.62706933,-121.3336982,75.70662891,-59.21974342,-20.86463947,39.64650862,BF
65.13738553,-122.5531699,57.41578434,-55.66318767,-19.93797243,39.63560424,BF
66.63736093,-122.4770503,55.83968934,-55.22487585,-19.82830015,39.63471727,BF
66.63736093,-122.4770503,55.83968933,-55.22487585,-19.82830015,39.63471727,BF
87.23620567,-118.4259629,31.18975728,-48.61760778,-17.66965047,39.62151016,BF
103.8569102,-108.9194995,5.062589305,-39.45156435,-14.6029292,39.60830742,BF
115.7309916,-94.38038993,-21.35060167,-28.79973267,-10.86659106,39.59510904,BF
122.3206511,-75.46298287,-46.85766822,-17.31149986,-6.764879742,39.58191503,BF
123.2096596,-53.01927547,-70.19038409,-2.685665748,-2.644633648,39.56872537,BF
122.6563329,-47.67482725,-74.98150567,2.23E-09,-1.763419118,39.56580088,BF
122.6563329,-47.67482725,-74.98150567,2.85E-09,-1.763419118,39.56580088,BF
116.7486792,-22.40010732,-94.34857189,13.01179236,1.916887325,39.55261654,BF
105.4929326,3.961269171,-109.4542018,25.32861428,4.915635907,39.53943657,BF
89.40760151,30.19332904,-119.6009306,36.38949766,7.012279814,39.52626096,BF
69.22665266,55.1005625,-124.3272152,45.67648901,8.083027109,39.51308973,BF
45.87050782,77.54732776,-123.4178356,52.7548967,8.10876026,39.49992288,BF
45.23090928,78.08242516,-123.3133344,52.92316357,8.095221501,39.49958262,BF
45.23090928,78.08242516,-123.3133344,52.92316357,8.095221501,39.49958262,BF
19.72103853,96.93324378,-116.6542823,57.54353784,7.136119648,39.48642027,BF
-6.693876155,111.4073504,-104.7134743,59.28508227,5.401064624,39.47326233,BF
-32.81524191,120.844444,-88.02920205,58.14751817,3.137948503,39.46010879,BF
-57.44899547,124.8146055,-67.36560998,54.21624609,0.635669937,39.44695965,BF
-65.15494239,124.8617963,-59.70685393,52.13674924,-0.203930318,39.44256217,BF
-65.15494239,124.8617963,-59.70685393,52.13674924,-0.203930319,39.44256217,BF
-86.09284772,121.3203491,-35.22750139,44.50537673,-2.572661926,39.42941892,BF
-103.0817296,112.2657845,-9.184054918,35.24953917,-4.538513883,39.41628006,BF
-115.3987213,98.14790141,17.25081987,24.19828342,-5.924709207,39.4031456,BF
-122.4630688,79.58516954,42.8778993,12.15211169,-6.631124728,39.39001553,BF
-124.0466504,63.95804122,60.08860914,1.93E-09,-6.703323928,39.3805726,BF
-124.0466504,63.95804122,60.08860914,1.31E-09,-6.703323928,39.3805726,BF
-121.4165257,39.86004084,81.55648484,-12.14822793,-6.279839074,39.36745005,BF
-113.2668712,13.99919223,99.26767899,-25.37630592,-5.384882686,39.35433187,BF
-99.95364538,-12.44468028,112.3983257,-37.40855272,-4.233213861,39.34121805,BF
-82.08719916,-38.26395701,120.3511562,-47.92186562,-3.079541871,39.32810859,BF
-60.48331589,-62.28052477,122.7638407,-56.39821424,-2.182975277,39.31500349,BF
-47.20074561,-74.40206545,121.6028111,-60.28707529,-1.883992032,39.30772393,BF
-47.20074561,-74.40206545,121.6028111,-60.28707529,-1.883992032,39.30772393,BF
-21.79767604,-93.5155626,115.3132386,-64.75518025,-1.825215169,39.29462561,BF
4.594660773,-108.2499028,103.655242,-66.42989005,-2.490574446,39.28153166,BF
30.76411015,-117.9875585,87.22344836,-65.16562589,-3.916882223,39.26844208,BF
55.51496734,-122.2764012,66.76143384,-61.03901766,-6.044926398,39.25535688,BF
77.71754828,-120.9223614,43.20481317,-54.25079201,-8.720565225,39.24227607,BF
78.87847694,-120.6673276,41.78885069,-53.65585264,-8.8849628,39.24153262,BF
78.87847695,-120.6673276,41.78885068,-53.65585264,-8.884962801,39.24153262,BF
97.29002573,-113.4212142,16.13118849,-44.39023191,-11.8843709,39.22845644,BF
111.253301,-100.9428183,-10.31048277,-33.55638887,-14.89270135,39.21538465,BF
120.1288679,-83.78429185,-36.34457609,-21.38601883,-17.5997042,39.20231724,BF
123.4502653,-62.73220981,-60.71805546,-5.715149628,-19.68906653,39.18925421,BF
123.1646635,-52.88446255,-70.28020099,7.87E-10,-20.33004347,39.18373293,BF
123.1646635,-52.88446255,-70.28020099,1.48E-09,-20.33004347,39.18373293,BF
118.492265,-28.00237902,-90.489886,14.12941373,-21.14818149,39.17067611,BF
108.3926082,-1.78867862,-106.6039296,27.52834743,-20.88520061,39.15762365,BF
93.32879364,24.56452152,-117.8933152,39.69445148,-19.508604,39.14457552,BF
73.98902498,49.853402,-123.842427,50.06848176,-17.09361281,39.13153173,BF
54.53334053,69.9133416,-124.4466821,57.52758103,-14.30609003,39.12028216,BF
54.53334052,69.9133416,-124.4466821,57.52758103,-14.30609003,39.12028216,BF
29.70998558,90.21736918,-119.9273548,63.60801471,-10.49950346,39.10724641,BF
3.510302491,106.4454458,-109.9557483,66.71741364,-6.368750317,39.09421496,BF
-22.85998391,117.8656597,-95.00567576,66.90153998,-2.263297712,39.08118781,BF
-48.19715918,123.9555782,-75.75841904,64.10466529,1.477005623,39.06816496,BF
-71.34440377,124.4377917,-53.09338795,58.49646438,4.553121778,39.05514642,BF
-76.83452904,123.6069985,-46.77246946,56.22058622,5.20905354,39.05177555,BF
-76.83452905,123.6069985,-46.77246946,56.22058622,5.20905354,39.05177555,BF
-95.76804116,117.0532477,-21.28520649,47.05033703,7.140757567,39.03876244,BF
-110.299606,105.1784024,5.121203564,36.51269499,8.023518184,39.02575365,BF
-119.8026279,88.54650459,31.25612332,23.47200722,7.863382904,39.0127492,BF
-123.8385705,67.91988782,55.91868267,9.908098474,6.76490944,38.99974908,BF
-123.3173939,51.56192102,71.75547285,2.30E-09,5.537096115,38.99062538,BF
-123.3173939,51.56192102,71.75547285,1.56E-09,5.537096115,38.99062538,BF
-117.7750589,26.38498964,91.39006927,-14.30782287,3.327227798,38.97763267,BF
-106.8742962,0.062297778,106.8119984,-27.68620495,0.841873665,38.9646443,BF
-91.09181216,-26.20928772,117.3010999,-40.08435378,-1.621456357,38.95166029,BF
-71.16322575,-51.23149886,122.3947246,-50.52089609,-3.788201838,38.93868063,BF
-62.58720953,-60.24122091,122.8284304,-54.41399275,-4.48928332,38.93370397,BF
-62.58720953,-60.24122091,122.8284304,-54.41399275,-4.48928332,38.93370397,BF
-38.45431675,-81.69764084,120.1519576,-61.58478433,-5.904737168,38.92073032,BF
-12.56909092,-99.33283388,111.9019248,-65.82081014,-6.629438669,38.907761,BF
13.86827087,-112.3764243,98.50815347,-67.46553925,-6.662642759,38.894796,BF
39.66517063,-120.2461232,80.58095257,-66.35995422,-6.094115874,38.88183533,BF
63.63619992,-122.5567283,58.92052839,-62.20711397,-5.091447326,38.86887896,BF
67.56979159,-122.3709322,54.80114064,-61.1748603,-4.886694394,38.86660774,BF
67.56979159,-122.3709322,54.80114063,-61.1748603,-4.886694394,38.86660774,BF
88.00735484,-118.0449384,30.03758355,-53.78020784,-3.674975242,38.85365644,BF
104.4024741,-108.2733902,3.870916106,-44.23565276,-2.57206018,38.84070944,BF
116.016724,-93.50091292,-22.51581103,-32.83303276,-1.832597342,38.82776674,BF
122.3188281,-74.40239375,-47.91643433,-20.22220731,-1.669955307,38.81482836,BF
122.9994903,-51.8481356,-71.15135471,-6.666117445,-2.228368016,38.80189428,BF
121.5288111,-41.20636065,-80.32245045,-1.73E-09,-2.713871688,38.79628699,BF
121.5288111,-41.20636065,-80.32245045,-1.04E-09,-2.713871688,38.79628699,BF
114.213045,-15.5507477,-98.66229726,13.53831445,-4.371307948,38.78335911,BF
101.6444418,10.90038822,-112.54483,25.96171493,-6.707836732,38.77043556,BF
84.41383336,36.89659136,-121.3104247,37.31268468,-9.53725373,38.75751634,BF
63.33056966,61.26588432,-124.596454,46.98785826,-12.60370082,38.74460146,BF
47.55476472,76.07437912,-123.6291438,52.10167086,-14.63517465,38.73598361,BF
47.55476472,76.07437912,-123.6291438,52.10167086,-14.63517465,38.73598361,BF
22.21383189,95.31437815,-117.52821,57.32429045,-17.41614184,38.72307594,BF
-4.163167462,110.2514077,-106.0882402,60.53852358,-19.6123396,38.71017261,BF
-30.37486653,120.201107,-89.82624048,59.9742144,-20.9621974,38.69727359,BF
-55.17977222,124.7136298,-69.53385755,57.26415527,-21.2794523,38.68437887,BF
-65.97036887,124.8452344,-58.87486553,54.57761528,-21.03365488,38.67834603,BF
-65.97036887,124.8452344,-58.87486553,54.57761528,-21.03365488,38.67834603,BF
-86.7942506,121.1249801,-34.3307295,47.70115533,-19.72156402,38.66545761,BF
-103.6205503,111.8719613,-8.251411051,38.89004197,-17.34556255,38.65257348,BF
-115.7318078,97.5700378,18.16177,27.97041272,-14.09885036,38.63969361,BF
-122.568476,78.86482727,43.7036487,15.81610906,-10.24397642,38.62681799,BF
-123.8199862,56.61205314,67.20793302,2.964282224,-6.10541113,38.61394663,BF
-123.3494572,51.69205484,71.65740233,4.87E-10,-5.252032704,38.61131255,BF
-123.3494572,51.69205484,71.65740233,-2.17E-10,-5.252032704,38.61131255,BF
-117.8380188,26.52192637,91.31609244,-13.04442799,-1.235148372,38.5984463,BF
-106.9293522,0.199234163,106.730118,-25.21010317,2.30884747,38.58558431,BF
-91.1503019,-26.07861405,117.228916,-36.31919761,5.10183756,38.57272657,BF
-71.21899654,-51.11002215,122.3290187,-45.66161362,6.944647257,38.5598731,BF
-48.04615983,-73.75251885,121.7986787,-52.83007931,7.739323346,38.54702389,BF
-45.48710585,-75.91782307,121.4049289,-53.47002163,7.75919684,38.54569066,BF
-45.48710585,-75.91782307,121.4049289,-53.47002163,7.75919684,38.54569066,BF
-19.96466398,-94.74077535,114.7054393,-58.06401507,7.41464218,38.53284617,BF
6.449347544,-109.1666438,102.7172962,-59.67631179,6.164052553,38.52000598,BF
32.56605241,-118.5663089,86.00025654,-58.01422002,4.221138905,38.50717008,BF
57.15881815,-122.4493055,65.29048732,-54.7345046,1.856157815,38.49433848,BF
66.09588242,-122.4676902,56.37180777,-51.69739396,0.885990697,38.48935975,BF
66.09588242,-122.4676902,56.37180777,-51.69739396,0.885990697,38.48935975,BF
86.79273346,-118.5330049,31.74027146,-43.93220179,-1.567323089,38.47653411,BF
103.5076035,-109.14246,5.634856546,-34.03152457,-3.741484403,38.46371278,BF
115.4828489,-94.71030649,-20.77254238,-22.40355102,-5.412594458,38.45089573,BF
122.1719086,-75.89850044,-46.27340811,-9.595820236,-6.432655008,38.43808297,BF
123.5108672,-60.7799904,-62.73087683,5.00E-10,-6.721878764,38.42923708,BF
123.5108672,-60.7799904,-62.73087683,1.14E-09,-6.721878764,38.42923708,BF
120.7262314,-36.61545205,-84.11077934,13.80921062,-6.575578877,38.41643155,BF
112.3875411,-10.71415995,-101.6733812,26.54995615,-5.852803585,38.40363027,BF
98.92030886,15.7275816,-114.6478905,38.49314298,-4.748924212,38.39083325,BF
80.87809033,41.50971341,-122.3878037,49.11896052,-3.502822013,38.37804049,BF
59.15723819,65.43882369,-124.5960619,57.46836902,-2.389372158,38.36525197,BF
47.63460382,76.02608914,-123.660693,61.34526934,-1.975186751,38.35908036,BF
47.63460382,76.02608915,-123.660693,61.34526934,-1.975186751,38.35908036,BF
22.28489067,95.2246666,-117.5095573,65.5942589,-1.514566675,38.34629815,BF
-4.092785073,110.1456862,-106.0529011,67.41148031,-1.728730434,38.3335202,BF
-30.29282766,120.0815123,-89.78868469,66.26774794,-2.714231841,38.32074651,BF
-55.11943486,124.5824462,-69.46301135,62.2305857,-4.468560438,38.3079771,BF
-77.43901462,123.442969,-46.00395435,55.50043403,-6.888209321,38.29521196,BF
-79.60636329,122.9769366,-43.37057331,54.39735209,-7.176879107,38.29386082,BF
-79.60636329,122.9769366,-43.37057331,54.39735209,-7.176879107,38.29386082,BF
-97.98676125,115.6773764,-17.69061515,44.62357415,-10.10277653,38.28110041,BF
-111.8840204,103.1397034,8.744316978,33.71546534,-13.19616156,38.26834429,BF
-120.7058543,85.94003306,34.76582125,21.50336832,-16.15162205,38.25559244,BF
-123.9696287,64.84515018,59.12447855,6.186299642,-18.63449384,38.24284487,BF
-123.6004953,54.29665825,69.30383706,2.42E-09,-19.52792578,38.23708934,BF
-123.6004953,54.29665825,69.30383706,1.72E-09,-19.52792578,38.23708934,BF
-118.7073939,29.33927125,89.36812265,-14.21320996,-20.84900293,38.22434796,BF
-108.4009044,3.096866081,105.3040383,-27.67355048,-21.1238895,38.21161084,BF
-93.15351294,-23.23657061,116.3900836,-39.88358919,-20.26907717,38.19887796,BF
-73.66186392,-48.45807557,122.1199395,-50.2829472,-18.3108145,38.18614931,BF
-56.55599262,-66.13386451,122.6898571,-57.13225511,-16.1604295,38.17648746,BF
-56.55599262,-66.13386451,122.6898571,-57.13225511,-16.1604295,38.17648746,BF
-31.86358026,-86.67717858,118.5407588,-63.30320639,-12.65681088,38.16376622,BF
-5.716484789,-103.1860806,108.9025653,-66.65978699,-8.64134573,38.15104918,BF
20.67739783,-114.9292599,94.25186211,-67.11097394,-4.462404698,38.13833634,BF
46.11388987,-121.3678983,75.25400842,-64.56917239,-0.474141138,38.1256277,BF
69.43138672,-122.2088256,52.77743893,-59.19752013,2.992315251,38.11292325,BF
76.17555528,-121.2615622,45.08600693,-56.60601462,3.932343832,38.10890594,BF
76.17555528,-121.2615622,45.08600693,-56.60601462,3.932343832,38.10890594,BF
95.13284202,-114.7438442,19.61100217,-47.52036843,6.313276175,38.09620703,BF
109.6916628,-102.8984697,-6.793193103,-37.04483825,7.668619355,38.08351234,BF
119.2276374,-86.29329571,-32.9343417,-24.07720209,7.956524128,38.07082186,BF
123.3370069,-65.71125387,-57.62575302,-11.48058362,7.243517559,38.05813562,BF
122.9136874,-50.26931953,-72.64436792,2.69E-10,6.285014022,38.0497199,BF
122.9136874,-50.26931953,-72.64436792,9.32E-10,6.285014022,38.0497199,BF
117.606739,-25.17200718,-92.43473184,12.87627278,4.292314171,38.03704071,BF
106.9296415,1.12684988,-108.0564914,26.54878166,1.887992578,38.02436577,BF
91.35333181,27.42895822,-118.78229,38.81610671,-0.625486704,38.01169507,BF
71.59143818,52.53320472,-124.1246429,49.35927429,-2.953564276,37.99902862,BF
61.69069284,62.97815285,-124.6688457,53.80871048,-3.857662799,37.99340898,BF
61.69069284,62.97815285,-124.6688457,53.80871048,-3.857662799,37.99340898,BF
37.52414998,84.38062367,-121.9047736,60.97456197,-5.497152163,37.98074865,BF
11.62075805,101.9539135,-113.5746715,65.24161085,-6.465896877,37.96809255,BF
-14.80980479,114.9245624,-100.1147576,66.86255513,-6.72634508,37.95544068,BF
-40.59146147,122.6950976,-82.10363612,65.67449605,-6.334520584,37.94279302,BF
-64.52305964,124.9166457,-60.39358605,61.45273105,-5.439743034,37.93014957,BF
-67.33240108,124.8059087,-57.47350758,60.91453718,-5.303883046,37.92857705,BF
-67.33240108,124.8059087,-57.47350758,60.91453718,-5.303883046,37.92857705,BF
-87.88747912,120.6791461,-32.79166701,53.69025617,-4.106823485,37.91593833,BF
-104.4433172,111.0933074,-6.649990211,44.25594803,-2.919154299,37.9033038,BF
-116.2376064,96.48454753,19.75305883,32.84327734,-2.008288197,37.89067348,BF
-122.7262749,77.51365371,45.21262122,20.2421576,-1.610750549,37.87804736,BF
-123.604928,55.04656724,68.55836072,7.011890021,-1.901492872,37.86542544,BF
-122.0192478,43.44884003,78.57040779,4.46E-09,-2.310431902,37.85942539,BF
-122.0192478,43.44884003,78.57040779,3.78E-09,-2.310431902,37.85942539,BF
-114.6865435,17.76532278,96.92122067,-13.48803159,-3.743774089,37.84680969,BF
-102.086095,-8.678533978,110.7646289,-25.90830883,-5.898601728,37.83419821,BF
-84.83538352,-34.67274466,119.5081282,-37.23326307,-8.612862933,37.82159096,BF
-63.71792808,-59.0284776,122.7464057,-46.65558031,-11.64372112,37.80898794,BF
-47.60037391,-74.09612047,121.6964944,-51.95645245,-13.7363228,37.80040682,BF
-47.6003739,-74.09612047,121.6964944,-51.95645245,-13.7363228,37.80040682,BF
-22.23179051,-93.26748732,115.4992778,-57.29952989,-16.61279695,37.7878109,BF
4.141098976,-108.1021417,103.9610427,-59.92881148,-18.96442646,37.77521921,BF
30.32703861,-117.9624554,87.63541676,-59.79166343,-20.51913794,37.76263174,BF
55.09313326,-122.3527382,67.25960496,-57.19851008,-21.0557745,37.75004847,BF
64.88828422,-122.5150353,57.62675107,-54.45549456,-20.94962125,37.74474936,BF
64.88828422,-122.5150353,57.62675106,-54.45549456,-20.94962125,37.74474936,BF
85.74380938,-118.9083046,33.16449523,-47.82415739,-19.88316329,37.73217205,BF
102.6933338,-109.8013469,7.108013066,-38.68547167,-17.71864219,37.71959891,BF
114.9376286,-95.62692476,-19.31070381,-27.85308294,-14.61391485,37.70702993,BF
121.9199563,-77.02934413,-44.89061213,-15.72630867,-10.8187797,37.69446511,BF
123.3217348,-54.85896756,-68.46276725,-2.908526796,-6.653210812,37.68190444,BF
122.888857,-49.9953794,-72.89347756,7.35E-10,-5.7911463,37.67935593,BF
122.888857,-49.9953794,-72.89347756,1.43E-09,-5.7911463,37.67935593,BF
117.5322287,-24.87507846,-92.65715027,12.96795367,-1.650575765,37.66680024,BF
106.7704184,1.431171519,-108.2015899,25.19264882,2.080867881,37.6542487,BF
91.12028132,27.72702314,-118.8473045,36.30411014,5.102162855,37.64170131,BF
71.29457388,52.81009308,-124.104667,45.66127258,7.187868281,37.62915807,BF
48.19917115,75.5354283,-123.7345995,52.85192028,8.213134077,37.616619,BF
44.71601535,78.49117426,-123.2071896,53.72349675,8.267798106,37.61484647,BF
44.71601534,78.49117426,-123.2071896,53.72349675,8.267798106,37.61484647,BF
19.17664901,97.28305208,-116.4597011,57.90294054,8.073971955,37.60231216,BF
-7.241393942,111.6550305,-104.4136366,59.54827326,6.920206705,37.58978204,BF
-33.34730532,121.0096058,-87.66230049,57.95696593,5.017240642,37.5772561,BF
-57.92563371,124.8473341,-66.92170037,54.56549338,2.629687139,37.56473436,BF
-66.980636,124.8368748,-57.85623884,51.52838367,1.620762369,37.55980271,BF
-66.980636,124.8368748,-57.85623884,51.52838367,1.620762369,37.55980271,BF
-87.6247399,120.8197765,-33.1950366,43.73812569,-0.928836364,37.54728682,BF
-104.2746086,111.3500331,-7.075424462,33.7697785,-3.236897632,37.53477513,BF
-116.1748589,96.84733224,19.32752663,22.09545885,-5.063700779,37.52226762,BF
-122.7822556,77.97649385,44.80576177,9.256156,-6.244663148,37.5097643,BF
-124.064013,63.41066091,60.65335204,5.86E-10,-6.631423008,37.50145092,BF
-124.064013,63.41066091,60.65335204,-5.98E-11,-6.631423008,37.50145092,BF
-121.3376714,39.26930219,82.06836924,-13.77665659,-6.638044929,37.48895454,BF
-113.0534402,13.3849849,99.66845528,-26.73716161,-6.034597535,37.47646233,BF
-99.63353887,-13.05172848,112.6852674,-38.65595699,-5.010130017,37.46397427,BF
-81.64639073,-38.84548458,120.4918753,-48.86808279,-3.802833397,37.45149036,BF
-59.95680502,-62.8101597,122.7669647,-57.56434634,-2.688155049,37.4390106,BF
-48.34239756,-73.46057374,121.8029713,-61.60592334,-2.258572228,37.43295695,BF
-48.34239755,-73.46057374,121.8029713,-61.60592334,-2.258572228,37.43295695,BF
-23.05454904,-92.69416785,115.7487169,-65.88827358,-1.756738853,37.42048335,BF
3.325392708,-107.65241,104.3270173,-67.41105172,-1.913632874,37.40801391,BF
29.53080699,-117.6298921,88.0990851,-66.29337972,-2.83785432,37.39554863,BF
54.37287828,-122.1749972,67.80211896,-62.22482981,-4.5367497,37.38308751,BF
76.71627282,-121.0802886,44.36401582,-55.47789992,-6.913832098,37.37063057,BF
79.32140882,-120.5197297,41.19832083,-54.20647822,-7.257174037,37.36904598,BF
79.32140882,-120.5197297,41.19832083,-54.20647822,-7.257174037,37.36904598,BF
97.64864201,-113.1492525,15.50061047,-44.40689381,-10.16610216,37.35659375,BF
111.4797427,-100.5436389,-10.93610386,-33.43802706,-13.25258233,37.34414569,BF
120.2280119,-83.28698319,-36.94102872,-21.15714867,-16.20695528,37.33170181,BF
123.4231265,-62.1356546,-61.28747195,-5.801986586,-18.69364756,37.31926211,BF
123.0725471,-52.20672658,-70.86582057,8.51E-10,-19.53682353,37.31397182,BF
123.0725471,-52.20672657,-70.86582057,1.55E-09,-19.53682353,37.31397182,BF
118.2503583,-27.27564623,-90.97471207,14.20681268,-20.87457313,37.30153805,BF
108.0110412,-1.041711898,-106.9693293,27.69696051,-21.1590733,37.28910843,BF
92.82305224,25.29823214,-118.1212844,39.94173597,-20.30109015,37.27668295,BF
73.38046796,50.54132752,-123.9217955,50.38706461,-18.32469586,37.26426159,BF
55.86215906,68.663327,-124.5254861,57.33837181,-16.09167901,37.2545994,BF
55.86215906,68.66332701,-124.5254861,57.33837181,-16.09167901,37.2545994,BF
31.1559291,89.18365087,-120.33958,63.52573702,-12.53378177,37.24218535,BF
5.003763188,105.6666089,-110.6703721,66.86704728,-8.464515222,37.22977541,BF
-21.38826935,117.3796337,-95.9913644,67.29003601,-4.238815448,37.21736956,BF
-46.8157278,123.7855782,-76.96985038,64.71596949,-0.218201866,37.20496781,BF
-70.11738368,124.5926788,-54.47529509,59.30374862,3.260445331,37.19257015,BF
-76.73937762,123.6591089,-46.91973132,56.83226887,4.183704346,37.18872089,BF
-76.73937762,123.6591089,-46.91973132,56.83226887,4.183704346,37.18872089,BF
-95.69309108,117.1378286,-21.44473753,47.72485724,6.551128732,37.17632861,BF
-110.2516211,105.2912152,4.960405895,37.21286142,7.871165027,37.16394044,BF
-119.8086042,88.70449645,31.10410774,24.45475892,8.108614478,37.15155638,BF
-123.8926684,68.11731181,55.77535662,10.8090503,7.327032574,37.13917646,BF
-123.284101,50.99051571,72.29358534,2.58E-09,6.198053228,37.130107,BF
-123.284101,50.99051571,72.29358534,1.89E-09,6.198053228,37.130107,BF
-117.5958249,25.7709447,91.82488024,-13.85102036,4.101457135,37.11773425,BF
-106.5605855,-0.567660396,107.1282459,-27.43491777,1.626046013,37.10536565,BF
-90.66854159,-26.82484902,117.4933906,-39.65735433,-0.917404686,37.09300119,BF
-70.64788247,-51.80157693,122.4494594,-50.10085196,-3.231649065,37.08064087,BF
-62.40826155,-60.43091042,122.839172,-53.70496537,-3.972818121,37.0760985,BF
-62.40826155,-60.43091042,122.839172,-53.70496537,-3.972818121,37.0760985,BF
-38.25397735,-81.8482021,120.1021795,-60.8359812,-5.590074762,37.06374385,BF
-12.36725943,-99.44798041,111.8152398,-65.44531147,-6.518092433,37.05139332,BF
14.08166783,-112.4706585,98.38899063,-67.07529937,-6.728299054,37.03904691,BF
39.84634854,-120.2617209,80.41537234,-66.16271222,-6.279572959,37.02670462,BF
63.80787041,-122.5204749,58.7126045,-61.55595774,-5.337880696,37.01436644,BF
67.04927472,-122.3805129,55.33123822,-60.94018129,-5.174048818,37.01258765,BF
67.04927472,-122.3805129,55.33123822,-60.94018129,-5.174048818,37.01258765,BF
87.56804612,-118.1845454,30.61649924,-53.60858329,-3.951645215,37.00025415,BF
104.06174,-108.5285817,4.466841733,-44.13528444,-2.773308457,36.98792476,BF
115.7863119,-93.85912059,-21.92719132,-32.76023006,-1.910841816,36.97559946,BF
122.2054015,-74.8463814,-47.3590201,-20.08232639,-1.599277525,36.96327826,BF
123.0264372,-52.35894875,-70.66748847,-6.691030346,-2.005591073,36.95096117,BF
121.4909731,-41.2367877,-80.25418537,8.13E-11,-2.454541235,36.9453611,BF
121.4909731,-41.2367877,-80.25418537,7.65E-10,-2.454541235,36.9453611,BF
114.2004582,-15.5599678,-98.64049036,13.43108729,-4.011448548,36.93304999,BF
101.6377808,10.88335166,-112.5211324,25.86501374,-6.2872521,36.92074301,BF
84.41986954,36.88584716,-121.3057167,37.22056185,-9.103827252,36.90844015,BF
63.32849134,61.25869612,-124.5871875,46.67875621,-12.20322871,36.89614142,BF
47.39857035,76.19285438,-123.5914247,51.96576296,-14.29511673,36.88785542,BF
47.39857035,76.19285438,-123.5914247,51.96576296,-14.29511673,36.88785542,BF
22.05425477,95.42137158,-117.4756263,57.37637096,-17.16164713,36.8755636,BF
-4.313026154,110.3257464,-106.0127202,60.07552813,-19.45139992,36.8632759,BF
-30.5097035,120.26244,-89.7527365,59.9986675,-20.89527198,36.85099232,BF
-55.30689425,124.7358034,-69.4289091,57.43390358,-21.2830294,36.83871283,BF
-65.17624084,124.934555,-59.75831419,54.77928094,-21.10454576,36.83350976,BF
-65.17624084,124.934555,-59.75831419,54.77928094,-21.10454576,36.83350976,BF
-86.07404933,121.393843,-35.31979371,48.20167776,-19.85920771,36.8212361,BF
-103.0766117,112.3520342,-9.27542243,39.11480095,-17.52271779,36.8089665,BF
-115.382139,98.23568064,17.14645833,28.32943426,-14.27456454,36.79670097,BF
-122.4310812,79.68694739,42.74413378,16.23717657,-10.38464373,36.78443949,BF
-123.9017253,57.55389024,66.34783509,3.439930551,-6.188271058,36.77218206,BF
-123.3758026,51.72710273,71.64869987,6.89E-10,-5.160151836,36.76920398,BF
-123.3758026,51.72710273,71.64869987,1.30E-12,-5.160151836,36.76920398,BF
-117.8671764,26.55772958,91.30944679,-12.98976127,-1.088907816,36.75695157,BF
-106.9610422,0.234827617,106.7262146,-25.11466987,2.488383166,36.74470321,BF
-91.18407918,-26.04397883,117.228058,-36.18859828,5.28430875,36.7324589,BF
-71.25435368,-51.07706991,122.3314236,-45.50029066,7.095677398,36.72021864,BF
-48.08254859,-73.72168349,121.8042321,-52.64260424,7.826600451,36.70798246,BF
-45.29489778,-76.07946434,121.3743621,-53.33564816,7.838967291,36.70659989,BF
-45.29489778,-76.07946434,121.3743621,-53.33564816,7.838967291,36.70659989,BF
-19.75916237,-94.86870295,114.6278653,-57.84708613,7.395368047,36.69436824,BF
6.658025349,-109.2530569,102.5950316,-59.41161226,6.037501726,36.68214067,BF
32.76642482,-118.6050134,85.83858856,-57.76433393,3.995746267,36.6699172,BF
57.34630054,-122.4444587,65.09815818,-54.34817602,1.556934639,36.65769782,BF
65.90863776,-122.4584714,56.54983366,-51.54987634,0.609337941,36.65315271,BF
65.90863776,-122.4584714,56.54983366,-51.54987634,0.609337941,36.65315271,BF
86.63413142,-118.5688885,31.93475709,-43.77649462,-1.864872503,36.64093895,BF
103.3813557,-109.2178133,5.836457662,-33.93830662,-4.016230001,36.62872929,BF
115.3939573,-94.82149253,-20.57246475,-22.36416356,-5.621541287,36.6165237,BF
122.1231184,-76.03969723,-46.08342112,-9.617906528,-6.540798085,36.6043222,BF
123.49416,-60.72871932,-62.76544065,-1.40E-10,-6.748400787,36.59578628,BF
123.49416,-60.72871931,-62.76544065,5.00E-10,-6.748400787,36.59578628,BF
120.6901796,-36.55713851,-84.13304109,13.4867155,-6.471310941,36.58359169,BF
112.3492854,-10.65247563,-101.6968097,26.01392928,-5.635727975,36.57140117,BF
98.86635917,15.80105728,-114.6674164,37.91523814,-4.455148725,36.55921469,BF
80.82877451,41.56181899,-122.3905935,49.06632892,-3.190001081,36.54703226,BF
59.10374516,65.48788007,-124.5916252,57.38467994,-2.124313557,36.53485389,BF
46.50798593,76.96082834,-123.4688143,60.9350391,-1.732136289,36.52845015,BF
46.50798593,76.96082834,-123.4688143,60.9350391,-1.732136289,36.52845015,BF
21.08848838,96.00859996,-117.0970883,65.20867894,-1.449512294,36.51627795,BF
-5.306067001,110.7160065,-105.4099395,66.90553283,-1.902326092,36.50410981,BF
-31.47092772,120.4190532,-88.94812551,65.63165418,-3.159225929,36.49194574,BF
-56.21229027,124.6739921,-68.46170178,61.54625016,-5.183513687,36.47978573,BF
-78.40334557,123.2868052,-44.88345963,54.9159927,-7.834052481,36.4676298,BF
-79.72786739,122.9782875,-43.25042015,53.87250971,-8.024196677,36.46683292,BF
-79.72786739,122.9782875,-43.25042015,53.8725097,-8.024196677,36.46683292,BF
-98.08462567,115.6449774,-17.56035176,44.05614708,-11.08438729,36.45468133,BF
-111.9579864,103.0781423,8.879844181,32.59076066,-14.21432801,36.44253382,BF
-120.7288069,85.85302496,34.87578198,19.57384114,-17.08403922,36.43039039,BF
-123.995467,64.7574385,59.23802853,5.717637926,-19.36876864,36.41825103,BF
-123.7374,55.94780754,67.78959241,3.70E-09,-20.01755089,36.41366151,BF
-123.7374,55.94780754,67.78959241,2.97E-09,-20.01755089,36.41366151,BF
-119.2472986,31.12654723,88.12075139,-14.1059166,-21.06021794,36.40152775,BF
-109.2971042,4.933981707,104.3631225,-27.44422875,-20.98409888,36.38939804,BF
-94.36864925,-21.43118984,115.7998391,-39.76357804,-19.74381822,36.37727236,BF
-75.14086827,-46.76471556,121.9055838,-50.27954264,-17.40414003,36.3651507,BF
-55.92836588,-66.74204594,122.6704118,-57.63968273,-14.65940203,36.35478028,BF
-55.92836588,-66.74204594,122.6704118,-57.63968273,-14.65940203,36.35478028,BF
-31.17366,-87.16962716,118.3432872,-63.7682288,-10.82592047,36.34266607,BF
-5.005926767,-103.5622704,108.5681972,-66.72808477,-6.631260434,36.33055585,BF
21.38189346,-115.1730679,93.79117443,-67.21783,-2.441483866,36.31844963,BF
46.75800083,-121.4449244,74.68692353,-64.84195387,1.377491161,36.3063474,BF
70.0181388,-122.1196263,52.10148754,-58.43654968,4.515974053,36.29424917,BF
77.21865662,-121.0695505,43.8508939,-56.48665703,5.377700183,36.29015144,BF
77.21865662,-121.0695505,43.8508939,-56.48665703,5.377700183,36.29015144,BF
95.95456044,-114.2476893,18.29312884,-47.04221853,7.234648094,36.27805858,BF
110.2804004,-102.148268,-8.132132417,-35.92437193,8.000810081,36.26596973,BF
119.5551787,-85.32659043,-34.22858826,-23.11888832,7.693048109,36.2538849,BF
123.3543284,-64.5513469,-58.8029815,-9.329770965,6.437384667,36.24180411,BF
122.8264767,-49.84628093,-72.98019577,1.81E-10,5.253330798,36.23419833,BF
122.8264767,-49.84628093,-72.98019577,8.66E-10,5.253330798,36.23419833,BF
117.4689854,-24.73104373,-92.7379417,14.34024617,2.956486754,36.22212413,BF
106.7049249,1.57166402,-108.2765889,27.81704179,0.413590258,36.21005398,BF
91.06487651,27.85746267,-118.9223392,39.98564249,-2.059056368,36.19798787,BF
71.25256267,52.92768288,-124.1802455,50.21627019,-4.178684225,36.18592581,BF
62.73055597,61.95978872,-124.6903447,54.95961184,-4.850227916,36.18132947,BF
62.73055597,61.95978872,-124.6903447,54.95961184,-4.850227916,36.18132947,BF
38.6816519,83.4760129,-122.1576648,61.6276804,-6.138266615,36.16927298,BF
12.83533156,101.2456972,-114.0810288,66.29689521,-6.704956246,36.15722052,BF
-13.60622265,114.4429879,-100.8367652,68.10471643,-6.563843849,36.14517207,BF
-39.43824865,122.4671336,-83.02888499,66.93167348,-5.831779318,36.13312764,BF
-63.48042429,124.9519658,-61.47154154,62.8791925,-4.709751416,36.12108721,BF
-69.05501644,124.6624455,-55.60742907,61.33575752,-4.396125239,36.11808642,BF
-69.05501644,124.6624455,-55.60742907,61.33575752,-4.396125239,36.11808642,BF
-89.35675461,120.1190215,-30.76226685,53.63039857,-3.154232068,36.10605099,BF
-105.5562445,110.1183191,-4.562074629,44.29097265,-2.129498428,36.09401955,BF
-116.951472,95.13326876,21.81820327,32.58711205,-1.579583023,36.08199212,BF
-123.008534,75.86403086,47.14450315,19.61557335,-1.70400306,36.0699687,BF
-123.4588891,53.17879268,70.28009637,6.049202633,-2.614795953,36.05794928,BF
-121.9260681,42.77985977,79.1462083,-7.93E-10,-3.245034423,36.0528599,BF
-121.9260681,42.77985977,79.1462083,-1.48E-09,-3.245034424,36.0528599,BF
-114.4241169,17.05304606,97.3710708,-13.44217,-5.264744895,36.0408462,BF
-101.6980442,-9.393859042,111.0919032,-26.01786345,-7.907753364,36.02883654,BF
-84.33639601,-35.36251951,119.6989155,-37.29520851,-10.94011208,36.0168309,BF
-63.12758489,-59.64916584,122.7767507,-47.05250872,-14.05753991,36.0048293,BF
-50.04876887,-72.01431297,122.0630818,-51.7453049,-15.7066874,35.99817415,BF
-50.04876887,-72.01431297,122.0630818,-51.7453049,-15.7066874,35.99817415,BF
-24.83692519,-91.55193812,116.3888633,-57.2971436,-18.29756855,35.98617881,BF
1.493399025,-106.8558464,105.3624473,-60.41740184,-20.1485297,35.97418748,BF
27.74491155,-117.2232985,89.4783869,-60.6332709,-21.0152483,35.96220016,BF
52.71785045,-122.1818046,69.46395415,-58.01486198,-20.74831648,35.95021685,BF
64.95875607,-122.5070563,57.54830027,-55.5393514,-20.12842961,35.94390749,BF
64.95875607,-122.5070563,57.54830027,-55.5393514,-20.12842961,35.94390749,BF
85.83338553,-118.8832159,33.04983033,-48.60744239,-18.10695569,35.93193025,BF
102.7514856,-109.7449238,6.993438217,-40.01318421,-15.08157694,35.91995698,BF
114.9607473,-95.54066717,-19.42008016,-29.38446101,-11.30740427,35.90798766,BF
121.940472,-76.93454059,-45.00593136,-17.09119009,-7.110477123,35.89602229,BF
123.2684525,-54.72434991,-68.54410261,-4.43302766,-2.852139644,35.88406087,BF
122.5215256,-47.05604532,-75.46548024,-2.89E-09,-1.542307374,35.8802495,BF
122.5215256,-47.05604531,-75.46548024,-2.21E-09,-1.542307374,35.8802495,BF
116.4721163,-21.71349173,-94.75862455,13.12403355,2.231955525,35.86829328,BF
105.0870425,4.657107574,-109.74415,25.34745497,5.264272413,35.85634102,BF
88.88685525,30.87150823,-119.7583635,36.32503193,7.328473306,35.84439271,BF
68.61240937,55.72958109,-124.3419905,45.52943946,8.299636732,35.83244836,BF
45.18957024,78.09690646,-123.2864767,52.53689267,8.170652167,35.820508,BF
45.17491493,78.10916906,-123.284084,52.54066303,8.170251806,35.82050093,BF
45.17491493,78.10916906,-123.284084,52.54066303,8.170251806,35.82050093,BF
19.66789159,96.96027575,-116.6281673,57.07716702,7.047135816,35.80856456,BF
-6.747309247,111.435013,-104.6877037,58.80864317,5.139087279,35.79663217,BF
-32.86840445,120.8727714,-88.00436699,57.68527448,2.725029602,35.78470378,BF
-57.50156069,124.8432101,-67.34164942,53.78175812,0.12226731,35.77277939,BF
-64.82844762,124.9059844,-60.07753676,51.86081737,-0.692898856,35.76899309,BF
-64.82844762,124.9059844,-60.07753676,51.86081737,-0.692898856,35.76899309,BF
-85.82043389,121.4553782,-35.63494427,44.35228014,-3.069157568,35.75707397,BF
-102.8818182,112.4919124,-9.61009422,35.19326259,-4.963639218,35.74515884,BF
-115.2756267,98.45230933,16.82331737,24.12099046,-6.204974581,35.7332477,BF
-122.4210165,79.96198117,42.4590353,11.96323139,-6.713116563,35.72134053,BF
-124.0157188,63.09008586,60.9256329,2.55E-10,-6.600308923,35.71211397,BF
-124.0157188,63.09008586,60.9256329,-1.92E-10,-6.600308923,35.71211397,BF
-121.2573642,38.91591755,82.34144662,-13.0795076,-5.951370347,35.70021384,BF
-112.8854396,13.00652228,99.87891735,-25.4756049,-4.875373792,35.68831767,BF
-99.38167014,-13.4366871,112.8183572,-37.45005015,-3.642791252,35.67642546,BF
-81.35082714,-39.20840881,120.559236,-47.77439135,-2.534956246,35.66453719,BF
-59.61814449,-63.13122863,122.7493731,-56.06519366,-1.822854685,35.65265288,BF
-44.84428134,-76.41418267,121.258464,-60.01352298,-1.681792797,35.64535453,BF
-44.84428134,-76.41418267,121.258464,-60.01352298,-1.681792797,35.64535453,BF
-19.28690951,-95.12748451,114.414394,-64.20920046,-2.044068437,35.6334766,BF
7.142097039,-109.4028845,102.2607875,-65.21185772,-3.209112575,35.62160264,BF
33.21756212,-118.6332672,85.41570505,-63.44927217,-5.149119284,35.60973266,BF
57.7690068,-122.3622167,64.59320991,-58.91495052,-7.737289547,35.59786665,BF
77.5514123,-120.9332304,43.38181808,-53.0113815,-10.41935795,35.58723971,BF
77.5514123,-120.9332304,43.38181808,-53.0113815,-10.41935795,35.58723971,BF
96.21375802,-114.0279108,17.81415279,-43.51007462,-13.54840779,35.57538125,BF
110.4687404,-101.8597478,-8.608992631,-32.19986506,-16.49898671,35.56352678,BF
119.6613147,-84.97920534,-34.68210931,-19.42433459,-18.93597256,35.55167627,BF
123.3729921,-64.15864214,-59.21434995,-5.775399065,-20.5619539,35.53982974,BF
123.2824481,-55.54135365,-67.74109447,-2.92E-09,-20.90653097,35.53540684,BF
123.2824481,-55.54135365,-67.74109447,-2.19E-09,-20.90653097,35.53540684,BF
119.268968,-30.89063323,-88.3783348,13.92420384,-21.07920956,35.52356574,BF
109.7583311,-4.767804385,-104.9905267,27.0938304,-20.06666401,35.51172859,BF
95.22320052,21.62898892,-116.8521894,39.35325454,-17.91802104,35.49989536,BF
76.32303876,47.09451368,-123.4175524,49.83371534,-14.78900971,35.48806605,BF
53.92207713,70.4655938,-124.3876709,58.11864145,-10.93903715,35.47624064,BF
53.37569909,70.9648624,-124.3405615,58.29761014,-10.8446685,35.47597095,BF
53.37569909,70.9648624,-124.3405615,58.29761014,-10.8446685,35.47597095,BF
28.45140693,91.08841194,-119.5398189,64.00028368,-6.602551237,35.46414954,BF
2.214464596,107.1166537,-109.3311183,66.86353162,-2.355116016,35.45233202,BF
-24.1474893,118.3111249,-94.16363561,66.91275802,1.530163042,35.4405184,BF
-49.38845165,124.114192,-74.72574031,63.24742671,4.717819026,35.42870869,BF
-72.40446446,124.3152393,-51.9107748,57.08545049,6.9674644,35.41690288,BF
-78.53192521,123.3185318,-44.78660658,55.29653554,7.422729987,35.41347181,BF
-78.53192521,123.3185318,-44.78660657,55.29653554,7.422729987,35.41347181,BF
-97.13548325,116.3104336,-19.17495033,45.5218144,8.26234844,35.40167106,BF
-111.296134,104.0368885,7.259245457,34.22512596,8.000641609,35.38987424,BF
-120.3874631,87.06494609,33.32251706,21.22983927,6.762595416,35.37808136,BF
-123.9924478,66.16987616,57.82257169,7.299067971,4.768191669,35.36629242,BF
-123.6913647,54.96934511,68.72201963,9.69E-10,3.619418894,35.360618,BF
-123.6913647,54.9693451,68.72201963,2.52E-10,3.619418894,35.360618,BF
-118.9643666,30.06110786,88.90325872,-14.28921884,1.0477276,35.34883492,BF
-108.7896421,3.830188671,104.9594534,-27.82349985,-1.513487436,35.33705579,BF
-93.66282348,-22.52050694,116.1833304,-40.39517645,-3.764956174,35.3252806,BF
-74.27143986,-47.78755887,122.0589987,-51.18220179,-5.468530481,35.31350936,BF
-63.4186203,-59.45761321,122.8762335,-56.00340783,-6.053804452,35.30772217,BF
-63.4186203,-59.45761321,122.8762335,-56.00340783,-6.053804452,35.30772217,BF
-39.36553,-81.00836111,120.3738911,-63.21484485,-6.696537806,35.29595679,BF
-13.52792955,-98.78242756,112.3103571,-67.84727962,-6.611093075,35.28419535,BF
12.92100281,-112.0072191,99.08621628,-69.53350326,-5.916508093,35.27243781,BF
38.77628896,-120.0643265,81.2880375,-68.38369037,-4.81081236,35.26068419,BF
62.79866929,-122.5161525,59.71748323,-63.74764785,-3.552938275,35.24893447,BF
71.92344242,-121.9055507,49.98210826,-61.72749358,-3.060508076,35.24410081,BF
71.92344242,-121.9055507,49.98210825,-61.72749358,-3.060508076,35.24410081,BF
91.61667708,-116.448337,24.83165989,-53.31066846,-2.082016805,35.2323566,BF
107.0968998,-105.6149076,-1.48199219,-43.12821663,-1.615229768,35.2206163,BF
117.6676926,-89.89976139,-27.76793123,-31.10265403,-1.852134309,35.20887991,BF
122.8454831,-70.02146102,-52.82402206,-17.89563077,-2.893962871,35.19714743,BF
122.3943241,-46.88789916,-75.50642494,-4.10648985,-4.734527299,35.18541888,BF
121.3275735,-40.47675883,-80.85081467,-4.65E-10,-5.33145438,35.18238276,BF
121.3275735,-40.47675883,-80.85081467,2.91E-10,-5.33145438,35.18238276,BF
113.8711741,-14.75477961,-99.11639445,13.73570802,-8.000672969,35.17065916,BF
101.1671874,11.6916447,-112.8588321,26.52206866,-11.06566215,35.15893949,BF
83.82716989,37.66174835,-121.4889182,38.15451056,-14.22080347,35.14722375,BF
62.63982998,61.96761515,-124.6074451,47.86283836,-17.12567699,35.13551196,BF
52.20813475,71.94930627,-124.157441,51.71511805,-18.24733197,35.13030293,BF
52.20813475,71.94930627,-124.157441,51.71511805,-18.24733197,35.13030293,BF
27.21049375,91.93859769,-119.1490914,57.85464503,-20.2160148,35.1185968,BF
0.952971593,107.7623481,-108.7153197,61.43554197,-21.20378911,35.10689459,BF
-25.37475873,118.7375435,-93.36278478,62.05317423,-21.05842536,35.09519628,BF
-50.53646692,124.3125437,-73.77607679,60.18667196,-19.7213069,35.08350187,BF
-65.47553167,124.9510813,-59.47554963,56.92886035,-18.28213256,35.07605985,BF
-65.47553167,124.9510813,-59.47554963,56.92886035,-18.28213256,35.07605985,BF
-86.32432445,121.3304402,-35.00611571,50.40123655,-15.22883773,35.06437177,BF
-103.2685428,112.2154758,-8.946932995,41.33910822,-11.42688347,35.05268756,BF
-115.5069852,98.0323057,17.47467946,30.56420292,-7.213938784,35.0410072,BF
-122.4834734,79.42660375,43.0568697,18.43346426,-2.963101814,35.02933069,BF
-123.8793811,57.24886257,66.63051852,5.556175437,0.951403797,35.01765803,BF
-122.8251974,47.61530935,75.20988805,1.25E-09,2.340941349,35.01300676,BF
-122.8251974,47.61530935,75.20988805,5.85E-10,2.340941349,35.01300676,BF
-116.3925359,22.16724671,94.22528916,-13.05338551,5.245119725,35.00133949,BF
-104.6234379,-4.237158498,108.8605964,-25.16347562,7.143607987,34.98967609,BF
-88.09157707,-30.39285421,118.4844313,-36.22941337,7.934630031,34.97801656,BF
-67.54850838,-55.10416644,122.6526748,-45.48548182,7.63108338,34.96636092,BF
-48.26507365,-73.57028833,121.835362,-51.54331,6.645451904,34.95676111,BF
-48.26507365,-73.57028833,121.835362,-51.54331,6.645451904,34.95676111,BF
-22.92776174,-92.82605027,115.753812,-56.56980457,4.748702471,34.94511257,BF
3.448530818,-107.7873092,104.3387784,-58.76565489,2.350868771,34.93346794,BF
29.6612763,-117.7738743,88.11259796,-58.28805202,-0.226071773,34.9218272,BF
54.47616885,-122.2833451,67.80717621,-55.22473526,-2.656614621,34.91019037,BF
61.81675309,-122.5649477,60.74819459,-53.14241555,-3.346552629,34.90654428,BF
61.81675309,-122.5649477,60.74819459,-53.14241555,-3.346552629,34.90654428,BF
83.15238862,-119.6861505,36.53376187,-46.25877351,-5.179741987,34.89491257,BF
100.6688038,-111.2899808,10.62117693,-37.1937938,-6.340127071,34.88328475,BF
113.5724098,-97.75405262,-15.8183572,-26.29054585,-6.755732886,34.87166082,BF
121.2735712,-79.69827531,-41.57529586,-14.08953211,-6.462986383,34.86004076,BF
123.4211977,-57.94767186,-65.47352579,-1.158572088,-5.601137406,34.84842456,BF
123.3393213,-56.11098276,-67.22833858,-1.56E-09,-5.514406163,34.84751641,BF
123.3393213,-56.11098276,-67.22833858,-8.31E-10,-5.514406163,34.84751641,BF
119.4007383,-31.48894725,-87.91179102,13.26484702,-4.2897405,34.83590438,BF
109.9842835,-5.379244282,-104.6050392,25.85389634,-3.01457797,34.8242962,BF
95.52928569,21.0299752,-116.5592609,37.3701282,-1.97924402,34.81269188,BF
76.69586838,46.53109557,-123.2269639,47.22789939,-1.446701582,34.80109142,BF
54.34463942,69.95952314,-124.3041626,54.97991075,-1.617265739,34.78949482,BF
41.86449225,80.77130544,-122.6357977,58.15707231,-2.017853487,34.78356868,BF
41.86449225,80.77130544,-122.6357977,58.15707231,-2.017853487,34.78356868,BF
16.17803709,99.10451437,-115.2825515,61.9759567,-3.422845182,34.77197794,BF
-10.26858088,112.9337827,-102.6652018,63.02757105,-5.600676402,34.76039107,BF
-36.26022127,121.6596544,-85.39943312,61.19206256,-8.384094326,34.74880809,BF
-60.60958623,124.8795897,-64.27000342,56.56361378,-11.5165642,34.737229,BF
-75.37015362,123.8674352,-48.49728161,51.86512911,-13.64191697,34.7295114,BF
-75.37015362,123.8674352,-48.49728161,51.86512911,-13.64191698,34.7295114,BF
-94.58043046,117.7267008,-23.14627032,43.09323441,-16.63190804,34.71793879,BF
-109.4775682,106.2485763,3.228991909,32.54011779,-19.07890731,34.70637006,BF
-119.3947377,89.96991067,29.42482708,20.45986732,-20.685619,34.6948052,BF
-123.8335106,69.61954323,54.21396734,6.836648359,-21.21865763,34.68324421,BF
-124.0306977,59.99791909,64.03277861,2.63E-09,-21.09612765,34.6783634,BF
-124.0306977,59.99791909,64.03277861,1.89E-09,-21.09612765,34.6783634,BF
-120.4798758,35.55274299,84.92713278,-13.29275059,-19.95094882,34.66680788,BF
-111.4267603,9.507078596,101.9196817,-26.41672267,-17.66655364,34.6552562,BF
-97.29995431,-16.91420182,114.2141561,-38.4770764,-14.42189908,34.64370834,BF
-78.7424321,-42.50835773,121.2507898,-48.82094335,-10.4938974,34.6321643,BF
-56.60265211,-66.10576425,122.7084164,-57.00191936,-6.23105599,34.62062406,BF
-50.93709739,-71.2631639,122.2002613,-58.78721211,-5.212946971,34.61789872,BF
-50.93709739,-71.2631639,122.2002613,-58.78721211,-5.212946971,34.61789872,BF
-25.77791111,-90.93677648,116.7146876,-63.63041624,-1.062035781,34.60636318,BF
0.54152427,-106.3707312,105.8292069,-65.77996434,2.587019422,34.59483145,BF
26.82182524,-116.9106416,90.08881632,-64.71508208,5.432919246,34.58330353,BF
51.87307633,-122.0531483,70.18007192,-61.41340205,7.262401348,34.57177943,BF
74.52195761,-121.5148779,46.99292033,-54.1614479,7.967830753,34.56025915,BF
77.27628614,-121.0380772,43.76179108,-53.45280767,7.97944661,34.55874831,BF
77.27628614,-121.0380772,43.76179108,-53.45280767,7.97944661,34.55874831,BF
95.99669134,-114.2053837,18.20869238,-44.0223064,7.458787749,34.54723238,BF
110.3208836,-102.1007464,-8.220137211,-32.44022674,6.008213246,34.53572029,BF
119.5895736,-85.27162453,-34.31794904,-19.37170247,3.872227527,34.52421206,BF
123.3770717,-64.4847594,-58.89231235,-5.364436644,1.357136972,34.51270768,BF
123.350842,-56.45298578,-66.8978562,-5.51E-10,0.450846931,34.50868712,BF
123.350842,-56.45298577,-66.8978562,1.91E-10,0.45084693,34.50868712,BF
119.5348691,-31.87094554,-87.66392361,14.18418304,-2.055217582,34.49718795,BF
110.228124,-5.779765761,-104.4483582,27.91453539,-4.200469804,34.48569263,BF
95.87470211,20.63101399,-116.5057161,40.61239517,-5.759317051,34.47420117,BF
77.12839543,46.15435907,-123.2827545,51.58624101,-6.597873198,34.46271355,BF
61.51205101,63.18137547,-124.6934265,58.37600795,-6.735570792,34.45451339,BF
61.51205101,63.18137547,-124.6934265,58.37600795,-6.735570792,34.45451339,BF
37.32877541,84.52950088,-121.8582763,65.33284344,-6.344712155,34.44303233,BF
11.41817921,102.0596989,-113.4778781,69.50188221,-5.410862883,34.43155509,BF
-15.02350581,114.9816624,-99.95815658,70.77661613,-4.17171931,34.42008167,BF
-40.78959859,122.7040977,-81.91449911,69.02693639,-2.908732557,34.40861205,BF
-64.7029862,124.8747609,-60.1717747,64.37187278,-1.912513232,34.39714625,BF
-76.46549742,123.6573379,-47.19184049,60.53060036,-1.579291475,34.39094378,BF
-76.46549742,123.6573379,-47.19184049,60.53060036,-1.579291475,34.39094378,BF
-95.45406892,117.1970797,-21.74301082,51.54814034,-1.480445914,34.37948385,BF
-110.0609045,105.4027149,4.65818965,41.08469002,-2.169597957,34.36802775,BF
-119.6522239,88.84475744,30.80746649,28.08226447,-3.686609921,34.35657547,BF
-123.8096304,68.29670028,55.51293012,15.30168763,-5.957421242,34.34512703,BF
-122.2687481,44.6457481,77.62300002,0.148316645,-8.805063533,34.33368243,BF
-122.2197746,44.36226487,77.85750977,5.08E-10,-8.839979633,34.33355213,BF
-122.2197746,44.36226486,77.85750977,-1.44E-10,-8.839979634,34.33355213,BF
-115.0810285,18.73479131,96.34623723,-14.06079427,-11.99161414,34.32211142,BF
-102.6817693,-7.700559876,110.3823292,-27.2840783,-15.11437637,34.31067455,BF
-85.60302861,-33.73038852,119.3334171,-39.20900013,-17.85891859,34.29924152,BF
-64.62380686,-58.16561633,122.7894232,-49.22023174,-19.89722454,34.28781232,BF
-56.45598687,-66.18760731,122.6435942,-52.44437284,-20.39215375,34.283784,BF
-56.45598687,-66.18760731,122.6435942,-52.44437284,-20.39215375,34.283784,BF
-31.75123344,-86.7298837,118.4811171,-59.07503266,-21.0719857,34.27235997,BF
-5.611350514,-103.2337882,108.8451387,-63.15582772,-20.56659368,34.26093975,BF
20.7833116,-114.9840554,94.20074381,-64.27161752,-18.87222014,34.24952332,BF
46.1965346,-121.3982132,75.2016786,-62.75744602,-16.09344962,34.23811068,BF
68.25096308,-122.3342795,54.08331639,-58.16019138,-12.68873321,34.22735493,BF
68.25096308,-122.3342795,54.08331639,-58.16019138,-12.68873321,34.22735493,BF
88.57721204,-117.8427424,29.26553039,-50.95858254,-8.544270119,34.2159496,BF
104.8456119,-107.9234025,3.07779066,-41.59590717,-4.216830246,34.20454804,BF
116.3064724,-93.0068112,-23.29966118,-30.39704978,-0.089264115,34.19315023,BF
122.4417705,-73.78674125,-48.65502921,-17.93218363,3.475537756,34.18175618,BF
122.9653768,-51.13491022,-71.83046654,-4.723057743,6.182290605,34.1703659,BF
121.8768831,-43.07271933,-78.80416381,-2.51E-09,6.847681962,34.16660633,BF
121.8768831,-43.07271933,-78.80416381,-1.82E-09,6.847681962,34.16660633,BF
114.9619022,-17.49069613,-97.47120608,13.17929601,8.127644799,34.15522107,BF
102.7664268,8.940511711,-111.7069385,25.66337505,8.269013576,34.1438396,BF
85.86294183,35.01964311,-120.8825849,36.92305874,7.358062348,34.13246192,BF
65.0222758,59.55411606,-124.5763919,46.35495244,5.586493762,34.12108805,BF
52.31462894,71.87730696,-124.1919359,50.75041283,4.351198916,34.11488549,BF
52.31462894,71.87730696,-124.1919359,50.75041283,4.351198916,34.11488549,BF
27.31592514,91.87799373,-119.1939189,56.49792092,1.810776804,34.10351751,BF
1.053968355,107.7167675,-108.7707358,59.70798582,-0.809505667,34.09215334,BF
-25.27952469,118.7069167,-93.42739198,60.02017496,-3.193746423,34.08079298,BF
-50.44965304,124.3002903,-73.85063724,57.8468929,-5.071786529,34.06943643,BF
-60.34257873,124.9873099,-64.64473116,55.51302973,-5.664813615,34.06472056,BF
-60.34257873,124.9873099,-64.64473116,55.51302973,-5.664813615,34.06472056,BF
-81.95266083,122.6272203,-40.67455943,49.29062447,-6.55182271,34.05336939,BF
-99.8504367,114.7166162,-14.86617951,40.5757701,-6.689597137,34.042022,BF
-113.1978877,101.6231111,11.57477657,30.05700313,-6.159980654,34.03067839,BF
-121.3874166,83.94367988,37.44373676,18.12725222,-5.144611375,34.01933856,BF
-124.0451625,62.48663713,61.55852538,5.36918185,-3.896699738,34.00800249,BF
-123.5209174,53.32431118,70.19660626,3.17E-11,-3.409545533,34.00360304,BF
-123.5209174,53.32431118,70.19660626,-6.33E-10,-3.409545533,34.00360304,BF
-118.379456,28.27799352,90.1014625,-13.05814538,-2.321336456,33.99227219,BF
-107.8099043,1.99496679,105.8149375,-25.24973203,-1.679625,33.98094512,BF
-92.33085957,-24.32188488,116.6527444,-36.47722644,-1.7043005,33.96962182,BF
-72.64602863,-49.4699805,122.1160091,-45.97214318,-2.5269613,33.95830229,BF
-49.65513372,-72.30084817,121.9559819,-53.32910633,-4.171370913,33.94698655,BF
-41.63001805,-79.03099995,120.661018,-55.27213581,-4.87240986,33.94331231,BF
-41.63001805,-79.03099995,120.661018,-55.27213581,-4.87240986,33.94331231,BF
-15.89096555,-97.23630053,113.1272661,-59.22744632,-7.448284501,33.93200159,BF
10.55169175,-110.9064213,100.3547296,-60.39741238,-10.47175453,33.92069467,BF
36.51176587,-119.4730493,82.96128346,-59.05114077,-13.64179678,33.90939154,BF
60.79540984,-122.5290933,61.73368341,-54.26590806,-16.611366,33.89809222,BF
69.22175167,-122.107487,52.88573529,-51.73624498,-17.5903081,33.89383174,BF
69.22175167,-122.107487,52.88573529,-51.73624498,-17.5903081,33.89383174,BF
69.22175167,-122.107487,52.88573529,-51.73624498,-17.5903081,33.89383174,BF
72.48082307,-121.8566953,49.37587224,-52.11559156,-17.97246123,33.89218567,BF
72.68952674,-121.8327498,49.14322304,-51.41982273,-17.99610106,33.892076,BF
72.68952675,-121.8327498,49.14322304,-51.41982273,-17.99610106,33.892076,BF
74.95717366,-121.4763842,46.5192105,-49.24185209,-18.24610547,33.89085726,BF
77.82899133,-120.9431164,43.11412509,-49.61304476,-18.56022809,33.88930201,BF
84.44882095,-119.2547388,34.80591788,-46.25469397,-19.25285987,33.88556315,BF
94.87930791,-114.8912653,20.01195737,-41.25011687,-20.21443118,33.87908779,BF
108.962739,-103.8294779,-5.133261033,-31.23845072,-21.05049798,33.86833195,BF
118.5137154,-88.40340991,-30.11030553,-19.81362818,-20.82636413,33.85757952,BF
123.1332932,-69.2523176,-53.88097561,-7.502698144,-19.50423767,33.8468305,BF
123.4491313,-56.72325435,-66.72587697,-4.26E-09,-18.25040977,33.84058587,BF
123.4491313,-56.72325434,-66.72587697,-3.61E-09,-18.25040977,33.84058587,BF
119.9894066,-33.37386328,-86.6155433,12.58894735,-15.37678544,33.82984222,BF
111.528475,-8.58412607,-102.9443489,24.48993827,-11.77514126,33.81910195,BF
98.43277122,16.61803357,-115.0508048,35.64575887,-7.736226528,33.80836505,BF
81.23442547,41.16289864,-122.3973241,45.55244132,-3.590502917,33.79763152,BF
60.65492641,64.06937526,-124.7243017,53.46842353,0.327554243,33.78690136,BF
45.94724391,77.53964317,-123.4868871,58.10870671,2.590358135,33.77997958,BF
45.9472439,77.53964317,-123.4868871,58.10870671,2.590358135,33.77997958,BF
21.74324997,95.68295288,-117.4262028,61.82234625,5.474339809,33.76925498,BF
-3.403460195,109.9220578,-106.5185976,63.15522382,7.445515516,33.75853375,BF
-28.41496943,119.64772,-91.23275054,62.0247579,8.389561565,33.74781592,BF
-52.25870723,124.4600666,-72.20135937,58.24035196,8.300037538,33.73710148,BF
-73.94529875,124.1594412,-50.21414241,52.0038654,7.270616858,33.72639046,BF
-75.38074123,123.9357901,-48.55504888,51.38795613,7.164863166,33.72562889,BF
-75.38074123,123.9357901,-48.55504888,51.38795613,7.164863166,33.72562889,BF
-93.76630621,118.1794275,-24.41312126,42.80586157,5.332103405,33.71492152,BF
-108.2723909,107.57283,0.699560966,32.50592578,3.008720832,33.70421757,BF
-118.3015878,92.5507939,25.75079393,20.78611966,0.479472521,33.69351704,BF
-123.4048704,73.72722577,49.67764468,7.466955571,-1.96387487,33.68281993,BF
-124.0628128,63.42057321,60.64223955,-3.22E-10,-3.047374736,33.67762397,BF
-124.0628128,63.42057321,60.64223955,-1.06E-09,-3.047374736,33.67762397,BF
-121.5885402,40.48215894,81.10638122,-13.05266764,-4.90247044,33.66693193,BF
-114.0745143,15.88876085,98.18575342,-26.1317023,-6.149388269,33.65624331,BF
-101.841816,-9.308760113,111.1505761,-38.34058546,-6.707804889,33.64555808,BF
-85.39629363,-34.06855474,119.4648484,-49.12521233,-6.595457459,33.63487625,BF
-65.4208916,-57.36302907,122.7839207,-58.06494936,-5.919379252,33.62419781,BF
-57.93325098,-64.78801022,122.7212612,-60.84525658,-5.588086895,33.62055885,BF
-57.93325098,-64.78801022,122.7212612,-60.84525658,-5.588086895,33.62055885,BF
-34.54566799,-84.63787073,119.1835387,-66.60355732,-4.453794789,33.60988494,BF
-9.742249797,-100.8985807,110.6408305,-70.05045586,-3.256556409,33.59921441,BF
15.45792723,-112.9337145,97.47578725,-70.44101719,-2.25517515,33.58854726,BF
40.00780387,-120.2297723,80.22196848,-68.65138329,-1.686028091,33.57788349,BF
62.89224834,-122.4962938,59.60404551,-63.47959786,-1.735693568,33.5672231,BF
79.09821585,-120.5253816,41.42716572,-58.28760189,-2.29731767,33.55878912,BF
79.09821585,-120.5253816,41.42716572,-58.28760189,-2.29731767,33.55878912,BF
81.75688946,-119.9837272,38.22683778,-58.46740875,-2.435030639,33.55735367,BF
84.25848518,-119.2262678,34.9677826,-54.89271917,-2.593225049,33.55591827,BF
86.70859469,-118.4082216,31.69962694,-55.37235395,-2.763138161,33.55448294,BF
90.47222016,-116.9255238,26.45330366,-52.6560813,-3.061355979,33.55220695,BF
96.49369929,-113.8631873,17.36948802,-49.38433035,-3.649882182,33.54831194,BF
105.3130278,-107.3504671,2.03743932,-42.93630499,-4.838961415,33.54182556,BF
116.4071688,-92.68678919,-23.72037963,-30.77464656,-7.345516469,33.53091106,BF
122.4151861,-73.92448706,-48.49069903,-17.53076513,-10.29995109,33.52000013,BF
123.069258,-51.87588529,-71.19337272,-3.639027028,-13.41987753,33.50909278,BF
122.4248916,-46.31412102,-76.1107706,-6.66E-09,-14.14065084,33.50652746,BF
122.4248916,-46.31412102,-76.1107706,-5.89E-09,-14.14065084,33.50652746,BF
116.4748466,-21.56251044,-94.91233617,13.89949229,-17.01729315,33.49562453,BF
105.4249615,4.182427302,-109.6073888,27.14137975,-19.33212434,33.48472517,BF
89.77028964,29.8015785,-119.5718681,39.2244551,-20.80798676,33.47382938,BF
70.19164776,54.17793425,-124.369582,49.53637023,-21.23987614,33.46293715,BF
58.62439525,66.10057783,-124.7249731,54.3673835,-21.00564551,33.45722743,BF
58.62439525,66.10057783,-124.7249731,54.3673835,-21.00564551,33.45722743,BF
34.75660157,86.58145226,-121.3380538,61.1106585,-19.68769751,33.44634059,BF
9.359603471,103.3355163,-112.6951198,65.22832892,-17.28068568,33.43545728,BF
-16.46114394,115.6490668,-99.18792284,66.67086905,-13.97037133,33.42457747,BF
-41.58375555,122.9826689,-81.39891337,65.34277449,-10.0293647,33.41370118,BF
-64.87244609,124.9746116,-60.10216556,60.95756747,-5.796680539,33.40282838,BF
-73.30214591,124.2853474,-50.98320147,59.18584938,-4.133957375,33.39857812,BF
-73.30214591,124.2853474,-50.98320147,59.18584938,-4.133957374,33.39857812,BF
-92.43327138,118.8370721,-26.40380075,50.90919642,-0.10673284,33.38771019,BF
-107.5586383,108.255226,-0.696587749,40.95575596,3.369089205,33.37684576,BF
-118.0049003,93.01097657,24.99392368,29.35909785,6.012136178,33.36598484,BF
-123.319659,73.76743624,49.55222277,16.56811261,7.637573721,33.35512743,BF
-123.2713144,51.36322277,71.90809162,3.168157521,8.169088435,33.34427354,BF
-122.5420663,46.23064747,76.3114188,-2.21E-09,8.139814027,33.34194929,BF
-122.5420663,46.23064747,76.3114188,-2.95E-09,8.139814027,33.34194929,BF
-116.0189722,21.30498135,94.71399083,-13.42116157,7.407137317,33.33109969,BF
-104.4347219,-4.49027276,108.9249947,-26.08768109,5.806475564,33.32025364,BF
-88.31171329,-30.03780576,118.349519,-37.65677917,3.589797492,33.30941113,BF
-68.35082031,-54.22338855,122.5742089,-47.49792291,1.0574847,33.29857217,BF
-58.41012069,-64.29903083,122.7091515,-51.44789819,-0.092532801,33.29373549,BF
-58.41012069,-64.29903083,122.7091515,-51.44789819,-0.092532801,33.29373549,BF
-34.47651244,-84.68745889,119.1639713,-58.15241832,-2.528518788,33.28290167,BF
-9.047656867,-101.3238456,110.3715024,-62.07442416,-4.557358064,33.2720714,BF
16.76850727,-113.4988212,96.73031395,-63.45923197,-5.979536091,33.26124467,BF
41.82880865,-120.6541227,78.82531408,-62.43136616,-6.68230163,33.25042147,BF
61.70913978,-122.5828926,60.87375282,-58.91440549,-6.713623509,33.24124552,BF
61.70913978,-122.5828926,60.87375282,-58.91440549,-6.713623509,33.24124552,BF
82.58243605,-119.8677455,37.28530949,-52.73466925,-6.159024583,33.23042883,BF
99.85411423,-111.8732501,12.01913585,-44.22787134,-5.133336714,33.21961565,BF
112.7607053,-98.95237284,-13.80833247,-33.92257039,-3.877212615,33.20880598,BF
120.7409875,-81.66745138,-39.0735361,-22.21714182,-2.666492519,33.19799981,BF
123.4474098,-60.77203142,-62.67537841,-9.652816409,-1.776311028,33.18719715,BF
121.9850305,-43.68707879,-78.29795168,-1.45E-09,-1.468304916,33.17928674,BF
121.9850305,-43.68707879,-78.29795168,-8.16E-10,-1.468304916,33.17928674,BF
115.430303,-18.76744768,-96.66285534,13.01067466,-1.657654745,33.16849016,BF
103.8098663,7.027464804,-110.8373311,24.83023847,-2.64165611,33.1576971,BF
87.65039876,32.56940305,-120.2198018,35.81016898,-4.419601729,33.14690757,BF
67.67191026,56.74877974,-124.42069,44.72258887,-6.883485827,33.13612157,BF
44.70002103,78.49822159,-123.1982426,52.08833963,-9.832791626,33.1253391,BF
43.74296593,79.29553895,-123.0385049,52.40243566,-9.95606474,33.12491551,BF
43.74296593,79.29553895,-123.0385049,52.40243566,-9.95606474,33.12491551,BF
18.78229934,97.53164936,-116.3139487,57.19054682,-13.10807524,33.11413672,BF
-7.020319092,111.5671739,-104.5468549,59.16388044,-16.12665349,33.10336147,BF
-32.52945728,120.7935274,-88.2640701,58.50803536,-18.67901406,33.09258975,BF
-56.63435304,124.8082068,-68.17385372,55.19520835,-20.46526952,33.08182155,BF
-66.6861516,124.8464,-58.16024844,52.83796982,-20.94888672,33.07700327,BF
-66.68615161,124.8464,-58.16024844,52.83796982,-20.94888672,33.07700327,BF
-86.93577175,121.0833278,-34.14755608,46.10350801,-21.24187958,33.06624016,BF
-103.4000244,112.0834402,-8.6834158,37.22231634,-20.37004764,33.05548055,BF
-115.3778419,98.25427493,17.12356698,26.67576677,-18.36611372,33.04472443,BF
-122.3444785,80.192668,42.15181054,15.04952719,-15.37251835,33.03397179,BF
-123.9969781,58.68130504,65.31567311,2.909472414,-11.63366223,33.02322261,BF
-123.7538814,55.13512321,68.61875823,1.30E-09,-11.01229348,33.0215858,BF
-123.7538814,55.13512321,68.61875823,3.70E-10,-11.01229348,33.0215858,BF
-119.165669,30.84879894,88.31687004,-12.59597419,-6.820166669,33.01084061,BF
-109.4219046,5.255830399,104.1660742,-24.75437862,-2.623664964,33.00009888,BF
-94.91952706,-20.51142646,115.4309535,-35.69554061,1.213687518,32.9893606,BF
-76.2933036,-45.3320197,121.6253233,-45.05942266,4.372643887,32.97862578,BF
-54.35459912,-68.12447584,122.479075,-52.40752203,6.609877199,32.96789443,BF
-44.21712052,-76.96042149,121.177542,-54.90971306,7.241206552,32.96332447,BF
-44.21712052,-76.9604215,121.177542,-54.90971307,7.241206552,32.96332447,BF
-19.23415065,-95.19760148,114.4317521,-58.79731218,7.949474103,32.95259808,BF
6.570620173,-109.2019499,102.6313297,-59.98058275,7.584058706,32.94187518,BF
32.08565265,-118.4121541,86.32650145,-58.78797907,6.283588172,32.93115578,BF
56.17583211,-122.3877722,66.21194012,-54.89641813,4.269060422,32.92043988,BF
68.77691785,-122.2884702,53.5115524,-50.77073663,2.923931296,32.91440268,BF
68.77691785,-122.2884702,53.5115524,-50.77073662,2.923931296,32.91440268,BF
88.59335217,-117.8452698,29.25191758,-42.94885984,0.383767932,32.90369227,BF
104.5571714,-108.2386105,3.681439183,-32.77125922,-2.088387052,32.89298537,BF
115.9515588,-93.8609996,-22.09055917,-21.17177712,-4.208178115,32.88228197,BF
122.2830283,-75.34226395,-46.94076432,-8.464280682,-5.75544593,32.87158207,BF
123.5229847,-62.00941593,-61.51356876,-7.42E-11,-6.367693934,32.86489802,BF
123.5229847,-62.00941593,-61.51356876,5.93E-10,-6.367693934,32.86489802,BF
121.1556409,-38.55570337,-82.5999375,13.19192192,-6.752845312,32.8542038,BF
113.4875804,-13.36407239,-100.123508,25.91488477,-6.441874412,32.84351305,BF
100.8664976,12.46296913,-113.3294667,37.81503884,-5.573443733,32.83282578,BF
83.83120864,37.78197007,-121.6131787,48.46111181,-4.362023408,32.82214197,BF
63.12724254,61.52606534,-124.6533079,57.15962222,-3.076785127,32.81146163,BF
49.07695978,74.77246021,-123.84942,61.7649442,-2.377347188,32.8049558,BF
49.07695978,74.77246021,-123.84942,61.7649442,-2.377347188,32.8049558,BF
24.46107693,93.7982706,-118.2593475,66.22106131,-1.559763207,32.79428103,BF
-1.26073861,108.7995645,-107.5388259,67.97681641,-1.342285509,32.78360973,BF
-26.93267789,119.1057308,-92.17305288,67.11470466,-1.881159591,32.77294191,BF
-51.44104074,124.2706798,-72.82963909,63.41616284,-3.233895659,32.76227757,BF
-73.71764927,124.0693638,-50.35171454,57.08904696,-5.350564972,32.75161671,BF
-79.98964603,122.8936197,-42.90397364,54.31373474,-6.139582062,32.74832286,BF
-79.98964603,122.8936197,-42.90397364,54.31373474,-6.139582062,32.74832286,BF
-97.92135747,115.7360963,-17.81473881,44.71992175,-9.008844908,32.73766658,BF
-111.5675638,103.5637833,8.003780456,33.85584182,-12.15078319,32.72701379,BF
-120.3610987,86.92437602,33.43672265,21.24830263,-15.24691665,32.7163645,BF
-123.9460577,66.5596417,57.38641596,7.556866469,-17.9637455,32.7057187,BF
-123.7296595,55.76432151,67.96533797,2.50E-09,-19.02941127,32.70065654,BF
-123.7296595,55.76432151,67.96533797,1.78E-09,-19.02941127,32.70065654,BF
-119.3600602,31.55199817,87.80806205,-13.60102701,-20.61640289,32.69001588,BF
-109.7915004,5.989728551,103.8017719,-26.91895719,-21.16053451,32.6793787,BF
-95.45099298,-19.78072115,115.2317141,-39.145741,-20.5446715,32.66874498,BF
-76.96210547,-44.63970476,121.6018102,-49.69098095,-18.77092824,32.6581147,BF
-57.4066765,-65.36117904,122.7678555,-57.46863391,-16.27661216,32.64853641,BF
-57.4066765,-65.36117905,122.7678555,-57.46863391,-16.27661216,32.64853641,BF
-33.37810099,-85.56873958,118.9468406,-63.73641265,-12.72295567,32.63791266,BF
-7.904789794,-102.0000097,109.9047995,-67.09407722,-8.635500046,32.62729233,BF
17.90295797,-113.9353359,96.03237794,-67.91256649,-4.371030316,32.61667542,BF
42.93084035,-120.8686661,77.93782571,-66.02339904,-0.300470967,32.60606193,BF
66.04050144,-122.4415966,56.40109514,-60.50629239,3.222133478,32.59545185,BF
77.36922731,-121.0524406,43.6832133,-57.47659552,4.79483375,32.58974815,BF
77.36922731,-121.0524406,43.68321329,-57.47659552,4.794833751,32.58974815,BF
95.66741193,-114.4313369,18.76392499,-48.01481969,6.957334526,32.57914334,BF
109.7986512,-102.7557747,-7.042876443,-37.04869311,8.042222827,32.56854197,BF
119.1292497,-86.55139462,-32.57785512,-24.60600986,8.027811586,32.55794404,BF
123.2562295,-66.52285625,-56.73337324,-11.12282514,7.01091084,32.54734956,BF
122.7076089,-48.61715844,-74.09045046,2.58E-10,5.629206974,32.53900787,BF
122.7076089,-48.61715844,-74.09045046,1.40E-09,5.629206973,32.53900787,BF
117.2461569,-24.018731,-93.22742591,13.7964267,3.363213746,32.52841958,BF
106.6574125,1.685624487,-108.343037,26.88493893,0.808685741,32.51783476,BF
91.40214467,27.36363916,-118.7657838,39.19436855,-1.712951731,32.50725341,BF
72.15378089,51.91675997,-124.0705409,49.95298147,-3.912608279,32.49667553,BF
62.31294216,62.39071892,-124.7036611,54.07364404,-4.737755661,32.49187606,BF
62.31294216,62.39071892,-124.7036611,54.07364404,-4.737755661,32.49187606,BF
38.79044785,83.39412885,-122.1845767,61.38720667,-6.075695045,32.4813032,BF
13.56899938,100.8118587,-114.3808581,66.10223378,-6.684425536,32.47073379,BF
-12.25530422,113.8892666,-101.6339624,68.04963784,-6.574268469,32.46016783,BF
-37.5567434,122.056424,-84.49968061,67.17094342,-5.857541147,32.4496053,BF
-61.23358386,124.9581124,-63.72452857,63.53687749,-4.733015254,32.4390462,BF
-68.8562638,124.6628564,-55.80659259,61.42908467,-4.290281538,32.43538366,BF
-68.85626381,124.6628564,-55.80659259,61.42908467,-4.290281538,32.43538366,BF
-88.76468848,120.3470133,-31.58232484,54.17890517,-3.032265482,32.42482917,BF
-104.7755237,110.7969022,-6.021378505,45.01398564,-2.003310022,32.41427811,BF
-116.2346937,96.47421207,19.76048161,33.81552579,-1.463390529,32.40373047,BF
-122.6381364,77.99857159,44.63956478,21.36605051,-1.609858809,32.39318626,BF
-123.7075843,56.17555189,67.53203244,8.174688215,-2.552343714,32.38264548,BF
-121.8078192,42.22178747,79.58603176,1.04E-09,-3.480823394,32.37648253,BF
-121.8078192,42.22178747,79.58603176,3.71E-10,-3.480823394,32.37648253,BF
-114.4455954,17.08880812,97.35678725,-13.39583449,-5.650689908,32.36594721,BF
-102.0741273,-8.745100523,110.8192278,-25.57394728,-8.410977213,32.35541535,BF
-85.28000398,-34.13711039,119.4171144,-36.85633698,-11.50568202,32.34488694,BF
-64.7728243,-58.00697777,122.7798021,-45.99072705,-14.62626001,32.33436199,BF
-52.30648672,-70.0246222,122.3311089,-51.22565523,-16.2199897,32.328614,BF
-52.30648672,-70.0246222,122.3311089,-51.22565523,-16.2199897,32.328614,BF
-27.8603403,-89.49252224,117.3528625,-56.71487262,-18.7092239,32.31809438,BF
-2.220764558,-105.0146052,107.2353698,-60.24828123,-20.40103521,32.30757821,BF
23.50606551,-115.9090907,92.40302523,-60.97167554,-21.06491706,32.29706547,BF
48.1982152,-121.7020353,73.50382012,-58.98909265,-20.57114317,32.28655616,BF
64.52823611,-122.5534245,58.0251884,-55.9677934,-19.49921882,32.27908357,BF
64.52823611,-122.5534245,58.02518839,-55.9677934,-19.49921882,32.27908357,BF
85.00980688,-119.1724264,34.16261955,-49.60858051,-17.0626556,32.26858008,BF
101.7719272,-110.5370664,8.765139228,-41.23478319,-13.70303418,32.25807998,BF
114.0941818,-97.03547216,-17.05870961,-31.07688437,-9.705130945,32.24758327,BF
121.437739,-79.24913557,-42.18860341,-19.80002064,-5.414960944,32.23708992,BF
123.4233953,-57.9415018,-65.48189348,-6.438166569,-1.21181809,32.22659996,BF
122.3515972,-45.90168764,-76.44990955,-5.41E-10,0.800312442,32.22121076,BF
122.3515972,-45.90168763,-76.44990955,9.13E-11,0.800312442,32.22121076,BF
116.2745009,-21.14036804,-95.1341329,12.74231732,4.193455589,32.21072591,BF
105.0973966,4.628976684,-109.7263733,24.56426412,6.70317924,32.20024443,BF
89.32953282,30.2427831,-119.5723159,35.34735688,8.150759336,32.18976635,BF
69.65581375,54.59066177,-124.2464755,44.4567199,8.479060403,32.17929167,BF
46.93374469,76.61142998,-123.5451747,51.51413289,7.748561226,32.1688204,BF
46.03973371,77.37170446,-123.4114382,51.74808703,7.702314017,32.16843146,BF
46.03973371,77.37170446,-123.4114382,51.74808703,7.702314017,32.16843146,BF
21.20055712,95.96861257,-117.1691697,56.38896774,6.052870962,32.15796374,BF
-4.573075338,110.43818,-105.8651046,58.39876238,3.779222051,32.14749944,BF
-30.1672073,120.1498417,-89.98263441,57.76712924,1.18886741,32.13703857,BF
-54.44425819,124.6500997,-70.20584155,54.62903597,-1.391981221,32.12658113,BF
-62.77972616,124.9682407,-62.18851455,52.31113354,-2.27442266,32.12277826,BF
-62.77972616,124.9682407,-62.18851455,52.31113354,-2.274422661,32.12277826,BF
-83.59218553,122.155316,-38.56313043,45.75342613,-4.370901912,32.11232549,BF
-100.7896142,114.0642026,-13.27458845,36.81499334,-5.858572664,32.10187613,BF
-113.6072529,101.0570832,12.55016967,26.22542073,-6.619985942,32.09143019,BF
-121.4879648,83.69948464,37.78848016,14.36990356,-6.648092996,32.08098765,BF
-124.0886565,62.74838325,61.34027323,1.788621615,-6.040844577,32.07054851,BF
-124.0194977,59.81538153,64.20411617,6.34E-10,-5.9233521,32.06920061,BF
-124.0194977,59.81538152,64.20411617,-6.74E-11,-5.9233521,32.06920061,BF
-120.5421567,35.90709101,84.63506566,-12.86123462,-4.82981262,32.0587653,BF
-111.8144112,10.49124406,101.3231671,-25.1317594,-3.577243517,32.04833337,BF
-98.22826605,-15.32812055,113.5563866,-36.44649547,-2.451934821,32.03790482,BF
-80.3750317,-40.42510772,120.8001394,-46.22831518,-1.726675554,32.02747965,BF
-59.03283703,-63.70627845,122.7391155,-54.05512685,-1.625312464,32.01705788,BF
-42.31959522,-78.51186198,120.8314572,-58.29404595,-2.013927201,32.00968717,BF
-42.31959522,-78.51186198,120.8314572,-58.29404595,-2.013927201,32.00968717,BF
-17.23634297,-96.42739873,113.6637417,-61.96485876,-3.255355377,31.99927119,BF
8.586403359,-110.0681004,101.481697,-63.16873422,-5.272448626,31.98885862,BF
34.02682336,-118.871086,84.84426267,-61.17479366,-7.921759797,31.97844945,BF
57.97610369,-122.4351666,64.45906296,-57.20198318,-10.96795406,31.96804371,BF
74.07754923,-121.5982981,47.52074888,-51.40614137,-13.29398792,31.96036683,BF
74.07754924,-121.5982981,47.52074888,-51.40614137,-13.29398792,31.96036683,BF
92.99030298,-115.8167839,22.82648088,-43.3277049,-16.27853018,31.94996702,BF
107.8484449,-104.9450965,-2.903348446,-32.68464054,-18.76858635,31.93957062,BF
117.9925982,-89.44551302,-28.54708516,-20.68202666,-20.45927493,31.92917762,BF
122.9822464,-69.99454961,-52.98769683,-7.718135547,-21.11945278,31.91878801,BF
123.4197103,-57.85416425,-65.56554605,5.05E-11,-20.98492426,31.91305485,BF
123.4197103,-57.85416425,-65.56554605,7.26E-10,-20.98492426,31.91305485,BF
120.0855357,-34.00617267,-86.07936306,13.44075011,-19.83314587,31.90267049,BF
111.4816342,-8.618892516,-102.8627417,25.96901326,-17.54404336,31.89228949,BF
98.0167136,17.20473198,-115.2214456,37.5912383,-14.29692893,31.88191184,BF
80.25547635,42.31062976,-122.5661061,47.90280842,-10.35768334,31.87153753,BF
58.97596206,65.65929229,-124.6352544,56.39462247,-6.069691731,31.86116656,BF
50.11803425,73.87431117,-123.9923454,58.88960847,-4.420384971,31.85721081,BF
50.11803425,73.87431117,-123.9923454,58.88960847,-4.420384971,31.85721081,BF
25.54899637,93.08069849,-118.6296949,63.76926647,-0.276323075,31.84684445,BF
-0.143716839,108.2804107,-108.1366938,65.8325279,3.335461412,31.83648142,BF
-25.84375463,118.814035,-92.9702804,65.07176382,6.119680078,31.82612173,BF
-50.43099131,124.2224914,-73.79150006,61.5192613,7.872560647,31.8157654,BF
-72.83496665,124.2705503,-51.43558365,55.33956291,8.503207269,31.80541242,BF
-77.75599581,123.4515142,-45.69551837,53.02900545,8.484028617,31.80293267,BF
-77.75599581,123.4515142,-45.69551837,53.02900545,8.484028617,31.80293267,BF
-96.13938144,116.9001108,-20.76072934,43.63290769,7.780009422,31.79258387,BF
-110.3127809,105.2801433,5.032637614,32.99054287,6.170586682,31.78223845,BF
-119.7020075,89.11798949,30.58401797,20.01187512,3.913110019,31.77189641,BF
-123.8844638,69.13356039,54.75090341,6.340223061,1.321175786,31.76155776,BF
-124.0073934,59.16754667,64.83984673,2.97E-09,0.138276697,31.75693533,BF
-124.0073934,59.16754667,64.83984673,2.25E-09,0.138276697,31.75693533,BF
-120.4054982,35.21048162,85.19501656,-13.95903547,-2.367760677,31.74660159,BF
-111.5674625,9.774202567,101.7932599,-27.43703103,-4.459629941,31.73627122,BF
-97.88346857,-16.03711415,113.9205827,-39.88407678,-5.929943076,31.72594424,BF
-79.94925342,-41.09830576,121.0475592,-50.72695299,-6.666482299,31.71562063,BF
-61.8881564,-61.02698428,122.9151407,-58.7078195,-6.706419347,31.70682692,BF
-61.8881564,-61.02698428,122.9151407,-58.7078195,-6.706419347,31.70682692,BF
-38.26838971,-81.8771251,120.1455148,-65.59957237,-6.155310171,31.69650953,BF
-12.98832524,-99.09663617,112.0849614,-69.67711593,-5.126565459,31.68619549,BF
12.83983203,-111.9446012,99.10476918,-70.99084084,-3.873084096,31.67588479,BF
38.09155156,-119.8602734,81.76872184,-69.40274189,-2.679925413,31.66557744,BF
61.66640634,-122.4989965,60.83259018,-65.01205777,-1.829169056,31.65527344,BF
77.36110041,-120.9696275,43.60852707,-59.97085106,-1.565120134,31.64767762,BF
77.36110041,-120.9696275,43.60852706,-59.97085106,-1.565120134,31.64767762,BF
95.65529114,-114.3172123,18.66192113,-51.22292533,-1.839320752,31.63737943,BF
109.7595256,-102.6186265,-7.140899085,-40.70522088,-2.924486875,31.6270846,BF
119.0640795,-86.39434323,-32.66973629,-27.97687868,-4.807790275,31.61679314,BF
123.1611418,-66.3445548,-56.81658698,-15.21209691,-7.367053819,31.60650504,BF
121.8355946,-43.33813442,-78.49746022,-0.789855372,-10.37831296,31.59622032,BF
121.6515275,-42.23300388,-79.41852365,8.91E-10,-10.52254456,31.59575174,BF
121.6515275,-42.23300388,-79.41852365,1.77E-09,-10.52254456,31.59575174,BF
114.8071505,-17.22647908,-97.58067146,14.4305351,-13.69271349,31.58547055,BF
102.9274608,8.580671738,-111.5081325,27.42252486,-16.66319701,31.57519273,BF
86.54638533,34.06876996,-120.6151553,39.28304649,-19.0977988,31.56491828,BF
66.37694443,58.12658984,-124.5035343,49.33357927,-20.69766669,31.5546472,BF
57.37284533,67.16290473,-124.5357501,52.97699288,-21.04959601,31.55051578,BF
57.37284533,67.16290473,-124.5357501,52.97699288,-21.04959601,31.55051578,BF
33.4017848,87.48427247,-120.8860573,59.85095517,-21.13036927,31.5402494,BF
7.958660411,104.0362276,-111.994888,63.96392399,-20.01815941,31.52998635,BF
-17.85135741,116.1145711,-98.26321367,65.44011726,-17.76794383,31.51972662,BF
-42.90499189,123.1899054,-80.28491352,64.15981155,-14.54811836,31.50947021,BF
-66.08051586,124.923362,-58.84284612,59.93079661,-10.62814348,31.4992171,BF
-70.05232225,124.6549413,-54.60261906,59.1792457,-9.85869605,31.49734521,BF
-70.05232225,124.6549413,-54.60261906,59.1792457,-9.85869605,31.49734521,BF
-89.75795314,120.0472034,-30.28925026,51.53548978,-5.563429232,31.487096,BF
-105.5650552,110.2570977,-4.692042544,42.57908995,-1.362329564,31.47685008,BF
-116.7914576,95.71449839,21.07695923,31.45815881,2.378432418,31.46660746,BF
-122.9392844,77.04834448,45.89093988,19.11643585,5.345138591,31.45636814,BF
-123.7381152,55.07247442,68.66564076,6.135174579,7.311769854,31.44613213,BF
-122.3994569,44.81224009,77.58721682,2.37E-09,7.815257075,31.44171781,BF
-122.3994569,44.81224009,77.58721683,1.68E-09,7.815257075,31.44171781,BF
-115.5735518,19.80803361,95.76551818,-13.05024776,8.186030785,31.43148655,BF
-103.7046944,-6.005475367,109.7101698,-25.40429937,7.485447407,31.42125862,BF
-87.3334628,-31.50597191,118.8394347,-36.67575836,5.886574537,31.41103403,BF
-67.17077864,-55.58128705,122.7520657,-46.22065579,3.645820495,31.40081278,BF
-55.41132857,-67.23075688,122.6420854,-50.54200214,2.322355481,31.39547693,BF
-55.41132857,-67.23075688,122.6420854,-50.54200214,2.322355481,31.39547693,BF
-31.21101861,-87.16801088,118.3790295,-56.79544909,-0.289271534,31.38526079,BF
-5.662263385,-103.2459059,108.9081693,-60.31268947,-2.737691811,31.37504799,BF
20.12189134,-114.7781954,94.65630407,-61.28531553,-4.746155629,31.36483854,BF
45.00195827,-121.2395889,76.23763063,-59.78973477,-6.110024071,31.35463242,BF
59.75345552,-122.5934491,62.83999361,-57.00298185,-6.593117996,31.34820769,BF
59.75345552,-122.5934491,62.83999361,-57.00298185,-6.593117996,31.34820769,BF
80.88544173,-120.3316978,39.44625603,-51.1488482,-6.742695622,31.338007,BF
98.49526275,-112.7741341,14.27887131,-42.8331503,-6.218811764,31.32780962,BF
111.7953674,-100.2521054,-11.54326197,-32.77140576,-5.19373677,31.31761556,BF
120.2081817,-83.31043332,-36.89774835,-21.29231776,-3.914224632,31.3074248,BF
123.3672051,-62.68781676,-60.67938832,-8.934853099,-2.666615761,31.29723735,BF
122.3888512,-46.8223826,-75.56646858,6.36E-10,-1.977686902,31.29023435,BF
122.3888512,-46.8223826,-75.56646858,1.27E-09,-1.977686902,31.29023435,BF
116.5073673,-22.09645568,-94.41091159,12.65712972,-1.417902473,31.28005248,BF
105.519532,3.649621913,-109.1691539,24.29710027,-1.559067502,31.26987391,BF
89.90528412,29.29389913,-119.1991832,35.50353426,-2.515444286,31.25969867,BF
70.36510686,53.70284885,-124.0679557,44.72887373,-4.290509855,31.24952674,BF
47.73768154,75.82916689,-123.5668484,51.94130621,-6.777824709,31.23935815,BF
41.85604255,80.76069797,-122.6167405,53.39126599,-7.4709957,31.23688142,BF
41.85604255,80.76069797,-122.6167405,53.39126599,-7.4709957,31.23688142,BF
16.77885286,98.71180713,-115.49066,57.60189137,-10.54081108,31.22671697,BF
-9.040566426,112.4067046,-103.3661382,59.16752264,-13.74103352,31.21655586,BF
-34.48523133,121.2562905,-86.7710592,58.10934977,-16.72973771,31.20639809,BF
-58.44595659,124.874421,-66.42846439,54.46374876,-19.1655044,31.19624365,BF
-67.1323378,124.7800838,-57.64774595,51.91674934,-19.88923756,31.19228523,BF
-67.1323378,124.7800838,-57.64774595,51.91674934,-19.88923756,31.19228523,BF
-87.35367396,120.9553834,-33.60170946,44.75987755,-21.08572658,31.18213541,BF
-103.7392239,111.8599824,-8.120758496,35.9254453,-21.13880155,31.17198889,BF
-115.6266421,97.94943208,17.67721001,25.07419197,-19.99618013,31.16184568,BF
-122.4916092,79.82198918,42.66962005,13.12123576,-17.71252281,31.15170574,BF
-124.0358415,58.26866393,65.7671776,0.540356451,-14.46424032,31.14156908,BF
-123.9827362,57.36443325,66.61830296,8.80E-10,-14.31999983,31.14117256,BF
-123.9827362,57.36443325,66.61830296,1.75E-10,-14.31999983,31.14117256,BF
-119.9306372,33.24327661,86.68736059,-12.6051384,-10.36376474,31.13103929,BF
-110.669163,7.732005313,102.9371577,-24.94547098,-6.084674533,31.12090928,BF
-96.59633319,-18.06955537,114.6658886,-35.98302405,-1.862914834,31.11078253,BF
-78.32618225,-43.03258859,121.3587708,-45.41857996,1.928631736,31.10065903,BF
-56.65373778,-66.06670058,122.7204384,-52.8369676,4.968720899,31.09053879,BF
-44.40085619,-76.88232129,121.2831775,-55.73449498,6.162685058,31.08529791,BF
-44.40085618,-76.88232129,121.2831775,-55.73449498,6.162685058,31.08529791,BF
-19.42626042,-95.12512193,114.5513824,-59.7620398,7.652519029,31.07518264,BF
6.380127378,-109.1478333,102.7677059,-61.02499854,8.012297131,31.06507066,BF
31.8983508,-118.3746214,86.47627059,-59.21353882,7.307310496,31.05496196,BF
56.01473749,-122.3856756,66.37093812,-55.31946724,5.705740784,31.04485656,BF
69.05400855,-122.1453048,53.09129621,-50.42771134,4.442273904,31.03891599,BF
69.05400855,-122.1453048,53.09129621,-50.42771134,4.442273904,31.03891599,BF
69.05400855,-122.1453048,53.09129621,-50.42771134,4.442273904,31.03891599,BF
72.09212446,-121.9203054,49.8281809,-51.96946555,4.120840191,31.03750791,BF
72.50405819,-121.8768442,49.37278604,-50.63635474,4.075645523,31.03731234,BF
72.50405819,-121.8768442,49.37278604,-50.63635474,4.075645522,31.03731234,BF
74.69672088,-121.534602,46.83788114,-48.33815853,3.820998549,31.03623807,BF
77.51613218,-121.0206466,43.50451441,-48.68366028,3.483841965,31.03483983,BF
83.55642264,-119.5337951,35.97737247,-45.4413577,2.715064162,31.03173386,BF
93.57359453,-115.5671993,21.99360474,-40.4885072,1.277560415,31.02611349,BF
107.4196754,-105.4447774,-1.974898057,-30.57172374,-1.121999551,31.0167145,BF
117.1942264,-91.28948128,-25.90474513,-19.27864998,-3.301900375,31.00731837,BF
122.5263052,-73.63513567,-48.89116952,-7.117766477,-5.050356876,30.99792511,BF
123.4737034,-62.56859279,-60.90511064,3.84E-09,-5.77420733,30.99271441,BF
123.4737034,-62.56859279,-60.90511064,4.53E-09,-5.77420733,30.99271441,BF
121.576306,-40.85233897,-80.72396704,12.37849438,-6.585486169,30.98332559,BF
115.0645987,-17.54381228,-97.5207864,24.45956873,-6.740944869,30.97393962,BF
104.1952379,6.475187411,-110.6704253,35.87308287,-6.300448319,30.96455649,BF
89.37597911,30.29817856,-119.6741577,46.07494802,-5.396740811,30.9551762,BF
71.1630477,53.00732196,-124.1703697,55.01516283,-4.220683762,30.94579873,BF
50.70156264,73.37505191,-124.0766146,61.35479543,-3.02680092,30.93661169,BF
50.70156263,73.37505192,-124.0766145,61.35479543,-3.02680092,30.93661169,BF
27.89904978,91.4603713,-119.3594211,66.21007815,-1.997030174,30.92723983,BF
4.051016528,106.1173214,-110.1683379,68.21342011,-1.37831548,30.91787081,BF
-19.97409325,116.8199886,-96.84589533,68.29472458,-1.344762036,30.90850462,BF
-43.24611893,123.1527876,-79.90666867,65.76554459,-2.006776675,30.89914127,BF
-64.88999553,124.8746444,-59.98464889,60.71781604,-3.394275774,30.88978076,BF
-80.90679743,122.7802703,-41.87347289,54.87548965,-5.044615248,30.88208191,BF
-80.90679743,122.7802703,-41.87347289,54.87548964,-5.044615248,30.88208191,BF
-97.55857039,116.0591007,-18.50053033,45.82720905,-7.554739263,30.8727266,BF
-110.5348573,104.9873203,5.54753697,35.52432279,-10.43241979,30.86337415,BF
-119.3436902,89.99046472,29.35322547,23.49780749,-13.42576277,30.85402457,BF
-123.6478842,71.63395547,52.01392876,10.65540043,-16.25417362,30.84467784,BF
-123.7156499,54.89719658,68.81845336,-2.47E-09,-18.21563191,30.83715754,BF
-123.7156499,54.89719658,68.81845336,-3.16E-09,-18.21563191,30.83715754,BF
-119.6285093,32.32976769,87.29874159,-12.96552243,-20.05704898,30.82781596,BF
-111.0194917,8.568343236,102.4511485,-25.11399371,-21.03845588,30.81847722,BF
-98.22195828,-15.46032171,113.68228,-36.8506357,-21.01889984,30.80914132,BF
-81.72273642,-38.8800955,120.6028319,-47.46897345,-19.95620555,30.79980823,BF
-62.152597,-60.77070008,122.9232971,-55.98116124,-17.89088227,30.79047797,BF
-58.45410076,-64.39030507,122.8444058,-57.32769234,-17.43332701,30.78884467,BF
-58.45410076,-64.39030507,122.8444058,-57.32769234,-17.43332701,30.78884467,BF
-36.21332292,-83.45830393,119.6716269,-63.33972514,-14.37166694,30.7795177,BF
-12.62139961,-99.32211337,111.943513,-67.0767193,-10.70664273,30.77019352,BF
11.43651544,-111.3880379,99.95152247,-68.3478553,-6.720150566,30.76087213,BF
35.05049764,-119.1995573,84.14905966,-67.13468426,-2.722671161,30.75155353,BF
57.32889867,-122.4618453,65.13294663,-63.49642152,0.977590291,30.74223772,BF
77.43069792,-121.0516223,43.62092441,-57.60705103,4.103950473,30.7329247,BF
77.53229386,-121.0300509,43.497757,-57.54845513,4.118912622,30.73287393,BF
77.53229386,-121.0300509,43.497757,-57.54845513,4.118912622,30.73287393,BF
94.67153663,-114.9638032,20.29226657,-49.0993436,6.445967953,30.72356373,BF
108.2283134,-104.5178233,-3.710490123,-39.08696465,7.838623517,30.71425632,BF
117.6786855,-90.07175257,-27.60693297,-27.82542326,8.244292558,30.70495173,BF
122.6700512,-72.1728244,-50.49722681,-15.53973174,7.705489543,30.69564996,BF
123.010239,-51.49640165,-71.51383735,-2.652079272,6.349926717,30.68635101,BF
122.5476701,-47.39913684,-75.14853328,-7.78E-09,6.02178763,30.68461997,BF
122.5476701,-47.39913684,-75.14853328,-7.01E-09,6.021787629,30.68461997,BF
117.3800214,-24.45808485,-92.92193651,12.84403021,3.961936201,30.67532438,BF
107.7634746,-0.546687636,-107.216787,25.15496558,1.581722519,30.66603163,BF
94.0618257,23.43575732,-117.497583,36.53775188,-0.850046152,30.65674172,BF
76.78639998,46.58113191,-123.3675319,47.17554116,-3.07653929,30.64745464,BF
62.50139923,62.23222096,-124.7336202,53.4042559,-4.427976975,30.64076797,BF
62.50139923,62.23222096,-124.7336202,53.4042559,-4.427976975,30.64076797,BF
40.6901013,81.92376711,-122.6138684,60.46026217,-5.828956378,30.63148576,BF
17.32319452,98.56457797,-115.8877725,65.23488841,-6.590113805,30.62220637,BF
-6.710206203,111.5276294,-104.8174232,67.54136659,-6.696134893,30.61292979,BF
-30.5005057,120.3189895,-89.81848385,67.51680721,-6.214203667,30.60365603,BF
-53.14484151,124.6030456,-71.45820405,65.14033171,-5.286223739,30.59438507,BF
-68.62299015,124.7677884,-56.14479828,61.48776069,-4.429477182,30.58753128,BF
-68.62299015,124.7677884,-56.14479828,61.48776069,-4.429477182,30.58753128,BF
-87.2975339,120.9719029,-33.67436902,55.06593072,-3.223457624,30.57826519,BF
-102.6684566,112.6283104,-9.959853786,46.89275753,-2.177653513,30.56900189,BF
-114.1817224,100.0865286,14.09519378,36.58589398,-1.517305077,30.55974139,BF
-121.3782366,83.80270675,37.57552982,25.14076841,-1.424788082,30.55048369,BF
-123.976028,64.3741021,59.60192586,13.21522353,-2.019836415,30.5412288,BF
-121.9164079,42.57737104,79.33903689,0.866939403,-3.338719699,30.53197672,BF
-121.6235322,41.11482628,80.50870588,4.49E-09,-3.447725119,30.53138758,BF
-121.6235322,41.11482627,80.50870588,3.74E-09,-3.447725119,30.53138758,BF
-114.7014029,17.68892329,97.01247959,-12.65179167,-5.483062484,30.5221385,BF
-103.4324649,-6.357076759,109.7895417,-24.45556521,-8.053629727,30.51289224,BF
-88.26537393,-30.12753576,118.3929097,-34.92042546,-10.95353302,30.50364881,BF
-69.76866985,-52.71418578,122.4828556,-44.09038454,-13.92344035,30.4944082,BF
-51.41416469,-70.8148232,122.2289879,-50.75790401,-16.35382005,30.48633033,BF
-51.41416469,-70.8148232,122.2289879,-50.75790401,-16.35382005,30.48633033,BF
-28.65592837,-88.9324992,117.5884276,-56.46474296,-18.69195858,30.47709501,BF
-4.815607941,-103.6530461,108.468654,-59.80185776,-20.32192593,30.46786251,BF
19.19786646,-114.4110513,95.21318486,-60.88796051,-21.04648221,30.45863281,BF
42.47988488,-120.8024599,78.32257498,-59.61332557,-20.7484518,30.44940592,BF
64.12758567,-122.566027,58.43844131,-56.32217769,-19.39705617,30.44018181,BF
65.04001016,-122.5353917,57.4953815,-56.05987952,-19.3132977,30.43977413,BF
65.04001016,-122.5353917,57.4953815,-56.05987952,-19.3132977,30.43977413,BF
84.15221227,-119.43001,35.27779773,-49.8032932,-16.94346193,30.43055292,BF
100.0651421,-111.7681833,11.70304125,-41.91664356,-13.76226522,30.42133448,BF
112.1892945,-99.83191062,-12.35738392,-32.5438586,-10.00489872,30.4121188,BF
120.0614841,-84.0743866,-35.98709754,-21.88256608,-5.962595248,30.40290588,BF
123.3825343,-65.0913082,-58.2912261,-10.43659256,-1.950643046,30.39369572,BF
122.4368833,-46.32360698,-76.11327636,1.27E-08,1.301266318,30.38560333,BF
122.4368833,-46.32360698,-76.11327636,1.33E-08,1.301266318,30.38560333,BF
117.0215403,-23.31104637,-93.7104939,11.33638192,4.445721405,30.37639834,BF
107.1684069,0.632958028,-107.8013649,22.66208929,6.786355625,30.36719612,BF
93.24873539,24.59382492,-117.8425603,33.08922583,8.178652091,30.35799667,BF
75.79639678,47.67952403,-123.4759208,42.10926241,8.574558546,30.3488,BF
55.47910051,69.00150372,-124.4806042,49.17581925,8.015835577,30.33960612,BF
45.88471077,77.54796731,-123.4326781,52.38244411,7.499017174,30.33560569,BF
45.88471076,77.54796731,-123.4326781,52.38244411,7.499017174,30.33560569,BF
22.81251075,94.9639157,-117.7764265,56.39039474,5.816275276,30.32641582,BF
-1.156683377,108.8448533,-107.68817,58.39861729,3.610571882,30.31722875,BF
-25.09120448,118.6582538,-93.56704936,58.22572382,1.148942982,30.30804449,BF
-48.08995307,124.0349214,-75.94496836,55.72726407,-1.297321379,30.29886302,BF
-62.16212546,125.0388206,-62.87669515,52.88392547,-2.762461701,30.29287893,BF
-62.16212546,125.0388206,-62.87669515,52.88392547,-2.762461701,30.29287893,BF
-81.74714726,122.7330489,-40.98590167,46.96203304,-4.654727253,30.28370209,BF
-98.25078963,115.8294649,-17.57867522,38.9851933,-5.977454486,30.27452805,BF
-111.0565903,104.5977669,6.458823456,29.55142116,-6.646984173,30.2653568,BF
-119.6797788,89.46046184,30.21931701,18.96759464,-6.663409779,30.25618833,BF
-123.795083,70.98853959,52.80654343,7.655920029,-6.11008156,30.24702263,BF
-124.0120257,60.04629318,63.96573247,6.63E-09,-5.627656917,30.24215747,BF
-124.0120257,60.04629318,63.96573247,5.93E-09,-5.627656916,30.24215747,BF
-121.0373794,37.86773721,83.16964218,-11.49385287,-4.528032226,30.23299602,BF
-113.4295928,14.29883707,99.13075577,-22.52421029,-3.339851317,30.22383732,BF
-101.5563027,-9.760582281,111.3168849,-33.26858414,-2.31092983,30.21468139,BF
-85.8566015,-33.4026683,119.2592698,-42.71401323,-1.665676666,30.20552823,BF
-66.9244372,-55.73397668,122.6584139,-50.58423074,-1.587125472,30.19637784,BF
-45.47506665,-75.91091141,121.3859781,-56.56219593,-2.193700146,30.18723022,BF
-41.76168726,-78.95701586,120.7187031,-57.35701835,-2.363469935,30.18573043,BF
-41.76168726,-78.95701586,120.7187031,-57.35701835,-2.363469935,30.18573043,BF
-18.40406693,-95.6861704,114.0902373,-60.90668662,-3.809976833,30.17658605,BF
5.631172995,-108.7347912,103.1036182,-62.1032208,-5.915084652,30.16744446,BF
29.45092887,-117.6378493,88.18692046,-61.02260522,-8.533838025,30.15830565,BF
52.13658146,-122.0287845,69.89220299,-57.14401942,-11.44907917,30.14916964,BF
72.85229409,-121.7800106,48.92771651,-51.8901342,-14.39940036,30.14003642,BF
74.7671356,-121.496084,46.72894838,-50.90733087,-14.68355497,30.13913644,BF
74.7671356,-121.496084,46.72894838,-50.90733087,-14.68355497,30.13913644,BF
92.3939313,-116.1288935,23.73496216,-42.77874068,-17.33929367,30.13000629,BF
106.530709,-106.3355812,-0.195127798,-33.00950122,-19.44189016,30.12087892,BF
116.6276908,-92.47295072,-24.15474013,-22.1174047,-20.75278233,30.11175434,BF
122.3071756,-75.06521401,-47.24196162,-10.25873379,-21.10250668,30.10263252,BF
123.5006896,-58.54196981,-64.95871983,3.21E-09,-20.60311866,30.09512789,BF
123.5006896,-58.54196981,-64.95871983,3.87E-09,-20.60311866,30.09512789,BF
120.7020294,-36.45934172,-84.24268769,12.03999851,-19.0464752,30.0860111,BF
113.3280897,-12.94374337,-100.3843464,24.06931459,-16.52889618,30.07689706,BF
101.661936,11.10787203,-112.769808,35.12360449,-13.22765752,30.06778575,BF
86.14302035,34.78912843,-120.9321488,44.90728586,-9.391227696,30.05867717,BF
67.35290505,57.19144453,-124.5443496,53.2979548,-5.317376758,30.04957132,BF
48.20487743,75.6054172,-123.8102946,58.93564287,-1.70591542,30.04136439,BF
48.20487743,75.6054172,-123.8102946,58.93564287,-1.70591542,30.04136439,BF
25.24751807,93.333012,-118.5805301,63.3793266,1.948362181,30.03226371,BF
1.325523207,107.579712,-108.9052352,65.15617631,4.969774651,30.02316576,BF
-22.65795221,117.8065535,-95.14860131,64.58343609,7.148676459,30.01407054,BF
-45.79781311,123.6267617,-77.82894855,61.53511634,8.357855018,30.00497807,BF
-67.21794597,124.8175408,-57.59959483,56.12510712,8.562854593,29.99588834,BF
-77.20626885,123.6069934,-46.40072455,52.25074292,8.29471641,29.99125136,BF
-77.20626886,123.6069934,-46.40072455,52.25074292,8.29471641,29.99125136,BF
-94.53042092,117.7968358,-23.26641486,44.09003053,7.129220668,29.98216579,BF
-108.2853179,107.5708826,0.714435306,33.94042814,5.267990436,29.973083,BF
-117.9634092,93.3262845,24.63712472,22.53797526,2.952838585,29.96400297,BF
-123.1961404,75.59744698,47.59869338,10.33498324,0.453899203,29.95492571,BF
-124.0549977,62.56005014,61.49494759,3.06E-09,-1.12844981,29.94905052,BF
-124.0549977,62.56005014,61.49494759,2.43E-09,-1.12844981,29.94905052,BF
-121.6630596,40.62060687,81.04245274,-12.41820619,-3.352687813,29.93997783,BF
-114.6230334,17.17830437,97.44472906,-24.67631785,-5.109992646,29.93090791,BF
-103.2740925,-6.863202985,110.1372955,-36.68762565,-6.262848955,29.92184074,BF
-88.03413971,-30.59915719,118.6332969,-47.34616584,-6.748305824,29.91277634,BF
-69.48038639,-53.1321459,122.6125323,-56.38279075,-6.590677445,29.90371467,BF
-60.60568064,-62.2699903,122.8756709,-59.91317333,-6.345751392,29.89980419,BF
-60.60568064,-62.2699903,122.8756709,-59.91317333,-6.345751392,29.89980419,BF
-38.55723184,-81.6267477,120.1839795,-66.03442262,-5.471408453,29.89074645,BF
-15.06143249,-97.84303831,112.9044708,-69.6979218,-4.323778713,29.88169145,BF
8.992553155,-110.3191999,101.3266468,-71.0969964,-3.138047854,29.87263918,BF
32.69724514,-118.5809359,85.8836908,-70.07185873,-2.155687863,29.86358964,BF
55.13212503,-122.2905941,67.15846905,-66.61727748,-1.599170469,29.85454284,BF
75.49192439,-121.3499129,45.85798854,-60.12580978,-1.641370041,29.84549877,BF
79.00955679,-120.6016734,41.59211661,-58.7382997,-1.729052603,29.84378948,BF
79.00955679,-120.6016734,41.59211661,-58.7382997,-1.729052603,29.84378948,BF
95.92831416,-114.21678,18.28846583,-49.89407169,-2.612528291,29.83474867,BF
109.1504597,-103.4131436,-5.737316101,-40.11994976,-4.219918648,29.82571062,BF
118.2425394,-88.6599069,-29.5826325,-28.38908569,-6.466083118,29.81667532,BF
122.8526997,-70.50810078,-52.34459889,-15.80404622,-9.187477779,29.80764278,BF
122.8075675,-49.64404767,-73.16351985,-2.727930164,-12.15411541,29.798613,BF
122.2518195,-45.37226513,-76.87955433,-1.61E-10,-12.73122682,29.79687607,BF
122.2518195,-45.37226513,-76.87955433,6.04E-10,-12.73122682,29.79687607,BF
116.6791938,-22.30898245,-94.37021132,12.98699315,-15.6327292,29.78784959,BF
106.6794947,1.64253855,-108.3220333,25.28028154,-18.16150987,29.77882586,BF
92.63580702,25.58352729,-118.2193343,36.65003214,-20.05228677,29.76980489,BF
75.07452099,48.59702521,-123.6715462,46.92447805,-21.08249158,29.76078666,BF
59.28183013,65.4432514,-124.7250815,53.95242606,-21.19760678,29.75371938,BF
59.28183012,65.4432514,-124.7250815,53.95242606,-21.19760678,29.75371938,BF
37.1747381,84.70177692,-121.876515,60.42072006,-20.39488804,29.74470603,BF
13.65143723,100.8122521,-114.4636893,64.81384769,-18.55783083,29.7356954,BF
-10.39916359,113.1599878,-102.7608243,66.75822325,-15.80007966,29.72668748,BF
-34.0682298,121.2789302,-87.21070041,66.22731931,-12.32265541,29.71768225,BF
-56.46132699,124.8623396,-68.40101259,63.25780757,-8.393202935,29.70867972,BF
-72.5020656,124.4000127,-51.89794708,59.2943323,-5.208390356,29.70165293,BF
-72.5020656,124.4000127,-51.89794708,59.2943323,-5.208390356,29.70165293,BF
-90.58341975,119.6943294,-29.11090961,52.33422422,-1.247047781,29.6926552,BF
-105.25089,110.5059928,-5.255102779,43.64347335,2.30172324,29.68366016,BF
-115.9384809,97.18042084,18.75806003,33.19268194,5.17155464,29.67466781,BF
-122.2800514,80.24093958,42.03911182,21.42186033,7.17167648,29.66567817,BF
-124.0020092,60.30629838,63.6957108,9.697807593,8.187584986,29.65669123,BF
-122.6264199,46.34332657,76.28309332,1.37E-09,8.3071228,29.65096638,BF
-122.6264199,46.34332657,76.28309332,6.87E-10,8.3071228,29.65096638,BF
-116.7446004,23.21942058,93.52517985,-11.74849678,7.724185437,29.6419839,BF
-106.449489,-0.773876117,107.2233651,-23.76568068,6.316075586,29.63300415,BF
-92.14441704,-24.68757512,116.8319922,-34.8137917,4.291055099,29.62402714,BF
-74.36757215,-47.62303742,121.9906096,-44.47537546,1.903897884,29.61505286,BF
-58.35156978,-64.42999973,122.7815695,-50.98077764,-0.051305041,29.60798552,BF
-58.35156978,-64.42999974,122.7815695,-50.98077764,-0.051305041,29.60798552,BF
-36.11753978,-83.50238646,119.6199262,-57.33593117,-2.403811364,29.59901614,BF
-12.52530405,-99.3740055,111.8993096,-61.4341047,-4.392949381,29.5900495,BF
11.53037507,-111.4466157,99.9162406,-63.26948053,-5.837506724,29.58108559,BF
35.14191033,-119.2642973,84.12238698,-62.72698583,-6.632344899,29.57212441,BF
57.39991847,-122.5137688,65.11385038,-60.09999918,-6.755266772,29.56316594,BF
61.67436273,-122.6050233,60.9306606,-59.13071421,-6.703857171,29.56135815,BF
61.67436273,-122.6050233,60.9306606,-59.13071421,-6.703857171,29.56135815,BF
81.22598408,-120.2508867,39.02490262,-53.33734775,-6.119714463,29.55240294,BF
97.69455551,-113.3143278,15.61977231,-45.63182007,-5.114410006,29.54345044,BF
110.4686688,-102.034905,-8.433763755,-36.43759042,-3.897650563,29.53450064,BF
119.0474256,-86.85714312,-32.19028248,-25.83767865,-2.712660779,29.52555355,BF
123.1184977,-68.35378,-54.76471767,-14.40553648,-1.800914783,29.51660915,BF
122.5238542,-47.21951132,-75.30434291,-2.438208831,-1.375489124,29.50766746,BF
121.8607766,-42.88795562,-78.97282096,2.37E-09,-1.364281028,29.50593848,BF
121.8607766,-42.88795561,-78.97282096,3.05E-09,-1.364281028,29.50593848,BF
115.7441906,-19.66857349,-96.07561707,11.8074435,-1.72151509,29.49700002,BF
105.2415233,4.335047127,-109.5765704,23.08026548,-2.814969293,29.48806427,BF
90.74862698,28.22310648,-118.9717335,33.39419169,-4.625638414,29.47913124,BF
72.81311929,51.09193022,-123.9050495,42.32234705,-7.046344651,29.47020094,BF
52.10988053,72.07228186,-124.1821624,49.79069941,-9.890612974,29.46127337,BF
44.27410365,78.88374087,-123.1578445,52.08155416,-10.95290002,29.45812672,BF
44.27410364,78.88374087,-123.1578445,52.08155416,-10.95290002,29.45812672,BF
21.10237997,96.07037845,-117.1727584,56.48292264,-13.96765573,29.44920284,BF
-2.880894216,109.6690176,-106.7881234,58.88787134,-16.77136167,29.44028169,BF
-26.77355654,119.1796587,-92.40610217,58.66970727,-19.08074409,29.43136326,BF
-49.68282044,124.2325188,-74.54969838,56.23299409,-20.64420358,29.42244756,BF
-65.32149731,124.9995334,-59.67803606,53.28130369,-21.20369571,29.41591924,BF
-65.32149731,124.9995334,-59.67803606,53.28130369,-21.20369571,29.41591924,BF
-84.46713633,121.9692232,-37.50208687,47.1802641,-21.06461795,29.40700823,BF
-100.4480352,114.3879222,-13.93988693,39.1715504,-19.86373012,29.39809991,BF
-112.6429355,102.5296332,10.11330225,29.71598654,-17.6558251,29.38919427,BF
-120.5940105,86.84080278,33.75320774,19.11542837,-14.59319318,29.3802913,BF
-123.9970277,67.91396481,56.08306292,7.764509153,-10.9077138,29.371391,BF
-123.6799882,54.11945897,69.56052922,7.89E-10,-8.296872251,29.36556944,BF
-123.6799882,54.11945897,69.56052922,1.63E-10,-8.29687225,29.36556944,BF
-119.3808428,31.47205597,87.90878681,-11.51597582,-4.236473979,29.35667355,BF
-110.5723291,7.675044693,102.8972844,-22.54026229,-0.369969989,29.34778031,BF
-97.59842111,-16.36606949,113.9644906,-32.78429213,3.002534526,29.33888974,BF
-80.93886246,-39.73831266,120.6771751,-41.95293332,5.631977621,29.33000183,BF
-61.24567543,-61.56023298,122.8059084,-49.10895758,7.347555681,29.3211166,BF
-43.37498161,-77.67966118,121.0546428,-54.0457778,8.009011295,29.31385595,BF
-43.37498161,-77.67966118,121.0546428,-54.0457778,8.009011295,29.31385595,BF
-20.11641471,-94.63771673,114.7541314,-57.66679145,7.919477579,29.30497559,BF
3.896708257,-107.967015,104.0703068,-59.04450697,6.926518417,29.29609793,BF
27.76780777,-117.186659,89.41885125,-57.99049763,5.20397256,29.28722297,BF
50.57258907,-121.9221323,71.3495432,-54.64835253,2.985950511,29.27835071,BF
67.05793522,-122.384576,55.32664075,-50.50042833,1.086394504,29.27143538,BF
67.05793522,-122.384576,55.32664075,-50.50042833,1.086394504,29.27143538,BF
85.89193738,-118.8336544,32.94171706,-43.1832012,-1.339420083,29.26256794,BF
101.4667031,-110.7320213,9.265318167,-34.74454356,-3.515816895,29.25370322,BF
113.1935844,-98.39727101,-14.79631344,-24.27827144,-5.227644261,29.24484119,BF
120.6267576,-82.29815544,-38.32860218,-12.72342904,-6.328675269,29.23598187,BF
123.5024601,-63.06910498,-60.4333551,-1.02305997,-6.757744763,29.22712523,BF
123.5200555,-61.57876504,-61.94129044,4.92E-09,-6.761523032,29.22648951,BF
123.5200555,-61.57876504,-61.94129044,5.70E-09,-6.761523032,29.22648951,BF
121.384043,-39.7620666,-81.62197635,12.2706648,-6.501167987,29.21763575,BF
114.6478252,-16.40135181,-98.24647342,24.00447191,-5.711939739,29.20878467,BF
103.5714468,7.627222147,-111.198669,34.98931998,-4.576832754,29.19993626,BF
88.55168473,31.42019469,-119.9718794,44.72307416,-3.321967062,29.19109052,BF
70.18832188,54.06295686,-124.2512787,52.91769447,-2.19702389,29.18224745,BF
49.15829136,74.71506053,-123.8733519,59.47556664,-1.436311548,29.17340705,BF
44.81268078,78.43079845,-123.2434792,60.91479214,-1.34833372,29.17169322,BF
44.81268078,78.43079845,-123.2434792,60.91479214,-1.34833372,29.17169322,BF
21.67811206,95.67075891,-117.348871,64.59078973,-1.275711403,29.16285601,BF
-2.314053808,109.3470657,-107.0330119,65.80539524,-1.914112954,29.15402148,BF
-26.2260107,118.9338428,-92.70783207,64.81458062,-3.298654625,29.14518964,BF
-49.15814957,124.0708473,-74.91269778,61.39191765,-5.374701604,29.13636049,BF
-70.24377185,124.5639291,-54.32015729,55.70569834,-8.000958901,29.12753403,BF
-78.58185341,123.3137597,-44.73190626,52.41144839,-9.255900835,29.12371935,BF
-78.58185341,123.3137597,-44.73190626,52.41144839,-9.255900835,29.12371935,BF
-95.6701226,117.1791863,-21.50906371,43.9805574,-12.28260365,29.11489676,BF
-109.1439904,106.6497029,2.494287461,33.8554808,-15.25131699,29.10607687,BF
-118.5088911,92.13584913,26.37304202,22.45587423,-17.8696345,29.09725967,BF
-123.4078315,74.18232217,49.22550937,10.29436114,-19.86207798,29.08844517,BF
-124.0284938,59.96334367,64.06515009,2.06E-09,-20.74620541,29.08229544,BF
-124.0284938,59.96334367,64.06515009,1.54E-09,-20.74620541,29.08229544,BF
-121.0506167,37.79512295,83.2554938,-12.53451091,-21.20174811,29.07348549,BF
-113.4625127,14.23246622,99.23004651,-24.5875071,-20.58294804,29.06467821,BF
-101.6063005,-9.819767783,111.4260683,-36.19534834,-18.90836236,29.05587358,BF
-85.92222689,-33.45535643,119.3775833,-46.41484184,-16.27924821,29.0470716,BF
-67.00377344,-55.7807997,122.7845731,-54.95614514,-12.88827799,29.03827227,BF
-54.84844103,-67.76032375,122.6087648,-59.10862363,-10.6771838,29.03318213,BF
-54.84844103,-67.76032376,122.6087648,-59.10862363,-10.6771838,29.03318213,BF
-32.32030688,-86.34076562,118.6610725,-64.42179807,-6.640276521,29.02438695,BF
-8.580387097,-101.6035039,110.183891,-67.20279468,-2.600864964,29.0155944,BF
15.47325132,-112.9837239,97.51047256,-67.69970692,1.12164801,29.00680447,BF
38.9295331,-120.045764,81.11623086,-65.31224694,4.24247878,28.99801718,BF
60.90235573,-122.5232994,61.6209437,-61.20977542,6.539030877,28.98923253,BF
78.59225431,-120.7398585,42.1476042,-54.91968633,7.772833347,28.98137301,BF
78.59225431,-120.7398585,42.1476042,-54.91968633,7.772833347,28.98137301,BF
95.57895888,-114.4445285,18.86556964,-45.869227,8.205966489,28.97259338,BF
108.9037472,-103.7485226,-5.155224667,-35.77392171,7.666381584,28.9638164,BF
118.1055746,-89.08843775,-29.01713683,-23.95894839,6.292937436,28.9550421,BF
122.8317951,-71.0147214,-51.81707372,-11.28798403,4.29156192,28.94627046,BF
123.1812083,-53.37960649,-69.80160182,-1.63E-09,2.276963664,28.93877861,BF
123.1812083,-53.37960648,-69.80160183,-9.34E-10,2.276963664,28.93877861,BF
119.2737276,-30.86554146,-88.40818611,12.93492784,-0.191380086,28.93001194,BF
110.8433092,-7.135184556,-103.7081246,25.72026799,-2.520828125,28.92124794,BF
98.21341243,16.91237481,-115.1257872,37.48790785,-4.472775677,28.91248663,BF
81.85663915,40.36202264,-122.2186618,48.16010536,-5.866736708,28.90372798,BF
63.00421851,61.7271979,-124.7314164,56.93268247,-6.592798019,28.89522763,BF
63.00421851,61.7271979,-124.7314164,56.93268247,-6.592798019,28.89522763,BF
41.24152843,81.46820421,-122.7097326,63.40356046,-6.678354039,28.88647422,BF
17.9099804,98.17961602,-116.0895964,67.72806539,-6.164074624,28.87772347,BF
-6.115170477,111.2144099,-105.0992395,70.29186513,-5.196413377,28.86897535,BF
-29.93571453,120.1189377,-90.18322317,69.99212023,-3.986669808,28.86022988,BF
-52.61158517,124.5099667,-71.89838151,67.12213937,-2.774705099,28.85148705,BF
-73.31740826,124.246387,-50.92897873,61.97188441,-1.806794943,28.84274685,BF
-75.76361763,123.8731232,-48.10950556,61.11052208,-1.712978916,28.84163837,BF
-75.76361763,123.8731232,-48.10950556,61.11052208,-1.712978916,28.84163837,BF
-93.30682634,118.3748382,-25.06801187,53.36957949,-1.283207986,28.83290115,BF
-107.3307433,108.4506842,-1.119940915,43.85118705,-1.504621283,28.82416657,BF
-117.3092042,94.4724521,22.83675209,32.8260361,-2.46214831,28.81543465,BF
-122.8647074,76.96892069,45.89578673,20.75377074,-4.152995842,28.80670539,BF
-123.7875839,56.6008859,67.18669805,8.098810091,-6.484096313,28.79797878,BF
-122.264698,44.44723711,77.81746093,1.81E-09,-7.977608154,28.79318389,BF
-122.264698,44.44723711,77.81746093,1.11E-09,-7.977608154,28.79318389,BF
-116.0372286,21.19530877,94.84191983,-12.60288915,-10.92963021,28.78446142,BF
-105.3917765,-2.818270529,108.210047,-24.55913191,-13.94966055,28.77574162,BF
-90.77968193,-26.68077614,117.4604581,-35.86611883,-16.74575101,28.76702448,BF
-72.74643245,-49.49070425,122.2371367,-45.66416551,-19.0284885,28.75831001,BF
-57.32086665,-65.43933941,122.7602061,-51.97550551,-20.2516924,28.7517521,BF
-57.32086665,-65.43933941,122.7602061,-51.97550551,-20.2516924,28.7517521,BF
-35.00338239,-84.37057466,119.3739571,-58.43706458,-21.06285685,28.74304228,BF
-11.3701983,-100.067221,111.4374193,-62.60381041,-20.8290015,28.7343351,BF
12.68320167,-111.9396045,99.25640284,-64.45737345,-19.51855803,28.72563055,BF
36.24888636,-119.5387715,83.28988517,-63.90083685,-17.19842569,28.71692863,BF
58.43744884,-122.5779725,64.14052367,-61.01580906,-14.03046305,28.70822931,BF
66.31889224,-122.4403729,56.12148066,-58.69864279,-12.63721429,28.704908,BF
66.31889224,-122.4403729,56.12148066,-58.69864279,-12.63721429,28.704908,BF
85.28308266,-119.0728072,33.78972456,-52.62495644,-8.713249347,28.69621228,BF
100.9526687,-111.098297,10.14562825,-44.97552001,-4.599473084,28.68751916,BF
112.8031447,-98.88793597,-13.91520876,-35.22115173,-0.62919569,28.67882864,BF
120.3788813,-82.89501652,-37.48386474,-24.27804893,2.887766013,28.67014072,BF
123.3940846,-63.72431783,-59.66976676,-12.49882602,5.688413806,28.6614554,BF
121.7348836,-42.10010436,-79.63477929,-0.349615427,7.582387402,28.6527727,BF
121.6271352,-41.5100026,-80.11713257,-1.43E-09,7.618240885,28.65254697,BF
121.6271352,-41.5100026,-80.11713257,-6.95E-10,7.618240885,28.65254697,BF
115.2366858,-18.21629829,-97.02038752,12.09136696,8.478407156,28.64386695,BF
104.4850952,5.809265761,-110.2943609,23.50249555,8.33137853,28.63518955,BF
89.76431438,29.65929287,-119.4236073,34.16974794,7.270872013,28.62651479,BF
71.64383887,52.44099145,-124.0848303,43.48965933,5.47854169,28.61784267,BF
52.88140868,71.40872556,-124.2901342,50.22392817,3.425296011,28.60999685,BF
52.88140868,71.40872556,-124.2901342,50.22392817,3.42529601,28.60999685,BF
30.25516949,89.81605577,-120.0712253,55.80811884,0.933239493,28.60132977,BF
6.492014908,104.8790769,-111.3710918,58.94687297,-1.518647666,28.59266534,BF
-17.54258102,116.0083682,-98.4657872,60.53067202,-3.677391243,28.58400355,BF
-40.95459291,122.8383247,-81.88373183,59.03397349,-5.341244578,28.57534441,BF
-60.61539679,125.0323166,-64.41691982,56.08496863,-6.290162346,28.56758958,BF
-60.61539679,125.0323166,-64.41691982,56.08496863,-6.290162346,28.56758958,BF
-80.38769043,123.0565143,-42.66882389,50.66966817,-6.70633037,28.55893543,BF
-97.13343897,116.4693103,-19.33587131,43.23494867,-6.475220949,28.55028389,BF
-110.2168246,105.5257816,4.691042974,34.15368843,-5.714146304,28.54163498,BF
-119.1431272,90.63881692,28.50431024,23.8273698,-4.608831492,28.53298867,BF
-123.5727135,72.37075182,51.20196171,12.67290893,-3.390790492,28.52434498,BF
-123.3544616,51.44399543,71.91046616,0.894451243,-2.310935728,28.51570389,BF
-123.1644511,49.90730837,73.2571427,-4.74E-09,-2.247011875,28.5151058,BF
-123.1644511,49.90730837,73.25714271,-5.44E-09,-2.247011875,28.5151058,BF
-117.9780606,26.96459708,91.01346352,-11.67462501,-1.572126354,28.50646751,BF
-108.3420906,3.052284611,105.289806,-22.88039252,-1.476150077,28.49783182,BF
-94.62444295,-20.93033571,115.5547787,-33.12907266,-2.082775351,28.48919876,BF
-77.3231254,-44.08094075,121.4040661,-41.96218727,-3.434046804,28.48056832,BF
-57.12311867,-65.51305681,122.6361755,-49.19536898,-5.476628937,28.47194051,BF
-41.5962492,-79.10686529,120.7031145,-53.63573329,-7.254699604,28.46588731,BF
-41.5962492,-79.10686529,120.7031145,-53.63573329,-7.254699604,28.46588731,BF
-18.26193222,-95.80566589,114.0675981,-57.43762007,-10.11176349,28.45726398,BF
5.777307945,-108.8474599,103.070152,-58.89110252,-13.12672841,28.44864329,BF
29.58544697,-117.7278994,88.14245243,-58.19817854,-16.00538901,28.44002524,BF
52.26583024,-122.1132643,69.84743407,-55.19556892,-18.45330949,28.43140983,BF
66.86474795,-122.4148855,55.55013759,-51.8305004,-19.75282048,28.42544184,BF
66.86474796,-122.4148855,55.55013759,-51.8305004,-19.75282048,28.42544184,BF
85.72347588,-118.9121935,33.18871759,-45.34047036,-20.8898437,28.41683087,BF
101.3300292,-110.8638819,9.533852676,-36.98257053,-21.01308674,28.40822252,BF
113.099485,-98.58130853,-14.51817647,-27.22259245,-20.0561984,28.39961676,BF
120.586496,-82.52712061,-38.05937539,-16.41425924,-18.0510861,28.39101361,BF
123.5085483,-63.30727573,-60.2012726,-4.987203441,-15.1285057,28.38241303,BF
123.3879758,-56.3792767,-67.00869914,-2.96E-09,-13.98917651,28.37957736,BF
123.3879758,-56.3792767,-67.00869914,-2.23E-09,-13.98917651,28.37957736,BF
120.1408407,-34.09608072,-86.04476002,11.56246076,-10.20133146,28.37098021,BF
112.2861573,-10.4764456,-101.8097117,22.54997656,-6.095088233,28.36238563,BF
100.1845989,13.58398258,-113.7685815,33.12528571,-2.005344136,28.35379361,BF
84.28607555,37.176565,-121.4626405,42.38126794,1.745154904,28.34520417,BF
65.19174136,59.40975196,-124.6014933,50.0287069,4.869033738,28.3366173,BF
43.62298231,79.44358404,-123.0665664,55.75949873,7.143008767,28.328033,BF
42.74258395,80.16679368,-122.9093776,55.94152862,7.211817943,28.32769944,BF
42.74258395,80.16679368,-122.9093776,55.94152862,7.211817943,28.32769944,BF
19.46516912,97.11669203,-116.5818612,59.4573758,8.457807517,28.31911783,BF
-4.556816191,110.443873,-105.8870568,60.68673366,8.675425931,28.31053881,BF
-28.42152197,119.6437222,-91.22220023,59.59214203,7.925542743,28.3019624,BF
-51.21199777,124.353133,-73.14113521,56.19587765,6.358888362,28.29338859,BF
-71.34486395,124.5078366,-53.16297269,50.25126192,4.289853087,28.28514406,BF
-71.34486395,124.5078366,-53.16297269,50.25126192,4.289853087,28.28514406,BF
-89.63348203,120.1002813,-30.46679925,43.22377715,1.813761306,28.27657538,BF
-104.5260693,111.1834238,-6.657354574,32.95254414,-0.711147551,28.26800932,BF
-115.4973234,98.14785866,17.34946477,22.45188858,-3.013799069,28.25944588,BF
-122.113383,81.39689748,40.71648557,10.38416728,-4.87690278,28.25088505,BF
-124.1170349,65.10209651,59.01493838,5.92E-10,-5.967993228,28.2437424,BF
-124.1170349,65.10209651,59.01493838,-1.05E-10,-5.967993228,28.2437424,BF
-122.219924,43.38731127,78.83261268,-12.31549668,-6.654605043,28.23518635,BF
-115.7223796,20.07978187,95.64259777,-24.46918819,-6.667894728,28.22663289,BF
-104.85942,-3.940752899,108.8001729,-35.92258608,-6.094080807,28.21808202,BF
-90.04359537,-27.76519179,117.8087872,-46.08027142,-5.097440198,28.20953374,BF
-71.83487005,-50.49190941,122.3267795,-54.59423879,-3.897405509,28.20098804,BF
-50.94177756,-71.24883509,122.1906127,-61.28067481,-2.743202745,28.19244491,BF
-50.02181319,-72.05720745,122.0790206,-61.5175825,-2.699633623,28.19208976,BF
-50.02181319,-72.05720745,122.0790206,-61.5175825,-2.699633623,28.19208976,BF
-27.1456277,-89.9577253,117.103353,-65.87074627,-1.852617187,28.18354932,BF
-3.256506544,-104.4072794,107.6637859,-67.91935166,-1.518498703,28.17501146,BF
20.74833753,-114.8717627,94.12342513,-67.64136185,-1.850272935,28.16647619,BF
43.94683626,-120.9257399,76.97890364,-64.38579248,-2.923549985,28.15794351,BF
65.48219459,-122.3852244,56.90302976,-59.65364216,-4.720071264,28.14941343,BF
79.40796379,-120.5339149,41.12595113,-53.68514657,-6.397013629,28.14331727,BF
79.40796379,-120.5339149,41.12595113,-53.68514657,-6.397013629,28.14331727,BF
96.20912349,-114.0405421,17.83141864,-45.31876469,-9.137518512,28.13479165,BF
109.3798768,-103.1786471,-6.201229752,-34.61564513,-12.13423592,28.12626865,BF
118.4032166,-88.37102143,-30.03219518,-22.82489273,-15.10014222,28.11774825,BF
122.9398781,-70.17536941,-52.76450873,-10.16754248,-17.73729944,28.10923045,BF
123.25265,-54.22784273,-69.02480727,-1.80E-11,-19.36833898,28.10265225,BF
123.25265,-54.22784273,-69.02480728,6.82E-10,-19.36833898,28.10265225,BF
119.5330735,-31.78608585,-87.7469876,12.7378226,-20.75770002,28.09413906,BF
111.2791674,-8.092001701,-103.1871657,25.38856358,-21.16495094,28.08562846,BF
98.8092095,15.95646852,-114.765678,36.97475974,-20.49730093,28.07712044,BF
82.5930932,39.45148148,-122.0445747,47.18607158,-18.76000849,28.06861498,BF
63.24122399,61.49531627,-124.7365403,56.00859765,-16.05725523,28.06011208,BF
57.20319082,67.44071191,-124.6439027,58.42320458,-15.12837229,28.05767753,BF
57.20319082,67.44071191,-124.6439027,58.42320458,-15.12837229,28.05767753,BF
34.91840454,86.41525276,-121.3336573,63.99344089,-11.490931,28.04917791,BF
11.30652761,102.1733571,-113.4798848,67.17508606,-7.447407678,28.04068082,BF
-12.76282324,114.142452,-101.3796288,68.39470754,-3.318091226,28.03218628,BF
-36.33407923,121.7931278,-85.45904856,66.506769,0.561633262,28.02369427,BF
-58.58191476,124.9272358,-66.34532101,62.92444897,3.89765855,28.01520481,BF
-78.60347716,123.3695023,-44.76602518,56.62323197,6.434177986,28.00671789,BF
-78.85206071,123.3169506,-44.46488985,56.52237556,6.461786485,28.00660499,BF
-78.85206071,123.3169506,-44.46488985,56.52237556,6.461786485,28.00660499,BF
-95.87211652,117.0900176,-21.21790107,48.14531649,8.024924749,27.99812065,BF
-109.2872878,106.4820944,2.805193355,37.99152198,8.55850068,27.98963888,BF
-118.5780116,91.89087168,26.68713996,26.27714194,8.092615873,27.98115968,BF
-123.3942246,73.87106656,49.52315805,13.68645796,6.754307203,27.97268305,BF
-123.5549975,53.10500166,70.44999586,0.626112661,4.749146036,27.96420901,BF
-123.4551052,52.16115035,71.29395485,2.00E-09,4.651781102,27.96384409,BF
-123.4551052,52.16115035,71.29395486,1.20E-09,4.651781102,27.96384409,BF
-118.7752001,29.39269343,89.38250665,-12.89792083,2.232500878,27.95537274,BF
-109.6186724,5.539437548,104.0792349,-25.44027401,-0.300001252,27.94690398,BF
-96.32290282,-18.47563522,114.798538,-37.70333205,-2.664339856,27.93843781,BF
-79.4044125,-41.74234035,121.1467529,-48.01918745,-4.620879522,27.92997423,BF
-64.20255379,-58.69649595,122.8990497,-54.94899582,-5.742417638,27.92341972,BF
-64.20255379,-58.69649596,122.8990497,-54.94899582,-5.742417638,27.92341972,BF
-42.49407109,-78.52211924,121.0161903,-62.03758708,-6.596414734,27.91496071,BF
-19.18350404,-95.33262021,114.5161242,-66.91531129,-6.761873537,27.90650426,BF
4.84015476,-108.4927287,103.6525739,-69.07198686,-6.305599474,27.89805038,BF
28.66370468,-117.5005859,88.83688122,-69.01986038,-5.374601123,27.88959904,BF
51.3736465,-122.0280369,70.65439035,-66.66265898,-4.180540875,27.88115026,BF
72.14370226,-121.8997881,49.7560858,-61.82679549,-2.965988388,27.87270403,BF
72.41637662,-121.8643121,49.44793547,-61.72778973,-2.950038175,27.87258643,BF
72.41637662,-121.8643121,49.44793547,-61.72778973,-2.950038175,27.87258643,BF
90.39799493,-117.008661,26.61066606,-54.30174738,-1.972529198,27.86414278,BF
104.9570311,-107.6938888,2.736857734,-45.15757003,-1.458121601,27.85570169,BF
115.5323057,-94.25873802,-21.27356768,-34.57782411,-1.581211061,27.84726315,BF
121.7276113,-77.21212927,-44.51548201,-22.83358149,-2.44125486,27.83882716,BF
123.3058419,-57.19746344,-66.10837841,-10.35702032,-4.048901516,27.83039375,BF
121.19767,-39.59729385,-81.60037618,-9.21E-10,-5.816029204,27.82366347,BF
121.19767,-39.59729385,-81.60037618,-2.65E-10,-5.816029204,27.82366347,BF
114.4577729,-16.22514059,-98.23263236,12.07857161,-8.499024827,27.81523468,BF
103.3693476,7.818755343,-111.188103,24.32241251,-11.49244705,27.80680847,BF
88.36117628,31.61469419,-119.9758705,35.22333792,-14.51674638,27.79838485,BF
69.99599433,54.25923091,-124.2552252,45.14618597,-17.27018544,27.7899638,BF
54.37904527,70.02748402,-124.4065293,51.1910202,-18.9886772,27.78363067,BF
54.37904527,70.02748402,-124.4065293,51.1910202,-18.9886772,27.78363067,BF
31.88203033,88.6397923,-120.5218226,57.36999403,-20.59245419,27.77521412,BF
8.157853674,103.9682191,-112.1260727,61.13561239,-21.24776415,27.76680014,BF
-15.88250856,115.3907393,-99.50823074,62.94698052,-20.82876947,27.7583887,BF
-39.33970867,122.5124416,-83.17273296,62.113487,-19.32929618,27.7499798,BF
-61.32301938,125.0507784,-63.72775903,58.94767828,-16.83233757,27.74157344,BF
-66.01031822,124.9717773,-58.96145912,57.93329715,-16.14394148,27.73967222,BF
-66.01031822,124.9717773,-58.96145911,57.93329715,-16.14394148,27.73967222,BF
-85.06635705,121.7807815,-36.71442444,52.10571896,-12.6801668,27.73126894,BF
-100.9148108,114.0326287,-13.11781786,44.261877,-8.726747728,27.72286818,BF
-112.9636927,102.0224139,10.94127877,34.83861682,-4.60240733,27.71446992,BF
-120.7567915,86.20370952,34.55308202,24.18333523,-0.640033147,27.70607417,BF
-123.9999187,67.17394507,56.82597365,12.71399184,2.846953561,27.69768094,BF
-122.5597613,45.65034048,76.90942079,0.715962962,5.59384747,27.68929022,BF
-122.3547597,44.46428898,77.89047069,5.06E-10,5.714069007,27.68885129,BF
-122.3547597,44.46428898,77.89047069,-2.42E-10,5.714069007,27.68885129,BF
-116.0678907,21.1950041,94.87288656,-12.0027284,7.484582527,27.68046322,BF
-105.4063632,-2.822925196,108.2292884,-23.40342271,8.231797288,27.67207769,BF
-90.77024307,-26.69320671,117.4634498,-33.74660352,7.96865576,27.66369469,BF
-72.71350132,-49.50984067,122.223342,-42.67487428,6.803816771,27.65531423,BF
-51.91819358,-70.40981878,122.3280124,-49.88980158,4.929215249,27.64693633,BF
-50.7432853,-71.4557611,122.1990464,-50.24890657,4.813528132,27.64648897,BF
-50.74328529,-71.4557611,122.1990464,-50.24890658,4.813528132,27.64648897,BF
-27.92713344,-89.47669284,117.4038263,-55.40984906,2.46687785,27.63811377,BF
-4.061311469,-104.0778147,108.1391262,-58.42947234,-0.038784954,27.62974112,BF
19.94641304,-114.7006987,94.75428563,-59.12448679,-2.420498958,27.62137102,BF
43.19090124,-120.9457347,77.75483343,-57.51351203,-4.429756285,27.61300349,BF
59.25074749,-122.5644636,63.31371613,-54.72609085,-5.55136944,27.60685537,BF
59.25074749,-122.5644636,63.31371613,-54.72609085,-5.55136944,27.60685537,BF
79.13652499,-120.7824861,41.64596114,-49.16588861,-6.515819611,27.59849226,BF
95.99588229,-114.3541464,18.35826408,-41.91806155,-6.782730952,27.59013168,BF
109.2181383,-103.5649773,-5.653161064,-32.85833843,-6.406921133,27.58177363,BF
118.3007733,-88.81735733,-29.483416,-22.55121906,-5.521146902,27.57341812,BF
122.9007792,-70.66916934,-52.23160982,-11.37043928,-4.325953067,27.56506512,BF
122.8945839,-50.2857288,-72.60885506,2.27E-10,-3.09059617,27.55689716,BF
122.8945839,-50.2857288,-72.60885506,8.40E-10,-3.09059617,27.55689716,BF
118.2856242,-27.53050131,-90.75512289,11.60380282,-2.010898467,27.54854914,BF
109.1938977,-3.689430722,-105.504467,22.72607637,-1.352096053,27.54020365,BF
95.95616885,20.33300022,-116.2891691,33.07916833,-1.305273899,27.53186069,BF
79.0915422,43.63630589,-122.7278481,42.03300304,-1.9884111,27.52352025,BF
59.21873747,65.33371765,-124.5524551,49.33686827,-3.434494221,27.51518235,BF
40.77903154,81.68524551,-122.4642771,54.40720072,-5.193287281,27.50819655,BF
40.77903154,81.68524551,-122.4642771,54.40720072,-5.193287281,27.50819655,BF
17.42049269,98.35092894,-115.7714216,58.11830367,-7.811695051,27.49986332,BF
-6.613863468,111.3468338,-104.7329703,59.42810874,-10.7920349,27.49153265,BF
-30.42456158,120.190019,-89.7654574,58.35233077,-13.86324255,27.48320452,BF
-53.09345372,124.5299503,-71.43649654,55.08733577,-16.72034832,27.47487895,BF
-69.27403966,124.6903675,-55.41632786,51.0660781,-18.59097633,27.46845192,BF
-69.27403966,124.6903675,-55.41632786,51.0660781,-18.59097633,27.46845192,BF
-87.87280304,120.7747961,-32.90199304,43.90897456,-20.36194447,27.46013085,BF
-103.1618442,112.3282528,-9.166408635,35.56649834,-21.20073677,27.45181231,BF
-114.5630755,99.67953163,14.88354386,25.33104833,-20.97704734,27.4434963,BF
-121.642988,83.30814751,38.33484046,14.08392093,-19.65814693,27.4351828,BF
-124.1469797,63.85635295,60.29062671,2.573916859,-17.3200525,27.4268718,BF
-124.0734019,59.81840503,64.25499687,-1.03E-09,-16.76261405,27.42527929,BF
-124.0734019,59.81840503,64.25499687,-1.75E-09,-16.76261405,27.42527929,BF
-121.0210202,37.62374027,83.39727994,-11.91179031,-13.4335406,27.41697126,BF
-113.388598,14.05099902,99.33759901,-23.24812471,-9.552347261,27.40866572,BF
-101.4858743,-10.00705653,111.4929308,-33.88400105,-5.437286733,27.40036265,BF
-85.76047623,-33.64141937,119.4018956,-43.23502298,-1.422763634,27.39206207,BF
-66.80670966,-55.95895044,122.7656601,-50.96334095,2.170032918,27.38376396,BF
-45.34070427,-76.11642163,121.4571259,-56.76502448,5.06545203,27.37546834,BF
-43.85528513,-77.34694103,121.2022262,-57.07820861,5.225954748,27.374923,BF
-43.85528513,-77.34694103,121.2022262,-57.07820861,5.225954748,27.374923,BF
-20.60400127,-94.3695815,114.9735828,-60.60000025,7.156979226,27.36663004,BF
3.411122349,-107.7794237,104.3683014,-61.79059629,8.071946981,27.35833957,BF
27.28887275,-117.07205,89.78317729,-60.65391028,7.967108654,27.35005161,BF
50.11409572,-121.8813869,71.7672912,-57.16541912,6.936232118,27.34176617,BF
71.05130387,-122.0643783,51.01307439,-51.02223796,5.164608371,27.33348326,BF
72.71262063,-121.8408414,49.12822075,-50.30831606,4.984436906,27.33277593,BF
72.71262063,-121.8408414,49.12822075,-50.30831606,4.984436905,27.33277593,BF
90.69849155,-116.9697215,26.27122992,-42.19025093,2.683869089,27.32449576,BF
105.2249911,-107.6208168,2.395825638,-32.59665593,0.193833548,27.31621811,BF
115.7669419,-94.16161748,-21.60532444,-21.46086299,-2.201524488,27.307943,BF
121.9232986,-77.09938902,-44.82390963,-9.421686777,-4.247150909,27.29967041,BF
123.5090315,-62.40962134,-61.09941014,-1.52E-09,-5.424192211,27.29350433,BF
123.5090315,-62.40962134,-61.09941014,-8.41E-10,-5.424192211,27.29350433,BF
121.5630193,-40.67482426,-80.888195,12.3557018,-6.434681779,27.28523614,BF
115.0073817,-17.35554719,-97.65183447,24.7375779,-6.75081379,27.27697046,BF
104.0965264,6.664088311,-110.7606147,36.21214282,-6.414904005,27.26870729,BF
89.24152964,30.47714872,-119.7186784,46.45713412,-5.554188894,27.26044661,BF
71.00330828,53.18449789,-124.1878062,55.11206746,-4.365413953,27.25218842,BF
52.03011768,72.15993839,-124.1900561,61.64439172,-3.200598396,27.24467197,BF
52.03011768,72.15993839,-124.1900561,61.64439173,-3.200598396,27.24467197,BF
29.33448013,90.41683743,-119.7513176,66.1319496,-2.071237596,27.23641854,BF
5.529418617,105.3071504,-110.836569,68.24582597,-1.333789132,27.2281676,BF
-18.51009239,116.2484026,-97.73831016,68.15077276,-1.188371316,27.21991916,BF
-41.84147932,122.8483083,-81.00682895,66.27256468,-1.765074561,27.21167323,BF
-63.61933801,124.8576752,-61.23833717,60.77000832,-3.109513883,27.20342979,BF
-83.02639739,122.2064794,-39.18008201,54.70107774,-5.172790456,27.19518887,BF
-83.09645488,122.1869619,-39.09050707,54.64008961,-5.18210766,27.19515678,BF
-83.09645488,122.1869619,-39.09050706,54.64008961,-5.18210766,27.19515678,BF
-99.30959502,114.8858166,-15.57622154,44.53216449,-7.824680433,27.18691839,BF
-109.0505854,106.6173207,2.433264733,36.26430326,-10.04942739,27.18075774,BF
-118.9322502,90.92267139,28.00957885,23.72104587,-13.3528234,27.17192703,BF
-123.6655556,71.32516456,52.34039101,10.12660381,-16.46162851,27.16309921,BF
-123.7818968,55.77259364,68.00930315,-1.35E-09,-18.31419344,27.15693753,BF
-123.7818968,55.77259364,68.00930315,-2.05E-09,-18.31419344,27.15693753,BF
-119.418116,31.5816997,87.83641631,-13.60747095,-20.26060172,27.14811462,BF
-109.8747912,6.063669939,103.8111213,-27.19025894,-21.13485421,27.1392946,BF
-95.57218098,-19.66824657,115.2404276,-39.43566208,-20.77774254,27.13047745,BF
-77.12636257,-44.49097774,121.6173403,-50.18390517,-19.15867654,27.12166315,BF
-59.15286787,-63.72828351,122.8811514,-57.78214101,-16.92164132,27.11431514,BF
-59.15286787,-63.72828351,122.8811514,-57.78214101,-16.92164132,27.11431514,BF
-35.31461345,-84.14583148,119.4604449,-64.08439254,-13.37013832,27.10550604,BF
-9.960449838,-100.8618387,110.8222885,-67.49467906,-9.181229805,27.09669977,BF
15.83011225,-113.168588,97.33847575,-68.59274682,-4.74218103,27.08789632,BF
40.89133307,-120.4544485,79.56311545,-66.22638301,-0.472042948,27.07909569,BF
64.20009577,-122.4966147,58.29651891,-61.73705534,3.243840683,27.07029788,BF
77.80952074,-120.9365805,43.12705979,-57.13048422,5.18866626,27.06461631,BF
77.80952075,-120.9365805,43.12705979,-57.13048422,5.18866626,27.06461631,BF
96.00289507,-114.1877823,18.18488725,-48.06180083,7.325125956,27.05582316,BF
110.0103955,-102.4191878,-7.591207737,-37.15884894,8.287060464,27.04703285,BF
119.2201697,-86.14201594,-33.07815373,-24.61920252,8.071196811,27.03824539,BF
123.2312829,-66.06672748,-57.16455546,-10.9275757,6.806490223,27.0294608,BF
122.7011926,-49.03083467,-73.67035794,2.69E-09,5.310372724,27.02286844,BF
122.7011926,-49.03083467,-73.67035794,3.38E-09,5.310372724,27.02286844,BF
117.3607949,-24.50956674,-92.85122815,13.89038024,2.842584524,27.01408887,BF
106.895002,1.141975962,-108.036978,26.98347364,0.149939589,27.00531218,BF
91.76575004,26.7896949,-118.5554449,39.43540257,-2.411380334,26.99653837,BF
72.6369086,51.3433257,-123.9802343,50.36214887,-4.535916268,26.98776743,BF
63.10459533,61.56721608,-124.6718114,54.43422239,-5.271644012,26.98389019,BF
63.10459533,61.56721609,-124.6718114,54.43422239,-5.271644012,26.98389019,BF
39.70753232,82.65476299,-122.3622953,61.95206831,-6.387290277,26.97512338,BF
14.57390101,100.2015829,-114.7754839,66.85072798,-6.703685365,26.96635943,BF
-11.20612686,113.4482528,-102.2421259,68.96542905,-6.279469254,26.95759832,BF
-36.51209522,121.8191127,-85.30701751,68.22568742,-5.285210092,26.94884005,BF
-60.24480545,124.9507639,-64.70595843,64.68735229,-3.978534106,26.94008462,BF
-70.92374476,124.4979029,-53.57415817,61.9004172,-3.317886437,26.93581573,BF
-70.92374476,124.4979029,-53.57415817,61.9004172,-3.317886437,26.93581573,BF
-90.46225449,119.68041,-29.2181555,54.25944505,-2.120843035,26.92706451,BF
-106.0543888,109.6838355,-3.629446762,45.00943369,-1.375062034,26.91831612,BF
-117.060378,94.97371044,22.08666755,33.41142748,-1.324166738,26.90957058,BF
-122.9876062,76.19361881,46.79398739,20.70451042,-2.117337254,26.90082787,BF
-123.5849641,54.15184373,69.43312037,7.338073971,-3.785905946,26.89208802,BF
-121.720563,41.51895638,80.20160665,5.81E-09,-4.993144043,26.88747766,BF
-121.720563,41.51895637,80.20160665,5.12E-09,-4.993144043,26.88747766,BF
-114.2067858,16.38450809,97.82227768,-13.3320404,-7.775591193,26.87874218,BF
-101.7380126,-9.409357865,111.1473704,-25.96389445,-10.97428252,26.87000957,BF
-84.86157955,-34.74468882,119.6062684,-37.35641809,-14.24785764,26.86127982,BF
-64.30966419,-58.52065953,122.8303237,-46.98130892,-17.21960257,26.85255294,BF
-55.54667634,-67.05512713,122.6018035,-50.67778863,-18.20309753,26.84918091,BF
-55.54667634,-67.05512713,122.6018035,-50.67778863,-18.20309753,26.84918091,BF
-31.40795913,-87.00955941,118.4175185,-57.06696088,-20.16977616,26.84045799,BF
-5.910733117,-103.0991899,109.009923,-61.05058647,-21.05790756,26.83173792,BF
19.82986241,-114.6633108,94.83344844,-62.38834213,-20.71293446,26.82302069,BF
44.69676678,-121.1948452,76.4980784,-60.96157648,-19.1009206,26.81430628,BF
64.88999717,-122.5486993,57.65870211,-57.54650695,-16.72967189,26.80668131,BF
64.88999717,-122.5486993,57.65870211,-57.54650695,-16.72967189,26.80668131,BF
85.27246104,-119.0650537,33.79259269,-51.29053487,-13.13068211,26.79797216,BF
101.9368075,-110.353718,8.416910479,-42.84410105,-8.89484997,26.78926581,BF
114.1613444,-96.79809613,-17.36324826,-32.62619217,-4.41854544,26.78056224,BF
121.4147979,-78.98547527,-42.4293226,-21.11903802,-0.120397432,26.77186145,BF
123.3776285,-57.689529,-65.68809947,-8.396603345,3.604523665,26.76316346,BF
121.8049343,-43.01993964,-78.78499466,1.80E-09,5.482725405,26.75773812,BF
121.8049343,-43.01993964,-78.78499466,2.40E-09,5.482725406,26.75773812,BF
115.1597176,-18.09820095,-97.0615167,12.92252609,7.639692527,26.74904467,BF
103.4289685,7.670653559,-111.0996221,24.48208208,8.600163249,26.74035402,BF
87.19757028,33.15802142,-120.3555917,35.38936605,8.372341131,26.7316662,BF
67.16316273,57.25673844,-124.4199012,44.58067686,7.084715256,26.72298121,BF
49.46605946,74.39384566,-123.8599051,50.41824835,5.498548909,26.71621577,BF
49.46605946,74.39384567,-123.8599051,50.41824835,5.498548908,26.71621577,BF
24.90551477,93.50283665,-118.4083514,55.76843933,2.97865393,26.70753583,BF
-0.755555172,108.600993,-107.8454378,58.51735348,0.241739302,26.69885874,BF
-26.39963824,119.0353943,-92.63575607,58.70421781,-2.356412855,26.69018449,BF
-50.91406627,124.3527298,-73.4386635,56.26614438,-4.505602904,26.68151308,BF
-59.31785977,124.9169172,-65.5990574,54.41745531,-5.12256306,26.67835838,BF
-59.31785977,124.9169172,-65.59905739,54.41745531,-5.122563061,26.67835838,BF
-80.62250624,122.967685,-42.34517879,48.45103476,-6.320472003,26.66969084,BF
-98.39551557,115.6771641,-17.28164853,40.65184498,-6.706861563,26.66102611,BF
-111.9127606,103.4214774,8.491283208,30.70039231,-6.343819644,26.65236421,BF
-120.5817792,86.7257058,33.85607339,19.42176475,-5.397264337,26.64370511,BF
-124.0263734,66.31598336,57.71039003,7.274429147,-4.123167463,26.63504881,BF
-123.568173,53.35073111,70.21744188,1.12E-09,-3.366823229,26.63011935,BF
-123.568173,53.35073111,70.21744189,4.81E-10,-3.366823229,26.63011935,BF
-118.6149885,28.95231745,89.66267102,-12.41745463,-2.205400299,26.62146745,BF
-108.5084997,3.346762063,105.1617376,-24.07566383,-1.506280107,26.61281835,BF
-93.6956423,-22.34979968,116.045442,-34.92872058,-1.509918471,26.60417206,BF
-74.8368478,-47.02729586,121.8641437,-44.12528089,-2.358636624,26.59552858,BF
-52.73244997,-69.60785655,122.3403065,-51.34511115,-4.077923782,26.58688792,BF
-41.74481133,-79.00881104,120.7536224,-54.44135546,-5.136946788,26.58292204,BF
-41.74481133,-79.00881105,120.7536224,-54.44135546,-5.136946789,26.58292204,BF
-16.65743428,-96.79859486,113.4560291,-57.93671485,-7.910784896,26.57428551,BF
9.131363965,-110.333672,101.202308,-59.1890341,-11.0972511,26.56565181,BF
34.51152153,-119.0221242,84.51060265,-57.72570928,-14.35464858,26.55702095,BF
58.37985786,-122.4869393,64.10708144,-53.68138518,-17.30488238,26.54839292,BF
68.48523532,-122.2698887,53.78465341,-50.93813327,-18.44694544,26.54445666,BF
68.48523532,-122.2698887,53.78465341,-50.93813327,-18.44694544,26.54445666,BF
88.33580075,-117.9334377,29.59763695,-43.52715024,-20.31166294,26.53583275,BF
104.3269027,-108.4100903,4.083187538,-34.13902467,-21.08264172,26.52721165,BF
115.7771954,-94.12616116,-21.65103427,-23.17519204,-20.60818492,26.51859336,BF
122.18679,-75.69926815,-46.48752188,-11.19056801,-18.86660285,26.50997785,BF
123.4261605,-57.36026078,-66.06589976,-8.08E-10,-16.46844316,26.50265525,BF
123.4261605,-57.36026077,-66.06589976,-3.31E-10,-16.46844316,26.50265525,BF
119.9597719,-33.49906971,-86.46070222,12.8966004,-12.79443528,26.49404487,BF
111.2480615,-8.122489855,-103.1255716,24.94920384,-8.504210022,26.48543726,BF
97.69290135,17.6569793,-115.3498807,36.10889551,-4.003675131,26.47683239,BF
79.88094355,42.72035836,-122.6013019,45.69414325,0.285798818,26.46823029,BF
58.58611384,65.97875172,-124.5648656,53.30244135,3.970631191,26.45963093,BF
43.36618086,79.58515804,-122.9513389,57.0659666,5.8775256,26.45406615,BF
43.36618086,79.58515804,-122.9513389,57.0659666,5.8775256,26.45406615,BF
18.40792847,97.7328889,-116.1408174,60.70599592,7.920344552,26.44547136,BF
-7.365471109,111.6765302,-104.3110591,61.66404889,8.759550368,26.43687934,BF
-32.83524611,120.8233397,-87.9880936,60.00652345,8.407849917,26.42829011,BF
-56.89175896,124.7711564,-67.87939744,55.23388229,7.007814482,26.41970369,BF
-73.06093914,124.1938752,-51.13293607,50.37294616,5.446702824,26.41338151,BF
-73.06093914,124.1938752,-51.13293607,50.37294616,5.446702824,26.41338151,BF
-92.27480829,118.8870555,-26.61224716,41.33518289,2.880165131,26.40479996,BF
-107.454013,108.4145531,-0.960540098,31.07273719,0.114278202,26.39622123,BF
-117.9840287,93.29041637,24.6936123,18.90347583,-2.49031897,26.3876453,BF
-123.4020924,74.16506947,49.23702289,5.82572848,-4.625083021,26.37907219,BF
-124.0805011,65.09623744,58.9842637,5.17E-10,-5.325823217,26.3754631,BF
-124.0805011,65.09623744,58.9842637,-1.81E-10,-5.325823217,26.3754631,BF
-121.8942936,41.74999991,80.14429364,-13.44590433,-6.438750492,26.36689397,BF
-114.4194631,16.64380012,97.77566295,-26.53460517,-6.740829631,26.35832762,BF
-101.9878891,-9.133761487,111.1216506,-38.63400033,-6.301946781,26.34976406,BF
-85.140911,-34.46153492,119.6024459,-49.20024651,-5.30308856,26.34120328,BF
-64.61068941,-58.23915653,122.8498459,-57.75774337,-4.010798254,26.33264526,BF
-52.06924794,-70.26774397,122.3369919,-62.09948824,-3.287820654,26.32794966,BF
-52.06924794,-70.26774397,122.3369919,-62.09948824,-3.287820654,26.32794966,BF
-27.64877019,-89.6381646,117.2869348,-66.74359716,-2.163696538,26.31939593,BF
-2.036617103,-105.0653112,107.1019283,-68.64266882,-1.533168194,26.31084498,BF
23.64621046,-115.8856209,92.23941042,-67.44662511,-1.627785009,26.30229679,BF
48.3150516,-121.5932472,73.2781956,-64.38545017,-2.583307833,26.29375139,BF
70.84618597,-121.9824373,51.13625133,-58.09910628,-4.403917151,26.28520878,BF
80.48582904,-120.2874808,39.80165173,-54.3017453,-5.539429015,26.28117117,BF
80.48582904,-120.2874808,39.80165173,-54.3017453,-5.539429015,26.28117117,BF
98.16651249,-112.8487807,14.68226818,-44.5265476,-8.39107354,26.27263268,BF
111.5675049,-100.4565803,-11.11092459,-32.91174047,-11.61489663,26.26409699,BF
120.1039216,-83.63669571,-36.46722588,-20.04809094,-14.86003743,26.25556411,BF
123.4036626,-63.1257149,-60.27794767,-6.237221724,-17.7438786,26.24703403,BF
123.1744668,-53.6897352,-69.48473162,-6.56E-09,-18.74704661,26.24347745,BF
123.1744668,-53.6897352,-69.48473162,-5.82E-09,-18.74704661,26.24347745,BF
118.8924754,-29.51928001,-89.37319541,13.95759979,-20.51633104,26.23495132,BF
109.411664,-4.01142195,-105.400242,27.29255899,-21.16439661,26.22642798,BF
95.16666083,21.72393726,-116.8905981,39.63293802,-20.55466554,26.21790741,BF
76.77371744,46.56877951,-123.3424969,50.25820429,-18.68084397,26.20938959,BF
58.35286509,66.28780458,-124.6406697,57.74698912,-16.17285043,26.20210794,BF
58.35286509,66.28780458,-124.6406697,57.74698912,-16.17285043,26.20210794,BF
34.49618389,86.68579612,-121.18198,64.13930758,-12.40709033,26.1935952,BF
9.125308187,103.3709967,-112.4963049,67.77324774,-8.072829125,26.1850852,BF
-16.65591797,115.6187617,-98.96284375,68.62711864,-3.578520031,26.17657791,BF
-41.72834026,122.8972368,-81.16889653,66.6395116,0.653286328,26.16807335,BF
-64.99909696,124.8865536,-59.88745662,61.41925526,4.233620418,26.15957152,BF
-78.94886366,123.1642184,-44.21535476,56.75669994,6.09205089,26.15391246,BF
-78.94886366,123.1642184,-44.21535476,56.75669994,6.09205089,26.15391246,BF
-97.07851979,116.3200788,-19.241559,47.23697719,7.963593269,26.14541518,BF
-110.950654,104.4136862,6.536967805,36.50569222,8.614862314,26.13692065,BF
-120.0211037,88.02854975,31.99255393,23.74171066,8.088322835,26.12842888,BF
-123.8893061,67.86997931,56.01932676,10.04511984,6.546313612,26.11993988,BF
-123.3899847,51.93227062,71.45771409,-1.38E-09,4.999284646,26.11398535,BF
-123.3899847,51.93227062,71.4577141,-2.09E-09,4.999284646,26.11398535,BF
-118.1544367,27.4399346,90.71450207,-14.01799397,2.391894937,26.10550108,BF
-107.7912098,1.802596171,105.9886137,-27.39707839,-0.363281292,26.09701959,BF
-92.75894402,-23.86305174,116.6219958,-39.68081535,-2.910714732,26.08854088,BF
-73.70505066,-48.43614253,122.1411932,-50.52573344,-4.948074543,26.08006494,BF
-64.51247945,-58.37275145,122.8852309,-54.93547593,-5.611615994,26.07644095,BF
-64.51247945,-58.37275145,122.8852309,-54.93547593,-5.611615994,26.07644095,BF
-41.20507078,-79.55885076,120.7639215,-62.32936534,-6.587024328,26.06796897,BF
-16.11935032,-97.24423431,113.3635846,-67.09247852,-6.752007921,26.05949974,BF
4.968970806,-108.5623064,103.5933356,-69.30488883,-6.340356039,26.05257638,BF
4.968970807,-108.5623064,103.5933356,-69.30488883,-6.340356039,26.05257638,BF
30.4667091,-118.0290175,87.56230842,-69.06807133,-5.32965713,26.04411215,BF
54.63451074,-122.3203604,67.6858497,-65.97777769,-4.014821009,26.03565065,BF
71.7971608,-121.9508161,50.15365526,-61.79311351,-2.985270364,26.02908445,BF
71.7971608,-121.9508161,50.15365526,-61.79311351,-2.985270363,26.02908445,BF
91.06215992,-116.7329537,25.67079377,-54.07359151,-1.912951435,26.02062781,BF
106.355521,-106.3884965,0.032975519,-44.23922751,-1.39310322,26.01217392,BF
117.0133081,-91.37029127,-25.64301681,-32.66374032,-1.642648189,26.00372277,BF
122.5725683,-72.3301166,-50.24245171,-19.86811123,-2.77158415,25.99527438,BF
122.7919421,-50.09474234,-72.69719979,-6.419630914,-4.764534692,25.98682874,BF
121.280776,-40.20269899,-81.078077,-1.43E-09,-5.810273977,25.98334851,BF
121.280776,-40.20269899,-81.078077,-7.01E-10,-5.810273977,25.98334851,BF
114.0279821,-15.1245161,-98.90346604,13.4021268,-8.753189585,25.97490678,BF
101.7670209,10.66406968,-112.4310906,25.96034412,-12.0284425,25.96646782,BF
85.07432419,36.04312717,-121.1174514,37.59241102,-15.27501658,25.95803164,BF
64.66987077,59.909471,-124.5793418,47.42669759,-18.10822285,25.94959823,BF
55.29268679,69.1352829,-124.4279697,51.04572621,-19.07635342,25.94609566,BF
55.29268679,69.1352829,-124.4279697,51.04572621,-19.07635342,25.94609566,BF
31.18131155,89.12146774,-120.3027793,57.68179193,-20.72889279,25.93766615,BF
5.700418145,105.2807681,-110.9811863,61.75343754,-21.2311936,25.9292394,BF
-20.04515829,116.9228527,-96.87769444,63.16069066,-20.46169505,25.92081538,BF
-44.93674158,123.5399781,-78.60323656,61.83098265,-18.43450071,25.91239409,BF
-66.50889169,124.9104976,-58.40160591,58.17314207,-15.52836979,25.90450832,BF
-66.50889169,124.9104976,-58.40160591,58.17314207,-15.52836979,25.90450832,BF
-86.74920034,121.1934754,-34.44427503,51.91006987,-11.61768789,25.89609227,BF
-103.2043402,112.2378389,-9.033498656,43.52568452,-7.224948259,25.88767891,BF
-115.2124355,98.46864395,16.74379152,32.60420431,-2.769179769,25.87926824,BF
-122.2192257,80.46852529,41.75070041,20.91607475,1.327749198,25.87086027,BF
-123.9505902,59.04190106,64.90868915,8.040264354,4.692388662,25.86245499,BF
-122.2828862,44.29002025,77.99286593,-7.48E-10,6.29211829,25.85720103,BF
-122.2828862,44.29002025,77.99286593,-1.41E-09,6.29211829,25.85720103,BF
-115.3379331,19.29520535,96.04272774,-12.69113809,7.911046348,25.84880015,BF
-103.3905771,-6.489052809,109.8796299,-24.85986988,8.316129566,25.84040199,BF
-86.95882706,-31.94221338,118.9010404,-35.6650905,7.568340696,25.83200656,BF
-66.75871114,-55.95431474,122.7130259,-44.84474453,5.857317297,25.82361387,BF
-51.77635842,-70.49377381,122.2701322,-50.01595517,4.337950033,25.8180713,BF
-51.77635842,-70.49377381,122.2701322,-50.01595517,4.337950033,25.8180713,BF
-27.34152686,-89.86930247,117.2108293,-55.80758935,1.704503591,25.80968318,BF
-1.722576293,-105.2755051,106.9980814,-58.89121641,-1.008043574,25.8012978,BF
23.95750536,-116.0587282,92.10122287,-59.39054783,-3.448600746,25.79291517,BF
48.58371709,-121.7482518,73.16453471,-57.22186059,-5.329945026,25.78453529,BF
59.08146836,-122.5636873,63.48221894,-55.39277628,-5.941050797,25.78074893,BF
59.08146836,-122.5636873,63.48221894,-55.39277628,-5.941050797,25.78074893,BF
80.30471795,-120.4900676,40.18534968,-49.57804,-6.707195744,25.77237302,BF
98.01739342,-113.1213464,15.103953,-41.61797497,-6.666153726,25.76399983,BF
111.4614336,-100.7886274,-10.6728062,-31.79745909,-5.933615257,25.75562936,BF
120.0508134,-84.02573984,-36.02507351,-20.62638354,-4.729190938,25.7472616,BF
123.4130612,-63.56068277,-59.85237843,-8.610344446,-3.346802106,25.73889654,BF
122.7574814,-49.59152607,-73.16595528,-2.90E-09,-2.553083368,25.73378708,BF
122.7574814,-49.59152607,-73.16595528,-2.30E-09,-2.553083368,25.73378708,BF
117.5375193,-25.09583533,-92.44168396,12.2693524,-1.56541891,25.72542638,BF
107.1364168,0.549452015,-107.6858688,23.75251267,-1.199412481,25.7170684,BF
92.07340739,26.22098899,-118.2943964,34.57327314,-1.650288057,25.70871312,BF
72.99580055,50.80398111,-123.7997817,43.76996595,-2.999666199,25.70036058,BF
50.73276003,73.23062648,-123.9633865,50.99762706,-5.200163599,25.69201076,BF
41.02640713,81.4604054,-122.4868125,53.3508444,-6.29786332,25.68863519,BF
41.02640712,81.4604054,-122.4868125,53.3508444,-6.29786332,25.68863519,BF
15.94523883,99.2587539,-115.2039927,57.30563625,-9.374782163,25.68028921,BF
-9.840993525,112.7773123,-102.9363187,58.64419198,-12.7080409,25.67194598,BF
-35.21944929,121.4571943,-86.23774505,57.39017085,-15.92510276,25.6636055,BF
-59.08551816,124.9112518,-65.82573367,53.5951595,-18.63918797,25.65526775,BF
-66.57563239,124.8164182,-58.2407858,51.11486481,-19.36758794,25.65245773,BF
-66.57563239,124.8164182,-58.2407858,51.11486481,-19.36758794,25.65245773,BF
-86.85135477,121.1303275,-34.27897271,44.0708873,-20.88667442,25.64412363,BF
-103.3214932,112.1833874,-8.861894171,35.30756384,-21.20983061,25.63579225,BF
-115.3240339,98.42234308,16.90169085,24.53504596,-20.24841631,25.62746357,BF
-122.3311892,80.43730949,41.89387968,12.68714168,-18.03882011,25.61913758,BF
-124.0390519,59.01047924,65.02857264,0.225219728,-14.75912182,25.61081427,BF
-124.0204995,58.62343282,65.39706672,-6.89E-10,-14.69582528,25.61067407,BF
-124.0204995,58.62343282,65.39706673,-1.37E-09,-14.69582528,25.61067407,BF
-120.2636336,34.65019916,85.61343445,-12.52239197,-10.63378114,25.60235347,BF
-111.3007764,9.227986487,102.07279,-24.61861026,-6.191414341,25.59403554,BF
-97.51447312,-16.54405212,114.0585252,-35.46775538,-1.792368817,25.58572027,BF
-79.50888101,-41.54794245,121.0568235,-44.89130862,2.148339861,25.57740765,BF
-58.05472505,-64.68632433,122.7410494,-52.43277529,5.27218699,25.56909771,BF
-42.69019468,-78.26066655,120.9508612,-56.33486158,6.739928643,25.56369851,BF
-42.69019468,-78.26066655,120.9508612,-56.33486158,6.739928643,25.56369851,BF
-17.66748603,-96.19135484,113.8588409,-59.58320503,8.016402651,25.55539298,BF
8.107676319,-109.896169,101.7884927,-60.17119925,8.084730247,25.54709015,BF
33.5428838,-118.8006693,85.25778554,-58.89548178,7.045689019,25.53879002,BF
57.48539157,-122.4284495,64.94305794,-53.72415506,5.112707005,25.5304926,BF
70.60533824,-121.9624577,51.35711944,-50.0517381,3.660487349,25.52552943,BF
70.60533824,-121.9624577,51.35711944,-50.0517381,3.660487349,25.52552943,BF
70.60533824,-121.9624577,51.35711944,-50.05173811,3.660487349,25.52552943,BF
73.4567306,-121.7435159,48.28678533,-51.10617957,3.325333406,25.52444498,BF
73.56567696,-121.7308444,48.16516745,-50.61725273,3.312020054,25.52440234,BF
73.56567696,-121.7308444,48.16516744,-50.61725273,3.312020053,25.52440234,BF
75.52870555,-121.404458,45.87575245,-46.70466357,3.060906448,25.52360668,BF
78.20378725,-120.870089,42.66630179,-47.90591279,2.708033651,25.52250363,BF
83.23117058,-119.6342363,36.4030657,-44.83289104,2.019278979,25.52037883,BF
91.89888089,-116.3885584,24.48967754,-40.87949722,0.721738464,25.51642948,BF
106.3033582,-106.5821794,0.278821217,-30.91669627,-1.777866174,25.5086051,BF
116.579014,-92.6013235,-23.97769046,-19.68746501,-3.95365049,25.50078313,BF
122.3301252,-74.98557774,-47.34454742,-7.589224715,-5.582077503,25.49296359,BF
123.4941422,-63.05485529,-60.43928688,1.75E-10,-6.227591877,25.48831412,BF
123.4941422,-63.05485529,-60.43928688,8.50E-10,-6.227591877,25.48831412,BF
121.6509941,-41.11099344,-80.54000063,12.40836143,-6.733313151,25.48049841,BF
115.0809056,-17.526196,-97.55470959,24.5354754,-6.532483655,25.4726851,BF
104.0458817,6.784533694,-110.8304153,35.90850327,-5.742839067,25.46487418,BF
88.97178715,30.88024337,-119.8520305,46.03129991,-4.562050878,25.45706565,BF
70.44216591,53.82852142,-124.2706873,54.52857167,-3.243449584,25.4492595,BF
49.17093512,74.72944194,-123.9003771,61.18316514,-2.063221089,25.44145573,BF
48.32091152,75.47033156,-123.7912431,61.45546717,-2.024794544,25.44116144,BF
48.32091152,75.47033156,-123.7912431,61.45546718,-2.024794544,25.44116144,BF
25.08316156,93.40853398,-118.4916955,65.55610938,-1.26719679,25.43336014,BF
0.875145023,107.7763931,-108.6515382,67.05068274,-1.135666381,25.42556124,BF
-23.394669,118.0085587,-94.61388973,66.24320842,-1.769975564,25.41776473,BF
-46.77233654,123.7548024,-76.98246581,63.52325551,-3.20908262,25.40997062,BF
-68.32897443,124.6987722,-56.36979782,57.25024688,-5.397507184,25.40217891,BF
-80.333562,122.8207637,-42.48720169,52.89449536,-7.05566387,25.3973587,BF
-80.333562,122.8207637,-42.48720169,52.89449536,-7.05566387,25.3973587,BF
-83.50738073,122.134042,-38.62666125,52.89359886,-7.539352983,25.39605692,BF
-86.45351606,121.1643005,-34.71078447,49.00663907,-8.031141298,25.39475521,BF
-89.34296675,120.1120657,-30.76909898,49.31537423,-8.532921869,25.39345356,BF
-92.8839955,118.5703145,-25.68631897,46.34546064,-9.18630889,25.39179341,BF
-98.17380003,115.6921509,-17.51835089,43.40874758,-10.24674042,25.38915171,BF
-106.1734034,109.6089978,-3.435594341,37.22010836,-12.08607087,25.38464655,BF
-117.1893591,94.88951122,22.29984789,24.82942009,-15.3655257,25.37639094,BF
-123.1186374,76.08864568,47.02999174,11.36876709,-18.20010435,25.36813805,BF
-124.0037336,58.545866,65.45786758,-6.93E-10,-19.90807448,25.36149962,BF
-124.0037336,58.545866,65.45786758,-1.39E-09,-19.90807448,25.36149962,BF
-120.2584302,34.55964166,85.69878856,-13.71339539,-21.0737645,25.3532516,BF
-111.2909241,9.114806522,102.1761176,-27.11603713,-21.00060082,25.34500628,BF
-97.49445474,-16.67447392,114.1689287,-39.31981255,-19.62762984,25.33676362,BF
-79.46898411,-41.68701436,121.1559985,-49.87694374,-17.03892785,25.32852363,BF
-57.99544681,-64.82655768,122.8220045,-58.60610571,-13.45366012,25.32028629,BF
-56.94700245,-65.82145172,122.7684542,-59.0060849,-13.27105697,25.31991218,BF
-56.94700245,-65.82145172,122.7684542,-59.0060849,-13.27105697,25.31991218,BF
-32.88240178,-85.93583446,118.8182362,-64.60123735,-9.006025252,25.3116776,BF
-7.403087527,-102.2562073,109.6592948,-67.59546918,-4.505605689,25.30344566,BF
18.39598916,-114.0642384,95.66824925,-68.01919278,-0.198398505,25.29521636,BF
43.37276619,-120.8697362,77.49696998,-65.66134951,3.507293245,25.28698969,BF
66.44406099,-122.3475952,55.90353417,-60.21477581,6.284298833,25.27876566,BF
79.0628494,-120.6155663,41.55271693,-55.61518828,7.417837045,25.27378634,BF
79.06284941,-120.6155663,41.55271693,-55.61518828,7.417837045,25.27378634,BF
97.02795466,-113.5253561,16.49740146,-46.19142286,8.310308466,25.26556658,BF
110.7517372,-101.4364191,-9.315318166,-34.78742887,8.000661138,25.25734949,BF
119.6391329,-84.8776245,-34.76150837,-21.90079925,6.633509166,25.24913509,BF
123.3033306,-64.56951388,-58.73381672,-8.083640359,4.467911108,25.24092337,BF
123.0408223,-52.59404884,-70.44677343,-1.59E-09,3.11102746,25.23658228,BF
123.0408223,-52.59404883,-70.44677343,-8.71E-10,3.11102746,25.23658228,BF
118.5175946,-28.31307143,-90.20452316,14.14034452,0.391372458,25.22837468,BF
108.7885237,-2.737607656,-106.0509161,27.56482259,-2.225857406,25.22016977,BF
94.31341835,23.01009629,-117.3235146,40.15691442,-4.413056478,25.21196756,BF
75.71806013,47.81015303,-123.5282132,51.04298969,-5.926426434,25.20376803,BF
63.70419488,60.96825205,-124.6724469,56.43819423,-6.42753354,25.19914578,BF
63.70419488,60.96825205,-124.6724469,56.43819424,-6.42753354,25.19914578,BF
40.34820934,82.15898576,-122.5071951,63.8024977,-6.675767504,25.19095043,BF
15.21949298,99.82091743,-115.0404104,68.52164869,-6.172432911,25.18275775,BF
-10.5861796,113.1932617,-102.6070821,70.49619644,-5.106220878,25.17456772,BF
-35.94585977,121.6924893,-85.74662957,69.60497096,-3.75230528,25.16638035,BF
-59.75634525,124.9491001,-65.19275483,65.94060496,-2.434193668,25.15819563,BF
-75.32218432,123.9504651,-48.62828082,61.17319538,-1.69196057,25.15231854,BF
-75.32218432,123.9504651,-48.62828082,61.17319538,-1.69196057,25.15231854,BF
-94.08732123,117.9881777,-23.90085643,53.11509613,-1.171329211,25.14413838,BF
-108.7846736,106.9437204,1.84095321,42.55214538,-1.438104047,25.13596087,BF
-118.756593,91.29651683,27.46007614,30.45679495,-2.602365955,25.12778603,BF
-123.5708315,71.72726345,51.84356807,17.18010803,-4.644203622,25.11961387,BF
-123.0179086,49.08797268,73.92993591,3.318686949,-7.412689143,25.11144438,BF
-122.1409211,43.66463979,78.47628134,4.62E-10,-8.110900264,25.10961007,BF
-122.1409211,43.66463979,78.47628134,-2.82E-10,-8.110900264,25.10961007,BF
-115.0812036,18.61473123,96.46647237,-13.83575252,-11.39873399,25.10144387,BF
-103.0128895,-7.190449076,110.2033385,-26.86229044,-14.70967818,25.09328037,BF
-86.47364847,-32.63132159,119.1049701,-38.71963192,-17.65192946,25.08511954,BF
-66.18238431,-56.59980697,122.7821913,-48.79158048,-19.85186001,25.0769614,BF
-58.54614804,-64.25148434,122.7976324,-51.87151059,-20.37389717,25.0741808,BF
-58.54614804,-64.25148434,122.7976324,-51.87151059,-20.37389717,25.0741808,BF
-34.63210362,-84.63529588,119.2673995,-58.87040048,-21.11956685,25.06602623,BF
-9.225749712,-101.2736847,110.4994345,-63.31070489,-20.58127714,25.05787431,BF
16.57140162,-113.4545934,96.88319181,-65.02786728,-18.74973918,25.04972504,BF
41.63555735,-120.6457031,79.01014577,-63.95722835,-15.75772667,25.04157839,BF
64.87657136,-122.5346406,57.65806922,-60.18983282,-11.86995467,25.03343436,BF
67.6615723,-122.357213,54.69564074,-59.27955602,-11.31899772,25.03238797,BF
67.6615723,-122.357213,54.69564074,-59.27955602,-11.31899772,25.03238797,BF
87.64986128,-118.1870765,30.53721522,-52.45302635,-6.863907881,25.02424688,BF
103.784681,-108.8000137,5.015332679,-43.61082255,-2.359582693,25.0161084,BF
115.3901307,-94.62576769,-20.76436304,-32.77551248,1.764284074,25.00797252,BF
121.9582379,-76.27966842,-45.67856952,-20.62997304,5.127479685,24.99983926,BF
123.2032015,-54.56033141,-68.6428701,-7.686249365,7.443643552,24.99170861,BF
121.4888867,-41.03461023,-80.45427646,-7.92E-10,8.225652089,24.98708137,BF
121.4888867,-41.03461023,-80.45427647,-1.22E-10,8.225652089,24.98708137,BF
114.3729412,-15.97161487,-98.40132628,13.02374547,8.63141792,24.97895485,BF
102.25251,9.840720605,-112.0932306,25.24211597,7.86291475,24.97083098,BF
85.66226464,35.27809345,-120.9403581,36.50677063,6.116038378,24.96270976,BF
65.3374326,59.23770655,-124.5751392,45.97521409,3.690387362,24.9545912,BF
54.58466276,69.81752967,-124.4021924,50.2153203,2.397226277,24.95073328,BF
54.58466276,69.81752967,-124.4021924,50.2153203,2.397226277,24.95073328,BF
30.39346822,89.70609997,-120.0995682,56.35831727,-0.368269281,24.94261865,BF
4.865193685,105.7497836,-110.6149773,59.9073327,-2.913145149,24.93450669,BF
-20.89596039,117.2342974,-96.33833704,61.36563369,-4.932092228,24.92639739,BF
-45.77554572,123.6851583,-77.90961256,59.4947049,-6.217653795,24.91829074,BF
-60.65344729,125.0282657,-64.37481843,57.48542339,-6.607265881,24.91312732,BF
-60.65344729,125.0282657,-64.37481843,57.48542339,-6.607265881,24.91312732,BF
-81.7561965,122.7039095,-40.94771298,51.55767677,-6.557681847,24.905025,BF
-99.31395857,115.1010642,-15.7871056,43.4360526,-5.820639314,24.89692531,BF
-112.5607751,102.5356605,10.02511457,33.5717902,-4.624097084,24.88882824,BF
-120.9179541,85.55729463,35.36065943,22.33586738,-3.270841729,24.88073379,BF
-124.0201191,64.90564245,59.11447665,10.1993049,-2.092247023,24.87264196,BF
-122.6204279,46.4107094,76.20971854,5.99E-09,-1.488517826,24.86618972,BF
-122.6204279,46.4107094,76.20971854,5.38E-09,-1.488517826,24.86618972,BF
-116.1167556,21.51604443,94.60071115,-12.59825454,-1.364424874,24.85810261,BF
-104.557865,-4.262937047,108.820802,-24.23523528,-2.096377593,24.85001813,BF
-88.45664748,-29.8018114,118.2584589,-34.90995871,-3.728024072,24.8419363,BF
-68.51908857,-53.99457181,122.5136604,-44.10805601,-6.170000777,24.83385711,BF
-45.62074079,-75.7741402,121.394881,-50.96724082,-9.205782387,24.82578058,BF
-44.03524991,-77.07941532,121.1146652,-51.44776676,-9.417786465,24.82525338,BF
-44.03524991,-77.07941532,121.1146652,-51.44776676,-9.417786465,24.82525338,BF
-19.05035717,-95.28684401,114.3372012,-55.99595131,-12.74324281,24.81717967,BF
6.740295923,-109.2629486,102.5226527,-58.01409543,-15.93980427,24.80910863,BF
32.22708181,-118.4321775,86.20509568,-57.30768163,-18.61900444,24.80104023,BF
56.29878922,-122.3915178,66.09272861,-54.01699623,-20.42608698,24.79297449,BF
64.33442017,-122.4951721,58.16075192,-52.23089116,-20.80330468,24.7901028,BF
64.33442017,-122.4951721,58.16075192,-52.23089116,-20.80330468,24.7901028,BF
84.83973507,-119.1656528,34.32591768,-45.8599996,-21.021645,24.78204062,BF
101.6321645,-110.5888387,8.956674198,-37.1147671,-19.93010535,24.77398106,BF
113.9906273,-97.14501519,-16.84561213,-26.83227827,-17.57801664,24.76592411,BF
121.375666,-79.41846647,-41.95719955,-15.37524341,-14.15505024,24.75786975,BF
123.4663191,-58.18054385,-65.28577525,-3.25208107,-9.973193573,24.74981797,BF
123.1741678,-53.2482715,-69.92589634,2.05E-09,-9.011961664,24.74809585,BF
123.1741678,-53.24827149,-69.92589634,2.79E-09,-9.011961663,24.74809585,BF
118.759991,-29.0014705,-89.75852054,12.37313187,-4.449140183,24.7400472,BF
109.1313201,-3.440120288,-105.6911998,23.97860844,-0.055697302,24.73200113,BF
94.74206692,22.32501571,-117.0670826,34.74692002,3.753862061,24.72395763,BF
76.21532422,47.17164869,-123.3869729,43.93194731,6.638168411,24.71591671,BF
54.35764511,70.0183055,-124.3759506,51.15140502,8.368382953,24.70787839,BF
41.97697411,80.76786308,-122.7448372,54.07844821,8.773738286,24.70370093,BF
41.97697411,80.76786308,-122.7448372,54.07844821,8.773738287,24.70370093,BF
16.91713098,98.72264657,-115.6397776,57.77286723,8.624919091,24.69566657,BF
-8.895067474,112.4236755,-103.5286081,58.71511054,7.364102362,24.68763483,BF
-34.33614006,121.2879306,-86.95179054,57.1327382,5.240694443,24.67960572,BF
-58.29927018,124.9269048,-66.62763464,52.98488963,2.588050743,24.67157924,BF
-66.24654003,124.87757,-58.63103001,50.17221486,1.586521864,24.66872277,BF
-66.24654004,124.87757,-58.63103001,50.17221486,1.586521863,24.66872277,BF
-86.59172203,121.2617801,-34.67005811,42.74970217,-1.185572953,24.66069987,BF
-103.1362876,112.3719113,-9.235623695,33.56021546,-3.622386675,24.6526796,BF
-115.2118925,98.65267364,16.55921889,22.36463115,-5.447573701,24.64466196,BF
-122.2864117,80.69361371,41.59279797,10.12122237,-6.488364475,24.63664694,BF
-124.1222091,64.13623842,59.98597068,8.69E-10,-6.721409639,24.63036094,BF
-124.1222091,64.13623842,59.98597068,2.22E-10,-6.721409639,24.63036094,BF
-121.6643815,40.6585342,81.00584727,-12.66291424,-6.337407922,24.62235057,BF
-113.9192387,15.46296742,98.45627124,-25.24937134,-5.358870734,24.61434281,BF
-101.230946,-10.34995875,111.5809047,-36.73758908,-4.057942209,24.60633764,BF
-84.15041138,-35.65741836,119.8078297,-46.73280134,-2.758261903,24.59833506,BF
-63.41732716,-59.34672979,122.7640569,-54.93075285,-1.789160738,24.59033507,BF
-44.40768779,-76.78515781,121.1928456,-60.01388244,-1.444336446,24.58380783,BF
-44.40768779,-76.78515781,121.1928456,-60.01388244,-1.444336446,24.58380783,BF
-19.454085,-94.99193273,114.4460177,-63.71105433,-1.748598626,24.57581256,BF
6.335901613,-109.0147905,102.6788889,-64.42826031,-2.946652598,24.5678199,BF
31.83176471,-118.2428052,86.41104047,-62.31528468,-5.013232405,24.55982986,BF
55.96376676,-122.2918419,66.32807509,-58.57985905,-7.796321831,24.55184243,BF
75.81423778,-121.226923,45.41268522,-51.21817691,-10.7263847,24.5445657,BF
75.81423778,-121.226923,45.41268522,-51.21817691,-10.7263847,24.5445657,BF
94.39962147,-115.004238,20.60461651,-42.54774753,-14.04006791,24.53658329,BF
108.8767514,-103.7191421,-5.1576093,-31.74432633,-17.08342871,24.52860351,BF
118.5954817,-87.86206672,-30.73341497,-19.16508743,-19.46654937,24.52062636,BF
123.1354464,-68.12216096,-55.01328549,-5.822457911,-20.86159642,24.51265181,BF
123.4318227,-59.00813465,-64.42368809,-8.04E-10,-21.08864071,24.50935383,BF
123.4318227,-59.00813465,-64.42368809,-9.91E-11,-21.08864071,24.50935383,BF
120.3774965,-35.28171108,-85.09578542,13.43276302,-20.73054848,24.50138296,BF
112.062186,-9.965612259,-102.0965737,26.40418852,-19.06250317,24.49341467,BF
98.85530982,15.84193929,-114.6972491,38.36357888,-16.19884626,24.48544895,BF
81.33054935,41.01664326,-122.3471926,48.72559464,-12.38786415,24.47748579,BF
60.2505907,64.46338694,-124.7139776,57.06267784,-7.986542541,24.46952518,BF
52.36691739,71.90996424,-124.2768816,59.89075841,-6.416391145,24.46680533,BF
52.36691739,71.90996424,-124.2768816,59.89075841,-6.416391145,24.46680533,BF
27.98608497,91.43787052,-119.4239555,64.71726405,-1.894519716,24.45884814,BF
2.372283818,107.0510665,-109.4233503,66.77055755,2.210558697,24.45089349,BF
-23.35716473,118.0623257,-94.70516102,65.83621831,5.519476856,24.4429414,BF
-48.08519578,123.9679605,-75.88276474,63.08640496,7.749033128,24.43499186,BF
-70.74154276,124.5540709,-53.81252817,56.33992123,8.752084614,24.4270449,BF
-78.91543239,123.1817948,-44.26636239,53.39507613,8.787076433,24.42387373,BF
-78.91543239,123.1817948,-44.26636238,53.39507613,8.787076433,24.42387373,BF
-78.91543239,123.1817948,-44.26636238,53.39507613,8.787076433,24.42387373,BF
-81.43929726,122.7478918,-41.30859457,55.00833779,8.783974765,24.42290497,BF
-81.66015092,122.6997294,-41.0395785,53.86687641,8.781976586,24.42281788,BF
-81.66015092,122.6997294,-41.0395785,53.86687641,8.781976586,24.42281788,BF
-83.382731,122.2063734,-38.82364237,49.72514237,8.748079387,24.42210609,BF
-85.63461631,121.4982455,-35.86362918,50.92131805,8.69051932,24.42115488,BF
-91.16541746,119.4264417,-28.26102419,47.20961196,8.48040456,24.41874784,BF
-101.5280375,113.5160239,-11.98798635,40.7791565,7.712710418,24.41369149,BF
-114.0907763,100.3490066,13.74176968,28.86628578,5.7764211,24.40578231,BF
-121.7402004,82.90043335,38.83976702,15.57001788,3.224352662,24.39787572,BF
-124.1455604,61.9211872,62.22437315,1.575963922,0.423658414,24.38997172,BF
-124.0828497,59.56163005,64.52121966,1.12E-10,0.13247146,24.38914847,BF
-124.0828497,59.56163005,64.52121966,-6.61E-10,0.13247146,24.38914847,BF
-120.5925289,35.74565705,84.84687188,-13.67190565,-2.511970482,24.38124732,BF
-111.8990534,10.42468906,101.4743643,-27.66614208,-4.67726271,24.37334875,BF
-98.39950464,-15.25892001,113.6584247,-40.10038776,-6.126891545,24.36545276,BF
-80.66512965,-40.24635713,120.9114868,-51.00421244,-6.7577748,24.35755934,BF
-62.06473652,-60.86100566,122.9257422,-59.34488909,-6.640103788,24.3505835,BF
-62.06473652,-60.86100566,122.9257422,-59.3448891,-6.640103788,24.3505835,BF
-38.56364279,-81.6459655,120.2096083,-66.11138766,-5.876388314,24.34269489,BF
-13.40675875,-98.83503253,112.2417913,-70.12546695,-4.663007645,24.33480883,BF
12.30949521,-111.7005482,99.391053,-71.35855349,-3.30904402,24.32692531,BF
37.47527987,-119.6855074,82.21022748,-69.6733388,-2.145920471,24.31904433,BF
61.00337045,-122.4449764,61.44160593,-65.16274126,-1.482953404,24.3111659,BF
79.22117289,-120.5182288,41.29705592,-59.11227658,-1.501348311,24.30436236,BF
79.22117289,-120.5182288,41.29705592,-59.11227658,-1.501348311,24.30436236,BF
97.07449497,-113.403653,16.32915806,-50.04577078,-2.335382874,24.29648869,BF
110.7133615,-101.3290323,-9.384329153,-38.84960332,-4.065372031,24.28861757,BF
119.5525154,-84.82176505,-34.73075038,-26.24803545,-6.586436384,24.28074903,BF
123.2086261,-64.59463594,-58.61399012,-12.20836187,-9.670522639,24.27288307,BF
122.0342051,-44.75723277,-77.27697237,-5.48E-10,-12.54205017,24.26608121,BF
122.0342051,-44.75723277,-77.27697237,3.16E-11,-12.54205017,24.26608121,BF
115.7989755,-20.02565579,-95.77331975,14.55808127,-15.7645437,24.25822006,BF
104.5185197,5.631607021,-110.1501267,27.73803397,-18.5006751,24.25036148,BF
88.70739746,31.10056045,-119.8079579,39.90890238,-20.3948497,24.24250546,BF
69.04636567,55.28123045,-124.3275961,50.29161455,-21.1697769,24.234652,BF
60.44548555,64.19356797,-124.6390535,53.92989321,-21.12692292,24.23157089,BF
60.44548555,64.19356797,-124.6390535,53.92989321,-21.12692292,24.23157089,BF
36.86775713,84.86906059,-121.7368177,61.10367694,-20.11153093,24.22372097,BF
11.6812422,101.92511,-113.6063522,65.70277606,-17.83244749,24.21587358,BF
-14.02882443,114.6358103,-100.6069858,67.54954989,-14.4751665,24.20802871,BF
-39.15124888,122.4502049,-83.298956,66.56521992,-10.34549611,24.20018634,BF
-62.60149997,125.0312493,-62.42974932,62.83277423,-5.836915722,24.19234648,BF
-72.66327772,124.3470512,-51.68377349,59.63874085,-3.720379757,24.18868387,BF
-72.66327773,124.3470512,-51.68377349,59.63874085,-3.720379757,24.18868387,BF
-91.8950176,119.1578581,-27.2628405,51.84221504,0.559222746,24.18084767,BF
-103.7490797,111.8354582,-8.086378539,45.20465868,3.360295457,24.17496135,BF
-113.0840992,101.8162792,11.26782001,37.13535526,5.645756903,24.16907645,BF
-119.6702789,89.33716396,30.33311494,27.6854517,7.309993928,24.16319297,BF
-123.8197322,70.58593612,53.23379604,16.2435654,8.429006699,24.1557717,BF
-123.1389094,49.10944411,74.02946526,2.445419998,8.431648788,24.14835271,BF
-122.4447747,44.65842058,77.78635409,6.46E-10,8.308322315,24.14690127,BF
-122.4447747,44.65842058,77.78635409,-3.61E-11,8.308322315,24.14690127,BF
-116.1014288,21.08159359,95.01983525,-12.86123978,7.115606099,24.13948501,BF
-105.2600955,-3.272166088,108.5322616,-25.11000647,5.145246676,24.13207104,BF
-90.34486778,-27.45272352,117.7975913,-36.33745366,2.679796545,24.12465936,BF
-71.93339787,-50.52230496,122.4557028,-46.12144674,0.0373272,24.11724999,BF
-60.81982791,-62.15156625,122.9713942,-50.84312857,-1.344824578,24.11326345,BF
-60.81982791,-62.15156625,122.9713942,-50.84312857,-1.344824578,24.11326345,BF
-38.47608082,-81.79092021,120.267001,-57.72042973,-3.653642175,24.10585761,BF
-14.65031658,-98.20160488,112.8519215,-62.26218827,-5.423631889,24.09845406,BF
9.730713231,-110.7552961,101.0245828,-64.49252611,-6.498479119,24.0910528,BF
33.72027823,-118.9625836,85.24230539,-64.26495193,-6.822456344,24.08365382,BF
56.38728423,-122.5054022,66.11811797,-61.63569512,-6.446588664,24.07625711,BF
62.58402466,-122.5856548,60.00163012,-60.11071026,-6.218148866,24.07410194,BF
62.58402466,-122.5856548,60.00163012,-60.11071026,-6.218148866,24.07410194,BF
82.28352582,-119.963623,37.68009717,-54.36198944,-5.174916853,24.06670816,BF
98.72720774,-112.5892649,13.86205717,-46.88375511,-3.877997662,24.05931663,BF
111.3254038,-100.8016196,-10.52378426,-37.34765394,-2.614112467,24.05192736,BF
119.5837813,-85.05284876,-34.53093253,-26.50406457,-1.66404375,24.04454036,BF
123.1816848,-65.95480917,-57.22687567,-14.73523132,-1.27269969,24.03715561,BF
121.9843746,-44.24360343,-77.74077113,-2.523126433,-1.615711001,24.02977314,BF
121.2068482,-39.91082876,-81.29601945,1.30E-09,-1.772382437,24.02837967,BF
121.2068482,-39.91082876,-81.29601946,2.01E-09,-1.772382437,24.02837967,BF
114.3760355,-16.20877299,-98.16726248,12.0398222,-3.087301235,24.02099989,BF
103.0869084,8.169430848,-111.2563392,23.67283272,-5.177345143,24.0136224,BF
87.77516114,32.27729582,-120.052457,34.20265687,-7.89155987,24.0062472,BF
69.03799145,55.18033572,-124.2183272,43.18268645,-10.9880494,23.99887429,BF
48.36482222,75.32459032,-123.6894125,50.46776377,-14.05496125,23.99175519,BF
48.36482222,75.32459032,-123.6894125,50.46776377,-14.05496125,23.99175519,BF
25.11830852,93.33497467,-118.4532832,55.91853403,-16.97869614,23.98438678,BF
0.870312651,107.7721778,-108.6424905,58.84375435,-19.3236058,23.97702066,BF
-23.4252298,118.069746,-94.64451623,59.43848911,-20.80347616,23.96965682,BF
-46.8276471,123.8275394,-76.99989225,57.74563186,-21.21276014,23.96229526,BF
-62.8644597,125.0172449,-62.1527852,55.00508205,-20.76742687,23.95690455,BF
-62.8644597,125.0172449,-62.15278519,55.00508205,-20.76742687,23.95690455,BF
-82.6028969,122.4970512,-39.89415432,49.58044033,-19.15229648,23.94954689,BF
-99.14920664,115.2606532,-16.11144659,42.02987105,-16.46779143,23.94219147,BF
-111.8607427,103.5955672,8.265175489,32.90339142,-12.92851583,23.93483828,BF
-120.2436928,87.95356979,32.29012297,22.53160187,-8.834822382,23.92748731,BF
-123.9725675,68.94199374,55.03057376,11.35554269,-4.543054381,23.92013856,BF
-123.0969146,48.65997327,74.43694129,1.50E-09,-0.66343587,23.91323446,BF
-123.0969146,48.65997327,74.43694129,9.97E-10,-0.663435869,23.91323446,BF
-117.53342,25.3093288,92.22409122,-11.71361771,2.96398171,23.90589002,BF
-107.431222,1.024249001,106.406973,-22.92399667,5.788693657,23.89854781,BF
-93.16899261,-23.25378164,116.4227743,-33.08366676,7.60294743,23.89120783,BF
-75.3020638,-46.58147197,121.8835358,-41.88442586,8.309677035,23.88387009,BF
-54.5242566,-68.05301089,122.5772675,-48.96314677,7.929406661,23.87653461,BF
-45.41464513,-76.0580759,121.472721,-51.35781986,7.489094847,23.87355366,BF
-45.41464513,-76.0580759,121.472721,-51.35781986,7.489094847,23.87355366,BF
-21.92863195,-93.53904169,115.4676736,-55.55086586,5.827912437,23.86622136,BF
2.395730092,-107.3321339,104.9364038,-57.45260721,3.551074962,23.85889132,BF
26.6156766,-116.9128789,90.29720231,-57.07020297,0.968008679,23.85156356,BF
49.79026354,-121.9072248,72.11696126,-54.38277742,-1.598903468,23.84423808,BF
60.79999738,-122.5812436,61.78124623,-51.84065342,-2.791176366,23.84053598,BF
60.79999738,-122.5812436,61.78124623,-51.84065342,-2.791176366,23.84053598,BF
80.75203193,-120.4019939,39.64996193,-45.68904983,-4.792900054,23.83321391,BF
97.52212333,-113.4529926,15.93086926,-38.06726894,-6.148566658,23.82589411,BF
110.4951339,-102.0667142,-8.42841969,-28.46891143,-6.762870432,23.81857656,BF
119.1566056,-86.65455407,-32.50205155,-17.91517042,-6.640602184,23.81126127,BF
123.1826953,-67.84152169,-55.34117361,-6.529647944,-5.89396283,23.80394821,BF
123.3633021,-56.54774975,-66.81555234,-7.07E-10,-5.299513464,23.80002,BF
123.3633021,-56.54774975,-66.81555234,-7.62E-11,-5.299513464,23.80002,BF
120.0306482,-33.98421719,-86.04643101,11.91056276,-4.002840355,23.79271038,BF
112.0067585,-10.02153409,-101.9852244,23.15011484,-2.688982245,23.785403,BF
99.62159025,14.36969495,-113.9912852,33.68770269,-1.646726116,23.77809785,BF
83.35394943,38.24786997,-121.6018194,42.91076441,-1.131294453,23.77079494,BF
63.83576538,60.68516776,-124.5209331,50.48272741,-1.333845094,23.76349427,BF
41.82504445,80.81023106,-122.6352755,56.09659282,-2.354675742,23.75619584,BF
39.61830464,82.58076989,-122.1990745,56.5288755,-2.496236069,23.75549973,BF
39.61830464,82.58076989,-122.1990745,56.5288755,-2.496236069,23.75549973,BF
15.85811332,99.28496357,-115.1430769,59.75113119,-4.402743204,23.74820377,BF
-8.528052165,112.1739271,-103.645875,60.62712354,-6.989691023,23.74091008,BF
-32.59932788,120.75246,-88.15313212,59.14364781,-10.03571975,23.73361865,BF
-55.41985342,124.6865689,-69.26671545,55.35991175,-13.24564212,23.7263295,BF
-71.78467351,124.3890654,-52.60439192,50.35023067,-15.64737756,23.7206336,BF
-71.78467351,124.3890654,-52.60439192,50.35023067,-15.64737756,23.7206336,BF
-90.25459022,119.8217331,-29.56714293,42.51191682,-18.31945245,23.71334847,BF
-105.2018728,110.6064819,-5.404609132,33.55191592,-20.23590643,23.70606561,BF
-116.0862822,97.14615049,18.94013174,22.5664786,-21.15898129,23.69878499,BF
-122.4727979,79.95803846,42.51475947,10.7620288,-20.93469769,23.69150662,BF
-124.1712803,62.3569656,61.81431473,-3.56E-09,-19.7631282,23.68513133,BF
-124.1712803,62.3569656,61.81431473,-4.22E-09,-19.7631282,23.68513133,BF
-121.5994948,40.0762044,81.52329038,-12.20964602,-17.38320005,23.67785713,BF
-114.3197119,16.28236612,98.03734578,-24.04038137,-14.07027423,23.67058513,BF
-102.6140656,-8.096905306,110.7109709,-35.00244151,-10.10381704,23.66331534,BF
-86.93712898,-32.11534761,119.0524766,-44.66423023,-5.829509755,23.65604774,BF
-67.89747782,-54.84029097,122.7377688,-52.64465447,-1.622165273,23.64878233,BF
-46.23264475,-75.38213565,121.6147804,-58.682874,2.153836603,23.64151912,BF
-45.26074307,-76.19898088,121.4597239,-58.92782432,2.300718385,23.64121037,BF
-45.26074307,-76.19898088,121.4597239,-58.92782432,2.300718385,23.64121037,BF
-21.75798019,-93.63128282,115.389263,-62.41749903,5.295884094,23.63394945,BF
2.568912077,-107.3760439,104.8071318,-63.43906315,7.308533486,23.62669074,BF
26.79311601,-116.9136745,90.12055849,-62.5039999,8.222647955,23.61943425,BF
49.9506948,-121.8297943,71.87909949,-58.89844785,8.030746612,23.61217998,BF
71.17415065,-122.0011063,50.82695568,-52.06134809,6.856979509,23.60492795,BF
74.68877695,-121.4737644,46.78498748,-50.61814446,6.550916765,23.60362291,BF
74.68877695,-121.4737644,46.78498747,-50.61814446,6.550916765,23.60362291,BF
92.59248911,-116.054131,23.46164191,-41.99482213,4.496212761,23.59637352,BF
106.8320861,-106.0189706,-0.813115563,-32.16385758,2.003095985,23.58912638,BF
116.9183114,-91.82769147,-25.09061996,-20.41222042,-0.599826094,23.58188149,BF
122.4509036,-74.02283703,-48.4280666,-7.867000873,-2.999922599,23.57463884,BF
123.4820568,-61.89611658,-61.58594019,-2.86E-09,-4.227597984,23.57029966,BF
123.4820568,-61.89611658,-61.58594019,-2.16E-09,-4.227597984,23.57029966,BF
121.3697331,-39.8013685,-81.56836459,12.94964081,-5.781733063,23.5630606,BF
114.5257793,-16.11244728,-98.41333201,25.5036252,-6.611242988,23.55582377,BF
103.2232052,8.248736525,-111.4719417,37.26318854,-6.691864931,23.54858918,BF
87.90000428,32.33613137,-120.2361356,47.71492236,-6.10485111,23.5413568,BF
69.15144193,55.21443791,-124.3658798,56.47337382,-5.025941585,23.53412663,BF
55.0015105,69.40987179,-124.4113823,61.60850812,-4.144733903,23.52927831,BF
55.0015105,69.40987179,-124.4113823,61.60850812,-4.144733903,23.52927831,BF
32.21739832,88.34814863,-120.565547,66.68236364,-2.815648976,23.52205184,BF
8.160574778,103.8691942,-112.029769,69.34615321,-1.715596284,23.51482757,BF
-16.22280256,115.4041126,-99.18131001,69.51466994,-1.110521025,23.50760552,BF
-39.98697753,122.5014513,-82.5144738,67.09467259,-1.203475388,23.50038568,BF
-62.20894238,124.8856289,-62.67668655,62.18789804,-2.109478758,23.49316806,BF
-81.98446465,122.4748135,-40.49034888,54.99405656,-3.833214654,23.48596886,BF
-81.98446465,122.4748135,-40.49034888,54.99405656,-3.833214654,23.48596886,BF
-98.6345161,115.3520993,-16.71758319,45.76390928,-6.281939921,23.47875571,BF
-111.4653037,103.7940664,7.671237308,34.84214001,-9.250728447,23.47154479,BF
-119.9786616,88.24911197,31.72954963,22.66338709,-12.45742794,23.46433611,BF
-123.8441956,69.32074192,54.52345369,9.698901209,-15.57090739,23.45712968,BF
-123.7755001,55.92112846,67.85437165,-3.70E-11,-17.32925289,23.45257414,BF
-123.7755001,55.92112846,67.85437165,-7.10E-10,-17.32925289,23.45257414,BF
-119.8520697,33.10706793,86.74500176,-13.1107883,-19.57219334,23.44537135,BF
-111.2395867,9.041432365,102.1981543,-25.68402267,-20.88931054,23.4381708,BF
-98.32554954,-15.32793795,113.6534875,-37.71195979,-21.09969818,23.43097247,BF
-81.60408889,-39.05680679,120.6608957,-48.22231494,-20.12020869,23.42377634,BF
-61.72538436,-61.22320747,122.9485918,-56.91348428,-17.98985564,23.41658241,BF
-60.24213449,-62.68372966,122.9258642,-57.47875427,-17.80139696,23.41608319,BF
-60.24213449,-62.68372966,122.9258642,-57.47875427,-17.80139696,23.41608319,BF
-37.84289069,-82.23161316,120.0745038,-63.82907852,-14.61721664,23.4088916,BF
-13.98770914,-98.53713559,112.5248447,-67.78730438,-10.72032348,23.40170218,BF
10.3992152,-110.9706536,100.5714384,-69.20611878,-6.449549735,23.39451493,BF
34.37045886,-119.0487104,84.67825155,-68.04359532,-2.180134863,23.38732986,BF
56.99560026,-122.4576791,65.46207886,-64.36584957,1.716886025,23.38014695,BF
77.39381902,-121.0629394,43.66912041,-57.87727707,4.914002347,23.37296622,BF
78.36434199,-120.8498274,42.48548543,-57.4563356,5.053987385,23.37259602,BF
78.36434199,-120.8498274,42.48548542,-57.4563356,5.053987385,23.37259602,BF
95.57528601,-114.4654011,18.89011512,-49.05626398,7.249866684,23.36541758,BF
109.0541471,-103.5902506,-5.463896525,-38.56614252,8.348057342,23.35824133,BF
118.2853147,-88.64075425,-29.64456043,-26.8019068,8.329525461,23.35106728,BF
122.909958,-70.20092885,-52.70902916,-13.97117714,7.291380637,23.34389544,BF
122.746894,-48.98540684,-73.76148713,-0.612556816,5.433322252,23.33672582,BF
122.6322448,-48.04093703,-74.5913078,-1.43E-09,5.340716136,23.33642403,BF
122.6322448,-48.04093703,-74.5913078,-6.47E-10,5.340716136,23.33642403,BF
117.4888276,-24.81841858,-92.67040902,13.30212445,2.924763842,23.32925672,BF
107.7756918,-0.583857521,-107.1918343,26.15190659,0.299243778,23.32209163,BF
93.86318965,23.72165564,-117.5848453,37.97202297,-2.214129371,23.31492877,BF
76.29331321,47.15405826,-123.4473715,48.3503788,-4.330003304,23.30776813,BF
64.27190321,60.41608645,-124.6879897,54.27570354,-5.316105351,23.30347542,BF
64.27190321,60.41608646,-124.6879897,54.27570354,-5.316105351,23.30347542,BF
42.32155435,80.57635879,-122.8979131,61.2234747,-6.38516831,23.29631832,BF
18.71638635,97.66617676,-116.3825631,66.30435318,-6.701827401,23.28916342,BF
-5.621484773,110.9940291,-105.3725444,69.02567716,-6.313091558,23.28201072,BF
-29.76201191,120.071558,-90.30954607,68.84319707,-5.373491867,23.27486021,BF
-52.75951834,124.535783,-71.77626462,66.32743816,-4.111555748,23.26771188,BF
-72.26221561,124.388594,-52.12637836,61.73553147,-2.89525645,23.26109,BF
-72.26221561,124.388594,-52.12637836,61.73553147,-2.89525645,23.26109,BF
-90.59751875,119.626566,-29.0290473,54.61256314,-1.804754728,23.25394589,BF
-105.4272361,110.2599036,-4.832667515,45.50883993,-1.2020081,23.24680396,BF
-116.1699869,96.65582325,19.51416363,34.66131765,-1.292594424,23.23966422,BF
-122.4081352,79.34142113,43.06671405,22.69674975,-2.193320772,23.23252668,BF
-123.8985951,58.98915173,64.90944335,10.02068217,-3.914980877,23.22539134,BF
-121.8528116,42.22148751,79.63132412,-6.18E-09,-5.686407037,23.22004426,BF
-121.8528116,42.22148751,79.63132412,-6.84E-09,-5.686407037,23.22004426,BF
-115.0338301,18.52841717,96.50541296,-12.76543734,-8.53856472,23.21291279,BF
-103.7449039,-5.848035977,109.5929399,-24.7225434,-11.70389873,23.20578354,BF
-88.43238382,-29.95498597,118.3873698,-36.19093366,-14.85834997,23.19865651,BF
-69.6989088,-52.84841238,122.5473212,-45.85574152,-17.65594633,23.19153169,BF
-56.35577621,-66.34358304,122.6993592,-51.13841463,-19.0962688,23.18701188,BF
-56.35577621,-66.34358304,122.6993592,-51.13841463,-19.0962688,23.18701188,BF
-33.63812886,-85.3881395,119.0262684,-57.37875644,-20.63617075,23.17989067,BF
-9.622572157,-101.0682259,110.6907981,-61.8120166,-21.09895885,23.17277166,BF
14.75975871,-112.7760202,98.01626151,-63.50991831,-20.37486562,23.16565484,BF
38.55646013,-120.0543259,81.49786577,-62.75126082,-18.47403159,23.15854019,BF
60.84181199,-122.6200803,61.7782683,-59.66175229,-15.52800822,23.1514277,BF
65.14173895,-122.5393747,57.39763571,-58.50692244,-14.81166467,23.1499681,BF
65.14173895,-122.5393747,57.39763571,-58.50692244,-14.81166467,23.1499681,BF
84.47407574,-119.3398734,34.86579762,-52.72386901,-10.93909687,23.14285821,BF
100.5046959,-111.440041,10.93534513,-45.05504852,-6.653982279,23.13575046,BF
112.6184858,-99.16500866,-13.45347719,-35.55270497,-2.336459431,23.12864486,BF
120.3626723,-83.00230095,-37.36037131,-24.43021465,1.638241708,23.1215414,BF
123.4121047,-63.5619327,-59.85017198,-13.06936889,4.934083847,23.1144401,BF
121.6424037,-41.59291772,-80.04948599,-0.29777384,7.290876432,23.10734094,BF
121.5364749,-41.01734676,-80.51912818,-1.01E-09,7.336283786,23.10716353,BF
121.5364749,-41.01734675,-80.51912818,-3.63E-10,7.336283786,23.10716353,BF
114.9246159,-17.3725402,-97.55207571,12.06231411,8.569920167,23.1000666,BF
103.8378799,6.997949513,-110.8358294,23.64398095,8.672862253,23.09297184,BF
88.70611033,31.14310333,-119.8492137,34.20095377,7.728671401,23.08587926,BF
70.11709215,54.12579745,-124.2428896,43.33753989,5.92781329,23.07878887,BF
51.94055388,72.24948472,-124.1900386,49.83924311,3.902512947,23.07270244,BF
51.94055387,72.24948472,-124.1900386,49.83924311,3.902512947,23.07270244,BF
28.92856852,90.76113866,-119.6897072,55.46170805,1.268271507,23.06561613,BF
4.778452477,105.7952614,-110.5737139,58.80615974,-1.351081475,23.05853203,BF
-19.5701717,116.7686923,-97.19852064,59.85444584,-3.652689695,23.05145013,BF
-43.17195264,123.2554344,-80.08348171,58.53387388,-5.395303483,23.04437042,BF
-59.22966494,124.9691679,-65.73950297,56.05824992,-6.212319381,23.03925364,BF
-59.22966494,124.9691679,-65.73950297,56.05824992,-6.212319381,23.03925364,BF
-79.4440872,123.2667626,-43.82267541,50.61583909,-6.697724837,23.0321777,BF
-96.56356505,116.7873011,-20.22373602,43.49846147,-6.454429109,23.02510392,BF
-109.9445224,105.8317167,4.112805713,34.40564518,-5.624004741,23.01803232,BF
-119.0592039,90.79649853,28.26270535,24.27202309,-4.422713063,23.01096288,BF
-123.5658416,72.29319612,51.27264552,13.13620845,-3.126071266,23.0038956,BF
-123.2830307,51.03153649,72.25149417,1.515097333,-2.023319747,22.99683047,BF
-122.9289198,48.37568721,74.55323256,1.77E-09,-1.918765767,22.99600235,BF
-122.9289198,48.37568721,74.55323256,1.08E-09,-1.918765767,22.99600235,BF
-117.33455,25.02419361,92.3103564,-11.96581683,-1.348869765,22.98893964,BF
-107.1774211,0.733479002,106.4439421,-22.97404116,-1.473119111,22.9818791,BF
-92.86903882,-23.54032785,116.4093667,-33.24356369,-2.405568802,22.97482074,BF
-74.96006081,-46.85250602,121.8125668,-42.09305705,-4.153536065,22.96776455,BF
-54.14822763,-68.29724699,122.4454746,-49.18497424,-6.612469913,22.96071055,BF
-42.58119174,-78.30743072,120.8886225,-52.1544967,-8.088694449,22.9570868,BF
-42.58119173,-78.30743072,120.8886225,-52.1544967,-8.088694449,22.9570868,BF
-18.94750031,-95.37752827,114.3250286,-56.09634256,-11.20309112,22.95003612,BF
5.413128691,-108.6906318,103.2775032,-57.90341866,-14.36677634,22.94298763,BF
29.55505637,-117.7366649,88.18160853,-57.33997018,-17.23589549,22.93594133,BF
52.54063083,-122.1634066,69.62277574,-54.47585584,-19.47723907,22.92889722,BF
63.95280663,-122.5350597,58.58225309,-51.71936232,-20.30494971,22.92515614,BF
63.95280663,-122.5350597,58.58225309,-51.71936232,-20.30494971,22.92515614,BF
83.48918385,-119.6553228,36.16613898,-45.38192999,-21.07368822,22.91811536,BF
99.73863191,-112.038751,12.30011906,-37.81105877,-20.66195775,22.91107675,BF
112.1152005,-100.0267195,-12.08848109,-27.94215208,-19.05765561,22.90404029,BF
120.1232233,-84.08768698,-36.03553628,-17.12356297,-16.35833414,22.89700597,BF
123.4577687,-64.83437229,-58.62339643,-5.664012325,-12.77618116,22.88997379,BF
123.3518434,-54.73344857,-68.61839481,3.66E-09,-10.84881072,22.88663504,BF
123.3518434,-54.73344857,-68.61839481,4.30E-09,-10.84881072,22.88663504,BF
119.6090229,-31.98967401,-87.61934884,11.53222911,-6.539427607,22.87960598,BF
111.2080825,-7.958768165,-103.2493143,22.78341935,-2.19842931,22.87257905,BF
98.47788968,16.42797797,-114.9058677,33.11199893,1.795823637,22.86555424,BF
81.91251373,40.22315255,-122.1356663,42.1374706,5.105424248,22.85853155,BF
62.15512997,62.50292518,-124.6580552,49.50188285,7.469433303,22.85151099,BF
41.02169384,81.55115209,-122.5728459,54.75786091,8.696718966,22.84481224,BF
41.02169384,81.55115209,-122.5728459,54.75786091,8.696718966,22.84481224,BF
17.32826876,98.46012307,-115.7883918,58.05673492,8.869308006,22.83779587,BF
-7.045745644,111.5838572,-104.5381115,58.89454422,7.976168034,22.83078167,BF
-31.16462524,120.4281635,-89.26353827,57.74641463,6.203361836,22.82376962,BF
-54.07063297,124.6238496,-70.55321663,54.26919139,3.819423059,22.81675976,BF
-67.43066778,124.8274757,-57.39680797,50.03736705,2.153445418,22.81237678,BF
-67.43066778,124.8274757,-57.39680797,50.03736705,2.153445418,22.81237678,BF
-86.51327779,121.2446019,-34.73132408,43.1585207,-0.531387363,22.80537044,BF
-102.2693645,112.9970816,-10.72771711,33.95138606,-2.98757959,22.79836629,BF
-114.0631044,100.4094311,13.65367329,23.4907231,-4.945025591,22.7913643,BF
-121.4382979,83.96944327,37.46885466,11.97747315,-6.221694952,22.78436448,BF
-124.1056043,64.52416187,59.58144245,1.95E-09,-6.736425442,22.77743611,BF
-124.1056043,64.52416187,59.58144245,1.31E-09,-6.736425442,22.77743611,BF
-122.0154485,42.44150382,79.57394472,-12.20533033,-6.529233893,22.77044058,BF
-115.198197,18.75856412,96.4396329,-24.05002756,-5.724326095,22.76344719,BF
-103.9188224,-5.60472321,109.5235456,-35.06948903,-4.53971429,22.75645594,BF
-88.6153329,-29.70221885,118.3175518,-44.83211567,-3.248504085,22.74946682,BF
-69.88171816,-52.59840016,122.4801183,-52.95733476,-2.142383357,22.74247984,BF
-48.44534714,-73.4021797,121.8475268,-59.06078453,-1.492840727,22.735495,BF
-44.3963949,-76.82712602,121.2235209,-60.21342569,-1.442627522,22.73425373,BF
-44.3963949,-76.82712602,121.2235209,-60.21342569,-1.442627522,22.73425373,BF
-20.8495023,-94.13423594,114.9837382,-63.41237724,-1.600563164,22.72727141,BF
3.486475248,-107.7411741,104.2546988,-64.40538551,-2.568471954,22.72029124,BF
27.68929894,-117.1256829,89.43638393,-63.46388999,-4.349620846,22.71331323,BF
50.79201379,-121.8843926,71.09237878,-59.22362993,-6.834585712,22.70633738,BF
71.92008277,-121.8688041,49.94872137,-53.08537368,-9.812028594,22.6993637,BF
77.64504833,-120.9539797,43.30893141,-51.18850942,-10.74199124,22.69731295,BF
77.64504833,-120.9539797,43.30893141,-51.18850942,-10.74199124,22.69731295,BF
95.01215296,-114.7883714,19.77621846,-42.0496951,-13.91804771,22.69034207,BF
108.6666709,-104.1105991,-4.556071784,-31.69640674,-16.85383359,22.68337337,BF
118.0912885,-89.34109958,-28.75018895,-19.94911113,-19.21258228,22.67640682,BF
122.9191139,-71.05333074,-51.86578319,-7.403361789,-20.6999266,22.66944244,BF
123.5292249,-59.40730857,-64.12191633,5.11E-10,-21.06882202,22.66550435,BF
123.5292249,-59.40730857,-64.12191633,1.21E-09,-21.06882202,22.66550435,BF
120.8611681,-37.08309174,-83.77807639,12.80527136,-20.80350095,22.65854332,BF
113.4819398,-13.26843439,-100.2135054,25.14899529,-19.33685857,22.65158443,BF
101.6863342,11.10984086,-112.796175,36.64715692,-16.75533745,22.64462765,BF
85.93121948,35.10501111,-121.0362306,46.78383807,-13.25928687,22.63767298,BF
66.82862668,57.78532604,-124.6139527,55.18328232,-9.145074153,22.63072041,BF
52.30876994,71.99218256,-124.3009525,60.21479166,-6.178066742,22.62599996,BF
52.30876994,71.99218256,-124.3009525,60.21479166,-6.178066742,22.62599996,BF
29.310271,90.51276578,-119.8230368,64.52003721,-1.851822535,22.61905091,BF
5.16293815,105.5793761,-110.7423143,67.06183627,2.093334478,22.61210396,BF
-19.19616391,116.5786633,-97.38249938,66.51973645,5.322549323,22.60515911,BF
-42.82328588,123.1013413,-80.27805541,63.67087386,7.583782415,22.59821637,BF
-64.80327703,124.9142785,-60.11100149,58.95740808,8.733247312,22.59127575,BF
-78.62015647,123.3041467,-44.68399024,52.95303973,8.850848563,22.58646863,BF
-78.62015647,123.3041467,-44.68399024,52.95303973,8.850848563,22.58646863,BF
-95.87552755,117.0357114,-21.16018389,44.66771785,8.115621399,22.57953161,BF
-109.4428466,106.2496992,3.193147417,33.64648144,6.459808685,22.57259673,BF
-118.7677925,91.38654087,27.38125165,21.56095959,4.145621496,22.565664,BF
-123.4904666,73.02060702,50.46985956,8.551429128,1.488118821,22.55873342,BF
-124.0064673,59.9349803,64.071487,1.32E-09,-0.215826691,22.55435977,BF
-124.0064673,59.93498029,64.071487,6.00E-10,-0.215826691,22.55435977,BF
-120.9183285,37.43937062,83.47895792,-13.35691785,-2.72734105,22.5474327,BF
-113.1394001,13.53456877,99.60483135,-26.26676628,-4.771539746,22.54050778,BF
-100.978483,-10.84906863,111.8275516,-38.31617765,-6.151455635,22.533585,BF
-84.90710016,-34.76458925,119.6716894,-48.99164088,-6.770964219,22.52666436,BF
-65.5496501,-57.28331607,122.8329662,-57.90341902,-6.644806121,22.51974585,BF
-61.83782561,-61.05384741,122.891673,-59.54455312,-6.552484571,22.51852617,BF
-61.8378256,-61.05384741,122.891673,-59.54455312,-6.552484571,22.51852617,BF
-39.58191153,-80.80968021,120.3915917,-65.78571607,-5.709911211,22.51161016,BF
-15.80996873,-97.3815951,113.1915638,-69.70206058,-4.498175688,22.50469625,BF
8.572483193,-110.131914,101.5594308,-71.29438067,-3.192348884,22.49778446,BF
32.59698336,-118.5354039,85.93842053,-70.36856582,-2.08643413,22.49087478,BF
55.35909509,-122.3031661,66.94407104,-66.19072553,-1.451838778,22.48396721,BF
75.96583733,-121.2923959,45.32655855,-60.53342523,-1.500563521,22.47706176,BF
79.82746214,-120.4728859,40.64542372,-58.53696864,-1.608810759,22.47566089,BF
79.82746214,-120.4728859,40.64542372,-58.53696864,-1.608810759,22.47566089,BF
96.74873746,-113.7357425,16.98700502,-49.88140827,-2.637138007,22.468758,BF
109.9233678,-102.5323485,-7.391019282,-39.01773429,-4.480598286,22.46185724,BF
118.8134852,-87.29786194,-31.51562326,-26.9795353,-7.020184251,22.45495862,BF
123.0770675,-68.62392775,-54.45313974,-13.95310286,-10.03632781,22.44806215,BF
122.5485726,-47.23590854,-75.31266408,-0.474790376,-13.23184627,22.44116782,BF
122.4470413,-46.48687255,-75.96016874,7.37E-10,-13.33723449,22.44093931,BF
122.4470413,-46.48687255,-75.96016874,1.51E-09,-13.3372345,22.44093931,BF
116.9913509,-23.16671481,-93.82463605,13.41894413,-16.36009857,22.4340472,BF
106.9813264,1.099641786,-108.0809681,26.2321924,-18.86483482,22.42715723,BF
92.8040434,25.37340733,-118.1774507,38.01202602,-20.54530182,22.4202694,BF
75.01085045,48.71102292,-123.7218734,48.29410884,-21.16962783,22.41338369,BF
61.5643595,63.18245349,-124.746813,54.66179395,-20.92747469,22.40882756,BF
61.5643595,63.18245349,-124.746813,54.66179395,-20.92747469,22.40882756,BF
39.3588401,83.00930814,-122.3681482,61.50431,-19.57833903,22.40194536,BF
15.59992347,99.63983732,-115.2397608,66.06338724,-17.09212847,22.39506525,BF
-8.772872855,112.4502973,-103.6774244,68.23267578,-13.67150357,22.38818724,BF
-32.81559208,120.9410773,-88.12548518,67.77357024,-9.606441278,22.3813113,BF
-55.59406839,124.7823244,-69.18825603,64.75295981,-5.254972412,22.37443743,BF
-74.69658598,124.0716917,-49.37510572,59.81085767,-1.324850258,22.36810583,BF
-74.69658598,124.0716917,-49.37510572,59.81085767,-1.324850257,22.36810583,BF
-92.63499821,118.7238392,-26.08884094,52.31328271,2.505657898,22.36123595,BF
-106.9851142,108.8097485,-1.824634307,42.85964623,5.570877439,22.35436815,BF
-117.1907083,94.71698635,22.47372194,31.86151948,7.634519207,22.34750243,BF
-122.8478745,76.98815712,45.85971737,19.60999043,8.569890129,22.34063881,BF
-123.7570694,56.32356857,67.4335008,6.521805405,8.37657624,22.33377729,BF
-122.4704378,45.79211353,76.67832428,1.74E-09,7.916249812,22.33055216,BF
-122.4704378,45.79211353,76.67832428,1.05E-09,7.916249812,22.33055216,BF
-116.4073584,22.28478488,94.12257356,-13.1983426,6.305579647,22.32369375,BF
-105.779513,-2.048959236,107.8284722,-25.25456849,4.022195861,22.31683747,BF
-91.06016568,-26.25654068,117.3167064,-36.80872727,1.388955378,22.30998331,BF
-72.81400843,-49.39800815,122.2120166,-46.82693412,-1.260775049,22.30313129,BF
-61.96842705,-60.89828789,122.8667149,-51.50676416,-2.560721667,22.299509,BF
-61.96842705,-60.89828789,122.8667149,-51.50676416,-2.560721667,22.299509,BF
-39.74076029,-80.70195495,120.4427152,-58.48094063,-4.651386711,22.29266023,BF
-15.97913558,-97.32043585,113.2995714,-63.37556027,-6.092976691,22.28581357,BF
8.392793537,-110.1142454,101.7214518,-65.80734563,-6.776885229,22.27896903,BF
32.42839966,-118.585665,86.15726533,-65.7432331,-6.704557728,22.27212659,BF
55.19435479,-122.4060079,67.21165309,-63.21328198,-5.985983015,22.26528625,BF
64.85001485,-122.5208987,57.67088383,-61.06589624,-5.494159269,22.26218165,BF
64.85001485,-122.5208987,57.67088383,-61.06589624,-5.494159269,22.26218165,BF
84.24116687,-119.398688,35.15752114,-54.90845177,-4.218511907,22.25534435,BF
100.3127386,-111.5515237,11.23878512,-47.30368243,-2.894686574,22.24850914,BF
112.4866148,-99.32594952,-13.16066532,-37.3581748,-1.821428115,22.24167601,BF
120.2742616,-83.20066938,-37.07359222,-26.18954759,-1.266185456,22.23484498,BF
123.3767456,-63.79257161,-59.58417398,-14.08908499,-1.430423984,22.22801604,BF
121.6755156,-41.86339242,-79.81212317,-1.44522843,-2.422835485,22.22118921,BF
121.2064944,-39.31978646,-81.88670799,1.58E-08,-2.583951138,22.22043086,BF
121.2064944,-39.31978646,-81.88670799,1.65E-08,-2.583951138,22.22043086,BF
114.2540076,-15.55908388,-98.69492373,12.60157341,-4.492000837,22.21360637,BF
102.8544139,8.819825683,-111.6742396,24.21982516,-7.090294784,22.20678399,BF
87.44811803,32.9101016,-120.3582196,34.92126222,-10.15422,22.19996374,BF
68.63367043,55.76890284,-124.4025733,44.16208806,-13.3793011,22.19314561,BF
50.4013975,73.64774753,-124.049145,50.7922333,-16.00154268,22.1873213,BF
50.4013975,73.64774753,-124.049145,50.7922333,-16.00154268,22.1873213,BF
27.28269927,91.94371444,-119.2264137,56.47073595,-18.61157947,22.18050711,BF
3.091624636,106.7062898,-109.7979144,59.92401693,-20.42334376,22.17369502,BF
-21.22930818,117.3681436,-96.13883537,61.0855397,-21.19490095,22.16688504,BF
-44.74254886,123.5284085,-78.78585963,59.57283482,-20.7880831,22.16007715,BF
-62.83144973,125.0093187,-62.17786898,56.9247355,-19.54096232,22.154471,BF
-62.83144973,125.0093187,-62.17786898,56.9247355,-19.54096232,22.154471,BF
-82.57522334,122.4865484,-39.91132511,51.04869825,-17.02302983,22.1476669,BF
-99.09849653,115.2173881,-16.11889159,43.71087602,-13.57262883,22.14086486,BF
-111.785009,103.5243592,8.260649802,34.51045844,-9.49639617,22.13406488,BF
-120.140064,87.85805345,32.28201059,24.02592488,-5.155619719,22.12726695,BF
-123.8389989,68.82691883,55.01208008,12.65856911,-0.937550507,22.12047107,BF
-122.7432125,47.16613006,75.57708246,0.854812011,2.789407933,22.11367724,BF
-122.4939347,45.64150881,76.85242593,6.60E-09,3.012834459,22.11322365,BF
-122.4939347,45.64150881,76.85242593,5.91E-09,3.012834459,22.11322365,BF
-116.3202238,22.11379927,94.20642454,-11.66429817,5.869767343,22.10643202,BF
-105.6448782,-2.226460876,107.871339,-22.97325906,7.691084507,22.09964245,BF
-90.87260778,-26.43341153,117.3060193,-33.17754219,8.376103927,22.09285495,BF
-72.58105422,-49.56771914,122.1487734,-41.93799155,7.949699637,22.08606954,BF
-51.47437029,-70.73505079,122.2094211,-49.13122294,6.552285677,22.07928622,BF
-47.75867236,-73.99419185,121.7528642,-50.13136382,6.242081557,22.07816399,BF
-47.75867236,-73.99419185,121.7528642,-50.13136382,6.242081557,22.07816399,BF
-24.41985256,-91.83042689,116.2502794,-54.80030384,4.020324026,22.07138312,BF
-0.142120922,-106.0549871,106.1971081,-57.29494987,1.427066396,22.06460435,BF
24.13369213,-116.1126101,91.97891797,-57.44717428,-1.203360981,22.05782769,BF
47.46385595,-121.6139442,74.15008828,-55.22431788,-3.555120944,22.05105313,BF
59.8599826,-122.6073741,62.74739146,-52.93290807,-4.656777523,22.04723105,BF
59.8599826,-122.6073741,62.74739146,-52.93290806,-4.656777524,22.04723105,BF
79.92007608,-120.632333,40.71225687,-47.57219581,-6.086761469,22.04045977,BF
96.86288887,-113.9197194,17.05683056,-39.95407998,-6.758035296,22.03369058,BF
110.0359033,-102.7380474,-7.297855954,-30.83709888,-6.670948127,22.02692347,BF
118.9266258,-87.52059024,-31.40603558,-20.49302755,-5.933940221,22.02015844,BF
123.1901273,-68.85848165,-54.33164565,-9.335520218,-4.748892523,22.01339548,BF
123.1964488,-52.93118665,-70.26526219,2.91E-09,-3.717716367,22.0082966,BF
123.1964488,-52.93118665,-70.26526219,3.85E-09,-3.717716367,22.0082966,BF
119.0862269,-30.05165849,-89.0345684,11.66008688,-2.413956072,22.00153726,BF
110.3017277,-5.950844917,-104.3508828,22.57440768,-1.444754627,21.99477998,BF
97.22766655,18.42467463,-115.6523412,32.90861744,-1.065346995,21.98802477,BF
80.36736283,42.12926491,-122.4966277,41.90262723,-1.4547543,21.98127164,BF
60.37567691,64.24226546,-124.6179424,49.24203678,-2.69210581,21.97452059,BF
39.43264464,82.79749699,-122.2301416,54.37556523,-4.598142628,21.96818,BF
39.43264464,82.79749699,-122.2301416,54.37556523,-4.598142628,21.96818,BF
15.66434825,99.46104873,-115.125397,57.69738643,-7.281576156,21.96143301,BF
-8.724129359,112.3061194,-103.58199,58.78499979,-10.4042587,21.95468811,BF
-32.7846329,120.8349909,-88.05035802,57.52247115,-13.65338327,21.94794531,BF
-55.58320846,124.7164471,-69.13323864,53.97922235,-16.67905872,21.94120462,BF
-67.65972696,124.7493419,-57.08961498,50.52860614,-18.16476106,21.9373609,BF
-67.65972696,124.7493419,-57.08961498,50.52860614,-18.16476106,21.9373609,BF
-86.74533753,121.1349895,-34.38965199,43.53364201,-20.16255557,21.93062349,BF
-102.4380222,112.8187036,-10.38068142,35.35155458,-21.14194186,21.92388816,BF
-114.1727916,100.1693567,14.00343489,24.91645923,-20.95296847,21.9171549,BF
-121.4747961,83.67983976,37.79495635,13.77412027,-19.55075745,21.91042371,BF
-124.0659018,63.98294904,60.08295278,2.115766267,-17.01999595,21.90369457,BF
-124.036441,60.28134144,63.75509955,4.88E-09,-16.4785081,21.9025185,BF
-124.036441,60.28134144,63.75509955,4.22E-09,-16.4785081,21.9025185,BF
-120.9843639,37.77514206,83.20922181,-11.89859456,-12.88586691,21.89579175,BF
-113.2501621,13.88439809,99.365764,-23.36550849,-8.733734408,21.88906703,BF
-101.126428,-10.50574458,111.6321726,-33.93066015,-4.387323708,21.88234434,BF
-85.08541344,-34.44087462,119.5262881,-43.19702745,-0.236631716,21.87562368,BF
-65.74972627,-56.99255561,122.7422819,-50.78833242,3.355407299,21.86890504,BF
-43.87003276,-77.28507839,121.1551112,-56.40282211,6.091022257,21.86218844,BF
-42.55447945,-78.35813141,120.9126109,-56.66450564,6.216380002,21.8618047,BF
-42.55447945,-78.35813141,120.9126109,-56.66450564,6.216380002,21.8618047,BF
-18.90714748,-95.41191954,114.319067,-59.91950177,7.831184005,21.85509026,BF
5.457913303,-108.7076369,103.2497236,-60.88428738,8.303999271,21.84837787,BF
29.60227081,-117.728815,88.12654422,-59.4238832,7.682264824,21.84166754,BF
52.59534848,-122.1429495,69.54760104,-55.16867472,6.130797095,21.83495929,BF
72.91931095,-121.8476222,48.92831123,-49.67475279,3.980217671,21.82846125,BF
72.91931095,-121.8476222,48.92831123,-49.67475279,3.980217671,21.82846125,BF
91.09681742,-116.8373789,25.74056144,-41.19700278,1.397783154,21.82175709,BF
105.7223187,-107.2473029,1.524984225,-31.12689377,-1.218172896,21.81505501,BF
116.2330806,-93.44329892,-22.78978171,-19.99930871,-3.553428368,21.80835501,BF
122.2210706,-75.9634994,-46.25757122,-7.891023312,-5.349261446,21.80165709,BF
123.5426487,-63.59428164,-59.94836708,8.20E-10,-6.110210668,21.79751402,BF
123.5426487,-63.59428164,-59.94836709,1.50E-09,-6.110210668,21.79751402,BF
121.8003313,-41.6620455,-80.13828575,12.34890568,-6.718523759,21.79081945,BF
115.3146395,-18.06474935,-97.24989015,24.63788701,-6.571659689,21.78412693,BF
104.3423987,6.278714793,-110.6211135,36.03112146,-5.786684946,21.77743647,BF
89.30915215,30.42307334,-119.7322255,46.15380646,-4.572073292,21.77074805,BF
70.79881877,53.43069432,-124.2295131,54.62003601,-3.199896421,21.76406167,BF
49.52791173,74.40099675,-123.9289085,61.17588079,-1.969076718,21.75737734,BF
47.87601344,75.84096079,-123.7169742,61.64804223,-1.892092984,21.75688799,BF
47.87601344,75.8409608,-123.7169742,61.64804223,-1.892092984,21.75688799,BF
24.56761322,93.73470418,-118.3023174,65.56039598,-1.13001341,21.75020585,BF
0.302790746,108.0286248,-108.3314156,66.98497412,-1.042944636,21.74352575,BF
-23.99149291,118.1804411,-94.18894818,66.3622668,-1.772549035,21.73684772,BF
-47.35649982,123.7660628,-76.409563,62.51877491,-3.355275795,21.73017174,BF
-68.89504579,124.5945926,-55.69954678,56.68918907,-5.708882978,21.72349783,BF
-80.40553374,122.823968,-42.41843425,52.67376859,-7.387790439,21.7195659,BF
-80.40553374,122.823968,-42.41843425,52.67376859,-7.387790439,21.7195659,BF
-97.34327457,116.1127202,-18.76944561,43.13372669,-10.53399537,21.71289528,BF
-110.5207204,104.9163045,5.604415974,32.22070383,-13.79211572,21.70622675,BF
-119.4130749,89.69056118,29.7225137,20.1163047,-16.80413005,21.69956029,BF
-123.6771329,71.02541323,52.65171966,7.204758322,-19.22369631,21.69289591,BF
-123.9855866,59.8062724,64.17931415,5.63E-10,-20.17159324,21.68931306,BF
-123.9855866,59.8062724,64.17931415,-1.53E-10,-20.17159324,21.68931306,BF
-120.8800673,37.30640417,83.57366314,-13.12342715,-21.12492368,21.68265184,BF
-113.0839,13.4010063,99.68289372,-25.76131134,-20.89770127,21.67599268,BF
-100.9064802,-10.98079671,111.8872769,-37.50557621,-19.45317874,21.66933555,BF
-84.81995231,-34.8918478,119.7118001,-47.84756007,-16.87954411,21.66268045,BF
-65.44927663,-57.40356583,122.8528425,-56.4048201,-13.38417532,21.65602737,BF
-56.8264686,-65.89797758,122.7244462,-59.64654921,-11.76859015,21.65333592,BF
-56.8264686,-65.89797758,122.7244462,-59.64654921,-11.76859015,21.65333592,BF
-34.14221159,-85.01107315,119.1532847,-65.01215028,-7.511412132,21.64668565,BF
-10.13550957,-100.747017,110.8825266,-68.00907403,-3.159724634,21.64003739,BF
14.25377105,-112.5277355,98.27396445,-68.46598099,0.894036383,21.63339114,BF
38.07928983,-119.8923999,81.81311007,-66.30642216,4.298638409,21.62674689,BF
60.41563968,-122.5549171,62.13927745,-61.62094135,6.777783015,21.62010465,BF
80.15214962,-120.4759632,40.32381358,-54.68712296,8.149712443,21.61355424,BF
80.15214962,-120.4759632,40.32381358,-54.68712296,8.149712443,21.61355424,BF
97.03691361,-113.6672678,16.63035423,-45.63109287,8.398295998,21.60691604,BF
110.1547081,-102.4063848,-7.748323293,-34.74200449,7.573170841,21.60027987,BF
118.9822985,-87.1197636,-31.86253492,-22.58101284,5.85648753,21.59364576,BF
123.1798893,-68.40344511,-54.77644414,-9.546613772,3.520287242,21.5870137,BF
123.3243857,-54.98167774,-68.34270801,-3.69E-10,1.852834179,21.58278207,BF
123.3243857,-54.98167774,-68.34270801,3.19E-10,1.852834179,21.58278207,BF
119.7002644,-32.2757685,-87.42449594,13.32356122,-0.790316651,21.57615339,BF
111.3793675,-8.260532431,-103.1188351,26.10721752,-3.189932999,21.56952676,BF
98.72923134,16.11920198,-114.8484333,38.3281466,-5.077853424,21.56290219,BF
82.23517887,39.91835832,-122.1535372,49.08220316,-6.270787578,21.55627966,BF
63.31120994,61.42836953,-124.7395795,57.76590499,-6.68986906,21.54990266,BF
63.31120994,61.42836953,-124.7395795,57.76590499,-6.68986906,21.54990266,BF
41.25287987,81.45265372,-122.7055336,64.65807564,-6.401010412,21.54328414,BF
17.58305087,98.35846804,-115.9415189,69.19817571,-5.513133956,21.53666764,BF
-6.777970168,111.4892307,-104.7112605,71.19251809,-4.252803834,21.53005317,BF
-30.88418076,120.3349274,-89.45074661,70.58431045,-2.902337654,21.52344071,BF
-53.79956159,124.5520014,-70.75243981,67.41505154,-1.761803997,21.51683028,BF
-74.63448594,123.9765005,-49.34201452,61.83041829,-1.108516269,21.51022187,BF
-78.52804909,123.2693967,-44.74134761,60.1738151,-1.056403349,21.50888717,BF
-78.52804909,123.2693967,-44.74134761,60.1738151,-1.056403349,21.50888717,BF
-95.7915015,116.9732532,-21.18175168,51.73016302,-1.268895793,21.5022812,BF
-109.350395,106.1793608,3.171034235,41.37701024,-2.323384208,21.49567726,BF
-118.6690562,91.30565866,27.36339753,29.52870908,-4.211679846,21.48907536,BF
-123.3862987,72.9274709,50.45882777,16.68963005,-6.81032605,21.4824755,BF
-123.3181607,51.75874084,71.55941986,3.308346212,-9.891858478,21.4758777,BF
-122.6072899,46.53084889,76.07644098,-5.58E-09,-10.64425276,21.47434869,BF
-122.6072899,46.53084889,76.07644098,-6.34E-09,-10.64425276,21.47434869,BF
-116.6715356,23.066582,93.60495364,-13.21370461,-13.89370459,21.46775342,BF
-106.2126871,-1.246532971,107.4592201,-26.0248032,-16.88524094,21.4611602,BF
-91.63484953,-25.46941861,117.1042681,-37.59809533,-19.27208315,21.45456904,BF
-73.50807131,-48.66121508,122.1692864,-47.77863751,-20.75588331,21.44797991,BF
-61.48179342,-61.41176118,122.8935546,-53.37800677,-21.10890208,21.44411408,BF
-61.48179342,-61.41176118,122.8935546,-53.37800677,-21.10890208,21.44411408,BF
-39.21878779,-81.16592295,120.3847107,-60.27888364,-20.77097222,21.43752818,BF
-15.43240406,-97.69950424,113.1319083,-64.95654826,-19.2039875,21.43094429,BF
8.942092868,-110.3975817,101.4554888,-67.24172118,-16.51701657,21.4243624,BF
32.95989543,-118.7640529,85.80415742,-66.92973731,-12.92659653,21.41778251,BF
55.68779584,-122.473926,66.78613012,-64.07787751,-8.745905606,21.4112046,BF
71.15286299,-122.1229474,50.97008438,-60.41103999,-5.490101222,21.40633782,BF
71.152863,-122.1229474,50.97008438,-60.41103999,-5.490101221,21.40633782,BF
89.58304249,-117.5024311,27.91938862,-53.52105482,-1.188523195,21.39976336,BF
104.5205485,-108.2675105,3.746962016,-44.56819846,2.656570345,21.39319088,BF
115.3893464,-94.78385993,-20.60548649,-34.02743473,5.718258519,21.38662039,BF
121.7607273,-77.57013521,-44.19059211,-22.19751597,7.758774998,21.38005189,BF
123.4033155,-57.30556622,-66.09774926,-9.422357988,8.657535955,21.3734854,BF
121.5421107,-41.09433606,-80.44777462,-3.67E-09,8.584239901,21.36871556,BF
121.5421107,-41.09433606,-80.44777462,-3.03E-09,8.584239901,21.36871556,BF
114.9845515,-17.45738454,-97.52716694,13.1179668,7.588911573,21.36215255,BF
103.9127896,6.910025029,-110.8228146,25.0523141,5.728002682,21.35559157,BF
88.79895034,31.05397588,-119.8529262,36.31366897,3.292686906,21.34903262,BF
70.2257653,54.03700205,-124.2627674,46.0633174,0.61374461,21.34247571,BF
59.38189397,65.27782896,-124.6597229,50.53305036,-0.76912306,21.33905316,BF
59.38189397,65.27782896,-124.6597229,50.53305036,-0.76912306,21.33905316,BF
36.96537945,84.8106684,-121.7760479,57.29059609,-3.183719508,21.33249935,BF
13.10282078,101.090167,-114.1929878,61.93330221,-5.073949874,21.32594757,BF
-11.27915222,113.4901956,-102.2110434,64.15533356,-6.261039526,21.31939783,BF
-35.23336129,121.5283609,-86.29499957,63.91410002,-6.673012055,21.3128501,BF
-57.82960374,124.8928129,-67.06320921,61.24298437,-6.352259607,21.30630438,BF
-63.0777363,124.9596191,-61.88188282,60.08368694,-6.172207875,21.3046917,BF
-63.0777363,124.9596191,-61.88188282,60.08368694,-6.172207875,21.3046917,BF
-82.78207894,122.3589259,-39.57684697,54.31700054,-5.159239964,21.29814848,BF
-99.25439417,115.0256535,-15.77125934,47.01439642,-3.859842043,21.29160726,BF
-111.8803876,103.2700002,8.61038734,37.77243738,-2.570647934,21.28506803,BF
-120.1782229,87.55074631,32.62747662,26.64576812,-1.588755989,21.27853081,BF
-123.8267071,68.48547677,55.34123029,15.45894786,-1.174658812,21.27199558,BF
-122.6510072,46.79325536,75.85775184,2.784939016,-1.517602501,21.26546236,BF
-121.7215343,41.62693969,80.09459459,5.82E-11,-1.710722173,21.26399778,BF
-121.7215343,41.62693968,80.0945946,-6.10E-10,-1.710722173,21.26399778,BF
-114.769509,17.90209189,96.86741713,-12.20373472,-3.087577081,21.25746703,BF
-103.3597369,-6.484811925,109.8445488,-23.69410122,-5.261660133,21.2509383,BF
-87.94493937,-30.5735183,118.5184577,-34.22403554,-8.066356181,21.2444116,BF
-69.12315463,-53.43030973,122.5534644,-43.30533615,-11.240125,21.23788692,BF
-49.28812349,-72.7242321,122.0123556,-50.14572461,-14.2231588,21.23184622,BF
-49.28812349,-72.7242321,122.0123556,-50.14572461,-14.2231588,21.23184622,BF
-26.05658548,-90.77808019,116.8346657,-55.5109235,-17.15663808,21.22532546,BF
-1.820575084,-105.2615152,107.0820903,-58.67990876,-19.45422144,21.21880673,BF
22.47722306,-115.6127814,93.13555832,-59.48566361,-20.82230384,21.21229001,BF
45.8933387,-121.4298829,75.53654421,-57.92698949,-21.05551406,21.20577531,BF
61.30301416,-122.6529464,61.34993225,-55.36029803,-20.48140671,21.20120218,BF
61.30301416,-122.6529464,61.34993225,-55.36029803,-20.48140671,21.20120218,BF
81.17687463,-120.3550199,39.1781453,-49.7984099,-18.64785299,21.19469087,BF
97.8693361,-113.3105237,15.44118761,-42.74543727,-15.7198338,21.18818153,BF
110.7486218,-101.8217561,-8.926865691,-33.79726585,-11.94585659,21.18167417,BF
119.3240079,-86.33627633,-32.98773157,-23.12149155,-7.656574904,21.17516877,BF
123.2563481,-67.4619876,-55.79436048,-11.86531942,-3.238209072,21.16866533,BF
122.3765395,-45.90224033,-76.47429915,-0.378109031,0.919095226,21.16216384,BF
122.2738086,-45.21229611,-77.06151253,-2.15E-09,1.037632599,21.16196701,BF
122.2738086,-45.21229611,-77.06151253,-1.47E-09,1.037632599,21.16196701,BF
116.5057252,-21.79660654,-94.70911867,11.85657692,4.542848753,21.15546755,BF
106.1946479,2.50909409,-108.703742,22.93809857,7.122826364,21.14897006,BF
91.74696352,26.7671114,-118.5140749,33.02839059,8.596306397,21.14247454,BF
73.72333581,50.03048048,-123.7538163,41.79205005,8.901756985,21.13598101,BF
52.82354208,71.39581539,-124.2193575,48.81878812,8.104927436,21.12948948,BF
45.26356802,78.01850025,-123.2820683,50.81736099,7.615322456,21.12730219,BF
45.26356802,78.01850025,-123.2820683,50.81736099,7.615322456,21.12730219,BF
21.80387203,95.57199488,-117.3758669,55.15459103,5.645131876,21.12081334,BF
-2.510891964,109.4520165,-106.9411245,57.25052231,3.131314275,21.11432651,BF
-26.74164651,119.1288183,-92.38717182,57.03553882,0.410364738,21.10784168,BF
-49.94617257,124.225045,-74.27887244,54.52507728,-2.180684482,21.10135888,BF
-60.5731527,124.9533456,-64.38019285,52.26176443,-3.300247196,21.09820784,BF
-60.5731527,124.9533456,-64.38019285,52.26176443,-3.300247196,21.09820784,BF
-80.6308391,122.9628005,-42.33196143,46.37535319,-5.176212294,21.09172803,BF
-97.54008867,116.2062827,-18.66619402,39.10707305,-6.330669436,21.08525021,BF
-110.6736366,104.9857721,5.687864532,29.97658234,-6.705275589,21.0787744,BF
-119.5281589,89.73790355,29.79025536,19.1468383,-6.352387557,21.07230057,BF
-123.7530522,71.05973315,52.69331907,7.866468613,-5.428771709,21.06582873,BF
-123.8998701,57.06561644,66.83425361,7.65E-10,-4.612511422,21.06152932,BF
-123.8998701,57.06561644,66.83425361,1.58E-10,-4.612511422,21.06152932,BF
-120.1482981,34.33538878,85.81290935,-11.6296753,-3.29781412,21.05506077,BF
-111.7324444,10.29784383,101.4346006,-22.76344718,-2.142076849,21.04859419,BF
-98.98967945,-14.08867241,113.0783519,-33.1057386,-1.431373843,21.04212959,BF
-82.41352139,-37.88088416,120.2944055,-42.14058185,-1.393711501,21.03566697,BF
-62.64782283,-60.15440957,122.8022324,-49.52470932,-2.168972206,21.02920634,BF
-40.46020987,-80.04422314,120.504433,-54.95996002,-3.787448763,21.0227477,BF
-39.7160429,-80.63379551,120.3498384,-55.10506692,-3.852875912,21.02254089,BF
-39.7160429,-80.63379551,120.3498384,-55.10506692,-3.852875912,21.02254089,BF
-15.9325653,-97.25637913,113.1889444,-58.31973599,-6.249367716,21.01608432,BF
8.458046464,-110.0532586,101.5952121,-59.1922829,-9.197448618,21.00962976,BF
32.51005508,-118.5293084,86.01925331,-57.74348487,-12.40925487,21.00317721,BF
55.28934106,-122.3552554,67.06591439,-54.01594981,-15.54162802,20.99672666,BF
68.63017716,-122.2690786,53.63890142,-50.12917797,-17.31600049,20.99264451,BF
68.63017716,-122.2690786,53.63890142,-50.12917797,-17.31600049,20.99264451,BF
87.48683518,-118.2971621,30.8103269,-42.84261714,-19.56503938,20.98619724,BF
102.906277,-109.646748,6.740470909,-34.36792813,-20.86352837,20.97975197,BF
114.3271631,-96.69462605,-17.63253706,-23.68069008,-21.01947396,20.97330868,BF
121.292857,-79.94464443,-41.34821261,-12.35238456,-19.9457004,20.96686737,BF
123.5383759,-60.04115774,-63.49721815,-0.497618724,-17.6864314,20.96042803,BF
123.5268547,-59.1857763,-64.34107836,-2.70E-09,-17.5725825,20.96017016,BF
123.5268547,-59.1857763,-64.34107836,-2.02E-09,-17.5725825,20.96017016,BF
120.7707998,-36.82647117,-83.94432862,11.85831333,-14.26134286,20.95373284,BF
113.3128034,-12.98536078,-100.3274426,23.42358303,-10.22391085,20.94729747,BF
101.4388809,11.40397747,-112.8428583,34.21985437,-5.81939628,20.94086403,BF
85.61199879,35.39531241,-121.0073112,43.54403997,-1.444142959,20.93443254,BF
66.46326603,58.04345476,-124.5067208,51.27299294,2.509473635,20.92800298,BF
44.71465444,78.49443477,-123.2090892,56.99019535,5.707319048,20.92157536,BF
42.81960049,80.05799114,-122.8775916,57.38004541,5.928679686,20.92104445,BF
42.81960049,80.05799114,-122.8775916,57.38004541,5.928679686,20.92104445,BF
19.21530768,97.2335717,-116.4488794,60.7066921,8.025022486,20.91461895,BF
-5.141046121,110.6686057,-105.5275596,61.65414823,8.963100277,20.9081954,BF
-29.31127828,119.8471638,-90.53588548,60.15864951,8.740954186,20.90177382,BF
-52.36091293,124.4264419,-72.065529,55.93872744,7.481520014,20.89535422,BF
-73.38648681,124.2209506,-50.83446383,50.20137048,5.41139111,20.88893661,BF
-74.34099569,124.0872033,-49.74620765,49.72348368,5.294899538,20.88862725,BF
-74.34099569,124.0872033,-49.74620764,49.72348368,5.294899537,20.88862725,BF
-92.36879849,118.8624407,-26.49364224,40.99463584,2.699277603,20.88221173,BF
-106.8149743,109.0745494,-2.259575178,31.76934092,-0.043729086,20.8757982,BF
-117.1393063,95.09218801,22.04711832,19.49044225,-2.6043417,20.86938667,BF
-122.9302324,77.49474673,45.43548566,7.607249155,-4.688654861,20.86297712,BF
-124.0967144,66.18543633,57.91127802,-7.90E-10,-5.577338928,20.85936428,BF
-124.0967144,66.18543633,57.91127802,-1.49E-09,-5.577338928,20.85936428,BF
-122.3993022,44.26185667,78.13744554,-12.44731844,-6.553353636,20.85295784,BF
-115.9650831,20.67889298,95.28619007,-24.85582808,-6.745645398,20.84655337,BF
-105.0395755,-3.660537424,108.7001129,-36.36272599,-6.235003966,20.84015086,BF
-90.04761432,-27.81046293,117.8580772,-46.59411673,-5.203147736,20.83375031,BF
-71.57163418,-50.83258327,122.4042175,-55.14306074,-3.907742134,20.82735172,BF
-50.32926513,-71.83266544,122.1619306,-61.67493027,-2.646933244,20.82095508,BF
-49.85356593,-72.2497464,122.1033123,-61.79675181,-2.622716524,20.82081972,BF
-49.85356593,-72.2497464,122.1033123,-61.79675181,-2.622716524,20.82081972,BF
-26.63787115,-90.34504107,116.9829122,-66.02918075,-1.704498813,20.81442508,BF
-2.401314204,-104.88269,107.2840042,-67.76502108,-1.38048089,20.80803239,BF
21.91602772,-115.2993015,93.38327382,-67.0105684,-1.82885067,20.80164167,BF
45.36975267,-121.1901328,75.82038009,-63.77764157,-3.124395789,20.79525293,BF
67.04853806,-122.3260623,55.27752424,-57.79032273,-5.225304683,20.78886615,BF
80.02615888,-120.3798516,40.35369268,-52.72443271,-6.994606681,20.78462366,BF
80.02615889,-120.3798516,40.35369268,-52.72443271,-6.994606681,20.78462366,BF
96.96360556,-113.6325653,16.66895971,-43.20157435,-10.03857159,20.77824019,BF
110.0843864,-102.3787879,-7.705598441,-32.59888665,-13.26307375,20.77185871,BF
118.9219008,-87.10600588,-31.81589491,-20.33730433,-16.31669556,20.76547922,BF
123.1276999,-68.40190047,-54.72579946,-7.350532229,-18.84306962,20.75910171,BF
123.3984109,-57.00131916,-66.3970917,-8.40E-10,-19.88225587,20.75562439,BF
123.3984109,-57.00131916,-66.3970917,-1.20E-10,-19.88225587,20.75562439,BF
120.1978591,-34.46424857,-85.73361055,13.20601088,-20.99804094,20.74924994,BF
112.3109409,-10.53956547,-101.7713754,25.91873505,-20.9431811,20.74287745,BF
100.050724,13.84236902,-113.893093,37.72923489,-19.65622462,20.73650691,BF
83.89254887,37.7344567,-121.6270056,48.12547507,-17.20344473,20.73013831,BF
64.46419224,60.20879134,-124.6729836,56.72245351,-13.77577785,20.72377164,BF
56.89437506,67.67412168,-124.5684967,59.65409315,-12.37047034,20.72151047,BF
56.89437506,67.67412168,-124.5684967,59.65409316,-12.37047034,20.72151047,BF
34.26358493,86.87071058,-121.1342955,65.17637979,-8.11083062,20.7151464,BF
10.28294203,102.7150468,-112.9979888,68.30829124,-3.675947005,20.70878425,BF
-14.10803662,114.6193138,-100.5112772,68.90224468,0.530744195,20.70242401,BF
-37.96306571,122.1185323,-84.15546657,66.86316892,4.138914167,20.69606569,BF
-60.35557057,124.9213426,-64.56577201,62.28048907,6.847428328,20.68970929,BF
-80.41591281,122.9188995,-42.50298667,55.32509287,8.457299221,20.68335483,BF
-80.53852568,122.8894863,-42.35096057,55.26895433,8.463989485,20.68331306,BF
-80.53852568,122.8894863,-42.35096057,55.26895433,8.463989485,20.68331306,BF
-97.46521175,116.1292709,-18.66405918,46.21465312,8.890976108,20.67696055,BF
-110.6185672,104.9052278,5.713339345,35.36197228,8.195013234,20.67061,BF
-119.4883401,89.65309405,29.83524609,23.17515285,6.546959164,20.6642614,BF
-123.730187,70.96515447,52.76503253,10.11125102,4.212654205,20.65791478,BF
-123.8516723,56.22472216,67.62695015,3.78E-09,2.343614331,20.65347601,BF
-123.8516723,56.22472216,67.62695015,3.07E-09,2.343614331,20.65347601,BF
-119.9441768,33.42517507,86.51900171,-13.30613433,-0.394718989,20.64713274,BF
-111.3942724,9.368476568,102.0257959,-26.45930452,-2.917537789,20.64079144,BF
-98.53077783,-15.00448079,113.5352586,-38.59942557,-4.941110746,20.6344521,BF
-81.85530964,-38.75021077,120.6055204,-49.31410221,-6.26912301,20.62811473,BF
-64.47727761,-58.44657111,122.9238487,-57.34537842,-6.787955497,20.62252254,BF
-64.47727761,-58.44657111,122.9238487,-57.34537842,-6.787955497,20.62252254,BF
-42.48042714,-78.54411085,121.024538,-64.35102254,-6.655137447,20.61618884,BF
-18.8449101,-95.54851694,114.393427,-68.97801014,-5.880983344,20.60985709,BF
5.508622972,-108.7939068,103.2852839,-71.0873367,-4.683470452,20.60352727,BF
29.63439926,-117.7665225,88.13212323,-70.58522066,-3.343877836,20.59719938,BF
52.59539102,-122.117689,69.52229799,-67.50993447,-2.167454261,20.59087342,BF
73.50008531,-121.678271,48.17818568,-61.99726667,-1.441845812,20.5845494,BF
77.80415899,-120.9195183,43.11535935,-60.25082883,-1.366258639,20.58314117,BF
77.80415899,-120.9195183,43.11535934,-60.25082883,-1.366258639,20.58314117,BF
95.09448239,-114.6595843,19.56510192,-51.85213614,-1.49735264,20.57681952,BF
108.6834667,-103.8996909,-4.783775802,-41.60181959,-2.467034154,20.57049982,BF
118.0359204,-89.05567701,-28.98024341,-29.82524979,-4.278601674,20.56418207,BF
122.7891577,-70.7023938,-52.08676389,-17.03790701,-6.817129659,20.55786628,BF
122.7579721,-49.55268895,-73.20528311,-3.692260574,-9.860047473,20.55155245,BF
121.9532441,-43.68746267,-78.26578146,3.69E-10,-10.69795326,20.54991161,BF
121.9532441,-43.68746267,-78.26578146,1.12E-09,-10.69795326,20.54991161,BF
115.9229344,-20.19624366,-95.72669069,13.21768394,-13.93457867,20.54360027,BF
105.3744857,4.125007144,-109.4994928,25.92082542,-16.92137849,20.53729089,BF
90.71928928,28.33682869,-119.056118,37.59375839,-19.30671239,20.53098347,BF
72.52657878,51.49769782,-124.0242766,47.76755859,-20.78591518,20.524678,BF
61.27773815,63.42022138,-124.6979595,53.05252112,-21.12329538,20.52121937,BF
61.27773815,63.42022139,-124.6979595,53.05252112,-21.12329538,20.52121937,BF
39.05055996,83.22280409,-122.273364,60.02819344,-20.81561505,20.51491692,BF
15.28314709,99.81974899,-115.1028961,64.77199182,-19.26883987,20.50861639,BF
-9.089110161,112.5911022,-103.501992,67.13052148,-16.58851642,20.50231777,BF
-33.12156654,121.038199,-87.91663242,66.88904024,-12.99142979,20.49602107,BF
-55.88045041,124.8328928,-68.95244235,64.1028627,-8.793855601,20.48972626,BF
-71.9601862,124.4811614,-52.52097522,60.30880576,-5.393106909,20.48488537,BF
-71.9601862,124.4811614,-52.52097522,60.30880576,-5.393106909,20.48488537,BF
-90.35406518,119.8063185,-29.45225335,53.39261475,-1.078515147,20.47859391,BF
-105.2485121,110.5207154,-5.272203298,44.4383271,2.762478324,20.47230435,BF
-116.068344,96.99136365,19.07698035,33.87992317,5.799536403,20.46601669,BF
-122.3927056,79.74256457,42.65014101,22.11523838,7.795333718,20.45973094,BF
-123.9761193,59.44422284,64.53189649,9.279976523,8.630006548,20.4534471,BF
-122.1354491,43.53020157,78.60524757,1.14E-09,8.510734202,20.44896824,BF
-122.1354491,43.53020157,78.60524757,4.89E-10,8.510734202,20.44896824,BF
-115.5868329,19.89578032,95.6910526,-13.08529466,7.44988127,20.44268771,BF
-104.5254913,-4.470933434,108.9964248,-25.05288587,5.524076691,20.43640913,BF
-89.42071928,-28.61626591,118.0369852,-36.32999159,3.032998739,20.43013249,BF
-70.85513591,-51.60271532,122.4578512,-46.10124032,0.315690285,20.42385781,BF
-60.12556925,-62.73779661,122.8633659,-50.55078021,-1.064665556,20.42061549,BF
-60.12556925,-62.73779661,122.8633659,-50.55078021,-1.064665556,20.42061549,BF
-37.72495054,-82.29060988,120.0155604,-57.32640958,-3.482372537,20.41434376,BF
-13.87028178,-98.5966934,112.4669752,-62.01246016,-5.350545096,20.40807398,BF
10.51067306,-111.0272421,100.516569,-64.27163689,-6.492537091,20.40180614,BF
34.47094181,-119.0988687,84.62792685,-64.06410585,-6.842507581,20.39554023,BF
57.07997524,-122.4983405,65.41836522,-61.42142639,-6.451896355,20.38927624,BF
62.62407557,-122.5732558,59.94918019,-60.25591007,-6.243178807,20.38764703,BF
62.62407558,-122.5732558,59.94918019,-60.25591007,-6.243178807,20.38764703,BF
82.30809516,-119.9405545,37.63245933,-54.49487541,-5.159882479,20.38138546,BF
98.7581498,-112.5779329,13.81978306,-47.15755677,-3.810743749,20.3751258,BF
111.3592794,-100.7955131,-10.56376632,-37.88611888,-2.501133174,20.36886805,BF
119.6396054,-85.06260717,-34.57699826,-26.87214269,-1.533074306,20.36261222,BF
123.2496438,-65.96956748,-57.28007636,-15.6199101,-1.16715952,20.35635829,BF
122.0420358,-44.2618293,-77.78020654,-2.867419836,-1.587366867,20.35010629,BF
121.0680214,-38.91829153,-82.14972987,-2.75E-10,-1.808942759,20.34865826,BF
121.0680214,-38.91829153,-82.14972987,3.91E-10,-1.808942759,20.34865826,BF
114.0567522,-15.18178986,-98.87496232,12.26350838,-3.289713505,20.34240864,BF
102.5888832,9.20826759,-111.7971508,23.73823762,-5.568184288,20.33616095,BF
87.12347896,33.28666974,-120.4101487,34.28680452,-8.460356227,20.3299152,BF
68.26029846,56.12056983,-124.3808683,43.38242907,-11.68885917,20.3236714,BF
49.42024532,74.48493888,-123.9051842,49.94813433,-14.53919303,20.31817601,BF
49.42024532,74.48493888,-123.9051842,49.94813433,-14.53919303,20.31817601,BF
26.23727479,92.64233971,-118.8796145,55.40445296,-17.45734927,20.31193587,BF
2.019308175,107.2495846,-109.2688928,58.70217231,-19.70181059,20.30569767,BF
-22.29069444,117.7402056,-95.44951112,59.62939996,-20.98213241,20.2994614,BF
-45.74884431,123.7067147,-77.95787035,58.18859423,-21.10173434,20.29322705,BF
-61.98250835,125.0475351,-63.06502673,55.58859554,-20.38998984,20.28862331,BF
-61.98250835,125.0475351,-63.06502673,55.58859554,-20.38998984,20.28862331,BF
-81.83996054,122.7228566,-40.88289607,50.04865399,-18.38858365,20.28239228,BF
-98.51685895,115.6591706,-17.14231166,43.02058167,-15.31968285,20.27616313,BF
-111.3784585,104.1504929,7.227965667,34.0786769,-11.45077748,20.26993587,BF
-119.9436079,88.65661216,31.28699571,23.50130305,-7.131570646,20.26371049,BF
-123.8538715,69.75914893,54.09472257,12.66602549,-2.753768638,20.25748698,BF
-122.9507018,48.18832161,74.76238023,0.421413089,1.284792278,20.25126534,BF
-122.8241814,47.34343755,75.48074387,4.16E-11,1.423935905,20.25103404,BF
-122.8241814,47.34343754,75.48074387,-5.74E-10,1.423935905,20.25103404,BF
-116.9984058,23.91548349,93.08292229,-11.6957552,4.733475084,20.24481435,BF
-106.6355408,-0.401194482,107.0367352,-22.64380024,7.067150087,20.23859654,BF
-92.14380615,-24.6531451,116.7969513,-32.79281321,8.265816857,20.23238063,BF
-74.08324222,-47.90031914,121.9835614,-41.58983885,8.298513818,20.22616662,BF
-53.15502783,-69.23949039,122.3945182,-48.64253621,7.261738618,20.21995452,BF
-46.38857982,-75.17404222,121.562622,-50.47454507,6.76635983,20.21808002,BF
-46.38857981,-75.17404222,121.562622,-50.47454507,6.76635983,20.21808002,BF
-22.96267662,-92.80738918,115.7700658,-54.98295377,4.665674269,20.21187043,BF
1.341527537,-106.7821908,105.4406632,-57.19302981,2.098024535,20.20566276,BF
25.58455355,-116.5647253,90.98017176,-57.12459354,-0.591264017,20.19945703,BF
48.82368319,-121.7734359,72.94975276,-54.76259407,-3.066241211,20.19325322,BF
59.27455852,-122.5487048,63.27414631,-52.59539189,-4.082597108,20.19029511,BF
59.27455853,-122.5487048,63.27414631,-52.59539189,-4.082597108,20.19029511,BF
79.42438222,-120.7205239,41.29614164,-46.85528623,-5.747850212,20.18409415,BF
96.44651592,-114.1162647,17.66974879,-39.76654658,-6.651698234,20.1778951,BF
109.7128888,-103.036788,-6.676100787,-30.77968978,-6.765383098,20.17169796,BF
118.7148554,-87.91252251,-30.80233288,-20.05396858,-6.17164886,20.16550272,BF
123.0965211,-69.33715433,-53.75936678,-8.848276922,-5.056212127,20.15930937,BF
123.2125763,-53.34626921,-69.86630705,-1.23E-09,-4.019032868,20.15461312,BF
123.2125763,-53.3462692,-69.86630705,-6.36E-10,-4.019032868,20.15461312,BF
119.1721192,-30.5101876,-88.66193163,11.6444133,-2.651360703,20.1484231,BF
110.4810602,-6.423045394,-104.0580148,22.697622,-1.560907035,20.14223497,BF
97.48867554,17.9557863,-115.4444618,32.95928631,-1.024942395,20.13604873,BF
80.69822053,41.68299409,-122.3812146,41.90768358,-1.248038271,20.12986439,BF
60.76182747,63.83679908,-124.5986265,49.20249124,-2.334700765,20.12368196,BF
39.19623251,82.97030687,-122.1665394,54.41802011,-4.198010666,20.1176993,BF
39.19623251,82.97030687,-122.1665394,54.41802011,-4.198010666,20.1176993,BF
15.41772391,99.60413419,-115.0218581,57.6665446,-6.834186519,20.11152063,BF
-8.972374199,112.4150934,-103.4427192,58.63885163,-9.95953967,20.10534389,BF
-33.02632115,120.906175,-87.87985386,57.28078426,-13.25755391,20.09916908,BF
-55.81019321,124.7477171,-68.93752387,53.64940726,-16.36776517,20.09299619,BF
-67.99087975,124.7569555,-56.76607575,50.2280434,-17.92709503,20.08944307,BF
-67.99087975,124.7569555,-56.76607575,50.2280434,-17.92709503,20.08944307,BF
-87.02971488,121.0711683,-34.04145345,43.17320804,-20.02776491,20.0832732,BF
-102.6726003,112.6935942,-10.02099395,34.86936946,-21.10416545,20.07710525,BF
-114.3490606,99.98966776,14.35939283,24.42087237,-20.99044227,20.07093919,BF
-121.5881092,83.4519893,38.1361199,13.32976751,-19.63233054,20.06477502,BF
-124.1137229,63.71721008,60.39651277,1.720260319,-17.11131059,20.05861273,BF
-124.0892329,60.66436479,63.42486812,7.22E-09,-16.66508238,20.0577247,BF
-124.0892329,60.66436479,63.42486812,6.58E-09,-16.66508238,20.0577247,BF
-121.119791,38.19604012,82.9237509,-11.89100954,-13.07039314,20.05156454,BF
-113.4620077,14.3205765,99.1414312,-23.32763009,-8.882878824,20.04540624,BF
-101.4084327,-10.06894565,111.4773783,-33.87116706,-4.480988672,20.03924979,BF
-85.42806835,-34.01979197,119.4478603,-43.11398709,-0.268649275,20.03309519,BF
-66.1413025,-56.60251292,122.7438154,-50.68201284,3.376922454,20.02694245,BF
-44.29699397,-76.94012217,121.2371161,-56.2729423,6.146234707,20.02079157,BF
-42.44734493,-78.45174954,120.8990945,-56.64432685,6.323304966,20.02029725,BF
-42.44734493,-78.45174954,120.8990945,-56.64432685,6.323304966,20.02029725,BF
-18.79248681,-95.48623418,114.278721,-59.84672757,7.916736535,20.01414839,BF
5.575410844,-108.7557396,103.1803287,-60.70519607,8.338928884,20.00800141,BF
29.7179566,-117.7514743,88.03351767,-59.14398219,7.646037441,20.00185631,BF
52.70062729,-122.1359488,69.43532154,-54.90248736,6.014541615,19.99571312,BF
72.53447098,-121.8674625,49.33299156,-49.44289384,3.85180623,19.98990894,BF
72.53447098,-121.8674625,49.33299156,-49.44289384,3.851806229,19.98990894,BF
90.77353472,-116.9480867,26.17455202,-40.853641,1.220378002,19.98376945,BF
105.4652101,-107.4346486,1.969438475,-31.03041675,-1.420367788,19.97763187,BF
116.0537275,-93.70040839,-22.35331916,-19.85854145,-3.747903213,19.9714962,BF
122.1241418,-76.28004885,-45.844093,-7.725108237,-5.500449526,19.96536243,BF
123.490688,-64.17387953,-59.31680849,7.77E-09,-6.208315046,19.96163711,BF
123.490688,-64.17387953,-59.31680849,8.45E-09,-6.208315046,19.96163711,BF
121.885589,-42.3022521,-79.5833369,12.33815123,-6.736741212,19.95550639,BF
115.5330988,-18.74045607,-96.79264271,24.54949921,-6.498090884,19.94937755,BF
104.684053,5.594543462,-110.2785965,35.89566485,-5.626094477,19.94325058,BF
89.75935158,29.75766943,-119.517021,45.97783256,-4.347348743,19.93712549,BF
71.3387194,52.81045367,-124.1491731,54.40720106,-2.950373581,19.93100227,BF
50.13732271,73.85770494,-123.9950277,60.8555392,-1.745869506,19.92488092,BF
46.71297875,76.83477401,-123.5477528,61.77102151,-1.598065221,19.92395189,BF
46.71297874,76.83477402,-123.5477528,61.77102151,-1.598065221,19.92395189,BF
23.33185465,94.55992272,-117.8917774,65.36909796,-0.972287577,19.91783269,BF
-0.958178099,108.6605693,-107.7023912,66.66516469,-1.086230833,19.91171538,BF
-25.22486932,118.586909,-93.36203964,65.40122604,-2.059886306,19.90559994,BF
-48.52844539,123.9582437,-75.42979827,62.21854709,-3.896887791,19.89948639,BF
-69.94743558,124.5416318,-54.59419622,55.74922037,-6.480654832,19.89337475,BF
-79.78256651,123.0079949,-43.22542842,52.38023836,-8.001297426,19.89029735,BF
-79.78256651,123.0079949,-43.22542842,52.38023836,-8.001297426,19.89029735,BF
-96.8447456,116.4592318,-19.61448624,42.84925071,-11.24817441,19.88418856,BF
-110.1674766,105.4178232,4.74965343,31.97325384,-14.52841266,19.87808168,BF
-119.2204274,90.32816552,28.89226191,19.90920936,-17.46927512,19.87197671,BF
-123.6541893,71.77538164,51.87880768,7.040152187,-19.71997728,19.86587363,BF
-124.0611737,60.8013151,63.25985863,3.63E-09,-20.52774234,19.86264835,BF
-124.0611737,60.80131509,63.25985863,2.92E-09,-20.52774234,19.86264835,BF
-121.1690156,38.38585749,82.78315813,-13.08710245,-21.19298752,19.85654816,BF
-113.5776585,14.52457779,99.05308072,-25.69719409,-20.62551528,19.85044984,BF
-101.587191,-9.855696396,111.4428874,-37.40809452,-18.82315521,19.84435338,BF
-85.66275758,-33.8077142,119.4704718,-47.72047848,-15.91419858,19.83825878,BF
-66.42300443,-56.40120206,122.8242065,-56.24850922,-12.14636123,19.83216602,BF
-55.77763534,-66.89427324,122.6719086,-59.99186166,-10.04039022,19.82912155,BF
-55.77763534,-66.89427325,122.6719086,-59.99186166,-10.04039022,19.82912155,BF
-33.00400887,-85.85234828,118.8563571,-65.13663192,-5.642034563,19.82303154,BF
-8.953715061,-101.4043675,110.3580825,-67.86188093,-1.319512726,19.81694336,BF
15.43178482,-112.9739025,97.54211765,-68.03607704,2.53346502,19.81085701,BF
39.20627473,-120.109066,80.90279123,-65.60001707,5.583207856,19.8047725,BF
61.44636085,-122.5326491,61.08628829,-60.65093787,7.589823647,19.79868984,BF
80.21935304,-120.4226702,40.20331719,-53.88492187,8.416725906,19.79296236,BF
80.21935305,-120.4226702,40.20331719,-53.88492187,8.416725906,19.79296236,BF
97.08930622,-113.5915636,16.50225736,-44.69558512,8.169769704,19.78688331,BF
110.1848239,-102.3076516,-7.877172309,-33.70312496,6.894620259,19.78080613,BF
118.9885511,-87.00191075,-31.98664039,-21.44436736,4.825852743,19.77473083,BF
123.1603845,-68.27041139,-54.88997307,-8.335717931,2.275372772,19.76865742,BF
123.3781793,-56.55199797,-66.82618132,-2.93E-10,0.767449132,19.76526195,BF
123.3781793,-56.55199796,-66.82618132,4.28E-10,0.767449132,19.76526195,BF
120.1026351,-33.97974892,-86.12288617,13.37703289,-1.843274314,19.75919149,BF
112.115863,-10.0305333,-102.0853297,26.19669925,-4.078614955,19.75312291,BF
99.76938651,14.35261685,-114.1220034,38.44017825,-5.695659219,19.74705621,BF
83.53726131,38.22457233,-121.7618336,49.22349155,-6.55068409,19.74099139,BF
64.05046067,60.65783579,-124.7082965,58.21434692,-6.616696634,19.73492844,BF
62.5089036,62.22423086,-124.7331345,58.82539608,-6.591875682,19.73448432,BF
62.5089036,62.22423086,-124.7331345,58.82539608,-6.591875682,19.73448432,BF
40.37305028,82.14848549,-122.5215358,65.48088972,-5.914839792,19.72842336,BF
16.66059575,98.92539573,-115.5859915,69.75529002,-4.750315478,19.72236425,BF
-7.709210163,111.906311,-104.1971008,71.46478203,-3.372031186,19.71630699,BF
-31.7895116,120.5865915,-88.79707988,70.55434592,-2.088858278,19.71025158,BF
-54.64525786,124.6291652,-69.98390738,67.06725149,-1.202516022,19.70419802,BF
-75.38900549,123.8768987,-48.48789323,61.15133882,-0.965778119,19.69814632,BF
-80.16177067,122.932356,-42.77058536,59.08262784,-1.030459112,19.69663354,BF
-80.16177067,122.932356,-42.77058536,59.08262784,-1.030459112,19.69663354,BF
-97.13795844,116.2448869,-19.10692843,50.27681831,-1.830414853,19.69058416,BF
-110.3577129,105.0888364,5.26887645,39.65637477,-3.501993873,19.68453665,BF
-119.3000997,89.89607336,29.4040263,27.57014241,-5.951811441,19.67849102,BF
-123.6183984,71.25491828,52.3634801,14.53998345,-8.973051399,19.67244726,BF
-123.1444374,49.8894964,73.25494095,1.026694619,-12.26743691,19.66640539,BF
-122.9250164,48.28814667,74.63686975,6.44E-10,-12.50258589,19.66597716,BF
-122.9250164,48.28814667,74.63686975,-1.38E-10,-12.50258589,19.66597716,BF
-117.3498764,24.93173907,92.41813732,-13.43389466,-15.69518938,19.65993731,BF
-107.2147706,0.638184656,106.5765859,-26.16499839,-18.41199537,19.65389934,BF
-92.9251206,-23.62630504,116.5514256,-38.16266474,-20.31402278,19.64786325,BF
-75.04005678,-46.92268853,121.9627453,-48.6256782,-21.14274042,19.64182902,BF
-62.58959318,-60.32514509,122.9147383,-53.97328558,-21.04606252,19.63812835,BF
-62.58959318,-60.32514509,122.9147383,-53.97328558,-21.04606252,19.63812835,BF
-40.42771543,-80.20993183,120.6376473,-61.37566512,-19.88719805,19.63209712,BF
-16.69497837,-96.91703785,113.6120162,-66.0434148,-17.52429023,19.62606771,BF
7.673620338,-109.8168819,102.1432616,-68.32837493,-14.15264089,19.62004014,BF
31.73284309,-118.4060644,86.6732213,-67.98274316,-10.0675816,19.61401438,BF
54.5480604,-122.3509194,67.80285901,-65.05855121,-5.641510558,19.60799043,BF
74.14493534,-121.6713904,47.52645503,-60.04268458,-1.51640487,19.6023051,BF
74.14493535,-121.6713904,47.52645503,-60.04268458,-1.51640487,19.6023051,BF
92.07999831,-116.3181539,24.23815558,-52.54382688,2.418879141,19.59628467,BF
106.4265917,-106.3996759,-0.026915803,-43.07895578,5.571810506,19.59026606,BF
116.6280868,-92.30286292,-24.32522389,-32.03682768,7.690908798,19.58424928,BF
122.283722,-74.57157785,-47.71214417,-19.76768231,8.642585288,19.57823433,BF
123.1868638,-53.90363441,-69.28322942,-6.636929012,8.426777216,19.57222123,BF
121.8389746,-42.95406342,-78.88491114,9.24E-12,7.923809127,19.56928418,BF
121.8389746,-42.95406342,-78.88491115,7.09E-10,7.923809127,19.56928418,BF
115.6773642,-19.42129667,-96.25606757,13.27325207,6.238237499,19.56327384,BF
104.9685925,4.919048749,-109.8876412,25.46798906,3.883532394,19.55726536,BF
90.17632317,29.11490504,-119.2912282,37.06147098,1.200933642,19.55125875,BF
71.86977424,52.22676967,-124.0965439,47.13031698,-1.459208562,19.545254,BF
61.81554775,62.88914979,-124.7046975,51.50227442,-2.65558214,19.5423117,BF
61.81554775,62.88914979,-124.7046975,51.50227442,-2.65558214,19.5423117,BF
39.62661274,82.74637036,-122.3729831,58.63269818,-4.703913941,19.53630973,BF
15.88682988,99.43272894,-115.3195588,63.6223108,-6.062733808,19.53030963,BF
-8.48156008,112.3051294,-103.8235693,66.16427565,-6.633138986,19.52431138,BF
-32.53190325,120.8629485,-88.3310453,66.19670769,-6.434709999,19.51831497,BF
-55.33010863,124.7740056,-69.44389696,63.73932527,-5.601263763,19.5123204,BF
-66.28030795,124.8906104,-58.61030246,61.41230879,-4.992921168,19.50923343,BF
-66.28030795,124.8906104,-58.61030246,61.41230879,-4.992921168,19.50923343,BF
-85.54014547,121.5596057,-36.0194602,55.20223103,-3.655748974,19.50324163,BF
-101.4621846,113.5222613,-12.06007668,47.42297231,-2.359513581,19.49725166,BF
-113.4551936,101.1242255,12.33096809,37.67924833,-1.412930996,19.49126352,BF
-121.0586242,84.84667343,36.21195074,26.13970231,-1.078696249,19.48527722,BF
-123.975221,65.32714519,58.6480758,14.5654675,-1.539459965,19.47929275,BF
-122.0719076,43.29870827,78.77319932,1.456376403,-2.872775343,19.47331013,BF
-121.5302352,40.56764234,80.96259286,-2.31E-10,-3.087316361,19.47260413,BF
-121.5302352,40.56764234,80.96259286,-9.02E-10,-3.087316361,19.47260413,BF
-114.3585357,16.78187456,97.57666117,-12.43133757,-5.334414575,19.46662358,BF
-102.7539847,-7.612650881,110.3666356,-24.28634639,-8.216383248,19.46064489,BF
-87.16778168,-31.66566006,118.8334417,-35.08418745,-11.45612234,19.45466806,BF
-68.20472408,-54.44370129,122.6484254,-44.41199967,-14.70959983,19.4486931,BF
-53.65229343,-68.83313119,122.4854246,-49.88268016,-16.75134659,19.44460455,BF
-53.65229343,-68.83313119,122.4854246,-49.88268016,-16.75134659,19.44460455,BF
-30.72846942,-87.50396118,118.2324306,-55.99239463,-19.19746238,19.43863273,BF
-6.618459161,-102.7287055,109.3471647,-59.8285072,-20.72626846,19.43266275,BF
17.73858947,-113.9189437,96.18035425,-61.33566037,-21.11231594,19.42669462,BF
41.39671703,-120.6394459,79.24272886,-60.43280639,-20.24642044,19.42072832,BF
62.6315305,-122.6376489,60.00611843,-57.33861105,-18.25255625,19.41499184,BF
62.6315305,-122.6376489,60.00611843,-57.33861105,-18.25255625,19.41499184,BF
82.30823091,-120.0064807,37.69824977,-52.00113943,-15.12358686,19.4090291,BF
98.76531324,-112.6556218,13.89030861,-44.61210208,-11.179999,19.40306816,BF
111.3939603,-100.9001069,-10.4938534,-35.18560877,-6.781935702,19.39710901,BF
119.6765818,-85.1713085,-34.50527325,-25.06566111,-2.329715088,19.39115165,BF
123.2884608,-66.07646535,-57.21199545,-13.13867027,1.770546788,19.38519608,BF
122.1081379,-44.38360938,-77.72452847,-1.310497368,5.153876165,19.37924231,BF
121.6890533,-41.90203027,-79.78702304,4.74E-11,5.465828793,19.37859705,BF
121.6890533,-41.90203027,-79.78702304,7.02E-10,5.465828794,19.37859705,BF
115.2472412,-18.29540927,-96.9518319,11.79255028,7.737041495,19.37264527,BF
104.3184222,6.065029398,-110.3834516,23.08137569,8.841109661,19.36669531,BF
89.32531944,30.23699548,-119.5623149,33.38418079,8.759236783,19.36074718,BF
70.85044667,53.28132752,-124.1317742,42.30475773,7.602026258,19.35480087,BF
49.61128837,74.30325838,-123.9145467,49.49629739,5.592996948,19.34885641,BF
48.76101737,75.04849478,-123.8095121,49.74538324,5.50370046,19.34863162,BF
48.76101737,75.04849478,-123.8095121,49.74538324,5.503700459,19.34863162,BF
25.52472215,93.11119192,-118.6359141,54.85393385,2.934854145,19.34268907,BF
1.287054546,107.604081,-108.8911355,57.74524893,0.183157691,19.33674837,BF
-23.01505327,117.9655749,-94.95052161,58.33194169,-2.405611496,19.33080952,BF
-46.43667906,123.7933782,-77.35669913,56.6021419,-4.531144526,19.32487252,BF
-58.54725719,124.9391828,-66.39192564,54.48164263,-5.412300452,19.32162036,BF
-58.54725719,124.9391828,-66.39192564,54.48164263,-5.412300452,19.32162036,BF
-78.85955006,123.404461,-44.54491089,49.18857191,-6.435857839,19.31568619,BF
-96.09135557,117.0816392,-20.99028365,42.211521,-6.65561752,19.30975386,BF
-109.606413,106.2651555,3.341257525,33.3265347,-6.15476086,19.30382335,BF
-118.8764746,91.36906052,27.50741407,23.16084471,-5.11552681,19.29789465,BF
-123.541398,72.9722556,50.56914237,12.08757892,-3.801140386,19.29196776,BF
-123.4199597,51.78939169,71.63056797,0.553086235,-2.518110483,19.28604268,BF
-123.2966074,50.75984048,72.53676696,2.92E-10,-2.464896681,19.2857709,BF
-123.2966074,50.75984047,72.53676696,-3.61E-10,-2.464896681,19.2857709,BF
-118.178724,27.54236794,90.63635606,-11.54338972,-1.542781701,19.27984772,BF
-108.4821146,3.305755868,105.1763587,-22.68959039,-1.2349142,19.27392634,BF
-94.58187205,-21.01348796,115.59536,-32.83282483,-1.722160248,19.26800679,BF
-77.01860404,-44.46911428,121.4877183,-41.63742631,-3.077298783,19.26208906,BF
-56.47379051,-66.15014764,122.6239382,-48.75004338,-5.251555102,19.25617317,BF
-41.28451193,-79.37313878,120.6576507,-52.51335754,-7.106062935,19.25217256,BF
-41.28451193,-79.37313878,120.6576507,-52.51335754,-7.106062935,19.25217256,BF
-17.58293724,-96.24036553,113.8233028,-56.25802217,-10.22273186,19.24625975,BF
6.792826566,-109.3195597,102.5267331,-57.68228171,-13.49563522,19.24034879,BF
30.89429651,-118.1063602,87.21206372,-56.83270323,-16.55913132,19.23443967,BF
53.78538701,-122.2589051,68.47351808,-53.71151787,-19.04767227,19.22853239,BF
63.93731547,-122.5300042,58.59268868,-51.2236043,-19.92590833,19.22573523,BF
63.93731547,-122.5300042,58.59268868,-51.2236043,-19.92590833,19.22573523,BF
83.46650744,-119.6402276,36.17372021,-44.86086231,-21.01243332,19.21983065,BF
99.71667876,-112.0240117,12.30733293,-37.14195704,-20.8879658,19.21392788,BF
112.0843839,-100.012413,-12.0719709,-27.67291913,-19.50321775,19.20802692,BF
120.1034209,-84.08062105,-36.02279985,-16.74751162,-16.93823789,19.20212776,BF
123.4317823,-64.82882338,-58.60295895,-5.314846141,-13.39241908,19.19623038,BF
123.3758902,-55.6108628,-67.76502742,-2.25E-09,-11.62135536,19.19367453,BF
123.3758902,-55.6108628,-67.76502742,-1.61E-09,-11.62135536,19.19367453,BF
119.8289354,-32.95116219,-86.87777319,11.45763192,-7.240254786,19.18777969,BF
111.6123215,-8.952524228,-102.6597973,22.58634033,-2.752916093,19.18188663,BF
99.04995262,15.43816359,-114.4881162,32.8700906,1.427520134,19.17599534,BF
82.62877161,39.27617277,-121.9049444,41.84485721,4.92969665,19.17010582,BF
62.98656555,61.63542882,-124.6219944,49.16209578,7.461482531,19.16421808,BF
40.8861351,81.6475709,-122.533706,54.52434898,8.842445372,19.15833214,BF
40.65468553,81.83340771,-122.4880932,54.56866611,8.850121911,19.15827331,BF
40.65468553,81.83340771,-122.4880932,54.56866611,8.850121911,19.15827331,BF
16.94260395,98.68696118,-115.6295651,57.7485516,9.017938676,19.15238919,BF
-7.439412156,111.7542604,-104.3148482,58.59530485,8.067638827,19.14650687,BF
-31.54517701,120.5285169,-88.98333985,57.10662097,6.201070011,19.14062637,BF
-54.43858322,124.6690721,-70.23048889,53.32734592,3.711028423,19.1347477,BF
-67.71953171,124.8004403,-57.08090859,49.51933448,1.990157063,19.13107513,BF
-67.71953171,124.8004403,-57.08090859,49.51933448,1.990157062,19.13107513,BF
-86.79977794,121.1780577,-34.37827972,42.21731592,-0.770470448,19.12519943,BF
-102.4973442,112.8645339,-10.3671897,33.62704398,-3.24883627,19.11932556,BF
-114.2272004,100.2179318,14.00926858,23.32590599,-5.169900878,19.11345351,BF
-121.5415196,83.73064791,37.81087169,11.50519022,-6.354119913,19.10758328,BF
-124.1376418,64.74257853,59.39506329,-1.90E-10,-6.734484443,19.10191006,BF
-124.1376418,64.74257853,59.39506329,-8.33E-10,-6.734484443,19.10191006,BF
-122.0898231,42.67204979,79.41777329,-12.25010924,-6.389263827,19.09604339,BF
-115.3142649,19.00053096,96.31373392,-24.00232278,-5.45458001,19.09017851,BF
-104.0722202,-5.36163919,109.4338594,-34.90320206,-4.180543591,19.08431542,BF
-88.80098498,-29.46636049,118.2673455,-44.54043975,-2.869213146,19.07845412,BF
-70.09362351,-52.37742389,122.4710474,-52.52230485,-1.832486389,19.07259461,BF
-48.67671354,-73.20490754,121.8816211,-58.53031848,-1.348615223,19.06673689,BF
-42.74386306,-78.18658987,120.9304529,-59.80003091,-1.341223667,19.06521252,BF
-42.74386306,-78.18658987,120.9304529,-59.80003091,-1.341223667,19.06521252,BF
-19.10579547,-95.25580641,114.3616019,-62.95095037,-1.834331105,19.05935707,BF
5.260244229,-108.5691617,103.3089175,-63.71973339,-3.195000316,19.05350342,BF
29.41139401,-117.6183316,88.20693757,-62.06509499,-5.372751964,19.04765159,BF
52.40875944,-122.0503647,69.64160529,-58.03266429,-8.197713821,19.04180158,BF
73.35957089,-121.6935486,48.33397768,-51.77509134,-11.39834195,19.03595339,BF
76.07247106,-121.2608059,45.18833487,-50.55957306,-11.8562521,19.03514083,BF
76.07247106,-121.2608059,45.18833486,-50.55957306,-11.8562521,19.03514083,BF
93.70327669,-115.4752923,21.77201559,-42.04472207,-15.06534501,19.02929472,BF
107.6776446,-105.1510706,-2.526574044,-31.8974655,-17.88386189,19.02345044,BF
117.4704493,-90.70182368,-26.76862559,-19.90970303,-19.96516646,19.01760797,BF
122.6911834,-72.68334468,-50.00783875,-8.171284914,-21.02347936,19.01176731,BF
123.4508038,-62.15111489,-61.2996889,-3.54E-09,-21.08628451,19.00874443,BF
123.4508038,-62.15111489,-61.2996889,-2.64E-09,-21.08628451,19.00874443,BF
121.4725747,-40.10080815,-81.37176653,12.38108021,-20.30117872,19.0029065,BF
114.6792586,-16.42392752,-98.25533106,24.05014365,-18.25682206,18.99707034,BF
103.4327425,7.933760521,-111.366503,35.62661117,-15.12649114,18.99123595,BF
88.15738387,32.03142313,-120.188807,45.73339667,-11.17446944,18.98540333,BF
69.44701696,54.93246164,-124.3794786,54.12966462,-6.757820098,18.97957246,BF
49.37207171,74.5737121,-123.9457838,60.17100416,-2.544882813,18.97409218,BF
49.3720717,74.5737121,-123.9457838,60.17100416,-2.544882813,18.97409218,BF
26.16600607,92.68821958,-118.8542256,64.31874354,1.610761587,18.9682647,BF
1.931330002,107.2495174,-109.1808474,66.05043104,5.069104089,18.96243899,BF
-22.38949549,117.692608,-95.30311248,65.23678001,7.541906774,18.95661503,BF
-45.85221437,123.6117889,-77.75957449,61.91676756,8.85456123,18.95079284,BF
-67.54264512,124.7712338,-57.22858868,56.15552915,8.962603834,18.94497244,BF
-78.7316209,123.2652569,-44.53363601,51.41712447,8.513543501,18.94166907,BF
-78.7316209,123.2652569,-44.53363601,51.41712447,8.513543501,18.94166907,BF
-96.01961317,116.9904529,-20.97083976,42.2473464,6.965520288,18.93585148,BF
-109.5528438,106.1755613,3.377282539,32.04749161,4.665294255,18.93003569,BF
-118.8551061,91.2962437,27.55886239,19.49147674,1.951839158,18.92422171,BF
-123.5529186,72.92312505,50.62979352,6.651617522,-0.817573299,18.91840955,BF
-124.1040252,62.94802223,61.15600302,-5.46E-10,-2.080860753,18.9155978,BF
-124.1040252,62.94802223,61.15600302,-1.27E-09,-2.080860753,18.9155978,BF
-121.6924032,40.74066571,80.95173753,-13.25710771,-4.326111689,18.90978831,BF
-114.5592117,16.97888508,97.58032663,-26.10665111,-5.912905921,18.90398063,BF
-102.9903825,-7.392047174,110.3824296,-38.13869285,-6.71029383,18.89817474,BF
-87.43411605,-31.42832874,118.8624448,-48.79369498,-6.711146109,18.89237064,BF
-68.49488698,-54.19605701,122.690944,-57.68407487,-6.026680148,18.88656832,BF
-58.68011974,-64.14945366,122.8295734,-61.22984577,-5.527744604,18.8838584,BF
-58.68011974,-64.14945366,122.8295734,-61.22984577,-5.527744604,18.8838584,BF
-36.14004253,-83.48295892,119.6230015,-66.79895895,-4.24446685,18.87805868,BF
-12.20884556,-99.52030492,111.7291505,-70.08454486,-2.916882128,18.87226073,BF
12.18402287,-111.6451418,99.46111888,-70.75053978,-1.85949607,18.86646455,BF
36.09096358,-119.3855078,83.29454424,-68.81039092,-1.353151859,18.86067014,BF
58.58362399,-122.4409448,63.85732082,-64.343024,-1.60588278,18.85487751,BF
78.78864182,-120.692698,41.90405615,-57.20697409,-2.722410962,18.84908666,BF
81.4953845,-120.0159245,38.52053997,-55.93204103,-2.960298794,18.84823993,BF
81.4953845,-120.0159245,38.52053997,-55.93204103,-2.960298794,18.84823993,BF
98.13519438,-112.8679445,14.73275017,-46.52091015,-5.039884402,18.84245114,BF
110.9305388,-101.2716001,-9.658938667,-35.58685143,-7.798616007,18.83666414,BF
119.4075369,-85.69488061,-33.71265628,-23.12396524,-10.97510572,18.83087896,BF
123.2341953,-66.74103149,-56.49316383,-9.847117663,-14.23272389,18.82509558,BF
123.0190984,-51.44014174,-71.57895665,2.68E-11,-16.41576106,18.8209408,BF
123.0190984,-51.44014174,-71.57895665,7.60E-10,-16.41576106,18.8209408,BF
118.6149095,-28.46320171,-90.15170782,13.48293727,-18.94866759,18.81516052,BF
109.5879201,-4.330045823,-105.2578743,26.53902807,-20.6009462,18.80938203,BF
96.29323508,20.01959441,-116.3128295,38.55221357,-21.13084616,18.80360533,BF
79.24676932,43.64015305,-122.8869224,49.09012679,-20.41144342,18.7978304,BF
61.08584533,63.66464626,-124.7504916,57.14432284,-18.67915715,18.79259235,BF
61.08584533,63.66464626,-124.7504916,57.14432284,-18.67915715,18.79259235,BF
38.82188231,83.40817365,-122.230056,63.76181368,-15.70913998,18.78682077,BF
15.03916893,99.95314719,-114.9923161,68.10964136,-11.86989423,18.78105093,BF
-9.34188293,112.6659559,-103.324073,69.76435038,-7.509143665,18.77528283,BF
,,,,,,
,,,,,,
,,,,,,
,,,,,,
,,,,,,
,,,,,,
,,,,,,
,,,,,,
,,,,,,
,,,,,,
,,,,,,
,,,,,,
,,,,,,
,,,,,,
,,,,,,
,,,,,,
,,,,,,
,,,,,,
,,,,,,
,,,,,,
,,,,,,
,,,,,,
,,,,,,
,,,,,,
,,,,,,
,,,,,,
,,,,,,
,,,,,,
,,,,,,
,,,,,,
,,,,,,
,,,,,,
,,,,,,
,,,,,,
,,,,,,
,,,,,,
,,,,,,
,,,,,,
,,,,,,
,,,,,,
,,,,,,
,,,,,,
,,,,,,
,,,,,,
,,,,,,
,,,,,,
,,,,,,
,,,,,,
,,,,,,
,,,,,,
,,,,,,
,,,,,,
,,,,,,
,,,,,,
,,,,,,
,,,,,,
,,,,,,
,,,,,,
,,,,,,
,,,,,,
,,,,,,
,,,,,,
,,,,,,
,,,,,,
,,,,,,
,,,,,,
,,,,,,
,,,,,,
,,,,,,
,,,,,,
,,,,,,
,,,,,,
,,,,,,
,,,,,,
,,,,,,
,,,,,,
,,,,,,
,,,,,,
,,,,,,
,,,,,,
,,,,,,
,,,,,,
,,,,,,
,,,,,,
,,,,,,
,,,,,,
,,,,,,
,,,,,,
,,,,,,
,,,,,,
,,,,,,
,,,,,,
,,,,,,
,,,,,,
,,,,,,
,,,,,,
,,,,,,
,,,,,,
,,,,,,
,,,,,,
,,,,,,
,,,,,,
,,,,,,
,,,,,,
,,,,,,
,,,,,,
,,,,,,
,,,,,,
,,,,,,
,,,,,,
,,,,,,
,,,,,,
,,,,,,
,,,,,,
,,,,,,
,,,,,,
,,,,,,
,,,,,,
,,,,,,
,,,,,,
,,,,,,
,,,,,,
,,,,,,
,,,,,,
,,,,,,
,,,,,,
,,,,,,
,,,,,,
,,,,,,
,,,,,,
,,,,,,
,,,,,,
,,,,,,
,,,,,,
,,,,,,
,,,,,,
,,,,,,
,,,,,,
,,,,,,
,,,,,,
,,,,,,
,,,,,,
,,,,,,
,,,,,,
,,,,,,
,,,,,,
,,,,,,
,,,,,,
,,,,,,
,,,,,,
,,,,,,
,,,,,,
,,,,,,
,,,,,,
,,,,,,
,,,,,,
,,,,,,
,,,,,,
,,,,,,
,,,,,,
,,,,,,
,,,,,,
,,,,,,
,,,,,,
,,,,,,
,,,,,,
,,,,,,
,,,,,,
,,,,,,
,,,,,,
,,,,,,
,,,,,,
,,,,,,
,,,,,,
,,,,,,
,,,,,,
,,,,,,
,,,,,,
,,,,,,
,,,,,,
,,,,,,
,,,,,,
,,,,,,
,,,,,,
,,,,,,
,,,,,,
,,,,,,
,,,,,,
,,,,,,
,,,,,,
,,,,,,
,,,,,,
,,,,,,
,,,,,,
,,,,,,
,,,,,,
,,,,,,
,,,,,,
,,,,,,
,,,,,,
,,,,,,
,,,,,,
,,,,,,
,,,,,,
,,,,,,
,,,,,,
,,,,,,
,,,,,,
,,,,,,
,,,,,,
,,,,,,
,,,,,,
,,,,,,
,,,,,,
,,,,,,
,,,,,,
,,,,,,
,,,,,,
,,,,,,
,,,,,,
,,,,,,
,,,,,,
,,,,,,
,,,,,,
,,,,,,
,,,,,,
,,,,,,
,,,,,,
,,,,,,
,,,,,,
,,,,,,
,,,,,,
,,,,,,
,,,,,,
,,,,,,
,,,,,,
,,,,,,
,,,,,,
,,,,,,
,,,,,,
,,,,,,
,,,,,,
,,,,,,
,,,,,,
,,,,,,
,,,,,,
,,,,,,
,,,,,,
,,,,,,
,,,,,,
,,,,,,
,,,,,,
,,,,,,
,,,,,,
,,,,,,
,,,,,,
,,,,,,
,,,,,,
,,,,,,
,,,,,,
,,,,,,
,,,,,,
,,,,,,
,,,,,,
,,,,,,
,,,,,,
,,,,,,
,,,,,,
,,,,,,
,,,,,,
,,,,,,
,,,,,,
,,,,,,
,,,,,,
,,,,,,
,,,,,,
,,,,,,
,,,,,,
,,,,,,
,,,,,,
,,,,,,
,,,,,,
,,,,,,
,,,,,,
,,,,,,
,,,,,,
,,,,,,
,,,,,,
,,,,,,
,,,,,,
,,,,,,
,,,,,,
,,,,,,
,,,,,,
,,,,,,
,,,,,,
,,,,,,
,,,,,,
,,,,,,
,,,,,,
,,,,,,
,,,,,,
,,,,,,
,,,,,,
,,,,,,
,,,,,,
,,,,,,
,,,,,,
,,,,,,
,,,,,,
,,,,,,
,,,,,,
,,,,,,
,,,,,,
,,,,,,
,,,,,,
,,,,,,
,,,,,,
,,,,,,
,,,,,,
,,,,,,
,,,,,,
,,,,,,
,,,,,,
,,,,,,
,,,,,,
,,,,,,
,,,,,,
,,,,,,
,,,,,,
,,,,,,
,,,,,,
,,,,,,
,,,,,,
,,,,,,
,,,,,,
,,,,,,
,,,,,,
,,,,,,
,,,,,,
,,,,,,
,,,,,,
,,,,,,
,,,,,,
,,,,,,
,,,,,,
,,,,,,
,,,,,,
,,,,,,
,,,,,,
,,,,,,
,,,,,,
,,,,,,
,,,,,,
,,,,,,
,,,,,,
,,,,,,
,,,,,,
,,,,,,
,,,,,,
,,,,,,
,,,,,,
,,,,,,
,,,,,,
,,,,,,
,,,,,,
,,,,,,
,,,,,,
,,,,,,
,,,,,,
,,,,,,
,,,,,,
,,,,,,
,,,,,,
,,,,,,
,,,,,,
,,,,,,
,,,,,,
,,,,,,
,,,,,,
,,,,,,
,,,,,,
,,,,,,
,,,,,,
,,,,,,
,,,,,,
,,,,,,
,,,,,,
,,,,,,
,,,,,,
,,,,,,
,,,,,,
,,,,,,
,,,,,,
,,,,,,
,,,,,,
,,,,,,
,,,,,,
,,,,,,
,,,,,,
,,,,,,
,,,,,,
,,,,,,
,,,,,,
,,,,,,
,,,,,,
,,,,,,
,,,,,,
,,,,,,
,,,,,,
,,,,,,
,,,,,,
,,,,,,
,,,,,,
,,,,,,
,,,,,,
,,,,,,
,,,,,,
,,,,,,
,,,,,,
,,,,,,
,,,,,,
,,,,,,
,,,,,,
,,,,,,
,,,,,,
,,,,,,
,,,,,,
,,,,,,
,,,,,,
,,,,,,
,,,,,,
,,,,,,
,,,,,,
,,,,,,
,,,,,,
,,,,,,
,,,,,,
,,,,,,
,,,,,,
,,,,,,
,,,,,,
,,,,,,
,,,,,,
,,,,,,
,,,,,,
,,,,,,
,,,,,,
,,,,,,
,,,,,,
,,,,,,
,,,,,,
,,,,,,
,,,,,,
,,,,,,
,,,,,,
,,,,,,
,,,,,,
,,,,,,
,,,,,,
,,,,,,
,,,,,,
,,,,,,
,,,,,,
,,,,,,
,,,,,,
,,,,,,
,,,,,,
,,,,,,
,,,,,,
,,,,,,
,,,,,,
,,,,,,
,,,,,,
,,,,,,
,,,,,,
,,,,,,
,,,,,,
,,,,,,
,,,,,,
,,,,,,
,,,,,,
,,,,,,
,,,,,,
,,,,,,
,,,,,,
,,,,,,
,,,,,,
,,,,,,
,,,,,,
,,,,,,
,,,,,,
,,,,,,
,,,,,,
,,,,,,
,,,,,,
,,,,,,
,,,,,,
,,,,,,
,,,,,,
,,,,,,
,,,,,,
,,,,,,
,,,,,,
,,,,,,
,,,,,,
,,,,,,
,,,,,,
,,,,,,
,,,,,,
,,,,,,
,,,,,,
,,,,,,
,,,,,,
,,,,,,
,,,,,,
,,,,,,
,,,,,,
,,,,,,
,,,,,,
,,,,,,
,,,,,,
,,,,,,
,,,,,,
,,,,,,
,,,,,,
,,,,,,
,,,,,,
,,,,,,
,,,,,,
,,,,,,
,,,,,,
,,,,,,
,,,,,,
,,,,,,
,,,,,,
,,,,,,
,,,,,,
,,,,,,
,,,,,,
,,,,,,
,,,,,,
,,,,,,
,,,,,,
,,,,,,
,,,,,,
,,,,,,
,,,,,,
,,,,,,
,,,,,,
,,,,,,
,,,,,,
,,,,,,
,,,,,,
,,,,,,
,,,,,,
,,,,,,
,,,,,,
,,,,,,
,,,,,,
,,,,,,
,,,,,,
,,,,,,
,,,,,,
,,,,,,
,,,,,,
,,,,,,
,,,,,,
,,,,,,
,,,,,,
,,,,,,
,,,,,,
,,,,,,
,,,,,,
,,,,,,
,,,,,,
,,,,,,
,,,,,,
,,,,,,
,,,,,,
,,,,,,
,,,,,,
,,,,,,
,,,,,,
,,,,,,
,,,,,,
,,,,,,
,,,,,,
,,,,,,
,,,,,,
,,,,,,
,,,,,,
,,,,,,
,,,,,,
,,,,,,
,,,,,,
,,,,,,
,,,,,,
,,,,,,
,,,,,,
,,,,,,
,,,,,,
,,,,,,
,,,,,,
,,,,,,
,,,,,,
,,,,,,
,,,,,,
,,,,,,
,,,,,,
,,,,,,
,,,,,,
,,,,,,
,,,,,,
,,,,,,
,,,,,,
,,,,,,
,,,,,,
,,,,,,
,,,,,,
,,,,,,
,,,,,,
,,,,,,
,,,,,,
,,,,,,
,,,,,,
,,,,,,
,,,,,,
,,,,,,
,,,,,,
,,,,,,
,,,,,,
,,,,,,
,,,,,,
,,,,,,
,,,,,,
,,,,,,
,,,,,,
,,,,,,
,,,,,,
,,,,,,
,,,,,,
,,,,,,
,,,,,,
,,,,,,
,,,,,,
,,,,,,
,,,,,,
,,,,,,
,,,,,,
,,,,,,
,,,,,,
,,,,,,
,,,,,,
,,,,,,
,,,,,,
,,,,,,
,,,,,,
,,,,,,
,,,,,,
,,,,,,
,,,,,,
,,,,,,
,,,,,,
,,,,,,
,,,,,,
,,,,,,
,,,,,,
,,,,,,
,,,,,,
,,,,,,
,,,,,,
,,,,,,
,,,,,,
,,,,,,
,,,,,,
,,,,,,
,,,,,,
,,,,,,
,,,,,,
,,,,,,
,,,,,,
,,,,,,
,,,,,,
,,,,,,
,,,,,,
,,,,,,
,,,,,,
,,,,,,
,,,,,,
,,,,,,
,,,,,,
,,,,,,
,,,,,,
,,,,,,
,,,,,,
,,,,,,
,,,,,,
,,,,,,
,,,,,,
,,,,,,
,,,,,,
,,,,,,
,,,,,,
,,,,,,
,,,,,,
,,,,,,
,,,,,,
,,,,,,
,,,,,,
,,,,,,
,,,,,,
,,,,,,
,,,,,,
,,,,,,
,,,,,,
,,,,,,
,,,,,,
,,,,,,
,,,,,,
,,,,,,
,,,,,,
,,,,,,
,,,,,,
,,,,,,
,,,,,,
,,,,,,
,,,,,,
,,,,,,
,,,,,,
,,,,,,
,,,,,,
,,,,,,
,,,,,,
,,,,,,
,,,,,,
,,,,,,
,,,,,,
,,,,,,
,,,,,,
,,,,,,
,,,,,,
,,,,,,
,,,,,,
,,,,,,
,,,,,,
,,,,,,
,,,,,,
,,,,,,
,,,,,,
,,,,,,
,,,,,,
,,,,,,
,,,,,,
,,,,,,
,,,,,,
,,,,,,
,,,,,,
,,,,,,
,,,,,,
,,,,,,
,,,,,,
,,,,,,
,,,,,,
,,,,,,
,,,,,,
,,,,,,
,,,,,,
,,,,,,
,,,,,,
,,,,,,
,,,,,,
,,,,,,
,,,,,,
,,,,,,
,,,,,,
,,,,,,
,,,,,,
,,,,,,
,,,,,,
,,,,,,
,,,,,,
,,,,,,
,,,,,,
,,,,,,
,,,,,,
,,,,,,
,,,,,,
,,,,,,
,,,,,,
,,,,,,
,,,,,,
,,,,,,
,,,,,,
,,,,,,
,,,,,,
,,,,,,
,,,,,,
,,,,,,
,,,,,,
,,,,,,
,,,,,,
,,,,,,
,,,,,,
,,,,,,
,,,,,,
,,,,,,
,,,,,,
,,,,,,
,,,,,,
,,,,,,
,,,,,,
,,,,,,
,,,,,,
,,,,,,
,,,,,,
,,,,,,
,,,,,,
,,,,,,
,,,,,,
,,,,,,
,,,,,,
,,,,,,
,,,,,,
,,,,,,
,,,,,,
,,,,,,
,,,,,,
,,,,,,
,,,,,,
,,,,,,
,,,,,,
,,,,,,
,,,,,,
,,,,,,
,,,,,,
,,,,,,
,,,,,,
,,,,,,
,,,,,,
,,,,,,
,,,,,,
,,,,,,
,,,,,,
,,,,,,
,,,,,,
,,,,,,
,,,,,,
,,,,,,
,,,,,,
,,,,,,
,,,,,,
,,,,,,
,,,,,,
,,,,,,
,,,,,,
,,,,,,
,,,,,,
,,,,,,
,,,,,,
,,,,,,
,,,,,,
,,,,,,
,,,,,,
,,,,,,
,,,,,,
,,,,,,
,,,,,,
,,,,,,
,,,,,,
,,,,,,
,,,,,,
,,,,,,
,,,,,,
,,,,,,
,,,,,,
,,,,,,
,,,,,,
,,,,,,
,,,,,,
,,,,,,
,,,,,,
,,,,,,
,,,,,,
,,,,,,
,,,,,,
,,,,,,
,,,,,,
,,,,,,
,,,,,,
,,,,,,
,,,,,,
,,,,,,
,,,,,,
,,,,,,
,,,,,,
,,,,,,
,,,,,,
,,,,,,
,,,,,,
,,,,,,
,,,,,,
,,,,,,
,,,,,,
,,,,,,
,,,,,,
,,,,,,
,,,,,,
,,,,,,
,,,,,,
,,,,,,
,,,,,,
,,,,,,
,,,,,,
,,,,,,
,,,,,,
,,,,,,
,,,,,,
,,,,,,
,,,,,,
,,,,,,
,,,,,,
,,,,,,
,,,,,,
,,,,,,
,,,,,,
,,,,,,
,,,,,,
,,,,,,
,,,,,,
,,,,,,
,,,,,,
,,,,,,
,,,,,,
,,,,,,
,,,,,,
,,,,,,
,,,,,,
,,,,,,
,,,,,,
,,,,,,
,,,,,,
,,,,,,
,,,,,,
,,,,,,
,,,,,,
,,,,,,
,,,,,,
,,,,,,
,,,,,,
,,,,,,
,,,,,,
,,,,,,
,,,,,,
,,,,,,
,,,,,,
,,,,,,
,,,,,,
,,,,,,
,,,,,,
,,,,,,
,,,,,,
,,,,,,
,,,,,,
,,,,,,
,,,,,,
,,,,,,
,,,,,,
,,,,,,
,,,,,,
,,,,,,
,,,,,,
,,,,,,
,,,,,,
,,,,,,
,,,,,,
,,,,,,
,,,,,,
,,,,,,
,,,,,,
,,,,,,
,,,,,,
,,,,,,
,,,,,,
,,,,,,
,,,,,,
,,,,,,
,,,,,,
,,,,,,
,,,,,,
,,,,,,
,,,,,,
,,,,,,
,,,,,,
,,,,,,
,,,,,,
,,,,,,
,,,,,,
,,,,,,
,,,,,,
,,,,,,
,,,,,,
,,,,,,
,,,,,,
,,,,,,
,,,,,,
,,,,,,
,,,,,,
,,,,,,
,,,,,,
,,,,,,
,,,,,,
,,,,,,
,,,,,,
,,,,,,
,,,,,,
,,,,,,
,,,,,,
,,,,,,
,,,,,,
,,,,,,
,,,,,,
,,,,,,
,,,,,,
,,,,,,
,,,,,,
,,,,,,
,,,,,,
,,,,,,
,,,,,,
,,,,,,
,,,,,,
,,,,,,
,,,,,,
,,,,,,
,,,,,,
,,,,,,
,,,,,,
,,,,,,
,,,,,,
,,,,,,
,,,,,,
,,,,,,
,,,,,,
,,,,,,
,,,,,,
,,,,,,
,,,,,,
,,,,,,
,,,,,,
,,,,,,
,,,,,,
,,,,,,
,,,,,,
,,,,,,
,,,,,,
,,,,,,
,,,,,,
,,,,,,
,,,,,,
,,,,,,
,,,,,,
,,,,,,
,,,,,,
,,,,,,
,,,,,,
,,,,,,
,,,,,,
,,,,,,
,,,,,,
,,,,,,
,,,,,,
,,,,,,
,,,,,,
,,,,,,
,,,,,,
,,,,,,
,,,,,,
,,,,,,
,,,,,,
,,,,,,
,,,,,,
,,,,,,
,,,,,,
,,,,,,
,,,,,,
,,,,,,
,,,,,,
,,,,,,
,,,,,,
,,,,,,
,,,,,,
,,,,,,
,,,,,,
,,,,,,
,,,,,,
,,,,,,
,,,,,,
,,,,,,
,,,,,,
,,,,,,
,,,,,,
,,,,,,
,,,,,,
,,,,,,
,,,,,,
,,,,,,
,,,,,,
,,,,,,
,,,,,,
,,,,,,
,,,,,,
,,,,,,
,,,,,,
,,,,,,
,,,,,,
,,,,,,
,,,,,,
,,,,,,
,,,,,,
,,,,,,
,,,,,,
,,,,,,
,,,,,,
,,,,,,
,,,,,,
,,,,,,
,,,,,,
,,,,,,
,,,,,,
,,,,,,
,,,,,,
,,,,,,
,,,,,,
,,,,,,
,,,,,,
,,,,,,
,,,,,,
,,,,,,
,,,,,,
,,,,,,
,,,,,,
,,,,,,
,,,,,,
,,,,,,
,,,,,,
,,,,,,
,,,,,,
,,,,,,
,,,,,,
,,,,,,
,,,,,,
,,,,,,
,,,,,,
,,,,,,
,,,,,,
,,,,,,
,,,,,,
,,,,,,
,,,,,,
,,,,,,
,,,,,,
,,,,,,
,,,,,,
,,,,,,
,,,,,,
,,,,,,
,,,,,,
,,,,,,
,,,,,,
,,,,,,
,,,,,,
,,,,,,
,,,,,,
,,,,,,
,,,,,,
,,,,,,
,,,,,,
,,,,,,
,,,,,,
,,,,,,
,,,,,,
,,,,,,
,,,,,,
,,,,,,
,,,,,,
,,,,,,
,,,,,,
,,,,,,
,,,,,,
,,,,,,
,,,,,,
,,,,,,
,,,,,,
,,,,,,
,,,,,,
,,,,,,
,,,,,,
,,,,,,
,,,,,,
,,,,,,
,,,,,,
,,,,,,
,,,,,,
,,,,,,
,,,,,,
,,,,,,
,,,,,,
,,,,,,
,,,,,,
,,,,,,
,,,,,,
,,,,,,
,,,,,,
,,,,,,
,,,,,,
,,,,,,
,,,,,,
,,,,,,
,,,,,,
,,,,,,
,,,,,,
,,,,,,
,,,,,,
,,,,,,
,,,,,,
,,,,,,
,,,,,,
,,,,,,
,,,,,,
,,,,,,
,,,,,,
,,,,,,
,,,,,,
,,,,,,
,,,,,,
,,,,,,
,,,,,,
,,,,,,
,,,,,,
,,,,,,
,,,,,,
,,,,,,
,,,,,,
,,,,,,
,,,,,,
,,,,,,
,,,,,,
,,,,,,
,,,,,,
,,,,,,
,,,,,,
,,,,,,
,,,,,,
,,,,,,
,,,,,,
,,,,,,
,,,,,,
,,,,,,
,,,,,,
,,,,,,
,,,,,,
,,,,,,
,,,,,,
,,,,,,
,,,,,,
,,,,,,
,,,,,,
,,,,,,
,,,,,,
,,,,,,
,,,,,,
,,,,,,
,,,,,,
,,,,,,
,,,,,,
,,,,,,
,,,,,,
,,,,,,
,,,,,,
,,,,,,
,,,,,,
,,,,,,
,,,,,,
,,,,,,
,,,,,,
,,,,,,
,,,,,,
,,,,,,
,,,,,,
,,,,,,
,,,,,,
,,,,,,
,,,,,,
,,,,,,
,,,,,,
,,,,,,
,,,,,,
,,,,,,
,,,,,,
,,,,,,
,,,,,,
,,,,,,
,,,,,,
,,,,,,
,,,,,,
,,,,,,
,,,,,,
,,,,,,
,,,,,,
,,,,,,
,,,,,,
,,,,,,
,,,,,,
,,,,,,
,,,,,,
,,,,,,
,,,,,,
,,,,,,
,,,,,,
,,,,,,
,,,,,,
,,,,,,
,,,,,,
,,,,,,
,,,,,,
,,,,,,
,,,,,,
,,,,,,
,,,,,,
,,,,,,
,,,,,,
,,,,,,
,,,,,,
,,,,,,
,,,,,,
,,,,,,
,,,,,,
,,,,,,
,,,,,,
,,,,,,
,,,,,,
,,,,,,
,,,,,,
,,,,,,
,,,,,,
,,,,,,
,,,,,,
,,,,,,
,,,,,,
,,,,,,
,,,,,,
,,,,,,
,,,,,,
,,,,,,
,,,,,,
,,,,,,
,,,,,,
,,,,,,
,,,,,,
,,,,,,
,,,,,,
,,,,,,
,,,,,,
,,,,,,
,,,,,,
,,,,,,
,,,,,,
,,,,,,
,,,,,,
,,,,,,
,,,,,,
,,,,,,
,,,,,,
,,,,,,
,,,,,,
,,,,,,
,,,,,,
,,,,,,
,,,,,,
,,,,,,
,,,,,,
,,,,,,
,,,,,,
,,,,,,
,,,,,,
,,,,,,
,,,,,,
,,,,,,
,,,,,,
,,,,,,
,,,,,,
,,,,,,
,,,,,,
,,,,,,
,,,,,,
,,,,,,
,,,,,,
,,,,,,
,,,,,,
,,,,,,
,,,,,,
,,,,,,
,,,,,,
,,,,,,
,,,,,,
,,,,,,
,,,,,,
,,,,,,
,,,,,,
,,,,,,
,,,,,,
,,,,,,
,,,,,,
,,,,,,
,,,,,,
,,,,,,
,,,,,,
,,,,,,
,,,,,,
,,,,,,
,,,,,,
,,,,,,
,,,,,,
,,,,,,
,,,,,,
,,,,,,
,,,,,,
,,,,,,
,,,,,,
,,,,,,
,,,,,,
,,,,,,
,,,,,,
,,,,,,
,,,,,,
,,,,,,
,,,,,,
,,,,,,
,,,,,,
,,,,,,
,,,,,,
,,,,,,
,,,,,,
,,,,,,
,,,,,,
,,,,,,
,,,,,,
,,,,,,
,,,,,,
,,,,,,
,,,,,,
,,,,,,
,,,,,,
,,,,,,
,,,,,,
,,,,,,
,,,,,,
,,,,,,
,,,,,,
,,,,,,
,,,,,,
,,,,,,
,,,,,,
,,,,,,
,,,,,,
,,,,,,
,,,,,,
,,,,,,
,,,,,,
,,,,,,
,,,,,,
,,,,,,
,,,,,,
,,,,,,
,,,,,,
,,,,,,
,,,,,,
,,,,,,
,,,,,,
,,,,,,
,,,,,,
,,,,,,
,,,,,,
,,,,,,
,,,,,,
,,,,,,
,,,,,,
,,,,,,
,,,,,,
,,,,,,
,,,,,,
,,,,,,
,,,,,,
,,,,,,
,,,,,,
,,,,,,
,,,,,,
,,,,,,
,,,,,,
,,,,,,
,,,,,,
,,,,,,
,,,,,,
,,,,,,
,,,,,,
,,,,,,
,,,,,,
,,,,,,
,,,,,,
,,,,,,
,,,,,,
,,,,,,
,,,,,,
,,,,,,
,,,,,,
,,,,,,
,,,,,,
,,,,,,
,,,,,,
,,,,,,
,,,,,,
,,,,,,
,,,,,,
,,,,,,
,,,,,,
,,,,,,
,,,,,,
,,,,,,
,,,,,,
,,,,,,
,,,,,,
,,,,,,
,,,,,,
,,,,,,
,,,,,,
,,,,,,
,,,,,,
,,,,,,
,,,,,,
,,,,,,
,,,,,,
,,,,,,
,,,,,,
,,,,,,
,,,,,,
,,,,,,
,,,,,,
,,,,,,
,,,,,,
,,,,,,
,,,,,,
,,,,,,
,,,,,,
,,,,,,
,,,,,,
,,,,,,
,,,,,,
,,,,,,
,,,,,,
,,,,,,
,,,,,,
,,,,,,
,,,,,,
,,,,,,
,,,,,,
,,,,,,
,,,,,,
,,,,,,
,,,,,,
,,,,,,
,,,,,,
,,,,,,
,,,,,,
,,,,,,
,,,,,,
,,,,,,
,,,,,,
,,,,,,
,,,,,,
,,,,,,
,,,,,,
,,,,,,
,,,,,,
,,,,,,
,,,,,,
,,,,,,
,,,,,,
,,,,,,
,,,,,,
,,,,,,
,,,,,,
,,,,,,
,,,,,,
,,,,,,
,,,,,,
,,,,,,
,,,,,,
,,,,,,
,,,,,,
,,,,,,
,,,,,,
,,,,,,
,,,,,,
,,,,,,
,,,,,,
,,,,,,
,,,,,,
,,,,,,
,,,,,,
,,,,,,
,,,,,,
,,,,,,
,,,,,,
,,,,,,
,,,,,,
,,,,,,
,,,,,,
,,,,,,
,,,,,,
,,,,,,
,,,,,,
,,,,,,
,,,,,,
,,,,,,
,,,,,,
,,,,,,
,,,,,,
,,,,,,
,,,,,,
,,,,,,
,,,,,,
,,,,,,
,,,,,,
,,,,,,
,,,,,,
,,,,,,
,,,,,,
,,,,,,
,,,,,,
,,,,,,
,,,,,,
,,,,,,
,,,,,,
,,,,,,
,,,,,,
,,,,,,
,,,,,,
,,,,,,
,,,,,,
,,,,,,
,,,,,,
,,,,,,
,,,,,,
,,,,,,
,,,,,,
,,,,,,
,,,,,,
,,,,,,
,,,,,,
,,,,,,
,,,,,,
,,,,,,
,,,,,,
,,,,,,
,,,,,,
,,,,,,
,,,,,,
,,,,,,
,,,,,,
,,,,,,
,,,,,,
,,,,,,
,,,,,,
,,,,,,
,,,,,,
,,,,,,
,,,,,,
,,,,,,
,,,,,,
,,,,,,
,,,,,,
,,,,,,
,,,,,,
,,,,,,
,,,,,,
,,,,,,
,,,,,,
,,,,,,
,,,,,,
,,,,,,
,,,,,,
,,,,,,
,,,,,,
,,,,,,
,,,,,,
,,,,,,
,,,,,,
,,,,,,
,,,,,,
,,,,,,
,,,,,,
,,,,,,
,,,,,,
,,,,,,
,,,,,,
,,,,,,
,,,,,,
,,,,,,
,,,,,,
,,,,,,
,,,,,,
,,,,,,
,,,,,,
,,,,,,
,,,,,,
,,,,,,
,,,,,,
,,,,,,
,,,,,,
,,,,,,
,,,,,,
,,,,,,
,,,,,,
,,,,,,
,,,,,,
,,,,,,
,,,,,,
,,,,,,
,,,,,,
,,,,,,
,,,,,,
,,,,,,
,,,,,,
,,,,,,
,,,,,,
,,,,,,
,,,,,,
,,,,,,
,,,,,,
,,,,,,
,,,,,,
,,,,,,
,,,,,,
,,,,,,
,,,,,,
,,,,,,
,,,,,,
,,,,,,
,,,,,,
,,,,,,
,,,,,,
,,,,,,
,,,,,,
,,,,,,
,,,,,,
,,,,,,
,,,,,,
,,,,,,
,,,,,,
,,,,,,
,,,,,,
,,,,,,
,,,,,,
,,,,,,
,,,,,,
,,,,,,
,,,,,,
,,,,,,
,,,,,,
,,,,,,
,,,,,,
,,,,,,
,,,,,,
,,,,,,
,,,,,,
,,,,,,
,,,,,,
,,,,,,
,,,,,,
,,,,,,
,,,,,,
,,,,,,
,,,,,,
,,,,,,
,,,,,,
,,,,,,
,,,,,,
,,,,,,
,,,,,,
,,,,,,
,,,,,,
,,,,,,
,,,,,,
,,,,,,
,,,,,,
,,,,,,
,,,,,,
,,,,,,
,,,,,,
,,,,,,
,,,,,,
,,,,,,
,,,,,,
,,,,,,
,,,,,,
,,,,,,
,,,,,,
,,,,,,
,,,,,,
,,,,,,
,,,,,,
,,,,,,
,,,,,,
,,,,,,
,,,,,,
,,,,,,
,,,,,,
,,,,,,
,,,,,,
,,,,,,
,,,,,,
,,,,,,
,,,,,,
,,,,,,
,,,,,,
,,,,,,
,,,,,,
,,,,,,
,,,,,,
,,,,,,
,,,,,,
,,,,,,
,,,,,,
,,,,,,
,,,,,,
,,,,,,
,,,,,,
,,,,,,
,,,,,,
,,,,,,
,,,,,,
,,,,,,
,,,,,,
,,,,,,
,,,,,,
,,,,,,
,,,,,,
,,,,,,
,,,,,,
,,,,,,
,,,,,,
,,,,,,
,,,,,,
,,,,,,
,,,,,,
,,,,,,
,,,,,,
,,,,,,
,,,,,,
,,,,,,
,,,,,,
,,,,,,
,,,,,,
,,,,,,
,,,,,,
,,,,,,
,,,,,,
,,,,,,
,,,,,,
,,,,,,
,,,,,,
,,,,,,
,,,,,,
,,,,,,
,,,,,,
,,,,,,
,,,,,,
,,,,,,
,,,,,,
,,,,,,
,,,,,,
,,,,,,
,,,,,,
,,,,,,
,,,,,,
,,,,,,
,,,,,,
,,,,,,
,,,,,,
,,,,,,
,,,,,,
,,,,,,
,,,,,,
,,,,,,
,,,,,,
,,,,,,
,,,,,,
,,,,,,
,,,,,,
,,,,,,
,,,,,,
,,,,,,
,,,,,,
,,,,,,
,,,,,,
,,,,,,
,,,,,,
,,,,,,
,,,,,,
,,,,,,
,,,,,,
,,,,,,
,,,,,,
,,,,,,
,,,,,,
,,,,,,
,,,,,,
,,,,,,
,,,,,,
,,,,,,
,,,,,,
,,,,,,
,,,,,,
,,,,,,
,,,,,,
,,,,,,
,,,,,,
,,,,,,
,,,,,,
,,,,,,
,,,,,,
,,,,,,
,,,,,,
,,,,,,
,,,,,,
,,,,,,
,,,,,,
,,,,,,
,,,,,,
,,,,,,
,,,,,,
,,,,,,
,,,,,,
,,,,,,
,,,,,,
,,,,,,
,,,,,,
,,,,,,
,,,,,,
,,,,,,
,,,,,,
,,,,,,
,,,,,,
,,,,,,
,,,,,,
,,,,,,
,,,,,,
,,,,,,
,,,,,,
,,,,,,
,,,,,,
,,,,,,
,,,,,,
,,,,,,
,,,,,,
,,,,,,
,,,,,,
,,,,,,
,,,,,,
,,,,,,
,,,,,,
,,,,,,
,,,,,,
,,,,,,
,,,,,,
,,,,,,
,,,,,,
,,,,,,
,,,,,,
,,,,,,
,,,,,,
,,,,,,
,,,,,,
,,,,,,
,,,,,,
,,,,,,
,,,,,,
,,,,,,
,,,,,,
,,,,,,
,,,,,,
,,,,,,
,,,,,,
,,,,,,
,,,,,,
,,,,,,
,,,,,,
,,,,,,
,,,,,,
,,,,,,
,,,,,,
,,,,,,
,,,,,,
,,,,,,
,,,,,,
,,,,,,
,,,,,,
,,,,,,
,,,,,,
,,,,,,
,,,,,,
,,,,,,
,,,,,,
,,,,,,
,,,,,,
,,,,,,
,,,,,,
,,,,,,
,,,,,,
,,,,,,
,,,,,,
,,,,,,
,,,,,,
,,,,,,
,,,,,,
,,,,,,
,,,,,,
,,,,,,
,,,,,,
,,,,,,
,,,,,,
,,,,,,
,,,,,,
,,,,,,
,,,,,,
,,,,,,
,,,,,,
,,,,,,
,,,,,,
,,,,,,
,,,,,,
,,,,,,
,,,,,,
,,,,,,
,,,,,,
,,,,,,
,,,,,,
,,,,,,
,,,,,,
,,,,,,
,,,,,,
,,,,,,
,,,,,,
,,,,,,
,,,,,,
,,,,,,
,,,,,,
,,,,,,
,,,,,,
,,,,,,
,,,,,,
,,,,,,
,,,,,,
,,,,,,
,,,,,,
,,,,,,
,,,,,,
,,,,,,
,,,,,,
,,,,,,
,,,,,,
,,,,,,
,,,,,,
,,,,,,
,,,,,,
,,,,,,
,,,,,,
,,,,,,
,,,,,,
,,,,,,
,,,,,,
,,,,,,
,,,,,,
,,,,,,
,,,,,,
,,,,,,
,,,,,,
,,,,,,
,,,,,,
,,,,,,
,,,,,,
,,,,,,
,,,,,,
,,,,,,
,,,,,,
,,,,,,
,,,,,,
,,,,,,
,,,,,,
,,,,,,
,,,,,,
,,,,,,
,,,,,,
,,,,,,
,,,,,,
,,,,,,
,,,,,,
,,,,,,
,,,,,,
,,,,,,
,,,,,,
,,,,,,
,,,,,,
,,,,,,
,,,,,,
,,,,,,
,,,,,,
,,,,,,
,,,,,,
,,,,,,
,,,,,,
,,,,,,
,,,,,,
,,,,,,
,,,,,,
,,,,,,
,,,,,,
,,,,,,
,,,,,,
,,,,,,
,,,,,,
,,,,,,
,,,,,,
,,,,,,
,,,,,,
,,,,,,
,,,,,,
,,,,,,
,,,,,,
,,,,,,
,,,,,,
,,,,,,
,,,,,,
,,,,,,
,,,,,,
,,,,,,
,,,,,,
,,,,,,
,,,,,,
,,,,,,
,,,,,,
,,,,,,
,,,,,,
,,,,,,
,,,,,,
,,,,,,
,,,,,,
,,,,,,
,,,,,,
,,,,,,
,,,,,,
,,,,,,
,,,,,,
,,,,,,
,,,,,,
,,,,,,
,,,,,,
,,,,,,
,,,,,,
,,,,,,
,,,,,,
,,,,,,
,,,,,,
,,,,,,
,,,,,,
,,,,,,
,,,,,,
,,,,,,
,,,,,,
,,,,,,
,,,,,,
,,,,,,
,,,,,,
,,,,,,
,,,,,,
,,,,,,
,,,,,,
,,,,,,
,,,,,,
,,,,,,
,,,,,,
,,,,,,
,,,,,,
,,,,,,
,,,,,,
,,,,,,
,,,,,,
,,,,,,
,,,,,,
,,,,,,
,,,,,,
,,,,,,
,,,,,,
,,,,,,
,,,,,,
,,,,,,
,,,,,,
,,,,,,
,,,,,,
,,,,,,
,,,,,,
,,,,,,
,,,,,,
,,,,,,
,,,,,,
,,,,,,
,,,,,,
,,,,,,
,,,,,,
,,,,,,
,,,,,,
,,,,,,
,,,,,,
,,,,,,
,,,,,,
,,,,,,
,,,,,,
,,,,,,
,,,,,,
,,,,,,
,,,,,,
,,,,,,
,,,,,,
,,,,,,
,,,,,,
,,,,,,
,,,,,,
,,,,,,
,,,,,,
,,,,,,
,,,,,,
,,,,,,
,,,,,,
,,,,,,
,,,,,,
,,,,,,
,,,,,,
,,,,,,
,,,,,,
,,,,,,
,,,,,,
,,,,,,
,,,,,,
,,,,,,
,,,,,,
,,,,,,
,,,,,,
,,,,,,
,,,,,,
,,,,,,
,,,,,,
,,,,,,
,,,,,,
,,,,,,
,,,,,,
,,,,,,
,,,,,,
,,,,,,
,,,,,,
,,,,,,
,,,,,,
,,,,,,
,,,,,,
,,,,,,
,,,,,,
,,,,,,
,,,,,,
,,,,,,
,,,,,,
,,,,,,
,,,,,,
,,,,,,
,,,,,,
,,,,,,
,,,,,,
,,,,,,
,,,,,,
,,,,,,
,,,,,,
,,,,,,
,,,,,,
,,,,,,
,,,,,,
,,,,,,
,,,,,,
,,,,,,
,,,,,,
,,,,,,
,,,,,,
,,,,,,
,,,,,,
,,,,,,
,,,,,,
,,,,,,
,,,,,,
,,,,,,
,,,,,,
,,,,,,
,,,,,,
,,,,,,
,,,,,,
,,,,,,
,,,,,,
,,,,,,
,,,,,,
,,,,,,
,,,,,,
,,,,,,
,,,,,,
,,,,,,
,,,,,,
,,,,,,
,,,,,,
,,,,,,
,,,,,,
,,,,,,
,,,,,,
,,,,,,
,,,,,,
,,,,,,
,,,,,,
,,,,,,
,,,,,,
,,,,,,
,,,,,,
,,,,,,
,,,,,,
,,,,,,
,,,,,,
,,,,,,
,,,,,,
,,,,,,
,,,,,,
,,,,,,
,,,,,,
,,,,,,
,,,,,,
,,,,,,
,,,,,,
,,,,,,
,,,,,,
,,,,,,
,,,,,,
,,,,,,
,,,,,,
,,,,,,
,,,,,,
,,,,,,
,,,,,,
,,,,,,
,,,,,,
,,,,,,
,,,,,,
,,,,,,
,,,,,,
,,,,,,
,,,,,,
,,,,,,
,,,,,,
,,,,,,
,,,,,,
,,,,,,
,,,,,,
,,,,,,
,,,,,,
,,,,,,
,,,,,,
,,,,,,
,,,,,,
,,,,,,
,,,,,,
,,,,,,
,,,,,,
,,,,,,
,,,,,,
,,,,,,
,,,,,,
,,,,,,
,,,,,,
,,,,,,
,,,,,,
,,,,,,
,,,,,,
,,,,,,
,,,,,,
,,,,,,
,,,,,,
,,,,,,
,,,,,,
,,,,,,
,,,,,,
,,,,,,
,,,,,,
,,,,,,
,,,,,,
,,,,,,
,,,,,,
,,,,,,
,,,,,,
,,,,,,
,,,,,,
,,,,,,
,,,,,,
,,,,,,
,,,,,,
,,,,,,
,,,,,,
,,,,,,
,,,,,,
,,,,,,
,,,,,,
,,,,,,
,,,,,,
,,,,,,
,,,,,,
,,,,,,
,,,,,,
,,,,,,
,,,,,,
,,,,,,
,,,,,,
,,,,,,
,,,,,,
,,,,,,
,,,,,,
,,,,,,
,,,,,,
,,,,,,
,,,,,,
,,,,,,
,,,,,,
,,,,,,
,,,,,,
,,,,,,
,,,,,,
,,,,,,
,,,,,,
,,,,,,
,,,,,,
,,,,,,
,,,,,,
,,,,,,
,,,,,,
,,,,,,
,,,,,,
,,,,,,
,,,,,,
,,,,,,
,,,,,,
,,,,,,
,,,,,,
,,,,,,
,,,,,,
,,,,,,
,,,,,,
,,,,,,
,,,,,,
,,,,,,
,,,,,,
,,,,,,
,,,,,,
,,,,,,
,,,,,,
,,,,,,
,,,,,,
,,,,,,
,,,,,,
,,,,,,
,,,,,,
,,,,,,
,,,,,,
,,,,,,
,,,,,,
,,,,,,
,,,,,,
,,,,,,
,,,,,,
,,,,,,
,,,,,,
,,,,,,
,,,,,,
,,,,,,
,,,,,,
,,,,,,
,,,,,,
,,,,,,
,,,,,,
,,,,,,
,,,,,,
,,,,,,
,,,,,,
,,,,,,
,,,,,,
,,,,,,
,,,,,,
,,,,,,
,,,,,,
,,,,,,
,,,,,,
,,,,,,
,,,,,,
,,,,,,
,,,,,,
,,,,,,
,,,,,,
,,,,,,
,,,,,,
,,,,,,
,,,,,,
,,,,,,
,,,,,,
,,,,,,
,,,,,,
,,,,,,
,,,,,,
,,,,,,
,,,,,,
,,,,,,
,,,,,,
,,,,,,
,,,,,,
,,,,,,
,,,,,,
,,,,,,
,,,,,,
,,,,,,
,,,,,,
,,,,,,
,,,,,,
,,,,,,
,,,,,,
,,,,,,
,,,,,,
,,,,,,
,,,,,,
,,,,,,
,,,,,,
,,,,,,
,,,,,,
,,,,,,
,,,,,,
,,,,,,
,,,,,,
,,,,,,
,,,,,,
,,,,,,
,,,,,,
,,,,,,
,,,,,,
,,,,,,
,,,,,,
,,,,,,
,,,,,,
,,,,,,
,,,,,,
,,,,,,
,,,,,,
,,,,,,
,,,,,,
,,,,,,
,,,,,,
,,,,,,
,,,,,,
,,,,,,
,,,,,,
,,,,,,
,,,,,,
,,,,,,
,,,,,,
,,,,,,
,,,,,,
,,,,,,
,,,,,,
,,,,,,
,,,,,,
,,,,,,
,,,,,,
,,,,,,
,,,,,,
,,,,,,
,,,,,,
,,,,,,
,,,,,,
,,,,,,
,,,,,,
,,,,,,
,,,,,,
,,,,,,
,,,,,,
,,,,,,
,,,,,,
,,,,,,
,,,,,,
,,,,,,
,,,,,,
,,,,,,
,,,,,,
,,,,,,
,,,,,,
,,,,,,
,,,,,,
,,,,,,
,,,,,,
,,,,,,
,,,,,,
,,,,,,
,,,,,,
,,,,,,
,,,,,,
,,,,,,
,,,,,,
,,,,,,
,,,,,,
,,,,,,
,,,,,,
,,,,,,
,,,,,,
,,,,,,
,,,,,,
,,,,,,
,,,,,,
,,,,,,
,,,,,,
,,,,,,
,,,,,,
,,,,,,
,,,,,,
,,,,,,
,,,,,,
,,,,,,
,,,,,,
,,,,,,
,,,,,,
,,,,,,
,,,,,,
,,,,,,
,,,,,,
,,,,,,
,,,,,,
,,,,,,
,,,,,,
,,,,,,
,,,,,,
,,,,,,
,,,,,,
,,,,,,
,,,,,,
,,,,,,
,,,,,,
,,,,,,
,,,,,,
,,,,,,
,,,,,,
,,,,,,
,,,,,,
,,,,,,
,,,,,,
,,,,,,
,,,,,,
,,,,,,
,,,,,,
,,,,,,
,,,,,,
,,,,,,
,,,,,,
,,,,,,
,,,,,,
,,,,,,
,,,,,,
,,,,,,
,,,,,,
,,,,,,
,,,,,,
,,,,,,
,,,,,,
,,,,,,
,,,,,,
,,,,,,
,,,,,,
,,,,,,
,,,,,,
,,,,,,
,,,,,,
,,,,,,
,,,,,,
,,,,,,
,,,,,,
,,,,,,
,,,,,,
,,,,,,
,,,,,,
,,,,,,
,,,,,,
,,,,,,
,,,,,,
,,,,,,
,,,,,,
,,,,,,
,,,,,,
,,,,,,
,,,,,,
,,,,,,
,,,,,,
,,,,,,
,,,,,,
,,,,,,
,,,,,,
,,,,,,
,,,,,,
,,,,,,
,,,,,,
,,,,,,
,,,,,,
,,,,,,
,,,,,,
,,,,,,
,,,,,,
,,,,,,
,,,,,,
,,,,,,
,,,,,,
,,,,,,
,,,,,,
,,,,,,
,,,,,,
,,,,,,
,,,,,,
,,,,,,
,,,,,,
,,,,,,
,,,,,,
,,,,,,
,,,,,,
,,,,,,
,,,,,,
,,,,,,
,,,,,,
,,,,,,
,,,,,,
,,,,,,
,,,,,,
,,,,,,
,,,,,,
,,,,,,
,,,,,,
,,,,,,
,,,,,,
,,,,,,
,,,,,,
,,,,,,
,,,,,,
,,,,,,
,,,,,,
,,,,,,
,,,,,,
,,,,,,
,,,,,,
,,,,,,
,,,,,,
,,,,,,
,,,,,,
,,,,,,
,,,,,,
,,,,,,
,,,,,,
,,,,,,
,,,,,,
,,,,,,
,,,,,,
,,,,,,
,,,,,,
,,,,,,
,,,,,,
,,,,,,
,,,,,,
,,,,,,
,,,,,,
,,,,,,
,,,,,,
,,,,,,
,,,,,,
,,,,,,
,,,,,,
,,,,,,
,,,,,,
,,,,,,
,,,,,,
,,,,,,
,,,,,,
,,,,,,
,,,,,,
,,,,,,
,,,,,,
,,,,,,
,,,,,,
,,,,,,
,,,,,,
,,,,,,
,,,,,,
,,,,,,
,,,,,,
,,,,,,
,,,,,,
,,,,,,
,,,,,,
,,,,,,
,,,,,,
,,,,,,
,,,,,,
,,,,,,
,,,,,,
,,,,,,
,,,,,,
,,,,,,
,,,,,,
,,,,,,
,,,,,,
,,,,,,
,,,,,,
,,,,,,
,,,,,,
,,,,,,
,,,,,,
,,,,,,
,,,,,,
,,,,,,
,,,,,,
,,,,,,
,,,,,,
,,,,,,
,,,,,,
,,,,,,
,,,,,,
,,,,,,
,,,,,,
,,,,,,
,,,,,,
,,,,,,
,,,,,,
,,,,,,
,,,,,,
,,,,,,
,,,,,,
,,,,,,
,,,,,,
,,,,,,
,,,,,,
,,,,,,
,,,,,,
,,,,,,
,,,,,,
,,,,,,
,,,,,,
,,,,,,
,,,,,,
,,,,,,
,,,,,,
,,,,,,
,,,,,,
,,,,,,
,,,,,,
,,,,,,
,,,,,,
,,,,,,
,,,,,,
,,,,,,
,,,,,,
,,,,,,
,,,,,,
,,,,,,
,,,,,,
,,,,,,
,,,,,,
,,,,,,
,,,,,,
,,,,,,
,,,,,,
,,,,,,
,,,,,,
,,,,,,
,,,,,,
,,,,,,
,,,,,,
,,,,,,
,,,,,,
,,,,,,
,,,,,,
,,,,,,
,,,,,,
,,,,,,
,,,,,,
,,,,,,
,,,,,,
,,,,,,
,,,,,,
,,,,,,
,,,,,,
,,,,,,
,,,,,,
,,,,,,
,,,,,,
,,,,,,
,,,,,,
,,,,,,
,,,,,,
,,,,,,
,,,,,,
,,,,,,
,,,,,,
,,,,,,
,,,,,,
,,,,,,
,,,,,,
,,,,,,
,,,,,,
,,,,,,
,,,,,,
,,,,,,
,,,,,,
,,,,,,
,,,,,,
,,,,,,
,,,,,,
,,,,,,
,,,,,,
,,,,,,
,,,,,,
,,,,,,
,,,,,,
,,,,,,
,,,,,,
,,,,,,
,,,,,,
,,,,,,
,,,,,,
,,,,,,
,,,,,,
,,,,,,
,,,,,,
,,,,,,
,,,,,,
,,,,,,
,,,,,,
,,,,,,
,,,,,,
,,,,,,
,,,,,,
,,,,,,
,,,,,,
,,,,,,
,,,,,,
,,,,,,
,,,,,,
,,,,,,
,,,,,,
,,,,,,
,,,,,,
,,,,,,
,,,,,,
,,,,,,
,,,,,,
,,,,,,
,,,,,,
,,,,,,
,,,,,,
,,,,,,
,,,,,,
,,,,,,
,,,,,,
,,,,,,
,,,,,,
,,,,,,
,,,,,,
,,,,,,
,,,,,,
,,,,,,
,,,,,,
,,,,,,
,,,,,,
,,,,,,
,,,,,,
,,,,,,
,,,,,,
,,,,,,
,,,,,,
,,,,,,
,,,,,,
,,,,,,
,,,,,,
,,,,,,
,,,,,,
,,,,,,
,,,,,,
,,,,,,
,,,,,,
,,,,,,
,,,,,,
,,,,,,
,,,,,,
,,,,,,
,,,,,,
,,,,,,
,,,,,,
,,,,,,
,,,,,,
,,,,,,
,,,,,,
,,,,,,
,,,,,,
,,,,,,
,,,,,,
,,,,,,
,,,,,,
,,,,,,
,,,,,,
,,,,,,
,,,,,,
,,,,,,
,,,,,,
,,,,,,
,,,,,,
,,,,,,
,,,,,,
,,,,,,
,,,,,,
,,,,,,
,,,,,,
,,,,,,
,,,,,,
,,,,,,
,,,,,,
,,,,,,
,,,,,,
,,,,,,
,,,,,,
,,,,,,
,,,,,,
,,,,,,
,,,,,,
,,,,,,
,,,,,,
,,,,,,
,,,,,,
,,,,,,
,,,,,,
,,,,,,
,,,,,,
,,,,,,
,,,,,,
,,,,,,
,,,,,,
,,,,,,
,,,,,,
,,,,,,
,,,,,,
,,,,,,
,,,,,,
,,,,,,
,,,,,,
,,,,,,
,,,,,,
,,,,,,
,,,,,,
,,,,,,
,,,,,,
,,,,,,
,,,,,,
,,,,,,
,,,,,,
,,,,,,
,,,,,,
,,,,,,
,,,,,,
,,,,,,
,,,,,,
,,,,,,
,,,,,,
,,,,,,
,,,,,,
,,,,,,
,,,,,,
,,,,,,
,,,,,,
,,,,,,
,,,,,,
,,,,,,
,,,,,,
,,,,,,
,,,,,,
,,,,,,
,,,,,,
,,,,,,
,,,,,,
,,,,,,
,,,,,,
,,,,,,
,,,,,,
,,,,,,
,,,,,,
,,,,,,
,,,,,,
,,,,,,
,,,,,,
,,,,,,
,,,,,,
,,,,,,
,,,,,,
,,,,,,
,,,,,,
,,,,,,
,,,,,,
,,,,,,
,,,,,,
,,,,,,
,,,,,,
,,,,,,
,,,,,,
,,,,,,
,,,,,,
,,,,,,
,,,,,,
,,,,,,
,,,,,,
,,,,,,
,,,,,,
,,,,,,
,,,,,,
,,,,,,
,,,,,,
,,,,,,
,,,,,,
,,,,,,
,,,,,,
,,,,,,
,,,,,,
,,,,,,
,,,,,,
,,,,,,
,,,,,,
,,,,,,
,,,,,,
,,,,,,
,,,,,,
,,,,,,
,,,,,,
,,,,,,
,,,,,,
,,,,,,
,,,,,,
,,,,,,
,,,,,,
,,,,,,
,,,,,,
,,,,,,
,,,,,,
,,,,,,
,,,,,,
,,,,,,
,,,,,,
,,,,,,
,,,,,,
,,,,,,
,,,,,,
,,,,,,
,,,,,,
,,,,,,
,,,,,,
,,,,,,
,,,,,,
,,,,,,
,,,,,,
,,,,,,
,,,,,,
,,,,,,
,,,,,,
,,,,,,
,,,,,,
,,,,,,
,,,,,,
,,,,,,
,,,,,,
,,,,,,
,,,,,,
,,,,,,
,,,,,,
,,,,,,
,,,,,,
,,,,,,
,,,,,,
,,,,,,
,,,,,,
,,,,,,
,,,,,,
,,,,,,
,,,,,,
,,,,,,
,,,,,,
,,,,,,
,,,,,,
,,,,,,
,,,,,,
,,,,,,
,,,,,,
,,,,,,
,,,,,,
,,,,,,
,,,,,,
,,,,,,
,,,,,,
,,,,,,
,,,,,,
,,,,,,
,,,,,,
,,,,,,
,,,,,,
,,,,,,
,,,,,,
,,,,,,
,,,,,,
,,,,,,
,,,,,,
,,,,,,
,,,,,,
,,,,,,
,,,,,,
,,,,,,
,,,,,,
,,,,,,
,,,,,,
,,,,,,
,,,,,,
,,,,,,
,,,,,,
,,,,,,
,,,,,,
,,,,,,
,,,,,,
,,,,,,
,,,,,,
,,,,,,
,,,,,,
,,,,,,
,,,,,,
,,,,,,
,,,,,,
,,,,,,
,,,,,,
,,,,,,
,,,,,,
,,,,,,
,,,,,,
,,,,,,
,,,,,,
,,,,,,
,,,,,,
,,,,,,
,,,,,,
,,,,,,
,,,,,,
,,,,,,
,,,,,,
,,,,,,
,,,,,,
,,,,,,
,,,,,,
,,,,,,
,,,,,,
,,,,,,
,,,,,,
,,,,,,
,,,,,,
,,,,,,
,,,,,,
,,,,,,
,,,,,,
,,,,,,
,,,,,,
,,,,,,
,,,,,,
,,,,,,
,,,,,,
,,,,,,
,,,,,,
,,,,,,
,,,,,,
,,,,,,
,,,,,,
,,,,,,
,,,,,,
,,,,,,
,,,,,,
,,,,,,
,,,,,,
,,,,,,
,,,,,,
,,,,,,
,,,,,,
,,,,,,
,,,,,,
,,,,,,
,,,,,,
,,,,,,
,,,,,,
,,,,,,
,,,,,,
,,,,,,
,,,,,,
,,,,,,
,,,,,,
,,,,,,
,,,,,,
,,,,,,
,,,,,,
,,,,,,
,,,,,,
,,,,,,
,,,,,,
,,,,,,
,,,,,,
,,,,,,
,,,,,,
,,,,,,
,,,,,,
,,,,,,
,,,,,,
,,,,,,
,,,,,,
,,,,,,
,,,,,,
,,,,,,
,,,,,,
,,,,,,
,,,,,,
,,,,,,
,,,,,,
,,,,,,
,,,,,,
,,,,,,
,,,,,,
,,,,,,
,,,,,,
,,,,,,
,,,,,,
,,,,,,
,,,,,,
,,,,,,
,,,,,,
,,,,,,
,,,,,,
,,,,,,
,,,,,,
,,,,,,
,,,,,,
,,,,,,
,,,,,,
,,,,,,
,,,,,,
,,,,,,
,,,,,,
,,,,,,
,,,,,,
,,,,,,
,,,,,,
,,,,,,
,,,,,,
,,,,,,
,,,,,,
,,,,,,
,,,,,,
,,,,,,
,,,,,,
,,,,,,
,,,,,,
,,,,,,
,,,,,,
,,,,,,
,,,,,,
,,,,,,
,,,,,,
,,,,,,
,,,,,,
,,,,,,
,,,,,,
,,,,,,
,,,,,,
,,,,,,
,,,,,,
,,,,,,
,,,,,,
,,,,,,
,,,,,,
,,,,,,
,,,,,,
,,,,,,
,,,,,,
,,,,,,
,,,,,,
,,,,,,
,,,,,,
,,,,,,
,,,,,,
,,,,,,
,,,,,,
,,,,,,
,,,,,,
,,,,,,
,,,,,,
,,,,,,
,,,,,,
,,,,,,
,,,,,,
,,,,,,
,,,,,,
,,,,,,
,,,,,,
,,,,,,
,,,,,,
,,,,,,
,,,,,,
,,,,,,
,,,,,,
,,,,,,
,,,,,,
,,,,,,
,,,,,,
,,,,,,
,,,,,,
,,,,,,
,,,,,,
,,,,,,
,,,,,,
,,,,,,
,,,,,,
,,,,,,
,,,,,,
,,,,,,
,,,,,,
,,,,,,
,,,,,,
,,,,,,
,,,,,,
,,,,,,
,,,,,,
,,,,,,
,,,,,,
,,,,,,
,,,,,,
,,,,,,
,,,,,,
,,,,,,
,,,,,,
,,,,,,
,,,,,,
,,,,,,
,,,,,,
,,,,,,
,,,,,,
,,,,,,
,,,,,,
,,,,,,
,,,,,,
,,,,,,
,,,,,,
,,,,,,
,,,,,,
,,,,,,
,,,,,,
,,,,,,
,,,,,,
,,,,,,
,,,,,,
,,,,,,
,,,,,,
,,,,,,
,,,,,,
,,,,,,
,,,,,,
,,,,,,
,,,,,,
,,,,,,
,,,,,,
,,,,,,
,,,,,,
,,,,,,
,,,,,,
,,,,,,
,,,,,,
,,,,,,
,,,,,,
,,,,,,
,,,,,,
,,,,,,
,,,,,,
,,,,,,
,,,,,,
,,,,,,
,,,,,,
,,,,,,
,,,,,,
,,,,,,
,,,,,,
,,,,,,
,,,,,,
,,,,,,
,,,,,,
,,,,,,
,,,,,,
,,,,,,
,,,,,,
,,,,,,
,,,,,,
,,,,,,
,,,,,,
,,,,,,
,,,,,,
,,,,,,
,,,,,,
,,,,,,
,,,,,,
,,,,,,
,,,,,,
,,,,,,
,,,,,,
,,,,,,
,,,,,,
,,,,,,
,,,,,,
,,,,,,
,,,,,,
,,,,,,
,,,,,,
,,,,,,
,,,,,,
,,,,,,
,,,,,,
,,,,,,
,,,,,,
,,,,,,
,,,,,,
,,,,,,
,,,,,,
,,,,,,
,,,,,,
,,,,,,
,,,,,,
,,,,,,
,,,,,,
,,,,,,
,,,,,,
,,,,,,
,,,,,,
,,,,,,
,,,,,,
,,,,,,
,,,,,,
,,,,,,
,,,,,,
,,,,,,
,,,,,,
,,,,,,
,,,,,,
,,,,,,
,,,,,,
,,,,,,
,,,,,,
,,,,,,
,,,,,,
,,,,,,
,,,,,,
,,,,,,
,,,,,,
,,,,,,
,,,,,,
,,,,,,
,,,,,,
,,,,,,
,,,,,,
,,,,,,
,,,,,,
,,,,,,
,,,,,,
,,,,,,
,,,,,,
,,,,,,
,,,,,,
,,,,,,
,,,,,,
,,,,,,
,,,,,,
,,,,,,
,,,,,,
,,,,,,
,,,,,,
,,,,,,
,,,,,,
,,,,,,
,,,,,,
,,,,,,
,,,,,,
,,,,,,
,,,,,,
,,,,,,
,,,,,,
,,,,,,
,,,,,,
,,,,,,
,,,,,,
,,,,,,
,,,,,,
,,,,,,
,,,,,,
,,,,,,
,,,,,,
,,,,,,
,,,,,,
,,,,,,
,,,,,,
,,,,,,
,,,,,,
,,,,,,
,,,,,,
,,,,,,
,,,,,,
,,,,,,
,,,,,,
,,,,,,
,,,,,,
,,,,,,
,,,,,,
,,,,,,
,,,,,,
,,,,,,
,,,,,,
,,,,,,
,,,,,,
,,,,,,
,,,,,,
,,,,,,
,,,,,,
,,,,,,
,,,,,,
,,,,,,
,,,,,,
,,,,,,
,,,,,,
,,,,,,
,,,,,,
,,,,,,
,,,,,,
,,,,,,
,,,,,,
,,,,,,
,,,,,,
,,,,,,
,,,,,,
,,,,,,
,,,,,,
,,,,,,
,,,,,,
,,,,,,
,,,,,,
,,,,,,
,,,,,,
,,,,,,
,,,,,,
,,,,,,
,,,,,,
,,,,,,
,,,,,,
,,,,,,
,,,,,,
,,,,,,
,,,,,,
,,,,,,
,,,,,,
,,,,,,
,,,,,,
,,,,,,
,,,,,,
,,,,,,
,,,,,,
,,,,,,
,,,,,,
,,,,,,
,,,,,,
,,,,,,
,,,,,,
,,,,,,
,,,,,,
,,,,,,
,,,,,,
,,,,,,
,,,,,,
,,,,,,
,,,,,,
,,,,,,
,,,,,,
,,,,,,
,,,,,,
,,,,,,
,,,,,,
,,,,,,
,,,,,,
,,,,,,
,,,,,,
,,,,,,
,,,,,,
,,,,,,
,,,,,,
,,,,,,
,,,,,,
,,,,,,
,,,,,,
,,,,,,
,,,,,,
,,,,,,
,,,,,,
,,,,,,
,,,,,,
,,,,,,
,,,,,,
,,,,,,
,,,,,,
,,,,,,
,,,,,,
,,,,,,
,,,,,,
,,,,,,
,,,,,,
,,,,,,
,,,,,,
,,,,,,
,,,,,,
,,,,,,
,,,,,,
,,,,,,
,,,,,,
,,,,,,
,,,,,,
,,,,,,
,,,,,,
,,,,,,
,,,,,,
,,,,,,
,,,,,,
,,,,,,
,,,,,,
,,,,,,
,,,,,,
,,,,,,
,,,,,,
,,,,,,
,,,,,,
,,,,,,
,,,,,,
,,,,,,
,,,,,,
,,,,,,
,,,,,,
,,,,,,
,,,,,,
,,,,,,
,,,,,,
,,,,,,
,,,,,,
,,,,,,
,,,,,,
,,,,,,
,,,,,,
,,,,,,
,,,,,,
,,,,,,
,,,,,,
,,,,,,
,,,,,,
,,,,,,
,,,,,,
,,,,,,
,,,,,,
,,,,,,
,,,,,,
,,,,,,
,,,,,,
,,,,,,
,,,,,,
,,,,,,
,,,,,,
,,,,,,
,,,,,,
,,,,,,
,,,,,,
,,,,,,
,,,,,,
,,,,,,
,,,,,,
,,,,,,
,,,,,,
,,,,,,
,,,,,,
,,,,,,
,,,,,,
,,,,,,
,,,,,,
,,,,,,
,,,,,,
,,,,,,
,,,,,,
,,,,,,
,,,,,,
,,,,,,
,,,,,,
,,,,,,
,,,,,,
,,,,,,
,,,,,,
,,,,,,
,,,,,,
,,,,,,
,,,,,,
,,,,,,
,,,,,,
,,,,,,
,,,,,,
,,,,,,
,,,,,,
,,,,,,
,,,,,,
,,,,,,
,,,,,,
,,,,,,
,,,,,,
,,,,,,
,,,,,,
,,,,,,
,,,,,,
,,,,,,
,,,,,,
,,,,,,
,,,,,,
,,,,,,
,,,,,,
,,,,,,
,,,,,,
,,,,,,
,,,,,,
,,,,,,
,,,,,,
,,,,,,
,,,,,,
,,,,,,
,,,,,,
,,,,,,
,,,,,,
,,,,,,
,,,,,,
,,,,,,
,,,,,,
,,,,,,
,,,,,,
,,,,,,
,,,,,,
,,,,,,
,,,,,,
,,,,,,
,,,,,,
,,,,,,
,,,,,,
,,,,,,
,,,,,,
,,,,,,
,,,,,,
,,,,,,
,,,,,,
,,,,,,
,,,,,,
,,,,,,
,,,,,,
,,,,,,
,,,,,,
,,,,,,
,,,,,,
,,,,,,
,,,,,,
,,,,,,
,,,,,,
,,,,,,
,,,,,,
,,,,,,
,,,,,,
,,,,,,
,,,,,,
,,,,,,
,,,,,,
,,,,,,
,,,,,,
,,,,,,
,,,,,,
,,,,,,
,,,,,,
,,,,,,
,,,,,,
,,,,,,
,,,,,,
,,,,,,
,,,,,,
,,,,,,
,,,,,,
,,,,,,
,,,,,,
,,,,,,
,,,,,,
,,,,,,
,,,,,,
,,,,,,
,,,,,,
,,,,,,
,,,,,,
,,,,,,
,,,,,,
,,,,,,
,,,,,,
,,,,,,
,,,,,,
,,,,,,
,,,,,,
,,,,,,
,,,,,,
,,,,,,
,,,,,,
,,,,,,
,,,,,,
,,,,,,
,,,,,,
,,,,,,
,,,,,,
,,,,,,
,,,,,,
,,,,,,
,,,,,,
,,,,,,
,,,,,,
,,,,,,
,,,,,,
,,,,,,
,,,,,,
,,,,,,
,,,,,,
,,,,,,
,,,,,,
,,,,,,
,,,,,,
,,,,,,
,,,,,,
,,,,,,
,,,,,,
,,,,,,
,,,,,,
,,,,,,
,,,,,,
,,,,,,
,,,,,,
,,,,,,
,,,,,,
,,,,,,
,,,,,,
,,,,,,
,,,,,,
,,,,,,
,,,,,,
,,,,,,
,,,,,,
,,,,,,
,,,,,,
,,,,,,
,,,,,,
,,,,,,
,,,,,,
,,,,,,
,,,,,,
,,,,,,
,,,,,,
,,,,,,
,,,,,,
,,,,,,
,,,,,,
,,,,,,
,,,,,,
,,,,,,
,,,,,,
,,,,,,
,,,,,,
,,,,,,
,,,,,,
,,,,,,
,,,,,,
,,,,,,
,,,,,,
,,,,,,
,,,,,,
,,,,,,
,,,,,,
,,,,,,
,,,,,,
,,,,,,
,,,,,,
,,,,,,
,,,,,,
,,,,,,
,,,,,,
,,,,,,
,,,,,,
,,,,,,
,,,,,,
,,,,,,
,,,,,,
,,,,,,
,,,,,,
,,,,,,
,,,,,,
,,,,,,
,,,,,,
,,,,,,
,,,,,,
,,,,,,
,,,,,,
,,,,,,
,,,,,,
,,,,,,
,,,,,,
,,,,,,
,,,,,,
,,,,,,
,,,,,,
,,,,,,
,,,,,,
,,,,,,
,,,,,,
,,,,,,
,,,,,,
,,,,,,
,,,,,,
,,,,,,
,,,,,,
,,,,,,
,,,,,,
,,,,,,
,,,,,,
,,,,,,
,,,,,,
,,,,,,
,,,,,,
,,,,,,
,,,,,,
,,,,,,
,,,,,,
,,,,,,
,,,,,,
,,,,,,
,,,,,,
,,,,,,
,,,,,,
,,,,,,
,,,,,,
,,,,,,
,,,,,,
,,,,,,
,,,,,,
,,,,,,
,,,,,,
,,,,,,
,,,,,,
,,,,,,
,,,,,,
,,,,,,
,,,,,,
,,,,,,
,,,,,,
,,,,,,
,,,,,,
,,,,,,
,,,,,,
,,,,,,
,,,,,,
,,,,,,
,,,,,,
,,,,,,
,,,,,,
,,,,,,
,,,,,,
,,,,,,
,,,,,,
,,,,,,
,,,,,,
,,,,,,
,,,,,,
,,,,,,
,,,,,,
,,,,,,
,,,,,,
,,,,,,
,,,,,,
,,,,,,
,,,,,,
,,,,,,
,,,,,,
,,,,,,
,,,,,,
,,,,,,
,,,,,,
,,,,,,
,,,,,,
,,,,,,
,,,,,,
,,,,,,
,,,,,,
,,,,,,
,,,,,,
,,,,,,
,,,,,,
,,,,,,
,,,,,,
,,,,,,
,,,,,,
,,,,,,
,,,,,,
,,,,,,
,,,,,,
,,,,,,
,,,,,,
,,,,,,
,,,,,,
,,,,,,
,,,,,,
,,,,,,
,,,,,,
,,,,,,
,,,,,,
,,,,,,
,,,,,,
,,,,,,
,,,,,,
,,,,,,
,,,,,,
,,,,,,
,,,,,,
,,,,,,
,,,,,,
,,,,,,
,,,,,,
,,,,,,
,,,,,,
,,,,,,
,,,,,,
,,,,,,
,,,,,,
,,,,,,
,,,,,,
,,,,,,
,,,,,,
,,,,,,
,,,,,,
,,,,,,
,,,,,,
,,,,,,
,,,,,,
,,,,,,
,,,,,,
,,,,,,
,,,,,,
,,,,,,
,,,,,,
,,,,,,
,,,,,,
,,,,,,
,,,,,,
,,,,,,
,,,,,,
,,,,,,
,,,,,,
,,,,,,
,,,,,,
,,,,,,
,,,,,,
,,,,,,
,,,,,,
,,,,,,
,,,,,,
,,,,,,
,,,,,,
,,,,,,
,,,,,,
,,,,,,
,,,,,,
,,,,,,
,,,,,,
,,,,,,
,,,,,,
,,,,,,
,,,,,,
,,,,,,
,,,,,,
,,,,,,
,,,,,,
,,,,,,
,,,,,,
,,,,,,
,,,,,,
,,,,,,
,,,,,,
,,,,,,
,,,,,,
,,,,,,
,,,,,,
,,,,,,
,,,,,,
,,,,,,
,,,,,,
,,,,,,
,,,,,,
,,,,,,
,,,,,,
,,,,,,
,,,,,,
,,,,,,
,,,,,,
,,,,,,
,,,,,,
,,,,,,
,,,,,,
,,,,,,
,,,,,,
,,,,,,
,,,,,,
,,,,,,
,,,,,,
,,,,,,
,,,,,,
,,,,,,
,,,,,,
,,,,,,
,,,,,,
,,,,,,
,,,,,,
,,,,,,
,,,,,,
,,,,,,
,,,,,,
,,,,,,
,,,,,,
,,,,,,
,,,,,,
,,,,,,
,,,,,,
,,,,,,
,,,,,,
,,,,,,
,,,,,,
,,,,,,
,,,,,,
,,,,,,
,,,,,,
,,,,,,
,,,,,,
,,,,,,
,,,,,,
,,,,,,
,,,,,,
,,,,,,
,,,,,,
,,,,,,
,,,,,,
,,,,,,
,,,,,,
,,,,,,
,,,,,,
,,,,,,
,,,,,,
,,,,,,
,,,,,,
,,,,,,
,,,,,,
,,,,,,
,,,,,,
,,,,,,
,,,,,,
,,,,,,
,,,,,,
,,,,,,
,,,,,,
,,,,,,
,,,,,,
,,,,,,
,,,,,,
,,,,,,
,,,,,,
,,,,,,
,,,,,,
,,,,,,
,,,,,,
,,,,,,
,,,,,,
,,,,,,
,,,,,,
,,,,,,
,,,,,,
,,,,,,
,,,,,,
,,,,,,
,,,,,,
,,,,,,
,,,,,,
,,,,,,
,,,,,,
,,,,,,
,,,,,,
,,,,,,
,,,,,,
,,,,,,
,,,,,,
,,,,,,
,,,,,,
,,,,,,
,,,,,,
,,,,,,
,,,,,,
,,,,,,
,,,,,,
,,,,,,
,,,,,,
,,,,,,
,,,,,,
,,,,,,
,,,,,,
,,,,,,
,,,,,,
,,,,,,
,,,,,,
,,,,,,
,,,,,,
,,,,,,
,,,,,,
,,,,,,
,,,,,,
,,,,,,
,,,,,,
,,,,,,
,,,,,,
,,,,,,
,,,,,,
,,,,,,
,,,,,,
,,,,,,
,,,,,,
,,,,,,
,,,,,,
,,,,,,
,,,,,,
,,,,,,
,,,,,,
,,,,,,
,,,,,,
,,,,,,
,,,,,,
,,,,,,
,,,,,,
,,,,,,
,,,,,,
,,,,,,
,,,,,,
,,,,,,
,,,,,,
,,,,,,
,,,,,,
,,,,,,
,,,,,,
,,,,,,
,,,,,,
,,,,,,
,,,,,,
,,,,,,
,,,,,,
,,,,,,
,,,,,,
,,,,,,
,,,,,,
,,,,,,
,,,,,,
,,,,,,
,,,,,,
,,,,,,
,,,,,,
,,,,,,
,,,,,,
,,,,,,
,,,,,,
,,,,,,
,,,,,,
,,,,,,
,,,,,,
,,,,,,
,,,,,,
,,,,,,
,,,,,,
,,,,,,
,,,,,,
,,,,,,
,,,,,,
,,,,,,
,,,,,,
,,,,,,
,,,,,,
,,,,,,
,,,,,,
,,,,,,
,,,,,,
,,,,,,
,,,,,,
,,,,,,
,,,,,,
,,,,,,
,,,,,,
,,,,,,
,,,,,,
,,,,,,
,,,,,,
,,,,,,
,,,,,,
,,,,,,
,,,,,,
,,,,,,
,,,,,,
,,,,,,
,,,,,,
,,,,,,
,,,,,,
,,,,,,
,,,,,,
,,,,,,
,,,,,,
,,,,,,
,,,,,,
,,,,,,
,,,,,,
,,,,,,
,,,,,,
,,,,,,
,,,,,,
,,,,,,
,,,,,,
,,,,,,
,,,,,,
,,,,,,
,,,,,,
,,,,,,
,,,,,,
,,,,,,
,,,,,,
,,,,,,
,,,,,,
,,,,,,
,,,,,,
,,,,,,
,,,,,,
,,,,,,
,,,,,,
,,,,,,
,,,,,,
,,,,,,
,,,,,,
,,,,,,
,,,,,,
,,,,,,
,,,,,,
,,,,,,
,,,,,,
,,,,,,
,,,,,,
,,,,,,
,,,,,,
,,,,,,
,,,,,,
,,,,,,
,,,,,,
,,,,,,
,,,,,,
,,,,,,
,,,,,,
,,,,,,
,,,,,,
,,,,,,
,,,,,,
,,,,,,
,,,,,,
,,,,,,
,,,,,,
,,,,,,
,,,,,,
,,,,,,
,,,,,,
,,,,,,
,,,,,,
,,,,,,
,,,,,,
,,,,,,
,,,,,,
,,,,,,
,,,,,,
,,,,,,
,,,,,,
,,,,,,
,,,,,,
,,,,,,
,,,,,,
,,,,,,
