Ia,Ib,Ic,Voltage,Torque,Speed,Condition
0,6.10E-14,-6.10E-14,-11564.24239,0,157.0796327,HG
0.264013068,-0.056233197,-0.207779872,-11564.1901,0.793587944,157.0796316,HG
1.584026553,-0.337357337,-1.246669215,-11563.42221,4.760500555,157.0796264,HG
5.470156242,-1.16479665,-4.305359593,-11556.31027,16.4306957,157.079611,HG
5.470156242,-1.16479665,-4.305359593,-11556.31027,16.4306957,157.079611,HG
12.05813988,-2.56744083,-9.490699049,-11527.95057,36.18596784,157.0795849,HG
18.62440189,-3.966481265,-14.65792062,-11479.69019,55.84030046,157.0795587,HG
26.75628356,-5.702485404,-21.05379815,-11392.847,80.13162756,157.0795262,HG
34.8175753,-7.429339709,-27.38823559,-11277.6414,104.1587205,157.0794936,HG
44.65679954,-9.548640155,-35.10815939,-11098.18155,133.4138998,157.0794534,HG
54.32503559,-11.64763755,-42.67739804,-10880.2861,162.0857557,157.0794131,HG
63.79062068,-13.72300645,-50.06761423,-10626.71077,190.0862603,157.0793729,HG
75.45614887,-16.3156826,-59.14046627,-10258.26431,224.5015529,157.0793218,HG
86.6948294,-18.85885253,-67.83597687,-9842.544339,257.5643668,157.0792708,HG
89.81131861,-19.57333421,-70.23798441,-9716.194195,266.7171348,157.0792562,HG
89.81131861,-19.57333421,-70.23798441,-9716.194195,266.7171348,157.0792562,HG
89.81131861,-19.57333421,-70.23798441,-9716.194195,266.7171348,157.0792562,HG
100.4317166,-22.0440826,-78.38763395,-9247.974026,297.8598716,157.0792052,HG
113.0822395,-25.07305747,-88.009182,-8608.267116,334.8651033,157.0791407,HG
124.8243429,-27.99046658,-96.83387633,-7924.332047,369.1357967,157.0790763,HG
135.6049401,-30.78545993,-104.8194802,-7206.663509,400.5475202,157.0790118,HG
147.7403236,-34.11096716,-113.6293564,-6271.777866,435.8677445,157.0789307,HG
158.2469498,-37.2071,-121.0398498,-5318.141543,466.4424622,157.0788497,HG
168.9085859,-40.67195409,-128.2366318,-4146.027219,497.5132417,157.07875,HG
177.1142627,-43.73413657,-133.3801261,-3000.342275,521.5270238,157.0786503,HG
184.801671,-47.38508895,-137.416582,-1447.982428,544.2809221,157.0785069,HG
187.2332315,-49.14166819,-138.0915633,-585.3772275,551.6903319,157.0784202,HG
187.2332315,-49.14166819,-138.0915633,-585.3772275,551.6903319,157.0784202,HG
188.037853,-50.20308389,-137.8347691,-1.18E-10,554.3123087,157.0783569,HG
188.037853,-50.20308389,-137.8347691,7.03E-13,554.3123087,157.0783569,HG
188.0817201,-51.07740959,-137.0043105,544.8677292,554.7425047,157.0782936,HG
187.0500152,-51.95817765,-135.0918376,1209.104676,552.1641369,157.0782086,HG
187.0500152,-51.95817765,-135.0918376,1209.104676,552.1641369,157.0782086,HG
184.2783419,-52.58092991,-131.697412,1909.155296,544.6121731,157.0781047,HG
178.8197503,-52.67964056,-126.1401097,2612.975848,529.3107825,157.0779736,HG
171.681744,-52.05894018,-119.6228038,3117.655769,508.9923933,157.0778425,HG
163.4067065,-50.78973235,-112.6169742,3431.913719,485.1980366,157.0777114,HG
154.5033085,-48.9613532,-105.5419553,3571.008948,459.3986646,157.0775803,HG
145.4306279,-46.67790461,-98.75272328,3555.143427,432.9455104,157.0774492,HG
133.6274476,-43.08465846,-90.54278914,3331.359544,398.3341165,157.0772724,HG
123.0020548,-39.16557721,-83.83647757,2931.345478,367.0237262,157.0770955,HG
114.0964081,-35.20878354,-78.88762454,2418.216848,340.6961545,157.0769187,HG
107.2230647,-31.47657537,-75.74648931,1851.062807,320.3428021,157.0767418,HG
102.4870483,-28.18763786,-74.29941046,1281.449469,306.3184824,157.076565,HG
99.81844552,-25.5041438,-74.31430172,751.1455862,298.4374303,157.0763881,HG
99.27771185,-24.58985116,-74.68786069,549.1720078,296.8526626,157.0763144,HG
99.27771185,-24.58985116,-74.68786069,549.1720078,296.8526626,157.0763144,HG
99.32764084,-22.65360393,-76.6740369,45.48977041,297.0724035,157.0760993,HG
99.46761617,-22.51279762,-76.95481854,6.82E-13,297.496184,157.0760764,HG
99.46761617,-22.51279762,-76.95481854,-5.13E-11,297.496184,157.0760764,HG
101.6674119,-21.7563787,-79.9110332,-345.184664,304.1098543,157.0758613,HG
103.1858401,-21.73958698,-81.44625309,-456.0785664,308.6586984,157.07576,HG
103.1858401,-21.73958698,-81.44625309,-456.0785664,308.6586984,157.07576,HG
107.9378367,-22.5134945,-85.42434221,-601.4502716,322.8814175,157.0754939,HG
112.999423,-24.11637298,-88.88305003,-567.3453718,338.039168,157.0752278,HG
117.5070376,-26.04617743,-91.46086015,-408.024817,351.5755005,157.0749617,HG
120.9172212,-27.84876069,-93.06846052,-182.1830678,361.877309,157.0746956,HG
121.712941,-28.33167401,-93.38126695,-106.0295283,364.2990834,157.0746126,HG
121.712941,-28.33167401,-93.38126695,-106.0295283,364.2990834,157.0746126,HG
122.6067253,-28.91534382,-93.69138145,-6.93E-13,367.038529,157.0744957,HG
122.6067253,-28.91534382,-93.69138145,4.66E-11,367.038529,157.0744957,HG
123.2415793,-29.3764995,-93.8650798,102.1769747,369.0114471,157.0743788,HG
123.3232722,-29.44222038,-93.88105187,119.1599728,369.2692534,157.0743588,HG
123.3232722,-29.44222038,-93.88105187,119.1599728,369.2692534,157.0743588,HG
123.7086091,-29.78692614,-93.92168299,228.2567563,370.5188001,157.074222,HG
123.5802264,-29.91325251,-93.66697386,417.8209762,370.3745822,157.0739221,HG
122.4847523,-29.29095038,-93.19380187,529.1193507,367.3685223,157.0736221,HG
120.5311803,-27.85554985,-92.67563045,563.7197194,361.8932253,157.07325,HG
118.6413825,-26.18439452,-92.45698797,514.411837,356.6306079,157.0728778,HG
117.3119271,-24.71995332,-92.59197375,424.7044503,353.0460144,157.0725056,HG
116.7069355,-23.6966295,-93.01030598,333.9642522,351.6120155,157.0721334,HG
116.7294193,-23.13038677,-93.59903254,267.9099775,352.0301866,157.0717612,HG
117.4217811,-22.79673291,-94.62504823,231.7644065,354.6152095,157.0711796,HG
118.1607609,-22.55507958,-95.60568129,256.2837819,357.3414045,157.070598,HG
118.3713723,-22.32842719,-96.04294513,277.6663213,358.2396567,157.0703126,HG
118.3713723,-22.32842719,-96.04294513,277.6663213,358.2396567,157.0703126,HG
118.3913066,-22.28233882,-96.10896777,281.1949116,358.3431515,157.0702674,HG
118.3913066,-22.28233882,-96.10896777,281.1949116,358.3431515,157.0702674,HG
118.4090423,-22.23464661,-96.17439573,284.5780952,358.4403419,157.0702223,HG
118.4505043,-21.96032625,-96.49017801,300.214895,358.7906327,157.0699965,HG
118.2177745,-20.82322626,-97.39454826,327.9885404,358.8674897,157.0692757,HG
117.7319238,-19.362978,-98.36894584,321.8494231,358.397639,157.068409,HG
117.4793262,-18.11540637,-99.36391983,304.6544057,358.6385862,157.0675423,HG
117.3520394,-16.12080432,-101.231235,302.0590096,360.0495772,157.0660504,HG
117.0414429,-13.96910296,-103.0723399,309.53215,361.0655147,157.0645585,HG
116.5059054,-11.22617647,-105.2797289,306.5111214,362.1029288,157.0626661,HG
115.9842891,-8.49364737,-107.4906418,305.6945612,363.3771958,157.0607737,HG
114.9130914,-3.832589983,-111.0805014,305.8199704,365.3782124,157.0576008,HG
112.4175627,5.036142383,-117.4537051,303.3227601,369.1547401,157.0516438,HG
106.2201701,21.5588006,-127.7789707,297.3964904,375.9249004,157.0407683,HG
98.00905469,38.25128496,-136.2603397,288.4115642,382.4556976,157.0298934,HG
87.92448265,54.82212201,-142.7466047,276.6770087,388.6172958,157.0190193,HG
77.93566865,68.68390019,-146.6195688,264.1876718,393.5102338,157.0097041,HG
77.93566865,68.68390019,-146.6195688,264.1876718,393.5102338,157.0097041,HG
64.89111179,84.24495392,-149.1360657,246.7087479,398.746062,156.9988313,HG
50.55392069,98.85985699,-149.4137777,226.6402138,403.2742374,156.9879592,HG
30.07001522,116.2863996,-146.3564148,196.0376366,408.0686833,156.9735874,HG
8.424120159,131.0798566,-139.5039767,161.3212342,411.3684351,156.9592169,HG
-13.69184307,142.7466396,-129.0547965,121.8398826,412.9714824,156.9448476,HG
-35.61688513,150.9821715,-115.3652864,80.03527674,412.8659179,156.9304797,HG
-56.70140229,155.4937492,-98.79234688,36.05874112,410.812974,156.9161131,HG
-72.4346012,156.3008228,-83.86622156,-2.53E-12,407.7293315,156.90467,HG
-72.4346012,156.3008228,-83.86622156,-7.98E-12,407.7293315,156.90467,HG
-90.32574825,153.8254959,-63.4997476,-45.5955057,402.1584521,156.8903058,HG
-105.671842,147.5353499,-41.86350785,-91.03729538,394.6590669,156.8759429,HG
-117.9892627,137.6218736,-19.63261098,-134.7187381,385.3081144,156.8615815,HG
-126.8886183,124.3582038,2.530414472,-176.7569516,374.1288272,156.8472214,HG
-132.079508,108.1845867,23.89492135,-214.6681168,361.3235626,156.8328628,HG
-133.4496714,89.60787415,43.84179721,-247.5936995,347.1096941,156.8185056,HG
-130.9280021,69.15350868,61.77449345,-275.1529017,331.5781945,156.8041498,HG
-130.714464,68.16410457,62.55035945,-276.378652,330.8228331,156.80348,HG
-130.714464,68.16410457,62.55035945,-276.378652,330.8228331,156.80348,HG
-124.1973773,46.45105839,77.74631888,-298.1823606,314.1804248,156.7891258,HG
-114.092555,24.21405495,89.87850007,-312.9844999,296.7578373,156.7747729,HG
-100.7087578,2.138565631,98.57019217,-320.5473787,278.7952273,156.7604216,HG
-84.48877892,-19.10755451,103.5963334,-319.8862811,260.6272747,156.7460717,HG
-65.81159489,-38.88007223,104.6916671,-314.3908924,242.1570883,156.7317232,HG
-45.39380053,-56.55184455,101.9456451,-299.8530795,224.019883,156.7173762,HG
-25.36061591,-70.63422079,95.99483671,-280.5325395,207.5613634,156.7040332,HG
-25.36061591,-70.63422079,95.99483671,-280.5325395,207.5613634,156.7040332,HG
-3.323128186,-82.81428379,86.13741197,-253.6531312,190.5021297,156.6896891,HG
18.60273688,-91.58376277,72.98102589,-219.6999146,174.2310796,156.6753463,HG
39.66392815,-96.62344554,56.95951739,-181.8288667,159.0011848,156.661005,HG
59.24055095,-97.82372443,38.58317347,-140.1798471,144.9424727,156.6466652,HG
76.75781384,-95.18138678,18.42357294,-94.19218899,132.1765383,156.6323267,HG
91.65202032,-88.74257796,-2.90944236,-46.20253186,120.7153801,156.6179897,HG
102.8226646,-79.48971093,-23.33295367,4.84E-12,111.2901247,156.6045678,HG
102.8226646,-79.48971093,-23.33295367,1.68E-11,111.2901247,156.6045678,HG
111.4279133,-66.43458326,-44.99332999,49.07986129,102.574505,156.5902334,HG
116.3624747,-50.52208322,-65.84039148,97.0556114,95.25822792,156.5759005,HG
117.4155981,-41.29216225,-76.12343585,121.545458,91.99745569,156.5684573,HG
117.4155981,-41.29216225,-76.12343585,121.545458,91.99745569,156.5684573,HG
117.4155981,-41.29216225,-76.12343585,121.545458,91.99745569,156.5684573,HG
117.4156027,-41.29216689,-76.1234358,54.77585725,91.99748573,156.5684572,HG
117.4156128,-41.29218847,-76.12342433,24.68586811,91.99755934,156.5684572,HG
117.4156254,-41.29221768,-76.12340772,11.12569044,91.99765258,156.5684572,HG
117.4156419,-41.2922571,-76.12338485,4.21858051,91.99777568,156.5684572,HG
117.4156653,-41.29231329,-76.12335197,1.077037763,91.99794959,156.5684572,HG
117.4157005,-41.2923985,-76.12330197,0.102159364,91.99821244,156.5684572,HG
117.4157392,-41.29249227,-76.12324691,0.000372462,91.99850146,156.5684572,HG
117.4157392,-41.29249227,-76.1232469,0.000372443,91.99850146,156.5684572,HG
117.4157392,-41.29249227,-76.1232469,0.000372443,91.99850146,156.5684572,HG
117.4158022,-41.29264507,-76.12315717,0.001668996,91.99897235,156.5684572,HG
117.4161176,-41.29340903,-76.12270852,0.001401252,92.00132681,156.568457,HG
117.4176941,-41.29722885,-76.12046527,0.001240072,92.01309912,156.5684563,HG
117.4255772,-41.316328,-76.10924917,0.001254438,92.07196071,156.568453,HG
117.4649977,-41.41182474,-76.053173,0.001292009,92.36626998,156.568436,HG
117.6622333,-41.88933313,-75.77290021,0.001486435,93.83784915,156.5683512,HG
118.6517369,-44.27749495,-74.37424198,0.00246354,101.196571,156.5679273,HG
123.6832523,-56.23403097,-67.44922137,0.007483742,138.0113878,156.5658078,HG
141.2781588,-95.80073162,-45.47742721,0.025638944,259.5105191,156.5588284,HG
179.1945784,-171.4509201,-7.743658304,0.067111433,490.3337785,156.545641,HG
223.9374006,-248.275992,24.33859135,0.118556346,722.5609228,156.532453,HG
276.2258713,-325.8296723,49.603801,0.180524479,954.5229843,156.5192644,HG
354.2269051,-423.9036102,69.67670512,0.274615732,1243.842405,156.5025076,HG
445.2280627,-518.8785557,73.65049306,0.385463504,1518.835105,156.4857499,HG
548.1572496,-607.0556952,58.89844551,0.511092869,1768.08668,156.4689915,HG
660.6562177,-684.1537278,23.49751004,0.648180648,1978.78141,156.4522328,HG
779.118582,-745.7206032,-33.39797883,0.792075551,2138.003509,156.4354741,HG
892.8496575,-785.9939202,-106.8557372,0.929733477,2230.925789,156.4195664,HG
892.8496575,-785.9939202,-106.8557372,0.929733477,2230.925789,156.4195664,HG
928.3267686,-794.5817727,-133.7449959,0.972607129,2247.170836,156.4145392,HG
963.3089064,-801.0185262,-162.2903803,1.014832346,2256.734436,156.4095121,HG
1075.303805,-805.9521177,-269.3516869,1.149831021,2238.104368,156.3925928,HG
1174.064318,-784.3565677,-389.7077507,1.268663849,2139.707059,156.3756759,HG
1254.192224,-736.3340414,-517.8581826,1.365087096,1963.724422,156.3587621,HG
1311.235022,-663.7105917,-647.5244301,1.433942706,1717.4644,156.3418521,HG
1342.097827,-569.9581533,-772.1396733,1.471624192,1412.964181,156.3249466,HG
1345.331871,-459.9539206,-885.3779505,1.476387159,1066.122145,156.308046,HG
1321.269271,-339.6016015,-981.6676696,1.448496764,695.4517304,156.2911507,HG
1271.988877,-215.3539062,-1056.634971,1.390196348,320.5855999,156.2742607,HG
1201.117469,-93.68658357,-1107.430885,1.305501452,-39.3119901,156.2573761,HG
1142.876662,-15.3358175,-1127.540845,1.237319302,-267.1679776,156.2458692,HG
1142.876662,-15.3358175,-1127.540845,1.237319302,-267.1679776,156.2458692,HG
1142.876662,-15.3358175,-1127.540845,1.237319302,-267.1679776,156.2458692,HG
1141.7166,-13.91136138,-1127.805239,1.233700641,-271.2882651,156.2456525,HG
1140.819356,-12.81280305,-1128.006553,1.232616843,-274.4650814,156.2454852,HG
1140.738192,-12.71356481,-1128.024627,1.23251876,-274.7520281,156.2454701,HG
1140.738192,-12.71356481,-1128.024627,1.23251876,-274.7520281,156.2454701,HG
1138.592509,-10.09820854,-1128.494301,1.229925555,-282.3121483,156.245071,HG
1127.758561,2.873102601,-1130.631663,1.216823441,-319.7472033,156.2430755,HG
1071.244602,64.88315824,-1136.127761,1.148260271,-497.0981195,156.2330992,HG
967.7016928,158.5678078,-1126.269501,1.021705057,-758.9899426,156.2159483,HG
861.3677625,233.1390978,-1094.50686,0.890231,-960.2600778,156.1988016,HG
757.8470781,287.0422881,-1044.889366,0.76058534,-1097.884062,156.1816583,HG
661.8090147,320.3556571,-982.1646719,0.638602399,-1173.632978,156.164518,HG
576.6709359,334.5958396,-911.2667755,0.528856159,-1193.354177,156.14738,HG
504.4387399,332.3840771,-836.822817,0.43444945,-1165.87318,156.1302438,HG
445.7175709,317.0189305,-762.7365013,0.356975813,-1101.664163,156.113109,HG
399.8825271,292.009849,-691.8923762,0.296646013,-1011.454885,156.0959754,HG
365.3811108,260.6296309,-626.0107417,0.252553156,-904.9365922,156.0788427,HG
340.1237656,225.5398887,-565.6636543,0.223034344,-789.731397,156.0617109,HG
321.9091628,188.5332538,-510.4424166,0.206076873,-670.7337921,156.0445798,HG
308.8278793,150.4204733,-459.2483527,0.199713446,-549.8934218,156.0274494,HG
299.5920763,111.0717328,-410.6638091,0.202354415,-426.4493869,156.0103197,HG
293.7491743,69.60180064,-363.350975,0.213014918,-297.5690912,155.9931907,HG
292.8887896,58.95626109,-351.8450507,0.2216956,-264.7771144,155.9890093,HG
292.8887896,58.95626109,-351.8450507,0.2216956,-264.7771144,155.9890093,HG
292.8398568,58.24496101,-351.0848179,0.216801114,-262.5863712,155.9887324,HG
292.7919764,57.53265816,-350.3246345,0.217071914,-260.3928773,155.9884556,HG
292.5685088,53.95594763,-346.5244565,0.218452513,-249.3836036,155.9870714,HG
291.868004,35.67493298,-327.542937,0.226114424,-193.2327844,155.9801507,HG
293.6398544,-12.89758872,-280.7422656,0.250742189,-44.96623855,155.9630092,HG
301.9510137,-67.25971412,-234.6912995,0.284088388,119.0169131,155.945868,HG
318.9446576,-128.0456685,-190.8989892,0.327193284,300.0281429,155.928727,HG
346.749823,-195.0011006,-151.7487225,0.381016536,496.6820746,155.9115861,HG
387.0723409,-266.8003363,-120.2720045,0.446098637,704.4682255,155.8944451,HG
440.8134193,-341.0084024,-99.80501685,0.522231494,915.7541652,155.877304,HG
507.7692579,-414.1973385,-93.57191938,0.608207833,1120.232225,155.8601628,HG
586.4532469,-482.2074016,-104.2458454,0.701688301,1305.766641,155.8430215,HG
674.0684818,-540.5252514,-133.5432305,0.799212157,1459.546958,155.8258805,HG
766.6398886,-584.7361853,-181.9037033,0.89635912,1569.414207,155.8087401,HG
859.2957332,-610.9976419,-248.2980913,0.988050799,1625.203248,155.7916007,HG
946.6698905,-616.4777265,-330.192164,1.06896221,1619.940545,155.7744631,HG
1023.381224,-599.705865,-423.6753591,1.133999317,1550.75202,155.7573276,HG
1084.5366,-560.7924566,-523.7441431,1.178789213,1419.368529,155.740195,HG
1126.20061,-501.4893934,-624.7112169,1.200126584,1232.163025,155.7230658,HG
1145.778446,-425.0817316,-720.6967142,1.196323942,999.7078491,155.7059406,HG
1142.268091,-336.1204211,-806.1476701,1.167423251,735.8963632,155.6888196,HG
1116.352988,-240.0244619,-876.3285263,1.115241886,456.7235599,155.6717031,HG
1070.324665,-142.5959582,-927.7287071,1.043244535,178.8594207,155.6545912,HG
1045.647202,-102.3915047,-943.2556974,1.015355425,65.44201359,155.6473487,HG
1045.647202,-102.3915047,-943.2556974,1.015355425,65.44201359,155.6473487,HG
1044.643647,-100.8667867,-943.7768602,1.006412146,61.15607425,155.6470702,HG
1043.636227,-99.34385224,-944.2923751,1.005004273,56.8764468,155.6467916,HG
1038.541858,-91.75664041,-946.7852173,0.997910359,35.57526711,155.6453989,HG
1011.716826,-54.58382257,-957.1330037,0.961308951,-68.2630232,155.6384357,HG
938.4150583,29.34127134,-967.7563296,0.866091259,-298.9009145,155.6214272,HG
858.2651468,100.261991,-958.5271378,0.767445065,-489.2124994,155.6044226,HG
776.4227283,155.488739,-931.9114673,0.671360675,-632.61674,155.5874215,HG
697.6345013,193.7850982,-891.4195994,0.583213421,-726.7302647,155.5704233,HG
625.8314566,215.361018,-841.1924746,0.507346822,-773.2283975,155.5534277,HG
563.8302865,221.7131718,-785.5434582,0.446755717,-777.2859524,155.5364342,HG
513.1742301,215.3361355,-728.5103656,0.402919398,-746.6771596,155.5194424,HG
474.1259363,199.3418384,-673.4677747,0.375797289,-690.649673,155.502452,HG
445.8075776,177.0349656,-622.8425432,0.363982487,-618.7120165,155.4854629,HG
426.4660386,151.4961372,-577.9621758,0.364990339,-539.4805783,155.4684748,HG
413.8265757,125.2226598,-539.0492355,0.375644452,-459.7217,155.4514879,HG
407.6606833,107.2419771,-514.9026604,0.390645345,-405.7615673,155.4395513,HG
407.6606833,107.2419771,-514.9026604,0.390645345,-405.7615673,155.4395513,HG
407.4755676,106.6240884,-514.099656,0.387157929,-403.9210373,155.4391347,HG
407.2920459,106.0071666,-513.2992125,0.387602685,-402.0837115,155.4387182,HG
406.3971781,102.9375188,-509.3346969,0.389856796,-392.945661,155.4366354,HG
402.370012,87.99937163,-490.3693837,0.401742315,-348.4937982,155.4262218,HG
396.8028381,65.5789875,-462.3818256,0.421515096,-281.7563059,155.4096995,HG
391.390072,44.0077137,-435.3977857,0.440593851,-217.5848431,155.3931784,HG
385.8382132,22.00326543,-407.8414786,0.457677073,-152.1987246,155.3766585,HG
380.6878186,-2.09188989,-378.5959287,0.472357208,-80.9339742,155.3601397,HG
377.2348514,-29.99636424,-347.2384872,0.48509948,0.865410579,155.3436219,HG
377.343843,-63.16367866,-314.1801644,0.497089734,96.95105232,155.3271051,HG
383.177462,-102.4848597,-280.6926023,0.509992439,209.380131,155.310589,HG
396.8744005,-148.056912,-248.8174885,0.525649403,337.9302479,155.2940736,HG
420.2147917,-199.0467768,-221.1680149,0.545757625,479.7937206,155.2775587,HG
454.313853,-253.6692611,-200.6445919,0.571566431,629.5931443,155.2610442,HG
499.3814297,-309.2841929,-190.0972367,0.603631414,779.7226753,155.24453,HG
554.5777651,-362.6042099,-191.9735551,0.641655753,920.9816502,155.2280162,HG
617.9849818,-409.9916947,-207.9932871,0.684438975,1043.433148,155.2115029,HG
686.7006656,-447.8128919,-238.8877737,0.729940532,1137.393771,155.1949903,HG
757.0460845,-472.8103718,-284.2357126,0.775451956,1194.445228,155.1784788,HG
824.8685175,-482.4525104,-342.4160071,0.817858598,1208.354945,155.1619688,HG
885.9063907,-475.220819,-410.6855717,0.853961345,1175.80229,155.1454605,HG
936.1786261,-450.8025287,-485.3760974,0.88082152,1096.827945,155.1289546,HG
972.3566263,-410.1660648,-562.1905615,0.896089262,974.9540954,155.1124513,HG
992.0789637,-355.5097915,-636.5691722,0.89827726,816.9590171,155.0959511,HG
994.1749316,-290.088226,-704.0867056,0.886947715,632.3273516,155.0794542,HG
978.7729463,-217.9332708,-760.8396755,0.862790038,432.4325283,155.062961,HG
947.282269,-143.4994094,-803.7828596,0.827579043,229.5366796,155.0464713,HG
902.2502286,-71.26998281,-830.9802457,0.784016808,35.71270505,155.0299853,HG
847.1105586,-5.365729026,-841.7448296,0.735474459,-138.1991259,155.0135027,HG
846.4761361,-4.706877682,-841.7692584,0.735167787,-139.9371211,155.0133251,HG
846.4761361,-4.706877682,-841.7692584,0.735167787,-139.9371211,155.0133251,HG
838.670307,3.275936603,-841.9462436,0.728441166,-160.8349464,155.011156,HG
830.7684715,11.08141029,-841.8498817,0.721874257,-181.2141369,155.008987,HG
790.1474275,47.27272695,-837.4201544,0.689143008,-274.7733907,154.9981426,HG
725.9663453,92.75120789,-818.7175532,0.64085303,-389.4496492,154.9814118,HG
663.6323615,124.4060074,-788.0383689,0.598244179,-465.7823716,154.9646836,HG
606.7283744,142.0822685,-748.8106428,0.56406661,-504.11815,154.9479578,HG
557.9568488,146.8097326,-704.7665814,0.540040578,-507.9245406,154.931234,HG
518.9439518,140.6011893,-659.5451411,0.526722731,-483.1787879,154.9145119,HG
494.8080651,129.3638878,-624.171953,0.523594649,-447.3121932,154.9009327,HG
494.8080651,129.3638878,-624.171953,0.523594649,-447.3121932,154.9009327,HG
493.9410691,128.7909313,-622.7320004,0.523141644,-445.5659798,154.9003617,HG
493.085595,128.2113451,-621.2969401,0.523148865,-443.8035481,154.8997908,HG
488.9793582,125.2189912,-614.1983493,0.523335011,-434.7601538,154.8969359,HG
472.5014343,108.4399869,-580.9414213,0.527632541,-385.0782112,154.8826622,HG
462.0869136,89.83569233,-551.9226059,0.536373896,-331.5078384,154.8683894,HG
455.7151782,67.275929,-522.9911072,0.55021074,-267.6565885,154.8511117,HG
453.7054661,46.72862821,-500.4340943,0.564200042,-210.235988,154.8338353,HG
453.4197929,29.51070882,-482.9305017,0.574999204,-162.3792908,154.8165604,HG
452.6142545,15.87546847,-468.4897229,0.579853125,-124.3592784,154.7992869,HG
449.7703049,5.056277201,-454.8265821,0.57698242,-93.78123933,154.782015,HG
444.3121092,-4.547573079,-439.7645362,0.565812517,-66.14282791,154.7647448,HG
436.6867379,-15.06990078,-421.6168371,0.54705376,-35.68038684,154.7474763,HG
428.2959112,-28.80200386,-399.4939073,0.522620928,3.613036854,154.7302093,HG
421.2893963,-47.79261647,-373.4967799,0.495402917,56.93391062,154.7129438,HG
418.2473938,-73.47654263,-344.7708512,0.468911012,127.7181749,154.6956796,HG
421.7933822,-106.3813136,-315.4120686,0.446848803,216.9206043,154.6784166,HG
434.1877858,-145.9512969,-288.2364889,0.43265605,322.6197659,154.6611545,HG
456.9553973,-190.5138482,-266.4415491,0.429081757,440.0034338,154.6438932,HG
490.595433,-237.3941971,-253.2012359,0.437837811,561.7413019,154.6266327,HG
534.4129475,-283.1670326,-251.2459148,0.459374527,678.7031295,154.609373,HG
586.4953519,-324.0155163,-262.4798356,0.492804425,780.9370726,154.5921141,HG
643.8398484,-356.1548399,-287.6850085,0.53598247,858.7902214,154.5748562,HG
702.6189152,-376.2691254,-326.3497898,0.585732102,904.0352617,154.5575997,HG
758.5538746,-381.908452,-376.6454225,0.638188874,910.8658425,154.5403448,HG
758.5973496,-381.9070678,-376.6902818,0.638253274,910.8547029,154.5403307,HG
758.5973496,-381.9070678,-376.6902818,0.638253274,910.8547029,154.5403307,HG
758.5973496,-381.9070678,-376.6902818,0.638253274,910.8547029,154.5403307,HG
764.3221528,-381.5964561,-382.7256966,0.64377831,909.1373018,154.5384577,HG
768.4574108,-381.2500147,-387.2073961,0.647934527,907.5693401,154.5370863,HG
788.3351154,-377.9935537,-410.3415617,0.668462167,895.7938296,154.5302292,HG
831.2654879,-358.4920462,-472.7734417,0.717062023,837.3864677,154.5129119,HG
861.2107093,-323.9104315,-537.3002777,0.75812171,740.7778267,154.4955974,HG
875.8016124,-276.5157186,-599.2858938,0.788774521,612.4672955,154.478286,HG
873.9938421,-219.7163647,-654.2774774,0.807230044,461.7604494,154.4609778,HG
856.1780574,-157.7210788,-698.4569787,0.812937899,299.8333068,154.4436731,HG
824.1303332,-95.10920304,-729.0211301,0.806581515,138.5918543,154.426372,HG
780.8104761,-36.36323645,-744.4472396,0.789927183,-10.53745582,154.4090743,HG
730.0319367,14.58198147,-744.6139182,0.765549344,-137.7463518,154.3917799,HG
676.0431757,54.72101678,-730.7641925,0.736469489,-235.7808613,154.3744886,HG
623.0705092,82.24681626,-705.3173254,0.705755993,-300.568994,154.3572,HG
574.8766266,96.67714894,-671.5537755,0.676136444,-331.4722245,154.3399138,HG
534.3865103,98.82621655,-633.2127269,0.649671671,-331.1390222,154.3226296,HG
503.4237369,90.6279619,-594.0516988,0.627532215,-304.9868418,154.3053473,HG
490.0355326,82.08881608,-572.1243487,0.620570562,-280.613704,154.2952419,HG
490.0355326,82.08881608,-572.1243487,0.620570562,-280.613704,154.2952419,HG
490.0355326,82.08881608,-572.1243487,0.620570562,-280.613704,154.2952419,HG
489.5381499,81.86849349,-571.4066434,0.624141973,-279.6678951,154.2948614,HG
489.1299325,81.82605358,-570.9559861,0.620679302,-279.0394977,154.2945854,HG
488.3219237,81.71720067,-570.0391244,0.61396471,-277.7551688,154.2940292,HG
487.6319892,81.34622986,-568.978219,0.60994862,-276.3261229,154.293473,HG
487.6135357,81.32914831,-568.9426841,0.609885521,-276.2793953,154.293456,HG
487.6135357,81.32914831,-568.9426841,0.609885521,-276.2793953,154.293456,HG
487.0680654,80.63746004,-567.7055255,0.609179742,-274.6715409,154.2928998,HG
486.0370834,78.68540278,-564.7224861,0.611557507,-270.793863,154.2916447,HG
485.2686769,77.40187736,-562.6705542,0.611876338,-268.029866,154.2907399,HG
484.1494008,75.85035266,-559.9997535,0.609907819,-264.2931424,154.2894919,HG
483.0987357,74.23496874,-557.3337045,0.608462969,-260.4734785,154.2882439,HG
481.6305551,71.60742934,-553.2379845,0.607477198,-254.4364991,154.2863263,HG
480.2567019,68.99524498,-549.2519469,0.606007628,-248.3159418,154.2844086,HG
478.3154404,64.79930667,-543.1147471,0.603778454,-238.4369419,154.281378,HG
473.9040726,50.47833329,-524.3824058,0.597246055,-204.6671021,154.2714111,HG
472.7683588,25.47723745,-498.2455963,0.587964668,-147.3032246,154.2548438,HG
478.1894928,-0.091184869,-478.098308,0.579914694,-93.50382434,154.2382778,HG
488.3808851,-25.1954475,-463.1854376,0.57180397,-48.35812494,154.2217131,HG
500.946691,-48.73870622,-452.2079848,0.562408408,-15.84217067,154.2051498,HG
513.0230731,-69.79177187,-443.2313012,0.549796666,2.222377498,154.1885881,HG
521.4502172,-87.4231253,-434.0270919,0.532564165,7.367185034,154.172028,HG
523.484267,-101.0103344,-422.4739326,0.509443051,5.42199272,154.1554697,HG
517.5038731,-109.9996998,-407.5041733,0.480424154,5.35797016,154.1389132,HG
505.157905,-113.868283,-391.2896221,0.449881203,14.27966426,154.1237173,HG
505.157905,-113.868283,-391.2896221,0.449881203,14.27966426,154.1237173,HG
499.8650789,-114.2181864,-385.6468925,0.439419602,19.7523258,154.1187511,HG
494.122145,-114.0722428,-380.0499022,0.42861799,26.5191047,154.1137851,HG
475.1077787,-110.7165622,-364.3912164,0.396348136,54.41211851,154.098559,HG
455.9087853,-103.0178978,-352.8908875,0.366991922,89.75331316,154.0833342,HG
438.8760751,-91.17210114,-347.7039739,0.342861718,127.8449027,154.0681105,HG
425.3989492,-75.66044882,-349.7385004,0.325496661,165.6733651,154.052888,HG
415.8635248,-57.08986353,-358.7736613,0.315308171,202.5853568,154.0376667,HG
410.0904326,-36.04037041,-374.0500622,0.312939996,239.5902554,154.0224465,HG
407.7673696,-13.45866105,-394.3087086,0.317564441,278.8167644,154.0072275,HG
408.7118305,9.987590016,-418.6994206,0.329522286,322.4601076,153.9920097,HG
413.0682656,33.29108764,-446.3593532,0.348043404,372.9263671,153.976793,HG
421.2293829,55.74677194,-476.9761549,0.373447482,432.1334554,153.9615773,HG
433.9125802,76.41297751,-510.3255577,0.405317651,501.5281452,153.9463625,HG
451.8809102,94.74222246,-546.6231326,0.443611216,581.0549522,153.9311486,HG
475.7904176,109.9546765,-585.7450941,0.488024313,668.1708918,153.9159355,HG
505.9212132,121.5969694,-627.5181826,0.537580063,756.2310103,153.9007232,HG
541.7088249,129.2599472,-670.9687721,0.590746844,832.7423721,153.8855116,HG
542.3804269,129.350171,-671.730598,0.591682492,833.8785353,153.8852516,HG
542.3804269,129.350171,-671.730598,0.591682492,833.8785353,153.8852516,HG
582.1182306,132.7144581,-714.8326887,0.645873029,879.392487,153.8700409,HG
622.4315387,131.7031194,-754.1346581,0.697415115,871.6226433,153.8548317,HG
649.9729272,128.1066901,-778.0796174,0.731375753,820.3931335,153.8436228,HG
673.1922716,122.1591004,-795.351372,0.759579488,726.552487,153.8324151,HG
690.1485238,113.9105226,-804.0590464,0.780527691,593.7449498,153.8212091,HG
699.410975,103.4852943,-802.8962693,0.79309565,432.9374475,153.8100047,HG
700.4007633,91.06849659,-791.4692599,0.796840059,260.6763656,153.7988023,HG
693.5302598,76.90927326,-770.4395331,0.79206352,95.25396844,153.7876018,HG
680.1016027,61.31461731,-741.41622,0.779737849,-47.68458993,153.776403,HG
662.0032894,44.63275559,-706.636045,0.761308373,-158.2540952,153.7652059,HG
641.3218812,27.23407561,-668.5559568,0.7384378,-233.166382,153.7540102,HG
619.9970161,9.494477403,-629.4914935,0.712763865,-274.5780497,153.7428157,HG
599.5896383,-8.215918098,-591.3737202,0.685712906,-287.9844952,153.7316222,HG
581.2295986,-25.54156908,-555.6880295,0.658413419,-280.2193611,153.7204295,HG
558.931886,-50.05823553,-508.8736505,0.61891386,-243.2530212,153.7036285,HG
543.2437318,-71.87378412,-471.3699477,0.582237991,-191.7431377,153.6868289,HG
534.6570945,-87.65772155,-446.999373,0.553778338,-145.941414,153.6724865,HG
534.6570945,-87.65772155,-446.999373,0.553778338,-145.941414,153.6724865,HG
529.0745,-102.1153478,-426.9591522,0.523455237,-97.22890522,153.6556894,HG
526.6475558,-111.6504727,-414.997083,0.496187306,-58.02425374,153.6388937,HG
525.4603892,-115.8826922,-409.5776969,0.471459536,-30.23528261,153.6220995,HG
523.498827,-114.5860475,-408.9127795,0.448330653,-13.94047461,153.6053069,HG
519.1027628,-107.920381,-411.1823818,0.426265179,-7.612976904,153.5885161,HG
510.7850921,-96.19506328,-414.5900289,0.404893664,-8.544791629,153.5717271,HG
497.4873841,-79.86822534,-417.6191588,0.384081719,-13.13966366,153.5549399,HG
479.1987709,-59.76723058,-419.4315403,0.364055694,-17.43467582,153.5381546,HG
456.7702876,-36.75793634,-420.0123513,0.345933115,-18.20613748,153.5213712,HG
431.9970723,-11.84592937,-420.1511429,0.330961428,-13.72171963,153.5045896,HG
407.0965743,13.90885927,-421.0054336,0.320751383,-3.814626375,153.4878098,HG
384.0949498,39.37871817,-423.4736679,0.31636358,10.93738311,153.4710317,HG
364.4791691,63.41458352,-427.8937526,0.318312098,30.22765076,153.4542552,HG
348.9747774,85.00206254,-433.9768399,0.326843038,54.55210394,153.4374804,HG
338.0358949,103.0834102,-441.119305,0.341270021,85.31548439,153.4207071,HG
332.3171608,116.8116827,-449.1288435,0.361024762,124.5377574,153.4039354,HG
331.7732032,123.5804294,-455.3536326,0.378204226,157.4120493,153.3924342,HG
334.3141649,127.7924747,-462.1066396,0.397433891,196.130641,153.3809337,HG
344.0628931,129.381358,-473.4442511,0.429098161,263.2605308,153.3643666,HG
361.9155435,125.7356342,-487.6511777,0.465605011,344.457142,153.3478006,HG
388.7590449,116.9307699,-505.6898148,0.506438943,438.6083683,153.3312355,HG
424.9445218,103.4736323,-528.4181541,0.551243478,540.8737419,153.3146714,HG
445.1616873,95.71589863,-540.8775859,0.573437834,589.1749062,153.3068939,HG
445.1616873,95.71589863,-540.8775859,0.573437834,589.1749062,153.3068939,HG
494.1564384,76.4618183,-570.6182567,0.621611802,683.1630337,153.290331,HG
549.2243023,54.40363227,-603.6279346,0.669150272,747.7219345,153.273769,HG
606.4157771,30.41208202,-636.8278591,0.712409893,757.7720863,153.2572085,HG
645.899891,12.40606639,-658.3059574,0.738585931,717.9755675,153.245252,HG
680.7671355,-5.700484087,-675.0666514,0.757988792,633.2869938,153.2332968,HG
708.3973373,-23.57382734,-684.8235099,0.76894078,506.5615745,153.2213433,HG
726.603059,-40.86118872,-685.7418703,0.770137181,349.1868143,153.2093917,HG
734.1312683,-57.20744716,-676.9238211,0.761064152,179.7416865,153.1974422,HG
730.9899834,-72.25057943,-658.739404,0.742165553,19.55067939,153.1854947,HG
718.4637611,-85.62411453,-632.8396465,0.714808748,-113.2202733,153.1735491,HG
698.7840652,-96.9757556,-601.8083096,0.681048041,-208.1322887,153.1616053,HG
674.5816721,-105.9929461,-568.588726,0.643258547,-263.6861571,153.1496629,HG
648.3278666,-112.4248821,-535.9029845,0.603724661,-285.2975775,153.1377217,HG
616.8036601,-116.5102819,-500.2933781,0.55672735,-278.9592159,153.1233443,HG
600.2205298,-116.978858,-483.2416717,0.532113751,-265.8024575,153.1154536,HG
600.2205298,-116.978858,-483.2416717,0.532113751,-265.8024575,153.1154536,HG
572.2107426,-114.7086567,-457.5020859,0.490092316,-232.9736177,153.101078,HG
547.1187305,-108.2976514,-438.8210791,0.453144953,-196.5328905,153.0867035,HG
524.7947105,-98.11380138,-426.6809091,0.421414529,-162.069511,153.07233,HG
504.6320621,-84.47165999,-420.1604021,0.394960646,-132.0811753,153.0579576,HG
486.0317159,-67.82279141,-418.2089245,0.373658469,-107.2049913,153.0435864,HG
468.5937624,-48.80822606,-419.7855363,0.357033633,-87.00091301,153.0292163,HG
451.9639914,-27.96031927,-424.0036721,0.345155577,-70.65901984,153.0148474,HG
436.0606412,-5.986877471,-430.0737637,0.337791134,-57.16679149,153.0004797,HG
421.1167416,16.30944961,-437.4261912,0.334481544,-45.52903903,152.9861132,HG
407.3378238,38.31449336,-445.6523171,0.335534186,-35.0575847,152.9717481,HG
395.0763269,59.25442916,-454.3307561,0.340531067,-25.2644555,152.9573841,HG
384.6180995,78.46741162,-463.0855111,0.348942253,-16.07776252,152.9430215,HG
375.9155178,95.33156303,-471.2470808,0.360441437,-7.880793952,152.9286601,HG
368.8087883,109.2708241,-478.0796124,0.373875469,-1.232720286,152.9143001,HG
362.7620393,119.8346641,-482.5967034,0.388422622,3.425014235,152.8999413,HG
357.1326244,126.6327254,-483.7653498,0.403017699,6.403734822,152.8855838,HG
351.4608583,129.4263975,-480.8872558,0.416571925,9.206835368,152.8712277,HG
345.7423708,128.1346279,-473.8769987,0.428886014,14.4150395,152.8568729,HG
340.5205279,122.7830821,-463.3036101,0.439617693,24.99246462,152.8425194,HG
336.8128285,113.5350051,-450.3478337,0.449034664,43.44692716,152.828167,HG
335.7224921,100.7732624,-436.4957545,0.458011291,71.26733083,152.8138159,HG
338.378455,84.85387491,-423.2323299,0.466734787,108.9046467,152.7994658,HG
345.6256592,66.39502173,-412.0206809,0.476148699,155.8344886,152.7851168,HG
358.1034718,45.91839271,-404.0218645,0.486363899,210.9206368,152.7707686,HG
376.0863832,24.17479502,-400.2611782,0.497950331,272.331446,152.7564213,HG
399.6178804,1.819868445,-401.4377488,0.510855365,337.7025813,152.7420749,HG
421.1008142,-15.13977628,-405.9610379,0.521777086,388.2351698,152.7311402,HG
421.1008142,-15.13977628,-405.9610379,0.521777086,388.2351698,152.7311402,HG
430.3665784,-21.7259324,-408.640646,0.526178179,407.897564,152.7268366,HG
440.0559011,-28.23446247,-411.8214386,0.530783662,427.2464713,152.7225331,HG
481.2398073,-52.38276945,-428.8570378,0.549362218,496.8290489,152.7057653,HG
526.6896663,-73.90811836,-452.7815479,0.568493377,550.0909654,152.6889987,HG
573.7836086,-91.75213893,-482.0314696,0.58679062,575.6967255,152.6722336,HG
619.2377537,-105.2385278,-513.9992259,0.602041553,562.0602074,152.6554703,HG
658.655099,-113.6762816,-544.9788174,0.611754708,500.3926064,152.6387092,HG
687.3585254,-116.8458136,-570.5127118,0.61301373,390.3591245,152.6219507,HG
701.1072032,-114.6576583,-586.4495448,0.603665615,245.0116723,152.6051953,HG
697.5096321,-107.248667,-590.2609651,0.583137284,90.26259188,152.5884432,HG
677.261337,-95.01760514,-582.2437319,0.552806476,-44.38681252,152.5716944,HG
644.1288886,-78.4399344,-565.6889542,0.516181266,-139.036074,152.5549485,HG
603.4118339,-58.10467882,-545.3071551,0.477871707,-190.40328,152.5382052,HG
601.4966157,-57.1312426,-544.3653731,0.476259661,-191.7564118,152.5374718,HG
601.4966157,-57.1312426,-544.3653731,0.476259661,-191.7564118,152.5374718,HG
558.0633872,-33.62479018,-524.438597,0.440645631,-207.9188412,152.5207307,HG
515.7393213,-8.465291016,-507.2740303,0.410336256,-203.7463626,152.5039915,HG
487.6994529,9.664811633,-497.3642645,0.392726112,-194.2691126,152.4922076,HG
461.4941868,27.84213339,-489.3363202,0.379163311,-182.1121112,152.4804245,HG
428.7971747,52.01877366,-480.8159483,0.366711351,-163.1977442,152.4642071,HG
400.4211091,74.1230962,-474.5442053,0.360674172,-142.7380002,152.4479913,HG
376.696546,93.44784024,-470.1443862,0.361380816,-120.6870781,152.431777,HG
358.2786367,108.9722432,-467.2508799,0.367783297,-96.16502037,152.4155641,HG
345.7137052,120.2346714,-465.9483766,0.379953028,-68.52337893,152.3993528,HG
339.6800568,126.6251738,-466.3052306,0.396835927,-37.46567096,152.3831429,HG
340.3539503,128.014332,-468.3682823,0.41798753,-4.07818886,152.3669345,HG
347.5613913,124.2623452,-471.8237365,0.441683463,28.95118008,152.3507274,HG
355.1452159,119.2448445,-474.3900603,0.457578403,47.86798007,152.3403028,HG
355.1452159,119.2448445,-474.3900603,0.457578403,47.86798007,152.3403028,HG
370.0861695,107.5439581,-477.6301276,0.481600861,69.52977066,152.3240982,HG
386.2135438,91.58830793,-477.8018517,0.501949517,77.3516049,152.3078951,HG
400.2680196,71.93303552,-472.2010551,0.51596942,70.19836608,152.2916938,HG
409.4838225,49.35126239,-458.8350849,0.521549294,53.52142461,152.2754943,HG
412.7690795,24.75061543,-437.5196949,0.518111621,38.23758482,152.2592966,HG
411.1442565,-0.815252128,-410.3290044,0.506746108,35.31331168,152.2431008,HG
407.2051134,-26.21057283,-380.9945405,0.489823101,50.24426936,152.2269067,HG
403.8888515,-50.26222746,-353.626624,0.470165765,81.74305863,152.210714,HG
403.3741181,-68.7854904,-334.5886277,0.453560253,117.193022,152.1970987,HG
403.3741181,-68.7854904,-334.5886277,0.453560253,117.193022,152.1970987,HG
406.6276224,-87.85151293,-318.7761095,0.435137678,164.6257757,152.1809085,HG
414.3663973,-102.9805796,-311.3858178,0.419711818,213.0913413,152.1647196,HG
426.2588581,-113.5782489,-312.6806092,0.407860547,259.2814537,152.148532,HG
441.4167598,-119.1634057,-322.2533541,0.399948361,301.2023725,152.1323456,HG
458.9369864,-119.6064669,-339.3305195,0.396090912,337.81849,152.1161607,HG
477.734335,-114.7984322,-362.9359028,0.396105525,368.2148028,152.0999771,HG
496.9516591,-104.976066,-391.9755931,0.399880693,391.5227669,152.083795,HG
515.6198615,-90.56802873,-425.0518328,0.407081186,406.1718399,152.0676145,HG
532.8308211,-72.145588,-460.6852331,0.417165965,409.9014163,152.0514356,HG
547.5984759,-50.53321507,-497.0652608,0.4292908,399.6789459,152.0352584,HG
558.475866,-26.49542093,-531.980445,0.442574434,372.0908799,152.0190832,HG
560.4056533,-20.46621762,-539.9394357,0.445967076,362.5459643,152.0151759,HG
560.4056533,-20.46621762,-539.9394357,0.445967076,362.5459643,152.0151759,HG
564.3198009,5.044424727,-569.3642257,0.458039037,310.4334327,151.9990032,HG
560.9944627,30.42032778,-591.4147905,0.46772271,240.0808506,151.9828329,HG
549.3676527,54.65410937,-604.0217621,0.473841659,157.942324,151.9666649,HG
529.7106378,76.69372608,-606.4043638,0.47601295,74.25773154,151.9504995,HG
503.606706,95.6299897,-599.2366957,0.474799464,-0.336347082,151.9343365,HG
473.677051,110.7015706,-584.3786217,0.471429257,-58.31349364,151.9181759,HG
442.8702911,121.3138686,-564.1841597,0.46736177,-96.61512846,151.9020174,HG
434.0076782,123.5566315,-557.5643098,0.466500428,-104.1502139,151.8972534,HG
434.0076782,123.5566315,-557.5643098,0.466500428,-104.1502139,151.8972534,HG
406.0867571,127.7766237,-533.8633808,0.463368152,-118.0431575,151.8810975,HG
382.7321509,126.8896155,-509.6217665,0.462236635,-115.8399919,151.8649433,HG
365.4060347,120.8473295,-486.2533642,0.463565299,-100.2693869,151.8487908,HG
355.0299362,109.9767864,-465.0067227,0.467372469,-73.98103373,151.8326398,HG
352.0981136,94.71606914,-446.8141828,0.473684912,-39.61548184,151.8164902,HG
355.1250292,79.93925144,-435.0642807,0.480170938,-8.625375988,151.8036957,HG
355.1250292,79.93925144,-435.0642807,0.480170938,-8.625375988,151.8036957,HG
365.4413964,58.5142486,-423.955645,0.489693276,32.23339589,151.7875486,HG
382.155963,34.87012633,-417.0260893,0.499818276,70.80198004,151.7714028,HG
403.8912259,9.939592093,-413.830818,0.509341747,101.7530043,151.7552584,HG
428.2637482,-15.07421421,-413.189534,0.516840505,119.3199544,151.7391155,HG
452.4151863,-39.33195416,-413.0832321,0.519878241,119.123617,151.7229742,HG
472.7641911,-61.70251722,-411.0616739,0.516593372,100.2785442,151.7068348,HG
485.9952683,-81.43134388,-404.5639244,0.505046377,67.80420799,151.6906973,HG
489.8080261,-97.70738507,-392.100641,0.484620221,32.58419713,151.6745618,HG
483.8896686,-109.8773884,-374.0122802,0.456239141,7.352605562,151.6584283,HG
470.1735762,-117.3884751,-352.7851011,0.422428803,0.398648395,151.6422967,HG
458.1179598,-119.6154917,-338.5024681,0.398415849,6.465045651,151.6313457,HG
458.1179598,-119.6154917,-338.5024681,0.398415849,6.465045651,151.6313457,HG
452.3634728,-119.8309996,-332.5324732,0.387423811,11.46822958,151.6265068,HG
446.5527806,-119.5878154,-326.9649652,0.376780415,17.58872645,151.6216682,HG
428.4198532,-115.5592117,-312.8606415,0.344478043,42.4282555,151.6059833,HG
412.3941148,-106.7338799,-305.6602349,0.31700248,70.11265506,151.5902998,HG
399.2771369,-93.42512892,-305.8520079,0.295807727,96.56089422,151.5746177,HG
388.974601,-76.28544519,-312.6891558,0.281156856,120.5004677,151.5589369,HG
381.1190886,-55.89994461,-325.219144,0.273321458,142.3118069,151.5432576,HG
375.4769738,-33.22020031,-342.2567735,0.271976083,163.443556,151.5275797,HG
371.8340308,-9.045352242,-362.7886785,0.277197949,185.4696908,151.5119033,HG
370.4407831,15.53405274,-385.9748358,0.288569025,210.049376,151.4962282,HG
371.699574,39.72304715,-411.4226211,0.306107557,238.3200613,151.4805545,HG
376.2982188,62.4509892,-438.749208,0.329712227,270.8449613,151.4648822,HG
384.8896495,82.89102947,-467.780679,0.359026441,306.7626329,151.4492112,HG
397.9172785,100.2254283,-498.1427067,0.393126413,343.0491241,151.4335415,HG
414.9989903,113.8065054,-528.8054958,0.430925335,373.3249544,151.4178731,HG
425.8299304,119.5012653,-545.3311957,0.452338664,384.1844377,151.4092253,HG
425.8299304,119.5012653,-545.3311957,0.452338664,384.1844377,151.4092253,HG
446.2969557,126.2729363,-572.569892,0.491172201,385.6331492,151.3935591,HG
465.2612433,128.1723013,-593.4335446,0.526176857,355.4819669,151.3778948,HG
476.1317359,126.4726807,-602.6044165,0.547731935,311.5431409,151.3664998,HG
483.1233237,122.1150859,-605.2384096,0.564350863,251.4137986,151.355106,HG
485.4673693,115.1880054,-600.6553747,0.575399034,180.9584772,151.3437134,HG
483.0712715,105.8267203,-588.8979918,0.580679648,108.2064876,151.3323223,HG
476.5130823,94.24340034,-570.7564826,0.580496722,41.35664553,151.3209324,HG
466.898606,80.7040718,-547.6026778,0.575584374,-13.16492755,151.3095438,HG
455.6085692,65.52216147,-521.1307307,0.56693594,-51.78177811,151.2981564,HG
444.0283005,49.04235816,-493.0706586,0.55561916,-73.79457069,151.28677,HG
433.3924232,31.62531274,-465.0177359,0.54263009,-80.70247266,151.2753846,HG
421.3880773,5.219652339,-426.6077296,0.52249244,-69.37493366,151.2586927,HG
414.9517585,-21.20350706,-393.7482515,0.502418089,-41.34425904,151.2420024,HG
414.4536792,-46.39582165,-368.0578576,0.483844909,-5.587931606,151.2253137,HG
419.4033046,-69.31094651,-350.0923581,0.466713359,30.88443106,151.2086265,HG
428.5997788,-88.83918372,-339.7605951,0.45138364,62.85998906,151.1919407,HG
440.5090762,-104.2107759,-336.2983003,0.437133163,86.76115952,151.1752566,HG
453.2463731,-114.6813119,-338.5650612,0.423737167,100.2027255,151.1585741,HG
464.7235362,-119.7802835,-344.9432527,0.410148003,102.058916,151.1418933,HG
473.0175136,-119.3664292,-353.6510844,0.395757107,92.75276336,151.1252145,HG
476.1775936,-113.4654549,-362.7121387,0.379990319,74.32325331,151.1085376,HG
475.0028764,-107.7816931,-367.2211833,0.370899159,61.30864224,151.0991693,HG
475.0028764,-107.7816931,-367.2211833,0.370899159,61.30864224,151.0991693,HG
473.4245688,-104.06606,-369.3585088,0.365022368,53.97475652,151.094167,HG
471.2175753,-99.97752563,-371.2400497,0.35960665,46.55335086,151.0891648,HG
466.167203,-92.38921787,-373.7779851,0.350164371,34.64362159,151.0810002,HG
455.3068892,-79.01567508,-376.2912142,0.335513434,18.24719498,151.0686451,HG
440.9935333,-63.63971433,-377.353819,0.320813828,5.232626686,151.0562911,HG
417.593454,-40.20339789,-377.3900561,0.302142806,-5.569033458,151.0394893,HG
391.9599991,-14.78527586,-377.1747232,0.286745365,-8.712781386,151.0226895,HG
366.4874018,11.47158999,-377.9589918,0.276204356,-6.00177365,151.0058915,HG
342.9516187,37.40322052,-380.3548392,0.271508807,0.717326436,150.9890953,HG
322.318361,61.71952134,-384.0378824,0.272897387,10.6265569,150.972301,HG
305.2549915,83.40241528,-388.6574068,0.280212963,23.94898447,150.9555084,HG
292.4049848,101.3716006,-393.7765854,0.29325359,41.79918553,150.9387175,HG
284.5261681,114.7364899,-399.262658,0.311262529,65.78038792,150.9219282,HG
282.4407361,123.1184087,-405.5591448,0.334627169,97.40628095,150.9051406,HG
287.1770568,125.8749335,-413.0519903,0.36223614,138.0014968,150.8883545,HG
299.7084637,123.1182009,-422.8266645,0.39434118,187.5455531,150.8715698,HG
320.6249571,114.8213276,-435.4462846,0.429949257,244.0347456,150.8547864,HG
341.43836,105.4720907,-446.9104508,0.458191892,287.1342653,150.8423943,HG
341.43836,105.4720907,-446.9104508,0.458191892,287.1342653,150.8423943,HG
376.1001347,88.84497154,-464.9451062,0.497175142,339.9505859,150.8256132,HG
416.177047,68.37667664,-484.5537237,0.535009073,374.020911,150.8088336,HG
457.8981213,45.02041023,-502.9185316,0.568118353,373.8295312,150.7920556,HG
496.029824,19.75795299,-515.787777,0.592281194,327.7074568,150.7752798,HG
517.4273242,1.6710038,-519.098328,0.601910883,268.7065658,150.76365,HG
532.679582,-16.44573899,-516.2338431,0.604111296,193.3514509,150.7520215,HG
540.8087542,-34.23121516,-506.5775391,0.598596444,111.0859148,150.7403944,HG
541.7015071,-51.29931181,-490.4021953,0.585615646,32.98340776,150.7287688,HG
536.1455371,-67.25304734,-468.8924898,0.566088927,-31.29082477,150.7171445,HG
525.6221989,-81.70647757,-443.9157213,0.541458429,-75.94718112,150.7055215,HG
511.9383828,-94.2999065,-417.6384763,0.513434157,-99.87719719,150.6938997,HG
496.8348927,-104.7196499,-392.1152427,0.483704917,-105.7646733,150.6822788,HG
477.1390041,-114.7382209,-362.4007832,0.444487706,-94.01313829,150.6669273,HG
466.8106303,-118.3384441,-348.4721862,0.423397121,-81.5325182,150.6582981,HG
466.8106303,-118.3384441,-348.4721862,0.423397121,-81.53251819,150.6582981,HG
450.5295057,-121.1139404,-329.4155654,0.388212528,-55.19611521,150.6429487,HG
436.8391117,-118.9334654,-317.9056463,0.357560093,-28.99897302,150.6276006,HG
428.0752535,-114.2234653,-313.8517882,0.337918601,-11.78840876,150.6162233,HG
420.2318384,-107.0838165,-313.1480219,0.320819392,2.90570736,150.6048468,HG
410.1324065,-93.04246609,-317.0899404,0.301253083,19.17141363,150.5888063,HG
400.4701321,-75.00587032,-325.4642618,0.286701097,30.872152,150.5727674,HG
390.6809506,-53.64291154,-337.0380391,0.277110245,38.99595087,150.55673,HG
380.7652608,-30.02602745,-350.7392334,0.271939902,44.73956584,150.5406944,HG
370.8019546,-4.965332081,-365.8366225,0.271711912,48.95612169,150.5246604,HG
361.2465504,20.40309429,-381.6496447,0.27609688,52.2791553,150.508628,HG
354.6627431,38.93895059,-393.6016937,0.282062457,54.25205991,150.4966288,HG
348.6284759,56.67258071,-405.3010566,0.290444748,55.51762905,150.4846306,HG
341.1138809,79.32854383,-420.4424248,0.305272041,55.25813355,150.4677985,HG
335.9191908,94.68464178,-430.6038326,0.318516044,52.57708618,150.4545839,HG
330.7567867,107.4183499,-438.1751366,0.332579389,47.03556735,150.4413705,HG
325.2485346,117.1275866,-442.3761211,0.346294027,38.75547468,150.4281583,HG
319.0314093,123.5276924,-442.5591017,0.359141858,28.7503675,150.4149474,HG
317.5134002,124.4733431,-441.9867433,0.362033308,26.37811197,150.4118995,HG
317.5134002,124.4733431,-441.9867433,0.362033308,26.37811197,150.4118995,HG
308.7314114,126.5639638,-435.2953751,0.375273803,15.14678845,150.3957188,HG
299.8592955,123.2208444,-423.0801399,0.386460863,9.259247544,150.3795399,HG
292.4029917,114.6955504,-407.0985421,0.395774072,12.13655409,150.3633628,HG
288.1292358,101.2995129,-389.4287487,0.403845882,25.50750662,150.3471874,HG
288.4461318,83.75821057,-372.2043424,0.411910672,49.40761455,150.3310135,HG
294.4979364,62.67230811,-357.1702445,0.419994598,82.67508025,150.3148411,HG
306.8021471,39.139266,-345.9414131,0.429040192,123.0774657,150.29867,HG
325.5361763,13.98617046,-339.5223467,0.438724681,167.7592348,150.2825003,HG
350.238022,-11.53835913,-338.6996629,0.449346552,212.8471165,150.266332,HG
380.0717249,-36.46841784,-343.603307,0.46019322,253.6952369,150.2501649,HG
413.5365576,-59.61830524,-353.9182524,0.470836603,284.5892453,150.2339993,HG
448.6344468,-80.08528817,-368.5491586,0.479905699,299.2959844,150.2178352,HG
482.6507576,-96.9150726,-385.735685,0.486206671,291.8901872,150.2016727,HG
512.4616127,-109.4992877,-402.962325,0.487707327,258.7231013,150.1855122,HG
534.5289736,-117.2349154,-417.2940583,0.482832873,200.8329076,150.1693539,HG
545.8534781,-119.9343986,-425.9190795,0.470105129,125.9551653,150.153198,HG
544.7030402,-117.4985178,-427.2045224,0.449341854,47.88097072,150.1370445,HG
542.5800603,-116.2720805,-426.3079798,0.443719493,30.84664512,150.133285,HG
542.5800603,-116.2720805,-426.3079798,0.443719493,30.84664512,150.133285,HG
542.4536082,-116.1989901,-426.2546181,0.443421852,30.01713859,150.1330966,HG
542.4536082,-116.1989901,-426.2546181,0.443421852,30.01713859,150.1330966,HG
542.3266954,-116.1241559,-426.2025396,0.443660275,29.19099986,150.1329081,HG
541.8079864,-115.8039813,-426.0040052,0.442262308,26.04399668,150.1321813,HG
540.6487877,-115.1113989,-425.5373888,0.439102582,19.54573059,150.1306574,HG
539.016334,-114.2227674,-424.7935666,0.435808406,11.17213333,150.1286538,HG
536.5122062,-112.8804002,-423.6318061,0.431058533,0.260413549,150.1259288,HG
528.1940087,-108.5078328,-419.6861759,0.417177578,-26.35237052,150.1185209,HG
514.4348805,-101.3075978,-413.1272827,0.398001,-53.8327821,150.1088207,HG
498.1690257,-92.50535642,-405.6636693,0.378230612,-72.74491343,150.0991211,HG
490.539314,-88.24920284,-402.2901112,0.36974239,-78.39814796,150.09494,HG
490.539314,-88.24920284,-402.2901112,0.36974239,-78.39814796,150.09494,HG
481.7816441,-83.16688134,-398.6147627,0.360247284,-83.1153248,150.0902743,HG
472.8220226,-77.79097023,-395.0310523,0.351069781,-86.32738159,150.0856087,HG
457.5898956,-68.13926873,-389.4506269,0.336255778,-88.83378946,150.0778025,HG
428.1496551,-47.42368183,-380.7259732,0.310671771,-86.3758896,150.0626251,HG
399.9436165,-24.6788219,-375.2647946,0.29027399,-78.58203551,150.0474493,HG
373.7498353,-0.943174826,-372.8066605,0.27544845,-68.87329425,150.0322749,HG
349.812917,23.01566663,-372.8285837,0.266551345,-58.80487688,150.017102,HG
328.3584925,46.14928737,-374.5077798,0.263065166,-48.57981958,150.0019305,HG
309.6429753,67.67471584,-377.3176911,0.265047809,-37.74220504,149.9867604,HG
294.0489169,86.76639526,-380.8153122,0.272161488,-25.42814063,149.9715918,HG
284.463516,99.48708146,-383.9505975,0.28070035,-13.97381058,149.9596173,HG
277.5900533,110.0062149,-387.5962681,0.29239772,-0.644795425,149.9476436,HG
273.1263688,120.0621698,-393.1885387,0.312125561,20.52418051,149.9316532,HG
274.7567891,125.1667517,-399.9235408,0.335789405,45.24267886,149.9156642,HG
282.6184716,125.169984,-407.7884556,0.3627907,71.6270848,149.8996768,HG
293.420766,121.342368,-414.763134,0.386245691,91.92397471,149.8864916,HG
293.420766,121.342368,-414.763134,0.386245691,91.92397471,149.8864916,HG
298.2422695,119.0834145,-417.325684,0.395061282,98.37034955,149.881696,HG
303.3974216,116.4097439,-419.8071656,0.403638637,104.0105206,149.8769005,HG
319.4546603,106.315993,-425.7706533,0.427251049,114.1311056,149.8630569,HG
335.8460013,92.95910982,-428.8051111,0.447715624,112.5971346,149.8492146,HG
350.4169087,76.71112154,-427.1280303,0.463090566,98.34245851,149.8353736,HG
361.2214834,58.03912835,-419.2606117,0.471894882,74.17975761,149.821534,HG
367.1758354,37.50537761,-404.6812131,0.473401191,46.65893728,149.8076959,HG
368.384116,15.76065213,-384.1447681,0.467852231,23.73612047,149.7938593,HG
366.0528924,-6.477292157,-359.5756002,0.456369976,11.59139967,149.7800242,HG
362.0164316,-28.46111906,-333.5553125,0.440636115,12.61518159,149.7661903,HG
358.1206038,-49.4532373,-308.6673665,0.422436842,25.51921737,149.7523577,HG
355.823338,-68.77916809,-287.0441699,0.403507395,46.85387373,149.7385262,HG
355.997697,-85.80854242,-270.1891546,0.385026474,72.67035283,149.7246958,HG
356.4561138,-89.79244263,-266.6636711,0.380562519,79.71147619,149.721077,HG
356.4561138,-89.79244263,-266.6636711,0.380562519,79.71147619,149.721077,HG
359.9933085,-103.1835781,-256.8097304,0.363868872,106.48927,149.707248,HG
365.8880529,-113.1623591,-252.7256938,0.349172302,131.4213031,149.69342,HG
373.6185671,-119.4411055,-254.1774616,0.33679072,153.166987,149.6795931,HG
382.6597012,-121.9495086,-260.7101925,0.326358868,171.1118426,149.6657673,HG
392.1970582,-120.4481206,-271.7489376,0.318384498,184.8575954,149.6519426,HG
401.466225,-115.1864139,-286.2798111,0.312525415,194.2776908,149.6382825,HG
401.466225,-115.1864139,-286.2798111,0.312525415,194.2776908,149.6382825,HG
401.6837636,-115.0146497,-286.6691139,0.31239033,194.4538068,149.6379556,HG
401.6837636,-115.0146497,-286.6691139,0.31239033,194.4538068,149.6379556,HG
401.9007414,-114.8407462,-287.0599952,0.312252388,194.6275149,149.6376287,HG
402.7684376,-114.1203182,-288.6481194,0.311822189,195.3020637,149.6363146,HG
406.6785535,-110.3518955,-296.326658,0.310051645,197.932117,149.6302391,HG
416.0436886,-97.0197449,-319.0239437,0.307279629,201.0539098,149.6140374,HG
423.2446183,-79.35274011,-343.8918782,0.30716775,198.4432844,149.5978376,HG
427.8312416,-58.1667457,-369.6644959,0.309247937,190.043866,149.5816395,HG
429.1503975,-34.32883292,-394.8215646,0.313376824,175.4485068,149.5654433,HG
426.8476098,-8.923048449,-417.9245613,0.318697089,154.4841417,149.5492491,HG
420.4357945,16.97122695,-437.4070214,0.3247476,127.3614359,149.5330568,HG
409.6613492,42.18884256,-451.8501918,0.330878137,95.30503673,149.5168665,HG
394.6314961,65.6251244,-460.2566205,0.336388006,60.80206586,149.5006783,HG
375.9691437,86.3010908,-462.2702345,0.341494936,27.26601396,149.4844922,HG
354.8982501,103.2881765,-458.1864266,0.345991931,-1.862916672,149.4683082,HG
333.1993865,115.8057419,-449.0051285,0.350245944,-23.93134907,149.4521261,HG
312.5923502,123.4723834,-436.0647336,0.355337785,-37.3248778,149.435946,HG
294.8468063,125.7682467,-420.6150529,0.361044011,-41.45988092,149.4197677,HG
281.3375047,122.8457632,-404.183268,0.368431449,-36.40368432,149.4035911,HG
273.3134622,114.5724382,-387.8859003,0.377035913,-22.64936607,149.3874162,HG
271.5185633,101.5584092,-373.0769725,0.387446442,-1.267740773,149.3712429,HG
273.5047634,92.16342234,-365.6681858,0.394139279,13.78018908,149.3620201,HG
273.5047634,92.16342234,-365.6681857,0.394139279,13.78018908,149.3620201,HG
282.4066815,72.59893141,-355.0056129,0.406297975,43.74593272,149.3458492,HG
297.8432435,50.15314196,-347.9963855,0.419388009,75.47103803,149.3296797,HG
319.0685855,25.64737126,-344.7159567,0.432510937,104.9245441,149.3135116,HG
344.6154191,0.155385382,-344.7708044,0.44426178,126.9821758,149.2973451,HG
372.2041022,-25.16056096,-347.0435413,0.453291125,136.1613646,149.2811802,HG
398.9306502,-49.30008376,-349.6305665,0.457420195,128.2422892,149.265017,HG
421.2481709,-71.15983321,-350.0883377,0.454793792,102.4896138,149.2488557,HG
426.7116164,-77.33995314,-349.3716633,0.452646129,91.65606153,149.2439305,HG
426.7116164,-77.33995314,-349.3716633,0.452646129,91.65606153,149.2439305,HG
426.9197355,-77.58602373,-349.3337118,0.452544403,91.18223841,149.2437251,HG
426.9197355,-77.58602373,-349.3337118,0.452544403,91.18223841,149.2437251,HG
427.1249231,-77.82994667,-349.2949764,0.453012166,90.70700323,149.2435198,HG
427.9370163,-78.79967949,-349.1373368,0.452139975,88.73471521,149.2426717,HG
429.2919688,-80.47091061,-348.8210581,0.450654688,85.27729362,149.2412141,HG
431.1603493,-82.90667811,-348.2536712,0.44940793,80.18400988,149.2391286,HG
433.2720376,-85.86158284,-347.4104547,0.447333436,73.6041722,149.2365022,HG
436.5459104,-91.16700922,-345.3789012,0.442674173,60.82138639,149.2315393,HG
439.564519,-98.17324005,-341.391279,0.434470613,42.18997189,149.2243711,HG
440.5060772,-104.347537,-336.1585402,0.424513353,24.37515859,149.2172034,HG
438.546237,-111.2761917,-327.2700453,0.408454821,3.445612401,149.2075057,HG
433.1972541,-116.4756628,-316.7215913,0.389936002,-12.00224797,149.1978087,HG
419.6556055,-120.8976281,-298.7579774,0.357843024,-23.01239797,149.1826661,HG
404.9098693,-120.9849821,-283.9248872,0.32936665,-20.6839369,149.1697383,HG
404.9098693,-120.9849821,-283.9248872,0.32936665,-20.6839369,149.1697383,HG
399.3316858,-120.1942106,-279.1374752,0.319375521,-17.86066254,149.1651962,HG
393.6991589,-118.9727747,-274.7263841,0.309545377,-14.27416059,149.1606543,HG
378.4189188,-113.4096411,-265.0092777,0.284031624,-1.797075413,149.1481082,HG
364.0465635,-104.7949659,-259.2515976,0.261416685,12.17822908,149.1355632,HG
347.5455001,-89.48359522,-258.0619048,0.238075995,29.14186816,149.1194331,HG
333.1809506,-70.33410305,-262.8468475,0.220621601,43.55949426,149.1033046,HG
320.6397569,-47.8800704,-272.7596865,0.210271152,55.37118062,149.0871778,HG
316.8006066,-39.96263925,-276.8379674,0.207444333,58.92097725,149.0818327,HG
316.8006066,-39.96263925,-276.8379674,0.207444333,58.92097725,149.0818327,HG
316.5319101,-39.38223069,-277.1496794,0.207376128,59.1772064,149.0814429,HG
316.5319101,-39.38223069,-277.1496794,0.207376128,59.1772064,149.0814429,HG
316.2680989,-38.8126634,-277.4554355,0.207059692,59.4387704,149.081053,HG
315.2334137,-36.54863576,-278.6847779,0.207290319,60.45558905,149.0795194,HG
314.1777927,-34.1865351,-279.9912576,0.206723723,61.42472307,149.0779858,HG
312.5886471,-30.55506169,-282.0335854,0.206151104,62.90782182,149.0756342,HG
307.5148456,-18.25855772,-289.2562879,0.205556095,67.83702007,149.0677733,HG
300.9405302,-0.599151198,-300.341379,0.207106399,74.91892442,149.0566873,HG
292.7158051,25.25364579,-317.9694509,0.214490383,86.44738777,149.0404312,HG
288.4417203,42.01126289,-330.4529832,0.222570764,95.51029183,149.0295516,HG
288.4417203,42.01126289,-330.4529832,0.222570764,95.51029183,149.0295516,HG
288.3095096,42.61159143,-330.9211011,0.222933573,95.86223147,149.0291582,HG
288.3095096,42.61159143,-330.9211011,0.222933573,95.86223147,149.0291582,HG
288.1774677,43.20805915,-331.3855269,0.223583224,96.21583807,149.0287648,HG
287.5961604,45.88551134,-333.4816717,0.224881013,97.81381689,149.0270032,HG
286.9026036,49.36937599,-336.2719796,0.227230401,100.0312333,149.0246548,HG
285.9655217,54.60800285,-340.5735245,0.23090854,103.5489886,149.0210747,HG
284.7571224,63.18609363,-347.943216,0.237776137,109.8978182,149.015031,HG
283.9431674,80.43814304,-364.3813105,0.255331273,125.5085159,149.0018992,HG
286.8942864,98.78994012,-385.6842266,0.282199974,148.0255144,148.9855075,HG
294.8294272,112.8404529,-407.6698801,0.313535777,171.8955345,148.9691174,HG
307.3279055,122.0376244,-429.3655299,0.348090423,192.2131588,148.9527288,HG
313.0097621,124.1139349,-437.123697,0.361335257,197.5188748,148.9466449,HG
313.0097621,124.1139349,-437.123697,0.361335257,197.5188748,148.9466449,HG
329.2552374,125.9847814,-455.2400188,0.395787412,200.7855151,148.9302586,HG
344.715433,122.2783188,-466.9937518,0.426497931,183.0927036,148.9138742,HG
356.0036458,113.131681,-469.1353268,0.449941386,143.5305888,148.8974919,HG
358.0857543,109.6896002,-467.7753545,0.455045839,130.0204091,148.8931057,HG
358.0857543,109.6896002,-467.7753545,0.455045839,130.0204091,148.8931057,HG
358.1392922,109.5829065,-467.7221987,0.45561797,129.5840168,148.8929671,HG
358.1392922,109.5829065,-467.7221987,0.45561797,129.5840168,148.8929671,HG
358.1927012,109.4746606,-467.6673618,0.456238864,129.1461099,148.8928285,HG
358.4404972,108.9508903,-467.3913875,0.45649503,126.9583325,148.8921357,HG
358.9087738,107.8545173,-466.763291,0.457120975,122.4961088,148.8907419,HG
359.4892312,106.2833391,-465.7725703,0.458862042,116.5707236,148.8889372,HG
360.1537125,103.9913156,-464.1450281,0.461035415,108.1439514,148.8864116,HG
361.0756933,97.29939033,-458.3750836,0.465211891,85.05456551,148.8795959,HG
360.6059335,87.90367316,-448.5096067,0.468120631,56.95838755,148.8711246,HG
358.5783068,77.4446423,-436.0229491,0.46849523,31.41422732,148.862654,HG
355.3648503,66.05434837,-421.4191987,0.466575846,10.01825669,148.8541839,HG
349.9070342,49.4180613,-399.3250955,0.46092822,-10.59887148,148.8427141,HG
344.2117687,31.72451641,-375.9362851,0.452602458,-20.9322396,148.8312453,HG
337.5962376,5.344588764,-342.9408263,0.437826736,-19.48580631,148.8147857,HG
334.4842215,-21.12360222,-313.3606192,0.421428878,-3.758914324,148.7983279,HG
335.8439719,-46.49607125,-289.3479006,0.404949148,19.91856728,148.7818717,HG
341.7106363,-69.61984331,-272.090793,0.389112712,45.92328716,148.765417,HG
351.2855138,-89.41712618,-261.8683876,0.374502028,69.91936143,148.7489639,HG
363.40201,-105.0699274,-258.3320826,0.360809077,88.86396467,148.7325125,HG
376.5024685,-115.8376568,-260.6648117,0.347926876,100.7138589,148.7160627,HG
389.0151111,-121.2350252,-267.7800859,0.33565166,104.4269919,148.6996147,HG
399.336759,-121.0736122,-278.2631468,0.323345673,99.90270276,148.6831684,HG
405.8191382,-115.342711,-290.4764272,0.310775699,87.92765529,148.6667241,HG
405.8680759,-115.2364439,-290.6316319,0.310629181,87.73227168,148.6665154,HG
405.8680759,-115.2364439,-290.6316319,0.310629181,87.73227168,148.6665154,HG
406.5383992,-113.2468722,-293.2915271,0.307812793,84.37003557,148.6630357,HG
407.0179821,-111.1113481,-295.906634,0.305247803,80.78221066,148.6595562,HG
407.2242054,-108.7171788,-298.5070266,0.30234839,76.99012936,148.6560767,HG
407.089079,-105.138578,-301.9505011,0.298480915,71.59031426,148.6513757,HG
405.9065959,-98.88563282,-307.020963,0.292411928,62.84535121,148.6441679,HG
399.0120518,-81.89368313,-317.1183687,0.278487741,42.61404148,148.6280906,HG
386.3453476,-61.3587847,-324.9865629,0.264593486,23.67694739,148.6120153,HG
368.8099934,-38.11275404,-330.6972394,0.251480521,8.296824868,148.5959418,HG
347.9966871,-13.15136694,-334.8453201,0.240475241,-2.553903156,148.5798702,HG
325.6531516,12.46341698,-338.1165686,0.232581827,-9.156406428,148.5638005,HG
303.3949817,37.62632495,-341.0213067,0.228596858,-12.42039283,148.5477325,HG
282.3657039,61.27747093,-343.6431749,0.229044074,-13.15068898,148.5316663,HG
263.3239043,82.33202251,-345.6559268,0.233718448,-11.61215714,148.5156018,HG
246.8292706,99.89715241,-346.726423,0.242430216,-7.470723959,148.499539,HG
233.6872378,113.2052966,-346.8925344,0.254763087,0.013566839,148.4834779,HG
224.5913632,121.6629193,-346.2542824,0.270505772,11.88119815,148.4674184,HG
223.7910569,122.3932341,-346.184291,0.272778111,13.70828968,148.4654147,HG
223.7910569,122.3932341,-346.184291,0.272778111,13.70828968,148.4654147,HG
223.6999841,122.4736934,-346.1736775,0.273045767,13.94108379,148.4651676,HG
223.6999841,122.4736934,-346.1736775,0.273045767,13.94108379,148.4651676,HG
223.6084301,122.5529855,-346.1614156,0.273009395,14.17508085,148.4649205,HG
223.19134,122.8976183,-346.0889583,0.274595941,15.33400107,148.463725,HG
222.4939467,123.4782139,-345.9721607,0.27716138,17.51583572,148.4615465,HG
220.8523744,124.742944,-345.5953184,0.285897644,25.64475663,148.4542079,HG
220.8593135,124.2398929,-345.0992063,0.302823308,43.08467538,148.44127,HG
226.9390662,118.4921291,-345.4311953,0.327131564,71.57414924,148.4245471,HG
240.4626605,107.3111666,-347.7738271,0.354000272,105.8783232,148.4078257,HG
250.6459537,99.43965913,-350.0856128,0.368941428,125.40785,148.3990387,HG
250.6459537,99.43965913,-350.0856128,0.368941428,125.40785,148.3990387,HG
275.552613,80.96813585,-356.5207488,0.397805509,162.3887251,148.3823197,HG
306.496034,58.98332008,-365.4793541,0.426314847,192.9937307,148.3656022,HG
341.055056,34.40224886,-375.4573048,0.452112685,208.1222168,148.3488864,HG
375.6514892,8.267828689,-383.9193179,0.471905683,198.9194355,148.3321725,HG
405.5641905,-18.08121266,-387.4829778,0.482729393,161.3792544,148.3154607,HG
426.4210734,-43.63251877,-382.7885547,0.481678344,101.2921743,148.2987512,HG
435.4375189,-67.20362376,-368.2338952,0.467750427,34.81480916,148.2820442,HG
432.6443454,-87.6569163,-344.9874291,0.442241434,-18.74544176,148.2653398,HG
420.9856528,-104.0671548,-316.9184981,0.408179174,-47.46144253,148.2486376,HG
404.7001628,-115.4646532,-289.2355096,0.370156993,-51.45708545,148.2319375,HG
387.5263274,-121.2298714,-266.296456,0.332289589,-39.18328721,148.2152993,HG
387.5263274,-121.2298714,-266.296456,0.332289589,-39.18328721,148.2152993,HG
371.6594488,-121.2990437,-250.3604051,0.297017888,-20.21316014,148.1986028,HG
362.3175206,-118.0307907,-244.2867299,0.276519087,-7.680694847,148.1876984,HG
353.9251034,-112.4344274,-241.490676,0.258147739,3.666308738,148.1767948,HG
347.9908086,-106.5262963,-241.4645123,0.246380703,11.1091472,148.168532,HG
342.3552863,-99.42573607,-242.9295503,0.235661272,17.55373485,148.1602696,HG
336.9126642,-91.16788308,-245.7447811,0.226283729,23.01012087,148.1520077,HG
326.5747636,-72.09449726,-254.4802664,0.212066511,31.1535331,148.1359247,HG
316.238832,-49.84816889,-266.3906631,0.202826912,36.87924584,148.1198433,HG
305.7645867,-25.3641529,-280.4004338,0.198576343,41.25494502,148.1037637,HG
295.5189587,0.32116116,-295.8401199,0.199411836,45.31222959,148.0876858,HG
286.0870029,26.13522878,-312.2222317,0.205610937,49.87845737,148.0716095,HG
278.1942575,50.72261241,-328.9168699,0.216662747,55.40809801,148.055535,HG
272.3654286,73.22420678,-345.5896354,0.232116,61.58544709,148.0394622,HG
269.055405,92.74013218,-361.7955371,0.251825863,67.32834814,148.023391,HG
268.2323026,108.3109761,-376.5432787,0.274205955,70.54518873,148.0073216,HG
268.7905829,119.2090974,-387.9996803,0.297401465,68.42872839,147.9912538,HG
269.0472372,121.1408202,-390.1880574,0.303424617,66.81486596,147.9872053,HG
269.0472372,121.1408202,-390.1880574,0.303424617,66.81486596,147.9872053,HG
269.098693,125.6154009,-394.7140939,0.324689715,55.78730032,147.9711398,HG
267.3895436,124.5588948,-391.9484384,0.342419974,39.25332053,147.9550763,HG
263.5694674,118.0704511,-381.6399186,0.355730414,21.79623808,147.9390146,HG
258.5570395,106.4318532,-364.9888927,0.364535332,8.877820314,147.9229548,HG
253.9782744,90.18984731,-344.1681217,0.369548444,4.521819746,147.9068969,HG
251.9701154,75.40873999,-327.3788554,0.371678414,7.872567379,147.8948216,HG
251.9701154,75.40873999,-327.3788554,0.371678414,7.872567379,147.8948216,HG
251.9180162,74.68918585,-326.6072021,0.371727658,8.159432154,147.894276,HG
251.9180162,74.68918585,-326.6072021,0.371727658,8.159432154,147.894276,HG
251.8738413,73.96599902,-325.8398404,0.371640737,8.45697597,147.8937305,HG
251.7181296,70.29288834,-322.011018,0.372056662,10.11253626,147.8910026,HG
251.6752978,64.98392261,-316.6592204,0.372250056,12.91459852,147.8871413,HG
252.1261479,55.98940451,-308.1155525,0.372567248,18.58117215,147.8808546,HG
254.7954494,38.57071032,-293.3661597,0.372702767,32.14882175,147.8692917,HG
263.0842114,12.38515742,-275.4693688,0.37229137,56.84685452,147.8528049,HG
276.683168,-14.17888015,-262.5042879,0.372224837,84.85950279,147.8363197,HG
295.1473101,-40.02783704,-255.119473,0.37192178,112.7989966,147.819836,HG
317.4510637,-63.83870617,-253.6123575,0.371717876,137.1079833,147.8033539,HG
342.2338287,-84.65785375,-257.5759749,0.370868105,154.4096819,147.7868734,HG
346.5691081,-87.81325972,-258.7558484,0.370823246,156.4214534,147.7840864,HG
346.5691081,-87.81325972,-258.7558484,0.370823246,156.4214534,147.7840864,HG
347.4929138,-88.47072195,-259.0221918,0.370780864,156.8092976,147.7834916,HG
347.4929138,-88.47072195,-259.0221918,0.370780864,156.8092976,147.7834916,HG
348.4072342,-89.10887139,-259.2983628,0.370953362,157.1785114,147.7828968,HG
351.4346413,-91.18673555,-260.2479057,0.370368861,158.3000437,147.78093,HG
355.469608,-93.90247279,-261.5671352,0.370273907,159.5555045,147.7783312,HG
360.7876004,-97.30438681,-263.4832136,0.369778764,160.7654232,147.7748829,HG
369.1440731,-102.3005203,-266.8435528,0.368961532,161.5909176,147.7694075,HG
382.6504789,-109.4417543,-273.2087245,0.367018099,159.7940819,147.7602478,HG
403.404879,-117.9633676,-285.4415113,0.361607114,146.9720038,147.7444879,HG
419.233427,-121.435996,-297.797431,0.353272199,122.470707,147.7287298,HG
428.0844513,-119.7468475,-308.3376038,0.340907546,89.06962019,147.7129736,HG
428.6508174,-113.0143329,-315.6364845,0.324599642,51.97441139,147.6972195,HG
420.5311074,-101.5217328,-319.0093745,0.304663907,17.46164705,147.6814674,HG
404.7352214,-85.75360857,-318.9816128,0.282721229,-9.258191237,147.6657172,HG
404.5512732,-85.58624224,-318.9650309,0.282519651,-9.462281961,147.6655693,HG
404.5512732,-85.58624224,-318.9650309,0.282519651,-9.462281961,147.6655693,HG
383.0455231,-65.9828105,-317.0627126,0.260755051,-26.08477309,147.649821,HG
372.878566,-56.9266555,-315.9519105,0.251699664,-30.37052516,147.6431527,HG
362.3003415,-47.31066987,-314.9896716,0.243311401,-33.22220756,147.6364847,HG
348.158657,-34.13292524,-314.0257317,0.233043266,-35.26882263,147.6277238,HG
334.0166063,-20.45992655,-313.5566797,0.224366611,-35.87616377,147.6189634,HG
315.0646557,-1.290523852,-313.7741318,0.21497672,-35.20888684,147.6069724,HG
291.0164751,24.51161756,-315.5280926,0.207316277,-32.89613269,147.5908689,HG
268.8214554,49.27649397,-318.0979494,0.204946925,-29.67498653,147.5747671,HG
248.9179768,71.91997481,-320.8379516,0.207611167,-25.55791225,147.5586671,HG
231.9110906,91.48982521,-323.4009159,0.215161182,-19.99520965,147.5425688,HG
218.4892179,107.1651799,-325.6543978,0.22743827,-12.07526674,147.5264722,HG
209.4430559,118.0920885,-327.5351443,0.243613492,-0.695290022,147.5103772,HG
205.6457138,123.8853446,-329.5310585,0.263519533,14.91909695,147.4942839,HG
207.9505497,124.384765,-332.3353147,0.286971473,34.97823687,147.4781921,HG
216.7353745,119.4476842,-336.1830588,0.312950896,58.61255082,147.4621019,HG
226.0008302,113.4662185,-339.4670487,0.330931401,74.81586439,147.4515885,HG
226.0008302,113.4662185,-339.4670487,0.330931401,74.81586439,147.4515885,HG
245.0227604,100.189304,-345.2120644,0.358610539,97.62950032,147.4355008,HG
268.1558869,82.76304592,-350.9189328,0.38481984,112.6555134,147.4194147,HG
292.735074,61.79257782,-354.5276518,0.407000123,113.78799,147.4033303,HG
315.2048141,38.15119023,-353.3560044,0.422031656,97.65053994,147.3872477,HG
332.1378721,12.81560423,-344.9534764,0.427576221,67.10135484,147.371167,HG
341.3803366,-13.14774549,-328.2325911,0.422524065,31.7546162,147.3550885,HG
342.9123982,-38.59122145,-304.3211767,0.407523386,3.691368735,147.339012,HG
338.753263,-62.33951632,-276.4137467,0.384816294,-9.02621808,147.3229374,HG
331.8568615,-83.22462317,-248.6322383,0.357480602,-5.656997414,147.3068647,HG
325.0345761,-100.414765,-224.6198111,0.328574212,8.984356814,147.2907936,HG
320.6371115,-111.2735786,-209.3635329,0.305054123,25.25250359,147.277321,HG
320.6371115,-111.2735786,-209.3635329,0.305054123,25.25250359,147.277321,HG
319.4078528,-114.3242468,-205.083606,0.296878461,31.28687889,147.2725004,HG
318.3899189,-116.9042909,-201.485628,0.288967623,37.23953922,147.2676799,HG
316.9077105,-120.7819355,-196.125775,0.273145414,49.24034189,147.2574331,HG
316.1170702,-122.3827646,-193.7343056,0.251362733,65.15465806,147.2414775,HG
316.2972993,-118.4348391,-197.8624602,0.233553081,76.9408441,147.2255234,HG
316.5041907,-116.2275821,-200.2766085,0.227835605,79.9866163,147.220342,HG
316.6585929,-113.3091728,-203.3494202,0.223101942,82.56731436,147.2151608,HG
316.7559178,-109.8565095,-206.8994083,0.21883581,84.77310029,147.2099798,HG
316.802458,-105.8916476,-210.9108104,0.214811513,86.64181461,147.204799,HG
316.6419455,-97.54497754,-219.096968,0.208700731,89.23266418,147.1955045,HG
315.5344469,-79.93294455,-235.6015024,0.201268399,91.91639814,147.1795725,HG
313.0923448,-58.81021708,-254.2821277,0.197554749,93.08055395,147.1636423,HG
309.3609418,-35.08113444,-274.2798073,0.197684796,93.41830734,147.1477138,HG
304.7193709,-9.762273933,-294.957097,0.201822666,93.36647969,147.131787,HG
299.6010996,16.01553072,-315.6166303,0.209919729,92.85518922,147.115862,HG
294.4286515,41.29416572,-335.7228172,0.22159307,91.30956646,147.0999386,HG
289.4574226,64.8095883,-354.2670109,0.236459398,87.47518482,147.084017,HG
284.3538428,85.56650967,-369.9203524,0.253071201,79.73436818,147.0680972,HG
278.3102992,102.7648411,-381.0751403,0.270470694,66.97211503,147.0521793,HG
273.8340581,111.1979359,-385.031994,0.281033897,56.68319934,147.0423746,HG
273.8340581,111.1979359,-385.031994,0.281033897,56.68319934,147.0423746,HG
271.4345468,114.6472807,-386.0818275,0.285720709,51.14925522,147.0376,HG
268.870505,117.6431081,-386.513613,0.290394185,45.36666209,147.0328254,HG
261.4737826,123.2447421,-384.7185247,0.301402661,29.90481515,147.0204548,HG
253.3501118,125.5852611,-378.9353729,0.310864657,15.1737004,147.0080854,HG
243.0468846,123.9487369,-366.9956215,0.320961184,0.45017312,146.9926779,HG
233.8850449,117.2608172,-351.1458621,0.32898438,-7.975946331,146.9772722,HG
227.216151,105.9518213,-333.1679723,0.336009819,-8.859955318,146.9618681,HG
224.3104313,90.3164901,-314.6269214,0.341966459,-2.163560849,146.9464656,HG
225.9543941,71.18829497,-297.1426891,0.347754453,11.18379777,146.9310646,HG
232.6705412,49.17343022,-281.8439714,0.35314793,29.63909429,146.9156651,HG
244.4371884,25.32169879,-269.7588872,0.358521424,51.030878,146.900267,HG
260.9232497,0.490131278,-261.413381,0.363427781,72.82255867,146.8848704,HG
281.2222377,-24.1898661,-257.0323716,0.367603168,91.99848624,146.8694751,HG
304.2076304,-47.85336244,-256.354268,0.37054054,105.4640596,146.8540814,HG
328.1266736,-69.43476914,-258.6919045,0.371182969,110.1974608,146.8386891,HG
350.8981378,-88.10017137,-262.7979664,0.3686689,104.0416461,146.8232985,HG
370.0978365,-103.0918893,-267.0059472,0.361839242,86.5451353,146.8079096,HG
383.4467363,-113.8506656,-269.5960707,0.349666359,59.95936818,146.7925225,HG
389.1108764,-119.9913139,-269.1195625,0.331878862,29.33450871,146.7771373,HG
386.2237617,-121.2671223,-264.9566394,0.3087159,1.351691367,146.761754,HG
375.329299,-117.6247309,-257.7045681,0.281572129,-18.23664905,146.7463725,HG
361.8753883,-111.0730699,-250.8023184,0.258213204,-26.2482367,146.7338352,HG
361.8753883,-111.0730699,-250.8023184,0.258213204,-26.2482367,146.7338352,HG
341.9165895,-98.94799431,-242.9685952,0.22973357,-27.48152994,146.7184568,HG
320.58234,-82.62284304,-237.959497,0.204290448,-22.72851318,146.70308,HG
299.7028685,-62.86434652,-236.8385219,0.183455322,-15.79207825,146.6877048,HG
280.0893383,-40.46143258,-239.6279057,0.167963411,-9.072379912,146.6723311,HG
262.0037177,-16.25201342,-245.7517043,0.158516123,-3.505821972,146.6569589,HG
245.3691653,8.608617214,-253.9777825,0.154390803,1.095658264,146.6415883,HG
230.2024182,33.2489045,-263.4513227,0.155823748,5.31627391,146.6262193,HG
216.7069134,56.50394014,-273.2108535,0.161926431,10.08134395,146.6108519,HG
205.3688466,77.56323214,-282.9320787,0.172868023,16.29636631,146.595486,HG
196.9746903,95.43304014,-292.4077304,0.188112678,25.0132307,146.5801217,HG
192.3173152,109.5589717,-301.8762869,0.207612352,37.07059829,146.5647588,HG
192.3009869,119.266432,-311.5674189,0.231110174,53.05627608,146.5493975,HG
197.6298931,124.1734081,-321.8033012,0.257940286,72.71247565,146.5340376,HG
208.4957375,124.1989156,-332.6946531,0.287544915,94.34380236,146.5186791,HG
216.8676564,122.1006274,-338.9682839,0.304703196,106.0377428,146.5101534,HG
216.8676564,122.1006274,-338.9682839,0.304703196,106.0377428,146.5101534,HG
235.2630217,114.4847658,-349.7477875,0.335455698,123.0659634,146.4947971,HG
256.0841146,102.3871281,-358.4712427,0.364006504,129.7791867,146.4794424,HG
276.6386091,86.15352757,-362.7921367,0.387813565,121.2972516,146.4640892,HG
293.818415,66.44688813,-360.2653031,0.40417604,96.89839891,146.4487378,HG
305.3119791,43.99163739,-349.3036165,0.411386375,62.05858705,146.4333883,HG
310.362972,19.68722585,-330.0501979,0.409061569,26.78448825,146.4180408,HG
309.9995206,-5.449152718,-304.5503679,0.398263195,0.763975087,146.4026951,HG
306.4482714,-30.33699617,-276.1112752,0.381082685,-11.01070778,146.3873512,HG
302.1337738,-53.8797502,-248.2540236,0.359954638,-9.140274091,146.372009,HG
298.9857697,-75.17987927,-223.8058905,0.337124783,2.263256555,146.3566683,HG
297.995691,-93.26114003,-204.734551,0.314279497,18.23950903,146.3413291,HG
299.2677106,-107.4146638,-191.8530469,0.292480327,34.7051008,146.3259913,HG
299.9579647,-110.6020069,-189.3559577,0.286738007,38.98322089,146.3217179,HG
299.9579647,-110.6020069,-189.3559577,0.286738007,38.98322089,146.3217179,HG
300.8680793,-113.6361503,-187.231929,0.280624216,43.34642398,146.3171169,HG
301.8966257,-116.221423,-185.6752027,0.274635171,47.4090613,146.3125162,HG
303.8803619,-119.6261683,-184.2541936,0.26497881,53.57374291,146.3046906,HG
308.2886814,-122.5181555,-185.7705259,0.247116738,62.86413528,146.2889006,HG
312.355114,-120.0394058,-192.3157082,0.231376313,67.8811875,146.2731122,HG
315.1549859,-112.3603337,-202.7946521,0.217798215,69.06443517,146.2573254,HG
315.7967863,-99.74299721,-216.0537891,0.206493913,67.09640726,146.2415404,HG
313.7669411,-82.77801812,-230.988923,0.197282769,62.84243564,146.2257571,HG
308.939375,-62.18724864,-246.7521264,0.190425455,57.18967183,146.2099755,HG
301.4558598,-38.85678571,-262.5990741,0.186280837,50.86447105,146.1941957,HG
291.6978111,-13.81325302,-277.8845581,0.184883633,44.32884618,146.1784177,HG
280.2784914,11.91200291,-292.1904943,0.186530569,37.78894759,146.1626414,HG
267.8384829,37.16464091,-305.0031238,0.190951585,31.13115466,146.1468669,HG
254.8363837,60.88321843,-315.7196021,0.198186935,24.08489496,146.1310941,HG
241.5609569,82.05156372,-323.6125206,0.207532581,16.47445577,146.1153232,HG
228.1301356,99.73974882,-327.8698844,0.218504452,8.51269565,146.099554,HG
215.011368,113.1377282,-328.1490962,0.230245233,0.975252133,146.0837866,HG
202.7604395,121.7047073,-324.4651468,0.242572144,-4.904221203,146.0680209,HG
192.2461204,125.0341002,-317.2802206,0.255191755,-7.736470938,146.052257,HG
184.4977982,123.0239607,-307.5217589,0.267997246,-6.290730229,146.0364948,HG
180.5162328,115.778069,-296.2943018,0.28115327,0.270904077,146.0207343,HG
180.2252118,110.6415316,-290.8667434,0.287556306,5.238227299,146.0133117,HG
180.2252118,110.6415316,-290.8667434,0.287556306,5.238227299,146.0133117,HG
183.351033,96.29428183,-279.6453148,0.301039305,19.69631902,145.9975535,HG
192.0102666,77.89319467,-269.9034613,0.314844825,38.79325148,145.9817969,HG
206.3772977,56.1562916,-262.5335893,0.32854424,61.06203959,145.9660417,HG
226.1072761,32.20599017,-258.3132663,0.342378359,84.0420037,145.9502881,HG
250.396822,6.905972705,-257.3027947,0.354986986,104.4396149,145.9345359,HG
277.7582323,-18.48960587,-259.2686264,0.365788964,118.1521871,145.9187853,HG
306.1421997,-43.06242663,-263.0797731,0.373206644,121.0175842,145.9030363,HG
332.9048392,-65.67023136,-267.2346078,0.375696847,110.0617135,145.887289,HG
355.0666072,-85.37398615,-269.6926211,0.371936826,85.16447579,145.8715437,HG
369.7800446,-101.389302,-268.3907427,0.360471589,50.41136612,145.8558003,HG
375.1963496,-113.0691676,-262.127182,0.34105246,13.86512226,145.8400589,HG
371.1190564,-119.9280178,-251.1910386,0.314717106,-15.43629737,145.8243195,HG
359.1315023,-121.6088272,-237.5226752,0.283664438,-31.75284159,145.8085821,HG
342.0672219,-118.0181106,-224.0491113,0.250950761,-35.06094017,145.7928464,HG
341.4157026,-117.8011929,-223.6145096,0.249888413,-34.98308923,145.7923187,HG
341.4157026,-117.8011929,-223.6145096,0.249888413,-34.98308923,145.7923187,HG
322.1688834,-108.8155337,-213.3533497,0.218677808,-29.3766309,145.7765848,HG
307.4667569,-98.76300905,-208.7037479,0.19735975,-22.66068424,145.764631,HG
293.3510142,-86.1657654,-207.1852488,0.178923731,-15.79847618,145.7526781,HG
279.8865064,-71.31832094,-208.5681855,0.163919549,-9.742197599,145.7407261,HG
267.0780482,-54.65612047,-212.4219277,0.152129274,-4.854444756,145.7287751,HG
250.3223616,-29.42991379,-220.8924478,0.141407318,0.079330787,145.7122609,HG
234.2851017,-2.74637843,-231.5387233,0.136580773,3.600152715,145.6957486,HG
219.1293446,24.1286206,-243.2579652,0.137576728,6.655654157,145.6792381,HG
205.2803303,49.86831733,-255.1486476,0.143905119,10.29954218,145.6627295,HG
193.5997208,73.31710803,-266.9168288,0.155639914,15.55010534,145.6462226,HG
185.2167524,93.33707033,-278.5538227,0.172554842,23.40378161,145.6297176,HG
181.2479403,108.941376,-290.1893163,0.194254537,34.5189027,145.6132144,HG
182.6182387,119.4793036,-302.0975423,0.220315496,48.68898052,145.5967129,HG
189.5150565,124.5022557,-314.0173123,0.249768084,64.11152845,145.5802131,HG
196.8627629,124.7006847,-321.5634476,0.270175812,73.26272748,145.5692902,HG
196.8627629,124.7006847,-321.5634476,0.270175812,73.26272748,145.5692902,HG
200.8352647,123.9215979,-324.7568626,0.279407578,76.6784726,145.564341,HG
205.0827713,122.6179926,-327.7007639,0.288581178,79.40408215,145.5593919,HG
219.5636799,114.8878699,-334.4515498,0.316213348,81.72602494,145.5433303,HG
233.2648797,101.9985623,-335.263442,0.338925644,72.24465866,145.5272704,HG
243.6640921,84.50702922,-328.1711213,0.354317168,52.4971521,145.5112125,HG
249.4580007,63.15355006,-312.6115508,0.361237131,28.94965574,145.4951566,HG
251.1095917,38.9206102,-290.0302019,0.359970124,9.829649828,145.4791026,HG
250.4441737,12.948852,-263.3930257,0.352005526,0.792340641,145.4630506,HG
249.6820712,-13.49999527,-236.1820759,0.339378251,2.955060752,145.4470003,HG
250.7072819,-39.32039797,-211.3868839,0.324111213,13.87537005,145.4309518,HG
254.5566104,-63.23260481,-191.3240056,0.307731314,29.62930903,145.4149049,HG
261.3160198,-84.14636341,-177.1696564,0.291566928,46.47095112,145.3988596,HG
270.4380413,-101.1943648,-169.2436765,0.275814038,61.55194275,145.3828159,HG
281.0342768,-113.5211145,-167.5131624,0.261071695,72.99781198,145.3667739,HG
284.551398,-116.4385614,-168.1128366,0.25660122,75.73178634,145.3616151,HG
284.551398,-116.4385614,-168.1128366,0.25660122,75.73178634,145.3616151,HG
287.8285181,-118.6452606,-169.1832575,0.252365319,77.83603366,145.356803,HG
291.0584217,-120.357019,-170.7014027,0.248264557,79.50201803,145.351991,HG
300.264167,-122.4883129,-177.7758541,0.236379012,81.90436109,145.3373692,HG
307.8001824,-119.9585849,-187.8415975,0.225244633,80.46528413,145.3227488,HG
312.779055,-112.8025923,-199.9764627,0.215002167,75.66004742,145.3081299,HG
314.6691241,-104.3394856,-210.3296386,0.206914506,70.07289809,145.2966683,HG
314.4329882,-93.34220947,-221.0907787,0.199661438,63.33129271,145.2852077,HG
310.4758509,-74.74082224,-235.7350287,0.190672799,52.98795709,145.2694629,HG
302.5516259,-52.89679625,-249.6548296,0.182943388,42.41855831,145.2537199,HG
291.0798124,-28.6669372,-262.4128752,0.17726099,32.46335203,145.2379788,HG
276.9576468,-3.172924213,-273.7847226,0.173785013,23.56060389,145.2222394,HG
261.1074882,22.5637975,-283.6712857,0.173252592,15.75627611,145.2065018,HG
244.4479554,47.3501484,-291.7981038,0.175459999,8.793561433,145.190766,HG
227.6432048,70.19018927,-297.8333941,0.180720548,2.455572687,145.175032,HG
211.2805786,89.98360943,-301.264188,0.188242519,-3.276179314,145.1592997,HG
195.8650874,105.9690493,-301.8341367,0.198132853,-8.016277293,145.1435692,HG
182.1205629,117.3229595,-299.4435224,0.209483133,-11.0818293,145.1278404,HG
170.7773943,123.6805681,-294.4579624,0.222494019,-11.57777467,145.1121133,HG
162.8209349,124.6447004,-287.4656353,0.236530144,-8.618223098,145.0963879,HG
159.0456483,120.2983897,-279.344038,0.25180074,-1.519038013,145.0806642,HG
160.3703736,110.7242196,-271.0945933,0.267834389,10.03953285,145.0649421,HG
161.9522222,106.6955669,-268.647789,0.273206693,14.58651075,145.0599812,HG
161.9522222,106.6955669,-268.647789,0.273206693,14.58651075,145.0599812,HG
163.9633601,102.4598932,-266.4232532,0.278253102,19.27196742,145.0552651,HG
166.5040284,97.8099279,-264.3139564,0.283445863,24.29415049,145.050549,HG
173.5882427,86.7493291,-260.3375719,0.294422713,35.84742036,145.0405504,HG
189.4328709,66.30045647,-255.7333274,0.311700527,55.55537398,145.0247296,HG
210.5586473,42.98219836,-253.5408457,0.328259801,74.5102727,145.0089104,HG
235.5872987,17.99679524,-253.5840939,0.343236375,88.8221344,144.9930927,HG
262.6705964,-7.749434208,-254.9211622,0.354760506,94.26333941,144.9772766,HG
289.0495923,-33.00156065,-256.0480317,0.361364383,87.36990794,144.9614623,HG
311.7267153,-56.81360445,-254.9131109,0.360914779,67.46243439,144.9456498,HG
327.6299837,-78.04982751,-249.5801562,0.352260651,38.24458422,144.9298392,HG
334.8288915,-95.92345255,-238.9054389,0.334755624,7.529831677,144.9140307,HG
333.1180819,-109.6198197,-223.4982622,0.309454574,-15.84410083,144.8982242,HG
324.0946623,-118.517088,-205.5775743,0.278566879,-26.5993132,144.8824196,HG
310.6250667,-122.1377795,-188.4872872,0.245491897,-25.27324638,144.8666167,HG
305.3317448,-122.0805377,-183.2512071,0.234290895,-22.76664013,144.8611384,HG
305.3317448,-122.0805377,-183.2512071,0.234290895,-22.76664013,144.8611384,HG
300.7151469,-121.5239224,-179.1912245,0.224236273,-20.07312303,144.8563981,HG
296.0876356,-120.4695225,-175.6181131,0.214653005,-17.04406096,144.8516579,HG
288.9236204,-117.8265575,-171.0970629,0.20028495,-11.94671782,144.8442261,HG
274.4589916,-108.261413,-166.1975787,0.172946243,-1.310339144,144.8283369,HG
260.9649801,-93.63349075,-167.3314894,0.15094507,7.169913597,144.8124492,HG
255.6177302,-86.39998154,-169.2177487,0.14259587,9.94836532,144.8057906,HG
250.3620511,-78.30575013,-172.056301,0.135748516,12.19333967,144.7991321,HG
245.1817702,-69.59115145,-175.5906188,0.129892551,14.01037118,144.792474,HG
238.2748547,-56.9829838,-181.2918709,0.123510221,15.87838889,144.7835134,HG
227.8990155,-36.48512857,-191.4138869,0.117040261,17.80153333,144.7699983,HG
217.4573486,-14.76656397,-202.6907846,0.114289001,19.145203,144.7564844,HG
207.0917123,7.444574203,-214.5362866,0.115019067,20.46691887,144.7429718,HG
197.1216311,29.45174407,-226.5733752,0.119373407,22.28007388,144.7294604,HG
188.0559623,50.53790127,-238.5938636,0.12730359,25.09023296,144.7159502,HG
180.5107177,70.034338,-250.5450557,0.138789923,29.36135013,144.7024413,HG
175.2063474,87.29475006,-262.5010974,0.153778253,35.47212748,144.6889337,HG
172.703989,101.816089,-274.520078,0.17216786,43.49760646,144.6754272,HG
173.4238991,113.1231628,-286.5470619,0.19350888,53.02980201,144.6619219,HG
177.3902039,120.8211334,-298.2113373,0.216878356,62.86817022,144.6484178,HG
184.0765611,124.7548303,-308.8313913,0.241484796,70.95090395,144.6349148,HG
185.0246843,124.9550148,-309.9796991,0.244371019,71.67394738,144.6333747,HG
185.0246843,124.9550148,-309.9796991,0.244371019,71.67394738,144.6333747,HG
193.700911,124.4755655,-318.1764764,0.268460752,74.8542489,144.6198731,HG
202.59293,119.988727,-322.581657,0.290373145,71.34700674,144.6063728,HG
210.218948,111.6612446,-321.8801926,0.308640642,60.75670928,144.5928738,HG
215.6102642,99.67767827,-315.2879425,0.321930059,44.99379614,144.5793762,HG
218.4472173,84.48723192,-302.9344492,0.330185751,27.79784427,144.5658799,HG
219.1753002,66.56592242,-285.7412226,0.333200573,13.23443697,144.5523851,HG
218.8672557,46.46090444,-265.3281602,0.331826903,4.259175235,144.5388916,HG
218.755899,24.90118789,-243.6570869,0.326943095,2.021902499,144.5253994,HG
219.8602338,2.622106137,-222.4823399,0.319809865,6.021242252,144.5119085,HG
222.927847,-19.6930699,-203.2347771,0.310993341,14.73245808,144.4984188,HG
228.3237571,-41.32631422,-186.9974428,0.301175579,26.23502646,144.4849302,HG
235.9472795,-61.45615304,-174.4911264,0.291355014,38.60782779,144.4714428,HG
245.4563103,-79.58734421,-165.8689661,0.281051645,50.25501397,144.4579566,HG
256.4007001,-95.0810562,-161.3196439,0.270704796,59.88970697,144.4444716,HG
267.9811613,-107.3874821,-160.5936792,0.260569668,66.57986229,144.4309877,HG
279.3874965,-116.2038546,-163.1836418,0.250177915,69.78474202,144.4175051,HG
289.8306102,-121.2077988,-168.6228114,0.239604533,69.32680598,144.4040237,HG
298.4037901,-122.2695946,-176.1341955,0.228749147,65.33012055,144.3905435,HG
304.3405444,-119.2895041,-185.0510403,0.217710502,58.30619215,144.3770647,HG
306.0970908,-116.3506677,-189.7464231,0.212132587,53.90270556,144.3703456,HG
306.0970908,-116.3506677,-189.7464231,0.212132587,53.90270556,144.3703456,HG
306.7370594,-114.1142124,-192.622847,0.208547033,51.04041548,144.3663024,HG
307.056458,-111.5574528,-195.4990051,0.205090965,48.0496918,144.3622593,HG
306.784567,-106.2263657,-200.5582013,0.198829551,42.53799231,144.3551052,HG
302.4274629,-91.28968348,-211.1377794,0.185183583,30.26244694,144.3394884,HG
292.9608648,-72.3129063,-220.6479585,0.172147095,18.95062405,144.3238734,HG
283.8752902,-57.35041693,-226.5248733,0.163332901,12.27802038,144.3130452,HG
273.1136732,-41.08778895,-232.0258843,0.15577866,6.818818365,144.3022179,HG
254.901662,-15.28330162,-239.6183604,0.14687023,0.753574657,144.2860276,HG
235.5219412,11.3376121,-246.8595533,0.141598513,-3.355099901,144.2698392,HG
216.416088,37.5177833,-253.9338713,0.140844616,-6.355902988,144.2536527,HG
198.2087615,61.98473285,-260.1934944,0.144211594,-8.853217234,144.2374679,HG
181.2224426,83.704767,-264.9272095,0.151567847,-10.98412801,144.2212851,HG
165.8925958,101.4965641,-267.3891599,0.161884741,-12.44717843,144.205104,HG
152.8112588,114.673846,-267.4851048,0.17506542,-12.58318524,144.1889248,HG
142.7356842,122.4772179,-265.2129021,0.190227404,-10.46066077,144.1727474,HG
136.7233271,124.5440926,-261.2674197,0.20712739,-5.145393089,144.1565717,HG
135.4068872,123.5378637,-258.9447509,0.217152627,-0.886521744,144.1481182,HG
135.5788252,120.8081581,-256.3869834,0.227255096,4.567433377,144.1396652,HG
137.3003429,116.5704928,-253.8708357,0.237669351,11.18070717,144.1312127,HG
143.3162966,106.8795304,-250.1958269,0.254683699,23.88001218,144.1178328,HG
143.3162966,106.8795304,-250.1958269,0.254683699,23.88001218,144.1178328,HG
146.0923642,103.1621311,-249.2544954,0.260057171,28.32871419,144.1136667,HG
149.2876777,99.12233332,-248.410011,0.265557153,32.96918998,144.1095007,HG
164.724703,81.46087041,-246.1855734,0.286029659,51.30512003,144.0938943,HG
185.347554,60.36327474,-245.7108287,0.305830289,69.03398407,144.0782894,HG
209.9491523,36.76498228,-246.7141346,0.323899118,82.39292667,144.062686,HG
236.5119832,11.66151893,-248.1735021,0.338350891,87.11114468,144.0470842,HG
262.274644,-13.83683121,-248.4378128,0.347438961,79.87592054,144.0314842,HG
284.2388798,-38.73935403,-245.4995257,0.349029182,60.40209861,144.0158859,HG
299.5303943,-61.91313711,-237.6172571,0.341985292,32.88891133,144.0002896,HG
306.5877675,-82.47477454,-224.1129929,0.325866421,5.247042329,143.9846952,HG
305.6211912,-99.4981433,-206.1230479,0.301924391,-14.42724794,143.9691028,HG
298.4519241,-112.2123497,-186.2395744,0.27247021,-22.07242851,143.9535121,HG
287.8179486,-119.9884658,-167.8294827,0.240757795,-19.03947468,143.9379232,HG
280.3905774,-122.1407933,-158.2497841,0.221048798,-13.66946096,143.9280783,HG
280.3905774,-122.1407933,-158.2497841,0.221048798,-13.66946096,143.9280783,HG
276.8330487,-122.4206971,-154.4123516,0.211551169,-10.64609579,143.9234023,HG
273.3200894,-122.2035565,-151.116533,0.20248223,-7.494417744,143.9187264,HG
268.1514303,-120.9419912,-147.2094391,0.189370474,-2.712386973,143.9116536,HG
257.3160805,-114.0231935,-143.292887,0.162857961,6.968171021,143.8956525,HG
247.1938562,-101.808374,-145.3854821,0.140853859,13.97452758,143.8796532,HG
237.3160695,-84.80388723,-152.5121823,0.123814963,18.12551701,143.8636556,HG
227.1778675,-63.91727121,-163.2605963,0.111534198,20.11899083,143.8476597,HG
216.3667038,-40.00314735,-176.3635564,0.104187875,20.81642565,143.8316656,HG
204.9747555,-14.30089204,-190.6738635,0.101446982,21.1223764,143.8156732,HG
193.2317795,12.16844649,-205.400226,0.103481247,21.73834388,143.7996827,HG
182.0224166,38.09375346,-220.1161701,0.110358455,23.38666309,143.7836939,HG
172.4141945,62.33840665,-234.7526011,0.122197993,26.68243486,143.7677068,HG
165.4867167,83.7543431,-249.2410598,0.138844641,32.02656615,143.7517215,HG
162.1642312,101.4734281,-263.6376593,0.160105767,39.27647065,143.7357379,HG
162.7860008,114.6627124,-277.4487133,0.184971112,47.24614885,143.719756,HG
166.8859073,122.6953142,-289.5812215,0.211644148,53.4525233,143.7037759,HG
168.6551522,123.9880465,-292.6431987,0.219573621,54.49551656,143.699082,HG
168.6551522,123.9880465,-292.6431987,0.219573621,54.49551656,143.699082,HG
174.9933459,124.835511,-299.8288569,0.245437095,53.71100309,143.6831041,HG
180.7404594,119.969936,-300.7103954,0.267875236,45.53829313,143.6671279,HG
184.4227619,109.6065022,-294.0292641,0.284963135,31.73508663,143.6511537,HG
185.8059522,94.19685411,-280.0028063,0.295987774,16.82572158,143.6351814,HG
185.7488421,74.47382685,-260.222669,0.301139059,5.744539272,143.619211,HG
185.8936475,51.37759573,-237.2712432,0.301461922,1.566596697,143.6032425,HG
187.9027313,25.9490549,-213.8517862,0.298072839,4.784935432,143.5872757,HG
192.8195329,-0.497975417,-192.3215575,0.292589945,13.92990501,143.5713107,HG
201.1944985,-26.90586267,-174.2886359,0.28531703,26.60044198,143.5553473,HG
212.8203144,-51.88893569,-160.9313787,0.277307241,40.13870865,143.5393856,HG
227.1026849,-74.48077444,-152.6219105,0.268391239,52.22979439,143.5234255,HG
242.8719231,-93.47115944,-149.4007636,0.25890093,60.9173793,143.5074671,HG
258.9003882,-108.2067642,-150.693624,0.248598118,64.94867584,143.4915104,HG
273.5814774,-117.8659845,-155.7154929,0.237231506,63.64989449,143.4755554,HG
285.4956523,-122.0688028,-163.4268495,0.224623183,57.24966189,143.4596023,HG
293.0891938,-120.6382037,-172.45099,0.210668949,46.69646628,143.443651,HG
295.2262267,-113.6484467,-181.57778,0.195215414,33.76566119,143.4277016,HG
293.9392471,-107.9174274,-186.0218197,0.186863938,26.82192989,143.4193992,HG
293.9392471,-107.9174274,-186.0218197,0.186863938,26.82192989,143.4193992,HG
292.4181226,-103.9716863,-188.4464363,0.181711984,22.93047508,143.4146151,HG
290.3674121,-99.61599081,-190.7514213,0.176700966,19.18502531,143.4098311,HG
285.474615,-90.91603204,-194.5585829,0.167723163,13.08917891,143.4013852,HG
272.744931,-71.88983873,-200.8550922,0.151829192,4.097189912,143.3858161,HG
256.3889407,-49.72181382,-206.6671269,0.137700186,-1.756426604,143.3702488,HG
237.9922463,-25.29000548,-212.7022409,0.126753348,-5.019312598,143.3546833,HG
219.0597768,0.300572953,-219.3603498,0.119766859,-6.729732747,143.3391194,HG
200.6159922,26.00738266,-226.6233749,0.117465984,-7.809427668,143.3235573,HG
183.1278362,50.60790576,-233.735742,0.119387579,-8.791571224,143.3079968,HG
166.8805661,73.11297097,-239.9935371,0.125555169,-9.792015456,143.2924381,HG
152.1082108,92.40627125,-244.514482,0.134886918,-10.55076019,143.276881,HG
139.2533745,107.7635515,-247.016926,0.147338808,-10.54761222,143.2613257,HG
128.9911552,118.3925931,-247.3837483,0.162023367,-9.024226746,143.245772,HG
122.0955897,123.9471899,-246.0427796,0.178983715,-5.172816725,143.23022,HG
119.3306843,124.1973355,-243.5280198,0.197879383,1.745271765,143.2146696,HG
120.6335148,120.7443924,-241.3779073,0.212555328,9.216675613,143.2030912,HG
124.9559424,114.5069806,-239.462923,0.228284172,18.6017343,143.1915136,HG
127.9754977,110.7079064,-238.6834041,0.235444116,23.4459905,143.1862703,HG
127.9754977,110.7079064,-238.6834041,0.235444116,23.4459905,143.1862703,HG
131.1902017,106.9708044,-238.1610061,0.241962935,27.98568128,143.1816007,HG
134.9640629,102.7428865,-237.7069494,0.24882268,32.74243624,143.1769312,HG
139.2328049,98.14872172,-237.3815267,0.255412269,37.62807168,143.1722618,HG
147.1140978,89.97800825,-237.0921061,0.266093737,45.58810086,143.1647705,HG
166.0523314,71.26916767,-237.321499,0.286523045,60.50607876,143.1499231,HG
188.6225853,49.75652451,-238.3791098,0.305086552,71.58025446,143.1350771,HG
212.8489084,26.48059787,-239.3295063,0.320595565,75.17575217,143.1202326,HG
236.4507417,2.12863016,-238.5793718,0.330681533,68.61495028,143.1053896,HG
256.7066217,-22.21187695,-234.4947447,0.334099016,51.79983447,143.0905483,HG
271.2752339,-45.71455837,-225.5606755,0.32929071,28.25883224,143.0757087,HG
278.8533934,-67.44107052,-211.4123229,0.31612115,4.54975446,143.0608709,HG
279.6002288,-86.5279086,-193.0723202,0.295556534,-12.65795658,143.0460348,HG
274.9839368,-102.1733833,-172.8105534,0.269493065,-19.77632629,143.0312003,HG
267.2428177,-113.7029119,-153.5399058,0.240640043,-17.52026938,143.0163674,HG
258.3840967,-120.6045686,-137.7795282,0.21131771,-9.459343602,143.001536,HG
256.351847,-121.4677787,-134.8840682,0.204960429,-7.28291888,142.9982206,HG
256.351847,-121.4677787,-134.8840682,0.204960429,-7.28291888,142.9982206,HG
253.7169362,-122.2542337,-131.4627025,0.196392238,-4.309090854,142.9937715,HG
251.1455226,-122.591682,-128.5538406,0.188134267,-1.341994566,142.9893226,HG
245.0272808,-121.4313123,-123.5959686,0.16855596,5.664007236,142.9781132,HG
237.0687485,-114.8996215,-122.169127,0.14406931,13.50634926,142.9621148,HG
229.2539664,-102.7981374,-126.455829,0.124164662,18.29326109,142.9461181,HG
226.9389799,-98.43418781,-128.5047921,0.118199457,19.25794601,142.9413059,HG
224.5338732,-93.44476397,-131.0891092,0.113354785,19.9397637,142.9364938,HG
222.5926239,-89.25028583,-133.3423381,0.10990385,20.33585092,142.932723,HG
220.6036971,-84.81804651,-135.7856505,0.10657078,20.6232177,142.9289523,HG
217.498902,-77.73618836,-139.7627136,0.102117414,20.88188784,142.9232744,HG
209.6759295,-59.38746228,-150.2884672,0.093814449,20.8725159,142.9099484,HG
199.1868939,-34.81766302,-164.3692308,0.087814257,20.27415142,142.8939042,HG
187.6373914,-8.551552236,-179.0858392,0.086337495,19.68462312,142.8778619,HG
175.8087475,18.12685172,-193.9355992,0.089469297,19.76391652,142.8618213,HG
164.7306293,43.97984529,-208.7104746,0.097447331,21.09120829,142.8457826,HG
155.4686866,67.89862972,-223.3673164,0.110574769,24.10906899,142.8297456,HG
149.2313416,88.68703366,-237.9183752,0.128438961,29.02137727,142.8137104,HG
146.679872,105.4111885,-252.0910604,0.150484276,35.25710927,142.797677,HG
147.6361627,117.4106691,-265.0468319,0.175545347,41.1139828,142.7816452,HG
150.6331944,123.5759353,-274.2091297,0.198925987,43.84262371,142.7671477,HG
150.6331944,123.5759353,-274.2091297,0.198925987,43.84262371,142.7671477,HG
151.9330753,124.6412036,-276.5742789,0.206528175,43.89614977,142.762339,HG
153.2985119,125.1281725,-278.4266844,0.214195268,43.41030348,142.7575305,HG
154.6389137,125.1100589,-279.7489726,0.221437597,42.37227596,142.7527221,HG
157.0796561,123.4792752,-280.5589312,0.234982027,38.64509071,142.7430905,HG
159.3894054,118.5524104,-277.9418158,0.249483424,31.49891023,142.7311667,HG
160.8670352,107.7049408,-268.571976,0.263959239,20.29233296,142.7157703,HG
161.2282757,92.19703081,-253.4253065,0.273479474,10.31181571,142.7003757,HG
161.6720138,72.68664784,-234.3586616,0.278381109,4.611623675,142.6849828,HG
163.4494599,50.16959075,-213.6190507,0.279997572,4.60266171,142.6695916,HG
167.7369214,25.47378722,-193.2107086,0.278624799,10.01897332,142.6542021,HG
175.1157002,-0.131527645,-174.9841726,0.275601402,19.43159967,142.6388141,HG
185.7978336,-25.73763798,-160.0601957,0.270943004,30.9234494,142.6234277,HG
199.3781791,-50.06758962,-149.3105895,0.265362414,42.38920322,142.6080428,HG
215.1663806,-72.21679412,-142.9495865,0.258633937,51.95979227,142.5926595,HG
232.0054396,-91.10290371,-140.9025359,0.25087636,58.02306059,142.5772778,HG
248.6760894,-106.0597365,-142.6163529,0.241877015,59.53009895,142.5618977,HG
263.630676,-116.3448997,-147.2857762,0.231282039,55.99386213,142.5465193,HG
275.5039488,-121.5602113,-153.9437375,0.218888462,47.80532272,142.5311425,HG
282.8289417,-121.5008131,-161.3281286,0.204606931,36.09939863,142.5157676,HG
284.5652364,-116.1776934,-168.387543,0.188334919,22.81193984,142.5003944,HG
280.2687429,-105.8389035,-174.4298394,0.170643784,10.22632595,142.485023,HG
279.8721747,-105.1851109,-174.6870637,0.169724475,9.635668492,142.4842367,HG
279.8721747,-105.1851109,-174.6870637,0.169724475,9.635668492,142.4842367,HG
269.5624932,-90.03077755,-179.5317156,0.151438304,-0.13407638,142.4688671,HG
254.722366,-71.01353251,-183.7088335,0.134040154,-6.353199949,142.4534993,HG
236.9850357,-48.87456399,-188.1104717,0.118979983,-9.390507956,142.4381332,HG
218.0912528,-24.53089046,-193.5603624,0.107710736,-10.40751754,142.4227688,HG
199.289635,0.93932617,-200.2289612,0.100836162,-10.61243485,142.407406,HG
181.3079266,26.47857453,-207.7865011,0.098861335,-10.79548837,142.3920449,HG
164.3677292,50.90038058,-215.2681097,0.101181635,-11.25625959,142.3766854,HG
148.6489745,73.2263839,-221.8753584,0.107691837,-11.94911271,142.3613277,HG
134.3598379,92.37775374,-226.7375917,0.117358501,-12.5265556,142.3459715,HG
121.9724468,107.6300575,-229.6025042,0.130074277,-12.45783076,142.3306171,HG
112.1305691,118.1941096,-230.3246787,0.144985457,-10.99697629,142.3152642,HG
105.6780749,123.7425388,-229.4206137,0.162021408,-7.402833447,142.299913,HG
103.514988,124.0104339,-227.5254218,0.181016261,-0.983056662,142.2845635,HG
106.3701266,119.0699843,-225.4401109,0.201792744,8.629526308,142.2692155,HG
112.3206275,111.6486326,-223.96926,0.218717901,18.2387884,142.257252,HG
112.3206275,111.6486326,-223.96926,0.218717901,18.2387884,142.257252,HG
115.5425392,108.0263767,-223.5689159,0.22523638,22.33886751,142.2526483,HG
119.2771496,103.9645924,-223.241742,0.231984945,26.60795648,142.2480447,HG
126.5816082,96.31695797,-222.8985662,0.243117449,33.94235295,142.2403503,HG
144.7737808,78.03032403,-222.8041048,0.264831408,48.11978836,142.2249306,HG
166.8644381,56.45973846,-223.3241765,0.284550973,58.83186381,142.2095125,HG
190.8038644,32.5143951,-223.3182595,0.30054931,62.35573101,142.1940959,HG
213.9103776,7.229770416,-221.140148,0.310879612,56.08009531,142.1786811,HG
233.3849139,-18.3759436,-215.0089703,0.313551226,40.39057833,142.163268,HG
246.7982245,-43.15969297,-203.6385315,0.307615389,19.59344847,142.1478568,HG
253.1663781,-66.1353364,-187.0310417,0.292960228,0.533390686,142.1324474,HG
253.1061663,-86.26524015,-166.8409261,0.270914629,-10.86214546,142.1170399,HG
248.6312567,-102.6295728,-146.0016839,0.244143761,-12.6502964,142.101634,HG
242.0721967,-114.401357,-127.6708397,0.215335417,-7.021262098,142.0862299,HG
235.7570885,-120.8023906,-114.9546979,0.189059448,1.225420072,142.0720926,HG
235.7570885,-120.8023906,-114.9546979,0.189059448,1.225420072,142.0720926,HG
229.4052307,-122.6097201,-106.7955106,0.162307376,10.1963351,142.0566915,HG
223.7146736,-118.9116351,-104.8030384,0.138734661,17.08993331,142.041292,HG
218.2605111,-109.9892373,-108.2712738,0.118718284,21.29446562,142.0258941,HG
212.4269733,-96.17325519,-116.2537181,0.102142703,23.08676519,142.0104978,HG
207.7574349,-83.8869614,-123.8704735,0.093437323,23.31436034,141.99958,HG
202.2391604,-69.62664533,-132.6125151,0.086025585,22.91851886,141.9886631,HG
193.0490237,-46.46660231,-146.5824214,0.078807659,21.84420434,141.9729223,HG
182.5207892,-21.17408325,-161.346706,0.075664434,20.74971982,141.9571833,HG
171.1156596,5.128306509,-176.2439661,0.076766835,20.15955602,141.9414461,HG
159.8402711,31.22930847,-191.0695795,0.082501478,20.57460576,141.9257106,HG
149.7939982,55.94651499,-205.7405132,0.092959652,22.41114769,141.9099768,HG
142.0318414,78.21812627,-220.2499676,0.108221624,25.88908046,141.8942447,HG
137.4995711,97.00368565,-234.5032567,0.127846022,30.79595437,141.8785144,HG
136.3251592,111.5059036,-247.8310628,0.15089392,35.98046164,141.8627857,HG
137.9183317,120.9448393,-258.863171,0.17543081,39.33747351,141.8470588,HG
139.1231256,123.3969771,-262.5201028,0.186287779,39.64625898,141.8403782,HG
139.1231256,123.3969771,-262.5201028,0.186287779,39.64625898,141.8403782,HG
140.0949961,124.5061238,-264.6011199,0.193412071,39.336863,141.8356606,HG
141.0955238,125.0850656,-266.1805894,0.200645288,38.5443205,141.8309433,HG
143.459353,124.1059797,-267.5653327,0.218495558,33.99351728,141.8182149,HG
145.1039821,119.3864098,-264.490392,0.233773051,26.56223907,141.8054878,HG
145.8125121,108.848292,-254.6608041,0.248211848,15.87211573,141.7899507,HG
145.833597,93.40071447,-239.2343115,0.257719819,6.654875138,141.7744155,HG
146.2401367,73.91880558,-220.1589423,0.263325027,1.651947956,141.758882,HG
148.3997145,51.09457539,-199.4942899,0.265107132,1.988639648,141.7433503,HG
153.2262369,26.21180777,-179.4380447,0.26461309,7.267896805,141.7278202,HG
161.351584,0.118656099,-161.4702401,0.261820872,16.10817974,141.7122918,HG
172.7124052,-25.77454679,-146.9378585,0.25774489,26.56768088,141.6967649,HG
186.9329611,-50.52868039,-136.4042807,0.252156313,36.70402072,141.6812397,HG
203.042694,-72.84598266,-130.1967113,0.245382228,44.64615732,141.6657161,HG
219.9644703,-91.94906685,-128.0154034,0.237182356,48.99348734,141.6501941,HG
236.1814379,-106.8446487,-129.3367892,0.227279411,48.80202143,141.6346738,HG
250.2096605,-116.9312597,-133.2784007,0.215368742,43.92659607,141.6191552,HG
260.5160448,-121.7694972,-138.7465476,0.201461275,35.05883693,141.6036384,HG
265.7736504,-121.1676678,-144.6059826,0.18521673,23.75017354,141.5881234,HG
265.0782517,-115.1408024,-149.9374493,0.167109859,12.15313449,141.5726103,HG
261.3196229,-108.4785233,-152.8410995,0.154706196,5.522678446,141.5625664,HG
261.3196229,-108.4785233,-152.8410995,0.154706196,5.522678446,141.5625664,HG
250.8431286,-94.26900568,-156.5741229,0.134921426,-2.191106711,141.5470562,HG
235.9357385,-75.7965986,-160.1391399,0.116392484,-6.413479327,141.5315477,HG
218.401864,-53.95098745,-164.4508765,0.10048998,-7.843559087,141.516041,HG
199.9297157,-29.63750447,-170.2922113,0.088555632,-7.760175467,141.5005359,HG
181.8443373,-3.859344572,-177.9849927,0.08175126,-7.313572581,141.4850326,HG
164.6839853,22.11719003,-186.8011753,0.079798022,-7.126883917,141.4695309,HG
148.6702408,47.25307916,-195.92332,0.082936128,-7.38247076,141.4540309,HG
133.7671196,70.24920887,-204.0163285,0.089863439,-7.941049559,141.4385327,HG
120.2020756,90.24224525,-210.4443208,0.100607306,-8.502473906,141.4230361,HG
108.4170954,106.1672361,-214.5843316,0.113957678,-8.520999477,141.4075413,HG
99.10739908,117.4796412,-216.5870403,0.130031351,-7.332434804,141.3920481,HG
93.16611654,123.5478238,-216.7139403,0.148055065,-4.126399025,141.3765567,HG
91.44634792,124.224757,-215.671105,0.168087647,1.786592313,141.3610668,HG
94.74613119,119.382717,-214.1288482,0.189554021,10.83112135,141.3455786,HG
99.9546992,113.3530088,-213.307708,0.204228467,18.42891295,141.3353534,HG
99.9546992,113.3530088,-213.307708,0.204228467,18.42891295,141.3353534,HG
112.4916967,100.1169623,-212.608659,0.227222222,31.67842395,141.3198679,HG
130.2241989,82.5235989,-212.7477978,0.249684154,45.14513829,141.3043839,HG
152.0777671,61.34170176,-213.4194689,0.270322329,55.67829251,141.2889015,HG
176.0218321,37.6048442,-213.6266763,0.287510514,59.54387057,141.2734207,HG
199.5068619,12.20448146,-211.7113434,0.298884628,53.93271866,141.2579416,HG
219.5546102,-13.65376908,-205.9008411,0.302908323,38.85317403,141.2424643,HG
233.7056259,-38.94935636,-194.7562695,0.297988977,18.23098142,141.2269889,HG
240.8314983,-62.55914668,-178.2723516,0.284184314,-1.185483561,141.2115153,HG
241.4241569,-83.4275145,-157.9966424,0.262695125,-13.33067475,141.1960436,HG
237.431859,-100.5727651,-136.8590939,0.236166709,-15.98041579,141.1805737,HG
231.1790383,-113.1192686,-118.0597697,0.20730624,-11.12009165,141.1651055,HG
224.465115,-120.5991635,-103.8659515,0.178422159,-2.715418188,141.1496389,HG
223.8242449,-121.0067682,-102.8174768,0.175816221,-1.89284073,141.1482067,HG
223.8242449,-121.0067682,-102.8174768,0.175816221,-1.89284073,141.1482067,HG
221.858086,-122.0303259,-99.82776013,0.167441322,0.729542188,141.143567,HG
219.9515416,-122.5533442,-97.3981974,0.159320687,3.243926513,141.1389276,HG
214.0188234,-120.6012084,-93.41761502,0.134204508,10.31084566,141.1233359,HG
208.3019218,-113.0968568,-95.20506496,0.112620642,14.71855957,141.1077459,HG
202.1191906,-100.5071868,-101.6120038,0.094372423,16.62483752,141.0921575,HG
194.8163595,-83.22156334,-111.5947961,0.080152688,16.62670343,141.0765709,HG
185.9507167,-62.21261741,-123.7380993,0.069470614,15.53887223,141.060986,HG
175.4175076,-38.2904289,-137.1270787,0.062795655,14.00491689,141.0454029,HG
163.5860923,-12.63844928,-150.947643,0.060069288,12.59194366,141.0298215,HG
151.0218013,13.60835683,-164.6301582,0.061583888,11.71585091,141.0142418,HG
138.7749522,39.30465426,-178.0796065,0.067651717,11.79015955,140.9986638,HG
128.0589301,63.27751172,-191.3364418,0.078499318,13.23368208,140.9830876,HG
120.0459879,84.45516725,-204.5011551,0.09402442,16.34109807,140.9675131,HG
115.5455413,101.9181843,-217.4637256,0.113910713,20.9556541,140.9519402,HG
114.5817166,114.816152,-229.3978687,0.136804838,26.0190682,140.936369,HG
116.3473314,122.6815271,-239.0288585,0.161286091,29.60938478,140.9207995,HG
117.4053123,124.0701687,-241.475481,0.169470413,30.12803566,140.9157275,HG
117.4053123,124.0701687,-241.475481,0.169470413,30.12803566,140.9157275,HG
120.797181,124.6290693,-245.4262503,0.192560216,28.80944308,140.9001602,HG
123.773233,119.5233481,-243.2965811,0.212721353,23.2980781,140.8845947,HG
125.7982813,108.9594199,-234.7577011,0.228286751,15.46489909,140.869031,HG
127.1773831,93.55323981,-220.7306229,0.239522057,8.309531334,140.8534691,HG
128.931757,73.9176862,-202.8494432,0.24626408,4.406641405,140.8379089,HG
132.3560255,50.93640517,-183.2924307,0.249228303,5.014152547,140.8223505,HG
138.3332101,25.80950463,-164.1427147,0.249630793,9.955167502,140.8067938,HG
147.4599179,-0.490115305,-146.9698026,0.247613035,18.0551526,140.7912388,HG
159.6868109,-26.58910362,-133.0977072,0.244089433,27.56402623,140.7756853,HG
174.624199,-51.47473943,-123.1494596,0.238916394,36.66241088,140.7601335,HG
191.3103466,-73.85587212,-117.4544745,0.23240078,43.5946829,140.7445834,HG
208.6579016,-92.91374617,-115.7441554,0.224353966,47.03994438,140.7290349,HG
225.1524595,-107.6555639,-117.4968956,0.214515759,46.13704654,140.7134881,HG
239.3144436,-117.472581,-121.8418626,0.202620652,40.80490037,140.697943,HG
249.6259216,-121.9296366,-127.696285,0.188706981,31.7764516,140.6823998,HG
254.7937611,-120.8496741,-133.944087,0.172489741,20.60237838,140.6668584,HG
253.9578591,-114.2682626,-139.6895965,0.154485054,9.373790139,140.6513187,HG
250.458343,-107.7962534,-142.6620896,0.143106824,3.464925616,140.6419794,HG
250.458343,-107.7962534,-142.6620896,0.143106824,3.464925616,140.6419794,HG
240.1420529,-93.17252477,-146.9695282,0.123674618,-3.922956885,140.6264427,HG
225.3655407,-74.33294969,-151.032591,0.105410172,-7.943696021,140.6109078,HG
207.8995982,-52.02367122,-155.875927,0.08999181,-9.264447295,140.5953746,HG
189.546383,-27.31933337,-162.2270496,0.078699816,-9.177566359,140.5798431,HG
171.4347929,-1.304638615,-170.1301542,0.07217039,-8.778710807,140.5643133,HG
154.3132586,24.84942373,-179.1626823,0.070809598,-8.708221701,140.5487852,HG
138.1466947,49.99189489,-188.1385896,0.074129878,-9.136496513,140.5332589,HG
123.0340243,72.9144179,-195.9484422,0.081518677,-9.995795542,140.5177343,HG
109.1585735,92.53855516,-201.6971287,0.092089351,-10.99488173,140.5022114,HG
97.01387398,108.0401925,-205.0540665,0.105476508,-11.65790687,140.4866902,HG
87.32877388,118.6896879,-206.0184618,0.121130367,-11.31205222,140.4711708,HG
80.96712502,123.9920483,-204.9591733,0.138739722,-9.180218347,140.455653,HG
78.79899186,123.808815,-202.6078069,0.158111384,-4.574247222,140.440137,HG
81.57420474,118.0440543,-199.6182591,0.178636068,2.94716412,140.4246225,HG
84.61055603,113.6378787,-198.2484348,0.188335992,7.30525681,140.4175843,HG
84.61055603,113.6378787,-198.2484348,0.188335992,7.30525681,140.4175843,HG
87.24138083,110.2390565,-197.4804373,0.194508499,10.45112385,140.4129305,HG
90.42943748,106.2964356,-196.7258731,0.201283337,13.81540569,140.4082769,HG
94.09197126,101.9676688,-196.0596401,0.207693108,17.32046647,140.4036234,HG
101.2519036,93.84687406,-195.0987776,0.218464522,23.35341483,140.3958776,HG
118.6682949,74.98455293,-193.6528478,0.238780644,34.80186082,140.3806363,HG
139.7167357,52.94344116,-192.6601768,0.256796903,43.36017901,140.3653966,HG
162.3999094,28.67328759,-191.073197,0.270994304,45.96584494,140.3501585,HG
184.1985441,3.213022124,-187.4115662,0.279536837,40.63752716,140.3349221,HG
202.5027231,-22.38711309,-180.11561,0.28059183,27.98852509,140.3196874,HG
215.2200838,-46.99962908,-168.2204547,0.27364478,11.83618627,140.3044545,HG
221.4597317,-69.60807784,-151.8516538,0.258512881,-2.214694409,140.2892234,HG
221.8742606,-89.20425481,-132.6700058,0.236616755,-9.647622496,140.2739941,HG
218.3117168,-104.8900579,-113.4216589,0.210474271,-9.383421284,140.2587665,HG
212.856797,-115.9104418,-96.94635527,0.18256422,-3.625344556,140.2435404,HG
208.167763,-121.035921,-87.13184201,0.160517101,2.610593699,140.2313358,HG
208.167763,-121.035921,-87.13184201,0.160517101,2.6105937,140.2313358,HG
202.6357264,-122.5707558,-80.06497064,0.134524496,9.910817972,140.2161126,HG
197.4967858,-118.6487224,-78.84806338,0.111555359,15.14739976,140.200891,HG
192.3120197,-109.4415179,-82.87050184,0.091963943,17.9021663,140.185671,HG
186.4836926,-95.41571901,-91.06797361,0.076009355,18.56793169,140.1704527,HG
179.4167537,-77.13632673,-102.280427,0.063798147,17.82182483,140.155236,HG
170.7314436,-55.54595484,-115.1854888,0.054879569,16.37749111,140.140021,HG
160.482535,-31.43214461,-129.0503904,0.049888179,14.77238969,140.1248077,HG
149.0688771,-5.946894072,-143.1219831,0.048725746,13.46447675,140.109596,HG
137.1092813,19.87833643,-156.9876177,0.051830282,12.79270764,140.094386,HG
125.637332,44.79125982,-170.4285918,0.059062014,13.13975161,140.0791776,HG
115.7526654,67.86394469,-183.6166101,0.070950294,14.86782801,140.0639709,HG
108.5995122,88.03272479,-196.632237,0.087298197,18.26920997,140.0487658,HG
104.9802181,104.4254548,-209.4056729,0.107658006,23.20025644,140.0335623,HG
104.9576876,116.3775343,-221.3352219,0.131133344,28.66066354,140.0183604,HG
107.7963354,123.338397,-231.1347324,0.155923101,32.72312194,140.0031601,HG
108.5222122,123.9516071,-232.4738194,0.160054528,33.11359345,140.0006093,HG
108.5222122,123.9516071,-232.4738194,0.160054528,33.11359345,140.0006093,HG
112.9843141,124.7059537,-237.6902678,0.184009503,32.86485733,139.9854109,HG
117.2038817,119.9820747,-237.1859564,0.204807194,27.91838087,139.9702142,HG
120.2767232,110.0418463,-230.3185695,0.221450159,19.56461791,139.9550193,HG
122.2931498,95.22172206,-217.5148718,0.23293776,10.59437095,139.939826,HG
123.938714,76.35407944,-200.2927934,0.240042424,3.945033958,139.9246345,HG
126.4400265,54.07667449,-180.516701,0.242678634,1.398501877,139.9094446,HG
130.7596903,29.64062406,-160.4003143,0.242405709,3.291859747,139.8942564,HG
137.6870597,3.856414287,-141.543474,0.23926931,8.788543219,139.8790699,HG
147.3641563,-21.89379638,-125.47036,0.234437919,16.34946379,139.8638849,HG
159.6226759,-46.7018143,-112.9208616,0.227807744,24.29673495,139.8487015,HG
173.7431687,-69.31744867,-104.4257201,0.219909663,30.99210979,139.8335196,HG
188.7470123,-88.88075139,-99.86626095,0.210467911,35.16279861,139.8183394,HG
203.4535144,-104.4679474,-98.98556703,0.199567173,35.99408052,139.8031608,HG
216.4993688,-115.4367028,-101.0626659,0.187111534,33.25646502,139.7879838,HG
226.5018387,-121.3199306,-105.181908,0.172830197,27.37126901,139.7728085,HG
232.2923276,-121.8537751,-110.4385525,0.156835216,19.43267182,139.757635,HG
232.8911672,-117.0626099,-115.8285573,0.139231301,10.9376261,139.7424632,HG
230.8797293,-112.2085131,-118.6712162,0.12912593,6.643795398,139.7341284,HG
230.8797293,-112.2085131,-118.6712162,0.12912593,6.643795398,139.7341284,HG
223.1190768,-99.65743154,-123.4616452,0.110304637,0.368160582,139.7189592,HG
210.7666798,-82.73363306,-128.0330467,0.092263735,-3.389503913,139.7037918,HG
195.2626182,-62.11844926,-133.1441689,0.076484234,-4.846416899,139.688626,HG
178.3255461,-38.76955787,-139.5559882,0.064289824,-4.898369113,139.6734618,HG
161.3062417,-13.65716556,-147.6490761,0.056604766,-4.480516441,139.6582993,HG
145.2322874,12.15748968,-157.3897771,0.054091569,-4.209148848,139.6431384,HG
130.2272603,37.51878327,-167.7460436,0.056414579,-4.314541519,139.6279792,HG
116.3359379,61.29839963,-177.6343376,0.063033027,-4.842322784,139.6128217,HG
103.4365893,82.42380684,-185.8603962,0.073130757,-5.69352617,139.5976657,HG
91.7101103,99.98880113,-191.6989114,0.085903096,-6.62111243,139.5825115,HG
81.69952433,113.2196265,-194.9191508,0.100901183,-7.187068163,139.5673589,HG
74.09676101,121.4945495,-195.5913106,0.117657317,-6.748619792,139.5522079,HG
69.66242436,124.6100863,-194.2725107,0.136108868,-4.608791026,139.5370586,HG
69.22872576,122.2551328,-191.4838585,0.155481015,-0.096825143,139.5219109,HG
73.41884426,114.7166174,-188.1354617,0.175503835,7.024912069,139.5068982,HG
73.41884426,114.7166174,-188.1354617,0.175503835,7.024912069,139.5068982,HG
82.72793493,102.2677417,-184.9956767,0.196245583,16.65194879,139.4917536,HG
97.14391936,85.38736326,-182.5312826,0.216685593,27.73217606,139.4766106,HG
116.1024664,64.87933616,-180.9818026,0.235925754,38.28834234,139.4614691,HG
138.2904757,41.65721984,-179.9476955,0.252748206,45.53310515,139.4463292,HG
161.8094585,16.68005242,-178.489511,0.265434137,46.58444205,139.4311908,HG
184.1148517,-8.933800917,-175.1810508,0.272407674,39.667766,139.4160542,HG
202.656848,-34.17929072,-168.4775572,0.271854289,25.56023706,139.4009193,HG
215.3408852,-57.90393999,-157.4369452,0.26339303,8.138886644,139.3857861,HG
221.1898734,-79.15366925,-142.0362041,0.246728267,-7.040671367,139.3706548,HG
220.9193898,-96.97921586,-123.940174,0.223657436,-15.49347881,139.3555252,HG
216.3099252,-110.5360339,-105.7738914,0.196364577,-16.14383703,139.3403974,HG
209.416605,-119.1991264,-90.21747859,0.167495371,-11.17929171,139.3252711,HG
204.4023517,-122.0154666,-82.38688513,0.148726413,-6.501966026,139.3152277,HG
204.4023517,-122.0154666,-82.38688513,0.148726413,-6.501966026,139.3152277,HG
196.9684022,-121.7486657,-75.21973646,0.121838478,0.355326266,139.3001041,HG
189.807154,-116.0527798,-73.75437424,0.098135385,5.421676033,139.284982,HG
182.5241815,-105.1408895,-77.383292,0.078174396,8.154875792,139.2698616,HG
174.6531782,-89.71506015,-84.93811807,0.06158797,8.906601653,139.2547428,HG
165.6220111,-70.20780413,-95.41420698,0.049126023,8.255910797,139.2396256,HG
154.9702746,-47.54043655,-107.429838,0.040446387,6.855635886,139.2245101,HG
149.0851103,-35.38306956,-113.7020408,0.036991755,6.065535645,139.2168548,HG
142.8127962,-22.65049434,-120.1623019,0.034866418,5.229803298,139.2091999,HG
136.2581546,-9.6715596,-126.586595,0.033800745,4.428037313,139.2015455,HG
124.964855,12.12716065,-137.0920157,0.034314647,3.265137051,139.1887991,HG
113.6618446,33.54531579,-147.2071603,0.037694512,2.482004297,139.176054,HG
102.9095036,53.98849219,-156.8979958,0.044294474,2.28383048,139.16331,HG
93.51936328,72.77114561,-166.2905089,0.054005176,2.969551912,139.1505671,HG
84.97059372,92.54795636,-177.5185501,0.070106761,5.419163149,139.1350682,HG
80.37389471,108.2094489,-188.5833436,0.090646679,9.858642864,139.119571,HG
80.18942277,118.9752407,-199.1646635,0.11456818,15.835749,139.1040754,HG
83.79319633,124.3733802,-208.1665766,0.140342677,21.72681085,139.0885815,HG
85.65436231,124.931722,-210.5860843,0.148748317,23.25335176,139.0835957,HG
85.65436231,124.931722,-210.5860843,0.148748317,23.25335176,139.0835957,HG
92.27148398,122.9008996,-215.1723836,0.17358668,25.53272915,139.068104,HG
99.14306091,115.1399175,-214.2829784,0.195127492,23.31943139,139.052614,HG
104.9429701,102.2099705,-207.1529406,0.2122871,17.45745956,139.0371258,HG
109.4112655,84.54071876,-193.9519843,0.223708853,10.56548014,139.0216394,HG
113.2790266,63.0006395,-176.2796661,0.229741676,5.621250011,139.0061548,HG
117.7624617,38.54179403,-156.3042557,0.230981514,4.456414046,138.990672,HG
123.8439584,12.47656832,-136.3205267,0.228895734,7.321042219,138.9751908,HG
132.2797606,-14.17513735,-118.1046232,0.223780394,13.24095765,138.9597114,HG
143.1562349,-39.97660023,-103.1796346,0.216874372,20.58101506,138.9442335,HG
156.1990289,-63.94060539,-92.25842351,0.208173525,27.66706383,138.9287574,HG
170.5771993,-84.80564338,-85.77155592,0.198288986,32.99751312,138.9132829,HG
185.2171169,-101.7452873,-83.47182961,0.187001144,35.54701202,138.8978101,HG
198.8794649,-113.9115444,-84.96792052,0.174499946,34.82818935,138.882339,HG
210.2030911,-120.779484,-89.42360715,0.160758514,30.94775446,138.8668697,HG
217.9162387,-122.0542662,-95.86197245,0.145665664,24.60543101,138.8514021,HG
221.0241531,-117.6635335,-103.3606197,0.129508869,17.00521229,138.8359363,HG
220.6189496,-113.6239097,-106.9950399,0.121484517,13.30409107,138.8285197,HG
220.6189496,-113.6239097,-106.9950399,0.121484517,13.30409107,138.8285197,HG
219.7201773,-110.4445855,-109.2755917,0.116227334,11.08232597,138.8238805,HG
218.3551391,-106.8339266,-111.5212125,0.111147516,8.965654572,138.8192416,HG
215.4625543,-100.6641034,-114.7984509,0.103509211,6.099659217,138.8123792,HG
205.8906925,-84.0698489,-121.8208436,0.087459222,1.213640286,138.7973664,HG
192.6533363,-63.78764681,-128.8656895,0.07316945,-1.640806584,138.7823553,HG
177.1072164,-40.73365214,-136.3735643,0.061722407,-2.848193708,138.7673458,HG
160.7549888,-15.7975603,-144.9574285,0.054344609,-3.093177715,138.752338,HG
144.6923301,9.885447082,-154.5777772,0.051473075,-3.048790785,138.7373318,HG
129.6309411,35.24629406,-164.8772352,0.053359842,-3.160032927,138.7223272,HG
115.5531529,59.1477705,-174.7009234,0.059399239,-3.676790619,138.7073242,HG
102.4590137,80.54263089,-183.0016446,0.068894678,-4.71511696,138.6923229,HG
90.31726892,98.46112075,-188.7783897,0.080937264,-6.197775178,138.6773232,HG
79.47172406,112.1626339,-191.6343579,0.094892191,-7.82443258,138.6623251,HG
70.49234328,120.9932899,-191.4856332,0.110211952,-9.053509592,138.6473287,HG
64.0654338,124.7415043,-188.8069381,0.126906305,-9.213686748,138.6323339,HG
60.96193877,123.0383858,-184.0003245,0.144021407,-7.580898197,138.6173407,HG
61.53688619,117.225076,-178.7619622,0.15951404,-4.285737769,138.6042186,HG
61.5368862,117.225076,-178.7619622,0.15951404,-4.285737769,138.6042186,HG
66.51883307,105.9899733,-172.5088063,0.177233197,1.749886683,138.5892284,HG
76.37645036,90.11241488,-166.4888652,0.194879972,9.924160315,138.5742397,HG
90.91192006,70.45843109,-161.3703511,0.211586708,19.17725194,138.5592526,HG
109.4566124,47.89454884,-157.3511612,0.226882833,27.75993433,138.544267,HG
130.7686868,23.30845478,-154.0771416,0.239264226,33.40772862,138.529283,HG
153.0780757,-2.234354804,-150.8437209,0.247498017,33.94504155,138.5143006,HG
173.9195029,-27.50859361,-146.4109093,0.250444174,28.2084728,138.4993198,HG
190.9630831,-51.60997763,-139.3531055,0.246368847,17.11817543,138.4843407,HG
202.4134721,-73.498062,-128.9154101,0.234968618,3.98118176,138.4693633,HG
207.4163397,-92.21887777,-115.1974619,0.216429675,-6.763301803,138.4543877,HG
206.5397575,-106.9650364,-99.57472106,0.192400837,-11.78481919,138.4394138,HG
201.3972023,-117.0407077,-84.35649461,0.164960875,-10.59102931,138.4244415,HG
193.932135,-121.9715203,-71.96061479,0.136655803,-5.315241655,138.4094708,HG
192.5005714,-122.255134,-70.24543744,0.131963729,-4.228996359,138.406926,HG
192.5005714,-122.255134,-70.24543744,0.131963729,-4.228996359,138.406926,HG
184.2960653,-120.8731879,-63.4228774,0.105316818,2.011794759,138.3919572,HG
176.2308101,-114.1286921,-62.10211794,0.081736134,6.780911525,138.3769899,HG
168.2230628,-102.2543237,-65.9687391,0.062265795,9.349527918,138.3620241,HG
164.4658289,-95.3465037,-69.11932525,0.053977167,9.879973315,138.3550752,HG
160.5768214,-87.3861692,-73.19065221,0.047026511,10.01089481,138.3481266,HG
156.5214219,-78.60174743,-77.91967444,0.0409962,9.847840189,138.3411783,HG
150.0081324,-63.95729931,-86.05083311,0.033594816,9.191317785,138.3307004,HG
139.3889128,-39.94985106,-99.43906176,0.026258281,7.720777605,138.3152473,HG
127.37177,-14.08249717,-113.2892728,0.023002807,6.087721615,138.299796,HG
114.4010367,12.4889043,-126.889941,0.02392448,4.630537329,138.2843464,HG
101.2258924,38.5053305,-139.7312229,0.029050915,3.652233748,138.2688985,HG
88.80753439,62.77310884,-151.5806432,0.038521738,3.515219331,138.2534523,HG
78.4894539,84.24128414,-162.730738,0.052469156,4.735306608,138.2380079,HG
71.56847604,101.8610133,-173.4294894,0.070916693,7.903583337,138.2225652,HG
68.9687359,114.883653,-183.8523889,0.093452481,13.30442881,138.2071242,HG
71.12567593,122.689614,-193.8152899,0.11903968,20.44182166,138.1916848,HG
77.33213287,124.958912,-202.2910449,0.145560407,27.41455568,138.1766241,HG
77.33213287,124.958912,-202.2910449,0.145560407,27.41455568,138.1766241,HG
86.531823,121.6649803,-208.1968033,0.172074933,31.91936204,138.161188,HG
96.58127409,112.7868137,-209.3680878,0.195559328,31.35413124,138.1457536,HG
105.6119285,98.72924027,-204.3411688,0.21408013,25.34556086,138.1303209,HG
112.5980339,80.09551076,-192.6935447,0.226251232,16.13059584,138.1148901,HG
117.6411276,57.75572358,-175.3968512,0.231888974,7.357291458,138.0994611,HG
121.7326163,32.80371089,-154.5363272,0.231670109,2.05216034,138.0840339,HG
126.1670169,6.331614722,-132.4986316,0.226738219,1.378409233,138.0686084,HG
132.0293787,-20.34034883,-111.6890299,0.218247657,4.713346772,138.0531846,HG
139.7790276,-45.93353287,-93.84549474,0.207529503,10.41216637,138.0377625,HG
149.3333801,-69.34951788,-79.98386224,0.194930262,16.61368774,138.0223421,HG
160.1874338,-89.38047399,-70.80695979,0.181346633,21.70923296,138.0069234,HG
171.4157775,-105.2864379,-66.12933958,0.166790973,24.66841602,137.9915063,HG
181.8438178,-116.2067637,-65.6370541,0.151441863,25.00294106,137.9760909,HG
190.3063461,-121.6963862,-68.60995992,0.135406065,22.84165245,137.9606773,HG
195.6362968,-121.4971276,-74.13916921,0.118876159,18.77784386,137.9452654,HG
196.593135,-119.9551029,-76.63803213,0.112585809,16.93142643,137.9394746,HG
196.593135,-119.9551029,-76.63803213,0.112585809,16.93142643,137.9394746,HG
196.9143338,-118.1304815,-78.78385233,0.107360451,15.39957687,137.9348516,HG
196.8411941,-115.8324407,-81.00875339,0.102299895,13.84543744,137.9302287,HG
195.7702053,-110.8873847,-84.88282059,0.093713226,11.27198922,137.9224918,HG
190.38321,-97.70378131,-92.6794287,0.07751877,6.794647842,137.9075294,HG
180.8447465,-80.22080946,-100.623937,0.062467763,3.468039335,137.8925686,HG
168.0288459,-59.22331914,-108.8055268,0.049471042,1.485977321,137.8776095,HG
153.0174091,-35.62044428,-117.3969649,0.039670638,0.597372412,137.8626521,HG
137.3989638,-10.37189047,-127.0270734,0.034066934,0.389554776,137.8476962,HG
122.4494229,15.43641909,-137.885842,0.033474961,0.486932953,137.832742,HG
108.8797199,40.63593179,-149.5156517,0.037557241,0.653486402,137.8177894,HG
96.92863772,64.14993376,-161.0785715,0.04621811,0.690322149,137.8028384,HG
86.23586441,84.93698103,-171.1728454,0.058323119,0.348453374,137.787889,HG
76.56688662,102.0836271,-178.6505137,0.072961412,-0.54446733,137.7729413,HG
67.97397169,114.7753081,-182.7492798,0.088937945,-1.905115804,137.7579952,HG
60.80162328,122.5257745,-183.3273978,0.105871135,-3.307156069,137.7430508,HG
55.58081751,125.0170244,-180.5978419,0.123210521,-4.067129488,137.7281079,HG
53.51555592,123.0208949,-176.5364508,0.13672583,-3.712137827,137.7162307,HG
53.29267113,121.4045054,-174.6971765,0.141784094,-3.281403962,137.7117771,HG
53.29267113,121.4045054,-174.6971765,0.141784094,-3.281403962,137.7117771,HG
54.28066582,114.8867981,-169.1674639,0.155527982,-1.201419909,137.6999013,HG
58.92834405,102.6941066,-161.6224506,0.171992655,3.350338233,137.685288,HG
67.96214551,86.15228935,-154.1144349,0.187572824,10.00516601,137.6706763,HG
81.25667426,66.16894654,-147.4256208,0.202441422,18.05837055,137.656066,HG
98.54197297,43.49058822,-142.0325612,0.215732819,26.27773916,137.6414572,HG
118.9471881,19.08203472,-138.0292228,0.22698112,32.87835165,137.6268499,HG
141.0993277,-6.013960245,-135.0853674,0.235060874,35.84407307,137.6122441,HG
163.3025009,-30.81182455,-132.4906764,0.238919551,33.53809456,137.5976398,HG
183.3488038,-54.19676878,-129.1520351,0.237628309,25.41532806,137.5830371,HG
199.2297986,-75.34377524,-123.8860234,0.229942391,12.76219695,137.5684361,HG
209.2482103,-93.30332142,-115.9448889,0.215872271,-1.242633755,137.5538368,HG
212.6709888,-107.4061758,-105.264813,0.195514329,-12.64577551,137.5392391,HG
210.0101242,-117.0408326,-92.96929153,0.170485929,-18.52110923,137.5246431,HG
202.7608301,-121.7637736,-80.99705659,0.142766875,-18.44477205,137.5100486,HG
194.7717001,-121.8081627,-72.96353738,0.119994366,-15.27083347,137.4981709,HG
194.7717001,-121.8081627,-72.96353738,0.119994366,-15.27083347,137.4981709,HG
183.8277522,-117.1764869,-66.65126521,0.093144818,-9.922622062,137.4835792,HG
172.6923837,-107.5275038,-65.16488,0.069483987,-5.137534374,137.468989,HG
161.6673933,-93.24574922,-68.42164406,0.049998809,-2.040359116,137.4544003,HG
150.6118365,-75.09550682,-75.51632966,0.034387137,-0.695808572,137.4398131,HG
139.1756293,-53.65631265,-85.51931661,0.023465451,-0.716147212,137.4252275,HG
130.7008658,-37.30083599,-93.40002984,0.018256676,-1.234679122,137.4150653,HG
121.8680408,-20.26253964,-101.6055012,0.014635066,-1.990883594,137.4049039,HG
112.6371588,-2.714371292,-109.9227875,0.013192034,-2.907012566,137.3947433,HG
98.50159756,23.19005544,-121.691653,0.014411413,-4.355966057,137.3797436,HG
84.22812738,48.10994561,-132.338073,0.019498747,-5.73433356,137.3647455,HG
70.71190187,70.93304479,-141.6449467,0.028363208,-6.756118929,137.349749,HG
59.03137267,90.68309027,-149.7144629,0.041152049,-6.977742169,137.3347543,HG
50.35269308,106.4705827,-156.8232758,0.057698157,-5.780436844,137.3197611,HG
45.79647065,117.6470118,-163.4434824,0.077921418,-2.545191275,137.3047696,HG
46.05347757,123.6866331,-169.7401106,0.10113279,2.999839627,137.2897796,HG
51.30307821,124.381463,-175.6845412,0.126440453,10.30686297,137.2747912,HG
54.56039334,123.2089583,-177.7693516,0.136783324,13.28923988,137.2689863,HG
54.56039334,123.2089583,-177.7693516,0.136783324,13.28923988,137.2689863,HG
57.46757469,121.8160757,-179.2836504,0.144272329,15.52764447,137.2644903,HG
60.74272296,119.8441693,-180.5868923,0.152309891,17.63611669,137.2599944,HG
64.24981361,117.4403897,-181.6902033,0.159850108,19.52711866,137.2554987,HG
70.22608916,112.6372568,-182.863346,0.171576703,21.92183348,137.2483313,HG
79.8070669,103.0967718,-182.9038387,0.187888665,23.65193859,137.2373252,HG
92.25074285,86.41279396,-178.6635368,0.205664851,21.74914813,137.2224823,HG
102.9049717,65.95019167,-168.8551634,0.217197266,15.99720756,137.207641,HG
111.1244463,42.65884517,-153.7832915,0.222330215,9.17831297,137.1928015,HG
117.3022393,17.55249102,-134.8547303,0.221090192,4.321294094,137.1779635,HG
122.5188923,-8.354429353,-114.1644629,0.214570355,3.16339389,137.1631272,HG
127.9405488,-33.82318052,-94.11736824,0.204070398,5.686422895,137.1482925,HG
134.2882104,-57.70456692,-76.58364344,0.191148644,10.62579983,137.1334594,HG
141.8060469,-79.03538685,-62.77066005,0.176405255,16.31187889,137.1186278,HG
150.3362616,-96.80349058,-53.53277105,0.16100481,21.25175024,137.1037978,HG
159.1934835,-110.3308542,-48.86262929,0.145061349,24.47747484,137.0889694,HG
167.5137693,-118.9915535,-48.52221577,0.129068615,25.54845193,137.0741425,HG
174.4015436,-122.4503861,-51.95115753,0.1130966,24.54245552,137.0593172,HG
175.072346,-122.4975622,-52.57478379,0.111280783,24.2908884,137.0575225,HG
175.072346,-122.4975622,-52.57478379,0.111280783,24.2908884,137.0575225,HG
176.5900841,-122.2404398,-54.3496443,0.106372967,23.57621138,137.0530753,HG
177.8949249,-121.5656364,-56.32928851,0.101857351,22.74415752,137.0486283,HG
179.1108859,-120.0578608,-59.05302517,0.09610748,21.58041903,137.0431921,HG
180.2413854,-114.8532355,-65.38814986,0.084859804,18.88920738,137.0321818,HG
178.5588432,-103.3827467,-75.17609646,0.070248591,14.95356368,137.0172214,HG
173.0741163,-87.31733844,-85.75677784,0.056763246,11.33270895,137.0022626,HG
164.0352535,-67.39415779,-96.6410957,0.045151505,8.497523398,136.9873054,HG
152.0964677,-44.43293109,-107.6635366,0.036166225,6.635457143,136.97235,HG
138.4626548,-19.48604228,-118.9766126,0.030620708,5.692488954,136.9573961,HG
124.3263268,6.396360057,-130.7226868,0.029423779,5.471566737,136.9424439,HG
111.0254279,32.08128511,-143.106713,0.032888397,5.79394961,136.9274934,HG
99.39853774,56.36518816,-155.7637259,0.04084085,6.417798526,136.9125444,HG
92.53831811,71.38317559,-163.9214937,0.048870673,6.825662022,136.9026152,HG
86.38573733,84.95060193,-171.3363393,0.058040333,7.017946251,136.8926867,HG
78.76026084,101.0763978,-179.8366587,0.072592789,6.632936111,136.8788335,HG
71.89241829,113.4312953,-185.3237136,0.088513059,5.250218945,136.8649817,HG
65.60308653,121.4738098,-187.0768963,0.10450061,2.954156605,136.8511314,HG
60.26959221,124.8842423,-185.1538345,0.120063667,0.222124745,136.8372824,HG
59.48697091,125.015493,-184.5024639,0.123076564,-0.244848895,136.8348812,HG
59.48697091,125.015493,-184.5024639,0.123076564,-0.244848895,136.8348812,HG
56.69869897,124.1502141,-180.8489131,0.133375661,-1.937280839,136.8252611,HG
54.85821026,120.9273043,-175.7855146,0.14349665,-3.174509962,136.8156416,HG
54.20521334,112.4394532,-166.6446665,0.157052257,-3.704513154,136.8017673,HG
56.52767039,99.62066184,-156.1483322,0.1693119,-2.364490891,136.7878943,HG
58.68668359,92.43756993,-151.1242535,0.175447234,-1.060068462,136.7813392,HG
61.64282443,84.31046091,-145.9532853,0.180824317,0.694234138,136.7747843,HG
65.3778807,75.48955967,-140.8674404,0.185862952,2.83705811,136.7682298,HG
71.89822966,62.11348007,-134.0117097,0.192432101,6.3721972,136.7590693,HG
85.36542941,38.73596633,-124.1013957,0.201513407,12.78820652,136.7444031,HG
102.1402854,13.79758281,-115.9378682,0.208772565,19.02865889,136.7297384,HG
121.2499471,-11.64410403,-109.6058431,0.213445932,23.58467141,136.7150752,HG
141.4469946,-36.50547117,-104.9415234,0.214841907,25.0156059,136.7004136,HG
161.0598162,-59.72832544,-101.3314908,0.212528421,22.34500368,136.6857535,HG
178.1901622,-80.36808206,-97.82208015,0.205355406,15.56602036,136.671095,HG
191.0216953,-97.55443761,-93.46725772,0.192991232,6.032180625,136.6564383,HG
198.0761114,-110.545857,-87.53025443,0.175335245,-3.706178399,136.6417831,HG
198.8663107,-118.8527206,-80.01359014,0.15293095,-10.78735409,136.6271296,HG
193.8504935,-122.1037421,-71.74675143,0.127299645,-13.41127831,136.6124778,HG
185.0209387,-120.3407073,-64.68023142,0.101764915,-11.9271616,136.5985483,HG
185.0209387,-120.3407073,-64.68023142,0.101764915,-11.9271616,136.5985483,HG
173.1918498,-113.4478522,-59.74399758,0.075669204,-7.94947766,136.5838995,HG
160.4234668,-101.6044325,-58.81903429,0.052487811,-3.73091604,136.5692522,HG
147.8135958,-85.33949995,-62.47409585,0.033503886,-0.782293222,136.5546064,HG
135.5382623,-65.30550389,-70.23275843,0.019601175,0.525470745,136.5399622,HG
123.4303367,-42.4613812,-80.96895554,0.010164073,0.537938492,136.5253196,HG
122.1726273,-39.94107913,-82.23154816,0.009365333,0.482506279,136.5237891,HG
122.1726273,-39.94107913,-82.23154816,0.009365333,0.482506279,136.5237891,HG
120.8895888,-36.5692859,-84.3203029,0.002947497,0.338925501,136.5218577,HG
120.1416322,-33.24356864,-86.89806356,0.003320949,0.138276374,136.5199264,HG
119.4001412,-30.09321493,-89.30692624,0.004752284,-0.034691867,136.5179951,HG
118.4937316,-26.80610933,-91.68762226,0.005347599,-0.214254621,136.5160638,HG
117.4855726,-23.52036194,-93.96521065,0.005809635,-0.384424537,136.5141325,HG
115.2657667,-16.98185971,-98.28390698,0.006919274,-0.71186556,136.5103211,HG
110.1296459,-4.428175675,-105.7014702,0.009131451,-1.291694385,136.5030739,HG
106.4863356,3.14647857,-109.6328142,0.010436922,-1.614241764,136.4987199,HG
106.4863356,3.14647857,-109.6328142,0.010436922,-1.614241764,136.4987199,HG
93.6538508,25.05619783,-118.7100486,0.014129728,-2.454744934,136.4860445,HG
77.84333044,46.18175852,-124.025089,0.017645093,-3.154478161,136.4733703,HG
59.54880873,65.87165455,-125.4204633,0.020806059,-3.730529764,136.4606972,HG
34.7996829,86.96752676,-121.7672097,0.024173149,-4.283252801,136.4452977,HG
8.425874098,104.0140722,-112.4399463,0.027087401,-4.695103937,136.4298999,HG
-18.2596568,116.1627214,-97.90306459,0.027939677,-4.979871791,136.4145039,HG
-44.12705487,122.927383,-78.80032808,0.028292286,-5.169669123,136.3991095,HG
-67.94995032,123.9647466,-56.01479631,0.027420716,-5.279884454,136.383717,HG
-88.53281893,119.181573,-30.64875409,0.02573457,-5.318840289,136.3683261,HG
-104.9384077,108.8739936,-3.935585926,0.02292492,-5.306588203,136.352937,HG
-110.9055854,102.3286325,8.576952966,0.021333987,-5.285693203,136.3458106,HG
-110.9055854,102.3286325,8.576952967,0.021333987,-5.285693203,136.3458106,HG
-119.8710547,84.81800578,35.05304889,0.017609632,-5.213516072,136.3304241,HG
-123.2138307,63.36929976,59.84453092,0.012695703,-5.115338463,136.3150392,HG
-120.7294577,38.98672042,81.74273727,0.00768222,-4.995481055,136.2996562,HG
-112.5565227,12.83326703,99.72325571,0.002504339,-4.864501237,136.2842748,HG
-106.9578361,0.474445413,106.4833907,8.80E-07,-4.803278556,136.2771656,HG
-106.9578361,0.474445413,106.4833907,8.80E-07,-4.803278556,136.2771656,HG
-100.1601784,-12.0214482,112.1816266,-1.983441699,-4.739120901,136.2699904,HG
-100.1601784,-12.02144821,112.1816266,-1.983441699,-4.739120901,136.2699904,HG
-100.1601784,-12.02144821,112.1816266,-1.983441702,-4.739120901,136.2699904,HG
-96.93501786,-17.12693286,114.0619507,-11.22626075,-4.703533515,136.2670962,HG
-93.75027959,-22.10025411,115.8505337,-12.43889631,-4.680033152,136.2642021,HG
-93.30404495,-22.75960817,116.0636531,-13.37150969,-4.676195359,136.263819,HG
-93.30404495,-22.75960817,116.0636531,-13.37150969,-4.676195359,136.263819,HG
-89.86448408,-27.72501209,117.5894962,-15.82765188,-4.649302462,136.2609249,HG
-84.67451115,-34.77821957,119.4527307,-19.74499639,-4.613505217,136.256753,HG
-76.03353431,-45.4670759,121.5006102,-24.92291595,-4.560996284,136.250276,HG
-53.4712941,-68.79903948,122.2703336,-35.21116078,-4.459624013,136.2351121,HG
-28.43618793,-88.91340133,117.3495893,-44.65484319,-4.392415349,136.2199499,HG
-2.191835084,-104.8519408,107.0437759,-49.03393662,-4.36859885,136.2047894,HG
24.18213388,-115.9469104,91.76477654,-50.90371485,-4.393187815,136.1896306,HG
49.44244254,-121.677873,72.23543051,-49.2771781,-4.472152092,136.1744735,HG
72.44157915,-121.7555214,49.31394222,-44.1575114,-4.610742811,136.1593181,HG
92.07093654,-116.1721063,24.10116979,-36.60206405,-4.812092013,136.1441643,HG
93.37939394,-115.5382369,22.15884295,-35.81429024,-4.829671646,136.1430329,HG
93.37939394,-115.5382369,22.15884295,-35.81429024,-4.829671646,136.1430329,HG
108.4442126,-104.2099268,-4.23428581,-25.83992754,-5.101194016,136.127881,HG
118.5262564,-88.04247471,-30.48378174,-13.35052941,-5.440190114,136.1127308,HG
123.1234996,-68.32611663,-54.79738295,4.13E-07,-5.83610563,136.0979557,HG
123.1234996,-68.32611663,-54.79738295,4.14E-07,-5.83610563,136.0979557,HG
122.2286284,-44.9522746,-77.27635383,14.42437257,-6.309790172,136.0828088,HG
115.7331453,-19.47160096,-96.2615443,28.77593718,-6.848876841,136.0676636,HG
103.9234107,6.964358909,-110.8877696,42.45555775,-7.452060525,136.0525201,HG
87.32637134,33.18762696,-120.5139983,54.05885243,-8.120209353,136.0373782,HG
66.70509657,57.84471767,-124.5498142,65.86278337,-8.836894958,136.0222381,HG
43.0263696,79.96266648,-122.9890361,73.55249833,-9.608702476,136.0070997,HG
30.16585639,89.85839249,-120.0242489,77.38567019,-10.01841254,135.9994132,HG
30.16585639,89.85839249,-120.0242489,77.38567019,-10.01841254,135.9994132,HG
3.939836847,106.1961211,-110.135958,81.19242541,-10.85633476,135.9842773,HG
-22.47141732,117.7206246,-95.24920729,81.87143477,-11.72789148,135.9691431,HG
-47.86945966,123.8983829,-76.02892328,80.19509486,-12.62766326,135.9540106,HG
-71.06532191,124.3962058,-53.33088394,75.31536544,-13.54658143,135.9388798,HG
-73.05749567,124.1683682,-51.11087251,74.45236932,-13.63136555,135.9374845,HG
-73.05749567,124.1683682,-51.11087251,74.45236932,-13.63136555,135.9374845,HG
-92.65553071,118.577679,-25.92214827,65.33090728,-14.55505462,135.9223555,HG
-108.0146567,107.5738128,0.440843901,54.3000584,-15.48200116,135.9072283,HG
-118.4372729,91.70922543,26.72804744,41.17792608,-16.39881228,135.8921027,HG
-123.4351098,71.67771073,51.75739905,26.40260067,-17.29932494,135.8769788,HG
-122.7621839,48.41316495,74.34901891,11.24984118,-18.16771165,135.8618566,HG
-118.6417408,29.79906388,88.84267695,1.40E-07,-18.78101581,135.8506943,HG
-118.6417408,29.79906388,88.84267695,1.40E-07,-18.78101581,135.8506943,HG
-108.3971361,3.54003178,104.8571043,-15.30772657,-19.57803278,135.8355751,HG
-93.17202975,-22.82943837,116.0014681,-29.33642844,-20.31860474,135.8204575,HG
-73.69498062,-48.09431523,121.7892959,-41.77259773,-20.99808344,135.8053416,HG
-50.83276352,-71.13899083,121.9717544,-51.28116912,-21.61731324,135.7902274,HG
-40.41981393,-79.88149119,120.3013051,-56.07624615,-21.8416965,135.7838459,HG
-40.41981393,-79.88149119,120.3013051,-56.07624615,-21.8416965,135.7838459,HG
-14.57677464,-97.87447112,112.4512458,-62.16375066,-22.33206954,135.7687341,HG
11.88933774,-111.3228252,99.43348746,-65.90420534,-22.73642059,135.753624,HG
37.81638814,-119.6167695,81.80038137,-66.08065039,-23.0492658,135.7385156,HG
61.98623981,-122.333907,60.34766718,-63.85771768,-23.25514064,135.7234089,HG
83.30401881,-119.3954934,36.09147459,-58.28895689,-23.36170912,135.7083038,HG
91.50698934,-116.3260569,24.81906753,-55.15338812,-23.3726486,135.701664,HG
91.50698934,-116.3260569,24.81906753,-55.15338812,-23.3726486,135.701664,HG
107.0616318,-105.5288402,-1.532791656,-45.70757711,-23.33064082,135.6865613,HG
117.6699019,-89.83254696,-27.83735492,-34.55248728,-23.17621813,135.6714604,HG
122.8678513,-69.94656515,-52.92128615,-22.03131262,-22.91320016,135.6563611,HG
122.4435234,-46.79878218,-75.64474125,-7.83790553,-22.55097852,135.6412635,HG
119.62118,-32.4590233,-87.16215672,5.70E-08,-22.28815955,135.6326146,HG
119.62118,-32.4590233,-87.16215672,5.72E-08,-22.28815955,135.6326146,HG
110.4358546,-6.354856617,-104.080998,13.5792445,-21.75983392,135.6175196,HG
96.17073249,20.09474836,-116.2654808,26.52291049,-21.13294124,135.6024263,HG
77.48699699,45.6902074,-123.1772044,37.97025519,-20.416684,135.5873347,HG
55.24783789,69.23393017,-124.4817681,47.04390733,-19.61523036,135.5722448,HG
30.98118426,89.29178963,-120.2729739,55.23756319,-18.7499775,135.5575032,HG
30.98118426,89.29178963,-120.2729739,55.23756319,-18.7499775,135.5575032,HG
4.821664896,105.7342856,-110.5559505,57.71725543,-17.79915424,135.5424166,HG
-16.31384432,115.4922365,-99.17839213,61.68558847,-16.9970392,135.5303899,HG
-36.97120429,121.9046487,-84.93344441,61.53344963,-16.16251163,135.5183644,HG
-60.54931871,124.9405537,-64.391235,59.04228586,-15.11267974,135.5037707,HG
-81.4957212,122.599922,-41.10420081,54.0898479,-14.02412149,135.4891787,HG
-83.74021979,122.0067625,-38.26654267,53.25034698,-13.8993817,135.4874773,HG
-83.74021979,122.0067625,-38.26654267,53.25034698,-13.8993817,135.4874773,HG
-100.7844632,113.9691537,-13.1846905,44.97563752,-12.8083413,135.472887,HG
-113.4910932,101.03629,12.45480315,35.31396237,-11.69897144,135.4582983,HG
-121.3474404,83.83021529,37.51722509,23.80826751,-10.59360576,135.4437111,HG
-124.0015295,63.06378674,60.93774278,11.03413173,-9.498547236,135.4291254,HG
-122.0061749,42.96767975,79.03849518,1.81E-08,-8.571626613,135.4165357,HG
-122.0061749,42.96767975,79.03849518,1.80E-08,-8.571626613,135.4165357,HG
-114.8431469,18.07426661,96.76888025,-12.64275834,-7.528962266,135.401953,HG
-102.7571393,-7.553975651,110.311115,-24.85727052,-6.524892259,135.3873718,HG
-86.27576208,-32.80525918,119.0810213,-35.83492471,-5.57008385,135.3727922,HG
-66.09349247,-56.62942874,122.7229212,-45.10117518,-4.669098756,135.3582142,HG
-50.65167585,-71.44822178,122.0998976,-50.50313839,-4.094414951,135.3482871,HG
-50.65167585,-71.44822178,122.0998976,-50.50313839,-4.094414951,135.3482871,HG
-26.28584079,-90.51051378,116.7963546,-55.40634256,-3.309456895,135.3337117,HG
-0.795080346,-105.6650722,106.4601526,-58.93819494,-2.595910361,135.3191379,HG
24.72678029,-116.2260502,91.49926987,-60.46320582,-1.960752617,135.3045656,HG
49.18881796,-121.7304102,72.54159228,-57.39756812,-1.40743271,135.2899948,HG
71.49305255,-121.9592905,50.46623795,-52.74152243,-0.939983642,135.2754257,HG
71.78456586,-121.9248571,50.14029121,-52.64328519,-0.934046644,135.2752228,HG
71.78456586,-121.9248571,50.1402912,-52.64328519,-0.934046644,135.2752228,HG
90.98098667,-116.7875385,25.80655184,-44.58529683,-0.552292594,135.2606553,HG
106.2536792,-106.5868168,0.333137665,-35.15548287,-0.256281609,135.2460893,HG
116.9623268,-91.76043866,-25.20188814,-23.91261706,-0.044312734,135.2315248,HG
122.6273459,-72.95006103,-49.67728484,-12.0983721,0.084729027,135.2169619,HG
123.3255889,-54.74259006,-68.58299879,8.03E-09,0.129184217,135.2048217,HG
123.3255889,-54.74259006,-68.58299879,8.20E-09,0.129184217,135.2048217,HG
119.2797511,-30.80344365,-88.4763075,12.61720424,0.113959916,135.1902617,HG
110.1164686,-5.47538707,-104.6410815,25.57526374,0.027183185,135.1757033,HG
96.21341892,20.13926005,-116.352679,37.1164085,-0.126060332,135.1611464,HG
78.15243189,44.95340153,-123.1058334,47.69523582,-0.341535625,135.1465911,HG
56.73474136,67.8712923,-124.6060337,56.58448819,-0.609471349,135.1320374,HG
55.28245231,69.23677923,-124.5192315,56.94041988,-0.628242991,135.1311146,HG
55.28245231,69.23677923,-124.5192315,56.94041988,-0.628242991,135.1311146,HG
31.29839362,89.09090612,-120.3892997,61.559082,-0.94558,135.1165625,HG
5.95698906,105.1716138,-111.1286029,65.58529108,-1.302020248,135.102012,HG
-19.65478536,116.8012568,-97.14647141,66.07000485,-1.689653826,135.0874631,HG
-44.47886164,123.5056941,-79.02683243,64.08041741,-2.105316524,135.0729158,HG
-67.3162864,124.8515551,-57.5352687,58.67007839,-2.528238574,135.05837,HG
-68.62305293,124.7644224,-56.14136945,58.25477459,-2.554626973,135.0574866,HG
-68.62305293,124.7644224,-56.14136945,58.25477459,-2.554626973,135.0574866,HG
-88.41991665,120.5371963,-32.11727961,50.27305698,-2.989690757,135.0429425,HG
-104.4358906,111.2049764,-6.769085803,40.56181713,-3.423398061,135.0283999,HG
-115.967033,97.12699007,18.84004291,28.58596038,-3.850360985,135.013859,HG
-122.551787,78.94744969,43.60433732,15.11472091,-4.264576199,134.9993196,HG
-123.8537782,57.38528583,66.46849239,1.16288,-4.66016023,134.9847818,HG
-123.7253236,55.47869252,68.24663112,-9.25E-10,-4.690932349,134.9835727,HG
-123.7253236,55.47869252,68.24663112,-1.10E-09,-4.690932349,134.9835727,HG
-119.2918363,31.41483567,87.87700059,-13.31938173,-5.048420654,134.9690366,HG
-109.7527066,6.02451676,103.7281898,-26.8601355,-5.38030555,134.954502,HG
-95.51544651,-19.5569845,115.072431,-39.19201344,-5.673840652,134.939969,HG
-77.18185368,-44.26422155,121.4460752,-49.75705469,-5.930710812,134.9254376,HG
-55.54282491,-67.00924623,122.5520711,-58.85498513,-6.14372169,134.9109077,HG
-53.13933997,-69.21461795,122.3539579,-59.53690777,-6.162180745,134.9093978,HG
-53.13933997,-69.21461795,122.3539579,-59.53690777,-6.162180745,134.9093978,HG
-28.95123727,-88.66739487,117.6186321,-64.65130195,-6.326297324,134.8948696,HG
-3.504557123,-104.2904451,107.7950022,-68.84464649,-6.449898522,134.8803431,HG
22.04145443,-115.3236976,93.28224319,-68.50146339,-6.519621717,134.8658181,HG
46.67172851,-121.383588,74.71185947,-65.73924847,-6.551407028,134.8512946,HG
69.24819195,-122.15407,52.90587802,-60.28866789,-6.537291598,134.8367728,HG
70.46647303,-122.0377224,51.57124936,-59.81021265,-6.535466942,134.8359371,HG
70.46647303,-122.0377224,51.57124936,-59.81021265,-6.535466942,134.8359371,HG
89.87051559,-117.2280305,27.35751487,-51.84146641,-6.48291958,134.8214169,HG
105.4030877,-107.327576,1.924488305,-41.28386038,-6.39472892,134.8068983,HG
116.4037563,-92.76876532,-23.634991,-29.0291833,-6.276394715,134.7923812,HG
122.3920627,-74.18036965,-48.21169302,-15.7894068,-6.132036968,134.7778657,HG
123.1014672,-52.30602693,-70.79544031,-1.025149073,-5.966135466,134.7633517,HG
122.9338469,-50.51520149,-72.41864541,-2.31E-10,-5.952552038,134.7622323,HG
122.9338469,-50.51520149,-72.41864541,-5.83E-11,-5.952552038,134.7622323,HG
117.9361077,-26.24450782,-91.69159985,13.98342048,-5.771639325,134.74772,HG
107.8738597,-0.789671786,-107.0841879,27.81655777,-5.585551893,134.7332093,HG
93.16874603,24.75354887,-117.9222949,40.32293361,-5.400163701,134.7187001,HG
74.44084237,49.32307329,-123.7639157,51.1502688,-5.22353448,134.7041925,HG
52.46808642,71.77246331,-124.2405497,60.1733111,-5.057117988,134.6896865,HG
51.00875455,73.09264962,-124.1014042,60.55379934,-5.047906003,134.6887756,HG
51.00875455,73.09264962,-124.1014042,60.55379934,-5.047906003,134.6887756,HG
26.73295846,92.29346139,-119.0264199,67.06126272,-4.910674374,134.6742712,HG
1.262679157,107.6029143,-108.8655935,70.22519027,-4.802839497,134.6597684,HG
-24.26512294,118.3473171,-94.08219418,70.67627533,-4.732898312,134.6452671,HG
-48.79595817,124.088883,-75.29292479,68.23973594,-4.707237618,134.6307674,HG
-71.18655067,124.4903558,-53.30380509,62.4252297,-4.731196196,134.6162693,HG
-73.23548193,124.244512,-51.00903007,61.7558204,-4.736519237,134.6148487,HG
-73.23548193,124.244512,-51.00903007,61.7558204,-4.736519237,134.6148487,HG
-92.26466564,118.8719475,-26.60728184,53.29561852,-4.822673826,134.6003523,HG
-107.3382851,108.4546616,-1.116376464,42.61485403,-4.969813043,134.5858574,HG
-117.8241662,93.43740381,24.38676238,30.0739266,-5.18192674,134.5713641,HG
-123.2545808,74.47320718,48.78137363,16.63110851,-5.461087643,134.5568724,HG
-123.4017692,52.29859,71.10317918,1.497404048,-5.814290717,134.5423822,HG
-123.1089762,49.85879108,73.25018516,-9.75E-10,-5.854459092,134.5408751,HG
-123.1089762,49.85879108,73.25018516,-1.16E-09,-5.854459092,134.5408751,HG
-117.4104849,25.3722636,92.03822127,-14.38237118,-6.282993365,134.5263866,HG
-106.7035921,-0.150511417,106.8541035,-28.65043634,-6.782164565,134.5118998,HG
-91.42609148,-25.6143382,117.0404297,-41.52133257,-7.350515761,134.4974145,HG
-72.22382006,-49.95948825,122.1833083,-52.20867215,-7.988207308,134.4829307,HG
-49.89635259,-72.05448821,121.9508408,-61.895874,-8.689021768,134.4684485,HG
-45.50596985,-75.83521388,121.3411837,-63.28428944,-8.823779082,134.4657596,HG
-45.50596985,-75.83521388,121.3411837,-63.28428944,-8.823779082,134.4657596,HG
-20.83792338,-94.10510955,114.9430329,-68.60108453,-9.586099095,134.4512793,HG
4.757080959,-108.3274859,103.570405,-71.79773511,-10.40536357,134.4368005,HG
30.11779352,-117.7743592,87.65656567,-73.56619832,-11.26609632,134.4223233,HG
54.17087066,-122.1403005,67.96942984,-70.93866734,-12.16238008,134.4078477,HG
75.88790647,-121.2133447,45.32543822,-65.38622877,-13.08591297,134.3933737,HG
79.92986451,-120.3704459,40.44058134,-63.95561997,-13.27626924,134.3904306,HG
79.92986451,-120.3704459,40.44058134,-63.95561997,-13.27626924,134.3904306,HG
97.60887556,-113.1224592,15.51358361,-55.17591537,-14.22191653,134.3759584,HG
111.0737305,-100.9806331,-10.09309734,-44.33625035,-15.16869357,134.3614878,HG
119.746927,-84.43674834,-35.31017862,-31.90924279,-16.11029164,134.3470188,HG
123.2877759,-64.21385246,-59.07392341,-17.57066151,-17.0414764,134.3325513,HG
121.4888371,-41.16763007,-80.32120707,-2.999151423,-17.9418161,134.3180854,HG
120.4899841,-36.28095146,-84.20903265,-1.69E-09,-18.11700819,134.3151707,HG
120.4899841,-36.28095146,-84.20903265,-1.50E-09,-18.11700819,134.3151707,HG
112.4406655,-11.17870604,-101.2619595,14.18508401,-18.97142121,134.3007067,HG
99.5604035,14.4407635,-114.001167,28.0419834,-19.77367492,134.2862442,HG
82.39159803,39.50014453,-121.8917426,40.36892205,-20.51761651,134.2717833,HG
61.65436333,62.95782783,-124.6121912,50.15132984,-21.20204607,134.257324,HG
38.22161152,83.70352145,-121.925133,59.85178929,-21.78874353,134.2428663,HG
33.30098068,87.46947459,-120.7704553,60.85827352,-21.8970648,134.2399606,HG
33.30098068,87.46947459,-120.7704553,60.85827352,-21.8970648,134.2399606,HG
8.087917451,103.8595442,-111.9474617,65.47371501,-22.38112373,134.2255047,HG
-17.53644868,115.902483,-98.36603436,67.69611417,-22.78586371,134.2110504,HG
-42.411132,122.9509485,-80.53981652,69.01936965,-23.07369916,134.1965976,HG
-65.46701159,124.7929412,-59.32592963,66.03356426,-23.2616643,134.1821464,HG
-85.73000459,121.3372947,-35.60729008,60.00274216,-23.34427155,134.1676967,HG
-88.50002614,120.3541837,-31.85415755,58.87828039,-23.34694456,134.1655081,HG
-88.50002614,120.3541837,-31.85415755,58.87828039,-23.34694456,134.1655081,HG
-104.4688889,110.9657379,-6.496848997,50.15136589,-23.29998436,134.1510602,HG
-115.9586188,96.87964593,19.07897288,39.47072312,-23.14292907,134.1366139,HG
-122.4894686,78.67343699,43.81603165,27.05842044,-22.87717019,134.1221692,HG
-123.7492556,57.1233556,66.62589999,14.0287903,-22.4976261,134.107726,HG
-119.6742003,33.17085368,86.50334665,1.249618552,-22.00479701,134.0932843,HG
-119.0427463,30.86653926,88.17620701,1.92E-09,-21.95683539,134.091945,HG
-119.0427463,30.86653926,88.17620702,1.74E-09,-21.95683539,134.091945,HG
-109.4475624,5.49830552,103.9492569,-13.49834828,-21.37145734,134.0775051,HG
-95.12488561,-20.07126127,115.1961469,-26.21958802,-20.68132829,134.0630667,HG
-76.74093932,-44.72918877,121.4701281,-37.43173809,-19.90707928,134.0486298,HG
-55.05909316,-67.4124222,122.4715154,-46.97781264,-19.04797357,134.0341945,HG
-33.82566257,-85.09601088,118.9216735,-53.4093562,-18.22572976,134.0213911,HG
-33.82566257,-85.09601088,118.9216735,-53.4093562,-18.22572976,134.0213911,HG
-8.569697637,-101.5109079,110.0806056,-57.4301948,-17.24111333,134.0069587,HG
17.04838715,-113.5006337,96.45224658,-60.36319072,-16.19780733,133.9925278,HG
41.92256804,-120.5704802,78.64791218,-59.71151916,-15.11223311,133.9780985,HG
64.99057984,-122.4170398,57.42645995,-56.26868964,-13.99422736,133.9636708,HG
82.1290108,-119.8756292,37.74661841,-51.7274532,-13.04044037,133.9516363,HG
82.1290108,-119.8756292,37.74661841,-51.7274532,-13.04044037,133.9516363,HG
99.3703973,-112.0752877,12.70489037,-44.01468267,-11.88919652,133.9372114,HG
112.3443502,-99.41111704,-12.93323319,-34.14706011,-10.73523062,133.922788,HG
120.4865792,-82.4290451,-38.05753414,-22.85518669,-9.591131216,133.9083661,HG
123.4364086,-61.83159167,-61.60481691,-10.22119262,-8.463368471,133.8939458,HG
121.9099057,-43.10954214,-78.80036357,8.71E-10,-7.572565749,133.882259,HG
121.9099057,-43.10954213,-78.80036357,1.04E-09,-7.572565749,133.882259,HG
115.3086632,-18.35985114,-96.94881205,12.50260723,-6.510959755,133.8678415,HG
103.7353014,7.243617868,-110.9789193,24.78995487,-5.495570248,133.8534255,HG
87.70037349,32.59052291,-120.2908964,35.83297157,-4.537022912,133.8390111,HG
67.87686137,56.62370477,-124.5005661,45.26592338,-3.63988657,133.8245982,HG
49.97504792,74.02478127,-123.9998292,51.20344503,-2.98135625,133.8131511,HG
49.97504792,74.02478127,-123.9998292,51.20344503,-2.98135625,133.8131511,HG
25.61122708,93.07759384,-118.6888209,57.09116645,-2.22269707,133.798741,HG
0.107477027,108.2087529,-108.3162299,59.78628578,-1.543184627,133.7843324,HG
-25.42241286,118.7579628,-93.33554997,60.78936793,-0.948942318,133.7699254,HG
-49.84479471,124.2228641,-74.37806935,57.49638787,-0.447901131,133.7555199,HG
-70.35943432,124.6156432,-54.25620889,52.94167709,-0.06788126,133.7423446,HG
-70.35943432,124.6156432,-54.25620889,52.94167709,-0.06788126,133.7423446,HG
-89.87853416,119.9731296,-30.09459544,45.72468209,0.25918314,133.7279421,HG
-105.5807294,110.245644,-4.664914619,36.39056816,0.496502992,133.7135411,HG
-116.7187434,95.7990391,20.91970433,24.51015328,0.63924982,133.6991417,HG
-122.8635988,77.33419197,45.52940685,12.01675056,0.696577929,133.6847439,HG
-123.7953759,55.6077122,68.18766369,0.06517389,0.672507576,133.6703476,HG
-123.788684,55.52323545,68.26544856,1.46E-09,0.672234265,133.670295,HG
-123.788684,55.52323545,68.26544856,1.23E-09,0.672234265,133.670295,HG
-119.3323391,31.4067902,87.92554893,-13.71542999,0.561662009,133.6559003,HG
-109.8018286,6.01005885,103.7917698,-26.42509293,0.380156553,133.6415071,HG
-95.54862833,-19.58284701,115.1314753,-39.25027766,0.129711674,133.6271154,HG
-77.22734263,-44.26373139,121.491074,-48.56074276,-0.178917526,133.6127253,HG
-55.60876294,-67.00242321,122.6111862,-57.05854341,-0.540283914,133.5983368,HG
-55.34815252,-67.24494742,122.5930999,-57.15767059,-0.544725827,133.5981741,HG
-55.34815252,-67.24494742,122.5930999,-57.15767059,-0.544725827,133.5981741,HG
-31.29846694,-87.03002546,118.3284924,-62.60382396,-0.95543928,133.5837871,HG
-5.945166679,-103.0132465,108.9584131,-65.80652196,-1.398460627,133.5694017,HG
19.65979104,-114.5305536,94.87076257,-65.93257715,-1.869447409,133.5550178,HG
44.4233777,-121.0699155,76.6465378,-63.58013973,-2.360847888,133.5406355,HG
67.23495334,-122.3322917,55.09733839,-58.73353802,-2.857330681,133.5262547,HG
68.07382949,-122.2753429,54.20151338,-58.40386398,-2.876780888,133.5256931,HG
68.07382949,-122.2753429,54.20151338,-58.40386398,-2.876780888,133.5256931,HG
87.8634656,-118.0532279,30.18976226,-50.40094264,-3.373043212,133.5113139,HG
103.8658683,-108.7032007,4.837332332,-40.44004599,-3.86049001,133.4969364,HG
115.4023839,-94.64181532,-20.76056863,-28.70828547,-4.331004005,133.4825603,HG
121.9709168,-76.44103286,-45.52988395,-15.36903907,-4.779989853,133.4681858,HG
123.2624254,-54.90110285,-68.36132252,-1.479115991,-5.193932454,133.4538129,HG
123.0823877,-52.369858,-70.7125297,-6.26E-10,-5.236944079,133.4522305,HG
123.0823877,-52.369858,-70.7125297,-4.53E-10,-5.236944079,133.4522305,HG
118.501613,-28.23645398,-90.26515903,12.69883447,-5.607946164,133.4378592,HG
108.8420113,-2.825861788,-106.0161495,27.71039996,-5.941467773,133.4234896,HG
94.46192854,22.76489842,-117.226827,40.35540086,-6.224579504,133.4091215,HG
76.02518664,47.41555535,-123.440742,50.4465518,-6.456772847,133.3947549,HG
54.29826071,70.08268521,-124.3809459,57.89492501,-6.636559567,133.3803899,HG
50.89119843,73.18293648,-124.0741349,59.30421983,-6.658698145,133.3782806,HG
50.89119843,73.18293648,-124.0741349,59.30421983,-6.658698145,133.3782806,HG
26.58244071,92.39368992,-118.9761306,65.83307449,-6.781884944,133.3639174,HG
1.088354687,107.6947887,-108.7831434,67.95149973,-6.853254957,133.3495557,HG
-24.44149144,118.4007755,-93.95928403,69.03226426,-6.871841906,133.3351956,HG
-48.92679235,124.081017,-75.15422462,65.9757476,-6.844316397,133.320837,HG
-71.33300608,124.4907905,-53.15778447,60.34630168,-6.77468309,133.3064799,HG
-72.25926956,124.3833817,-52.1241121,60.04382954,-6.77036566,133.305845,HG
-72.25926956,124.3833817,-52.1241121,60.04382954,-6.77036566,133.305845,HG
-91.46731587,119.2669967,-27.79968078,51.59708974,-6.661387201,133.2914895,HG
-106.7518125,109.084902,-2.33308952,41.02391328,-6.52001252,133.2771356,HG
-117.4617241,94.26525245,23.19647168,28.85821769,-6.352443933,133.2627833,HG
-123.1602614,75.45706546,47.70319594,14.77073626,-6.168628345,133.2484325,HG
-123.5602295,53.44673547,70.11349403,0.546112339,-5.97163863,133.2340832,HG
-123.4776829,52.63335928,70.84432364,-1.54E-09,-5.964628767,133.2335822,HG
-123.4776829,52.63335928,70.84432364,-1.75E-09,-5.964628767,133.2335822,HG
-118.4032171,28.33494439,90.06827267,-14.23991625,-5.765071411,133.2192345,HG
-108.2656851,2.872021518,105.3936636,-28.0678485,-5.572010066,133.2048884,HG
-93.49568019,-22.66294093,116.1586211,-40.66885681,-5.393166136,133.1905438,HG
-74.71821138,-47.20662652,121.9248379,-51.49734568,-5.237329548,133.1762008,HG
-52.69430768,-69.6238527,122.3181604,-60.67654019,-5.106747716,133.1618593,HG
-51.00070423,-71.1469379,122.1476421,-61.12112469,-5.099110767,133.1608158,HG
-51.00070423,-71.1469379,122.1476421,-61.12112469,-5.099110767,133.1608158,HG
-26.68281604,-90.25288795,116.935704,-66.99471645,-5.012947669,133.146476,HG
-1.197505154,-105.4551577,106.6526628,-70.67544494,-4.971282069,133.1321377,HG
24.31764741,-116.076595,91.7589476,-71.18412769,-4.98109215,133.1178009,HG
48.80436807,-121.6844836,72.88011551,-69.15155846,-5.047969942,133.1034657,HG
71.12758911,-121.9486477,50.82105859,-63.01342382,-5.17600392,133.0891321,HG
73.06028281,-121.7049959,48.64471313,-62.35225115,-5.191219735,133.0878021,HG
73.06028281,-121.7049959,48.64471313,-62.35225115,-5.191219735,133.0878021,HG
92.01669083,-116.2266567,24.20996583,-53.81436627,-5.391440152,133.0734702,HG
107.0015418,-105.7110791,-1.290462704,-43.09289706,-5.659625808,133.0591397,HG
117.3866278,-90.60527466,-26.78135312,-30.52435725,-5.99782162,133.0448108,HG
122.7404409,-71.54566375,-51.19477711,-17.1818676,-6.407646746,133.0304835,HG
122.7162204,-49.3176773,-73.39854313,-2.085594492,-6.889172515,133.0161577,HG
122.2770107,-45.81792475,-76.45908596,-6.89E-10,-6.965393454,133.0140258,HG
122.2770107,-45.81792475,-76.45908596,-5.05E-10,-6.965393454,133.0140258,HG
116.259042,-21.24667139,-95.0123706,14.78741102,-7.520571839,132.9997018,HG
105.2371432,4.301527291,-109.5386705,28.7442824,-8.14139078,132.9853794,HG
89.67672433,29.75016812,-119.4268925,41.16654715,-8.825868216,132.9710585,HG
70.2220455,53.93796978,-124.1600153,53.04317867,-9.564285405,132.9567391,HG
47.80493791,75.82222369,-123.6271616,62.7529546,-10.34416668,132.9424213,HG
44.06823363,78.99814882,-123.0663825,63.95297827,-10.47267669,132.9401788,HG
44.06823363,78.99814882,-123.0663825,63.95297827,-10.47267669,132.9401788,HG
19.30309352,97.17024523,-116.4733387,69.5521608,-11.3106582,132.9258628,HG
-6.277171149,111.185237,-104.9080658,72.95356833,-12.17635236,132.9115484,HG
-31.61080751,120.4989388,-88.88813126,73.22149985,-13.06818175,132.8972354,HG
-55.61087678,124.7246021,-69.11372527,70.37816546,-13.97543457,132.8829241,HG
-77.26155339,123.5558699,-46.29431651,64.75223075,-14.89813999,132.8686142,HG
-81.00667692,122.728383,-41.72170611,63.03832948,-15.0671807,132.8658883,HG
-81.00667692,122.728383,-41.72170611,63.03832948,-15.0671807,132.8658883,HG
-98.56613803,115.3533135,-16.78717548,54.89144271,-15.96878699,132.8515803,HG
-111.9300993,103.0980737,8.832025666,44.09041403,-16.85724834,132.8372739,HG
-120.4994051,86.46850543,34.03089965,31.80768666,-17.71779012,132.822969,HG
-123.8974172,66.15112484,57.74629233,17.7389263,-18.54363405,132.8086657,HG
-121.9674324,43.05613501,78.91129743,3.125330008,-19.3151134,132.7943639,HG
-120.7544696,37.34521641,83.40925322,-2.26E-09,-19.48781299,132.7910091,HG
-120.7544696,37.34521641,83.40925322,-2.44E-09,-19.48781299,132.7910091,HG
-112.4262853,12.18587049,100.2404148,-14.17873864,-20.19104185,132.7767093,HG
-99.28191141,-13.43270333,112.7146147,-27.69108606,-20.82205288,132.7624109,HG
-81.88922723,-38.42779743,120.3170247,-39.79465689,-21.37756465,132.7481141,HG
-60.98030036,-61.75488777,122.7351881,-49.55791687,-21.85606027,132.7338189,HG
-37.42286735,-82.32940599,119.7522733,-58.60149475,-22.22347123,132.7195252,HG
-33.01095182,-85.66509452,118.6760463,-59.49694503,-22.28012662,132.7169575,HG
-33.01095182,-85.66509452,118.6760463,-59.49694503,-22.28012662,132.7169575,HG
-7.756467993,-101.912606,109.669074,-64.00057034,-22.53454464,132.7026656,HG
17.85746401,-113.7802409,95.92277687,-66.41111332,-22.69660621,132.6883753,HG
42.68620472,-120.6528979,77.96669322,-66.98337515,-22.73639392,132.6740865,HG
65.66333113,-122.3108339,56.64750275,-63.68141319,-22.67171163,132.6597992,HG
85.8013404,-118.6567027,32.85536225,-58.00254642,-22.49418668,132.6455135,HG
87.87774065,-117.9084693,30.03072867,-57.18658802,-22.46714191,132.6438864,HG
87.87774065,-117.9084693,30.03072867,-57.18658802,-22.46714191,132.6438864,HG
103.8624574,-108.5359131,4.673455725,-48.40502718,-22.16777348,132.6296024,HG
115.3611192,-94.4543467,-20.90677246,-37.98596236,-21.75853435,132.6153199,HG
121.8888447,-76.25441749,-45.63442718,-26.23618393,-21.24141457,132.6010389,HG
123.1664279,-54.73395966,-68.43246821,-13.65545121,-20.6220538,132.5867595,HG
119.2510132,-31.17214104,-88.07887213,2.02E-10,-19.91948009,132.5727014,HG
119.2510132,-31.17214104,-88.07887213,3.65E-10,-19.91948009,132.5727014,HG
110.1727879,-5.875386881,-104.297401,13.10727505,-19.11511184,132.558425,HG
96.3526617,19.73168615,-116.0843478,25.26614637,-18.22953211,132.5441502,HG
78.37231546,44.58233559,-122.9546511,35.97859528,-17.27199547,132.5298769,HG
56.96706078,67.52604329,-124.4931041,46.08138111,-16.23445159,132.5156051,HG
35.39309958,85.91867228,-121.3117719,52.1115933,-15.2564076,132.502616,HG
35.39309958,85.91867228,-121.3117719,52.1115933,-15.2564076,132.502616,HG
10.2141983,102.7090829,-112.9232812,57.03792846,-14.14184582,132.4883471,HG
-15.41928258,115.1122807,-99.69299812,59.34164513,-12.99051687,132.4740798,HG
-40.40479427,122.6355561,-82.23076186,58.59132489,-11.82123646,132.4598139,HG
-63.7067378,124.9730818,-61.26634396,55.35216034,-10.64295833,132.4455497,HG
-79.30487432,123.1899177,-43.88504335,50.88513945,-9.764226758,132.4349152,HG
-79.30487432,123.1899177,-43.88504335,50.88513945,-9.764226758,132.4349152,HG
-97.2340838,116.2830678,-19.04898397,43.89574335,-8.600885177,132.4206535,HG
-111.0084726,104.4453961,6.563076485,33.94532947,-7.463796314,132.4063934,HG
-120.0490269,88.18374213,31.8652848,22.81709991,-6.363138863,132.3921349,HG
-123.9130865,68.13786471,55.77522177,10.82172424,-5.305384785,132.3778778,HG
-123.0429762,49.00947536,74.03350085,-4.92E-12,-4.463682859,132.3658676,HG
-123.0429762,49.00947535,74.03350086,-3.19E-10,-4.463682859,132.3658676,HG
-117.1992755,24.46886825,92.73040725,-10.60139977,-3.523998137,132.3516134,HG
-106.309092,-1.0813394,107.3904314,-24.92654472,-2.658390424,132.3373607,HG
-90.87301251,-26.53532545,117.408338,-36.14847958,-1.873588677,132.3231095,HG
-71.55291178,-50.79981498,122.3527268,-45.82387727,-1.176011873,132.3088598,HG
-52.70638325,-69.68168008,122.3880633,-52.53593934,-0.656323138,132.2967694,HG
-52.70638325,-69.68168008,122.3880633,-52.53593934,-0.656323138,132.2967694,HG
-28.4823136,-89.05840009,117.5407137,-57.96374186,-0.133638975,132.2825226,HG
-3.038831908,-104.571978,107.6108099,-61.09012939,0.292372412,132.2682773,HG
22.52181714,-115.5464369,93.02461975,-61.41095658,0.619956258,132.2540335,HG
47.08951271,-121.5029031,74.41339036,-59.30642977,0.848993618,132.2397913,HG
67.81934298,-122.3335285,54.51418554,-54.36853917,0.972515702,132.2267745,HG
67.81934298,-122.3335285,54.51418554,-54.36853917,0.972515702,132.2267745,HG
87.64894017,-118.1673882,30.51844807,-47.0087901,1.01882349,132.2125352,HG
103.7124272,-108.8868479,5.174420662,-37.37793457,0.976662277,132.1982974,HG
115.3329466,-94.88149783,-20.45144874,-26.52689964,0.850520073,132.1840611,HG
121.9299345,-76.69410935,-45.23582517,-13.11787724,0.640896082,132.1698264,HG
123.3197701,-55.9269933,-67.39277683,4.32E-10,0.377085545,132.1560316,HG
123.3197701,-55.9269933,-67.39277683,6.37E-10,0.377085545,132.1560316,HG
119.57786,-32.0829226,-87.49493735,13.07917275,0.042395492,132.1417999,HG
110.6567854,-6.797625366,-103.8591601,25.9234277,-0.347889501,132.1275697,HG
96.98470574,18.82605457,-115.8107603,38.07831551,-0.781670216,132.1133411,HG
79.12495061,43.72532184,-122.8502725,48.03681545,-1.254032508,132.0991141,HG
57.8156195,66.76719178,-124.5828113,56.7622754,-1.751765224,132.0848885,HG
55.07801062,69.36363489,-124.4416455,57.61407109,-1.811490399,132.083178,HG
55.07801062,69.36363489,-124.4416455,57.61407109,-1.811490399,132.083178,HG
31.11073671,89.17799143,-120.2887281,62.52777616,-2.318802153,132.0689542,HG
5.747141914,105.2615479,-111.0086898,65.62236027,-2.838977393,132.0547319,HG
-19.85939194,116.8213983,-96.96200635,67.50861213,-3.350258133,132.0405111,HG
-44.62561231,123.4406162,-78.81500392,65.03544731,-3.849590815,132.0262919,HG
-67.48198918,124.806907,-57.32491783,60.02400069,-4.326908387,132.0120743,HG
-69.88349227,124.6285997,-54.74510743,59.30123428,-4.379271419,132.0104812,HG
-69.88349227,124.6285997,-54.74510743,59.30123428,-4.379271419,132.0104812,HG
-89.49270372,120.101859,-30.60915527,50.95651306,-4.827591696,131.9962652,HG
-105.2566169,110.4742278,-5.217610932,40.7594986,-5.237167223,131.9820508,HG
-116.5106361,96.14695302,20.36368312,28.932619,-5.605707081,131.9678379,HG
-122.7849942,77.74685732,45.03813685,15.38200965,-5.930428219,131.9536266,HG
-123.7929887,56.06132974,67.73165894,1.396590534,-6.204682555,131.9394167,HG
-123.6089563,53.88801393,69.72094241,8.69E-10,-6.227368314,131.9380848,HG
-123.6089563,53.88801393,69.72094241,6.78E-10,-6.227368314,131.9380848,HG
-118.8238561,29.66952198,89.15433416,-13.96158456,-6.446961789,131.9238766,HG
-108.949275,4.241759245,104.7075157,-27.52845285,-6.612222746,131.90967,HG
-94.41410667,-21.3214544,115.7355611,-39.77191878,-6.726703021,131.8954649,HG
-75.81932996,-45.93060211,121.7499321,-51.09122443,-6.789900266,131.8812614,HG
-53.98249352,-68.49263508,122.4751286,-59.93501665,-6.801049592,131.8670593,HG
-52.17562217,-70.13136164,122.3069838,-60.32390516,-6.799678189,131.8659547,HG
-52.17562217,-70.13136164,122.3069838,-60.32390516,-6.799678189,131.8659547,HG
-27.91127216,-89.43638113,117.3476533,-66.03691902,-6.764920486,131.8517543,HG
-2.45923894,-104.8454182,107.3046571,-69.1307648,-6.688959481,131.8375555,HG
23.08563195,-115.7059088,92.62027688,-69.20273041,-6.578769974,131.8233581,HG
47.65222702,-121.5675257,73.9152987,-66.24235862,-6.441979045,131.8091624,HG
70.11168263,-122.0978346,51.98615192,-60.91550411,-6.276419009,131.7949681,HG
71.62476493,-121.9312176,50.30645262,-60.43008357,-6.263962798,131.7939465,HG
71.62476493,-121.9312176,50.30645262,-60.43008357,-6.263962798,131.7939465,HG
90.82681264,-116.8133616,25.98654891,-52.77421633,-6.086218346,131.7797539,HG
106.1185621,-106.6367174,0.51815532,-41.55872408,-5.903526066,131.7655628,HG
116.8335405,-91.82290787,-25.01063264,-29.3282245,-5.722544187,131.7513732,HG
122.516168,-73.01953763,-49.4966304,-15.75315859,-5.552424663,131.7371852,HG
122.9519975,-51.02546844,-71.92652907,-0.55089737,-5.40276031,131.7229987,HG
122.8515458,-50.06366894,-72.78787689,9.36E-10,-5.396906355,131.7224145,HG
122.8515458,-50.06366894,-72.78787689,1.11E-09,-5.396906355,131.7224145,HG
117.7347145,-25.75579345,-91.97892105,15.34934084,-5.273900674,131.7082296,HG
107.5935395,-0.303732607,-107.2898069,28.96447278,-5.188630259,131.6940462,HG
92.77154357,25.26561584,-118.0371594,40.16244533,-5.145695995,131.6798643,HG
73.94699265,49.77398424,-123.7209769,51.67725709,-5.153535571,131.6656839,HG
51.98600435,72.1615681,-124.1475725,60.80297487,-5.218437592,131.6515051,HG
49.02840583,74.77929058,-123.8076964,61.66232164,-5.230872972,131.6497129,HG
49.02840583,74.77929058,-123.8076964,61.66232164,-5.230872972,131.6497129,HG
24.57052884,93.71493198,-118.2854608,68.39267914,-5.366810414,131.6355358,HG
-0.934381715,108.652903,-107.7185213,71.31083293,-5.569824186,131.6213602,HG
-26.41964647,118.9896004,-92.56995396,71.54542177,-5.843698332,131.6071862,HG
-50.81283274,124.2951976,-73.48236491,69.19695487,-6.191175853,131.5930137,HG
-66.04555695,124.8724076,-58.82685061,68.75984155,-6.471219826,131.5835367,HG
-73.78848118,124.1676778,-50.37919661,60.44947402,-6.632918415,131.5783414,HG
-73.78848118,124.1676778,-50.37919661,60.44947402,-6.632918415,131.5783414,HG
-86.80122211,121.0327305,-34.23150844,58.51760546,-6.956300356,131.5688654,HG
-98.23243511,115.6321826,-17.39974746,51.75958106,-7.316174951,131.5593902,HG
-107.7577947,108.0200973,-0.262302559,44.86299701,-7.707209419,131.5499156,HG
-118.1100584,92.75290104,25.35715736,31.94616699,-8.354453155,131.5356861,HG
-123.3768547,73.60349337,49.77336132,17.66979847,-9.058179653,131.5214582,HG
-123.3408974,51.30009036,72.04080703,4.128823169,-9.825975281,131.5072319,HG
-122.5076966,45.52035345,76.98734317,1.03E-09,-10.02218028,131.5037923,HG
-122.5076966,45.52035345,76.98734317,8.21E-10,-10.02218028,131.5037923,HG
-115.8310755,20.62492668,95.2061488,-14.69612987,-10.86123045,131.4895678,HG
-104.179036,-5.06699641,109.2460324,-28.48899905,-11.73807144,131.475345,HG
-88.01226131,-30.51791868,118.53018,-41.17869272,-12.65471546,131.4611236,HG
-68.0370368,-54.5844067,122.6214435,-52.83161338,-13.59491002,131.4469038,HG
-45.12774154,-76.19901904,121.3267606,-62.16069672,-14.5446691,131.4326856,HG
-39.70595788,-80.62067397,120.3266319,-63.35808843,-14.7591919,131.429503,HG
-39.70595788,-80.62067397,120.3266319,-63.35808843,-14.7591919,131.429503,HG
-14.58953105,-98.04745267,112.6369837,-69.09728451,-15.7136782,131.4152867,HG
11.14693522,-111.1592777,100.0123425,-71.89314649,-16.65441657,131.4010719,HG
36.38782511,-119.4178774,83.03005225,-71.75970332,-17.57259648,131.3868586,HG
60.05691688,-122.434446,62.37752907,-68.53841147,-18.45722183,131.3726469,HG
81.06901112,-120.0812054,39.01219432,-62.96766459,-19.28477945,131.3584368,HG
84.17770542,-119.1889688,35.01126334,-61.69763655,-19.4131455,131.35612,HG
84.17770542,-119.1889688,35.01126334,-61.69763655,-19.4131455,131.35612,HG
101.0372629,-110.7568372,9.719574273,-52.95776019,-20.17609258,131.3419117,HG
113.4850686,-97.47539458,-16.00967403,-42.15333462,-20.86057457,131.3277048,HG
121.010562,-79.91822262,-41.09233933,-29.73401844,-21.46366615,131.3134996,HG
123.2631811,-58.82448202,-64.43869905,-15.92902035,-21.97191973,131.2992958,HG
120.1466723,-35.1393578,-85.0073145,-1.862121087,-22.3729837,131.2850936,HG
119.318844,-31.79127316,-87.52757083,1.81E-09,-22.41873508,131.2831714,HG
119.318844,-31.79127316,-87.52757083,1.99E-09,-22.41873508,131.2831714,HG
110.308454,-6.398791523,-103.9096625,13.80061368,-22.69890278,131.268971,HG
96.50153435,19.31421418,-115.8157485,26.90841645,-22.86016337,131.2547721,HG
78.49901199,44.25068236,-122.7496943,38.53578328,-22.90295399,131.2405747,HG
57.05942824,67.36429752,-124.4237258,47.91975142,-22.82970614,131.2263788,HG
33.10463308,87.54211547,-120.6467485,56.63950424,-22.6062426,131.2121845,HG
32.36249037,88.09340053,-120.4558909,56.73716783,-22.59842664,131.2117596,HG
32.36249037,88.09340053,-120.4558909,56.73716783,-22.59842664,131.2117596,HG
7.004551598,104.4103278,-111.4148794,62.34432521,-22.26194161,131.1975669,HG
-18.71428017,116.2637625,-97.54948234,64.30806425,-21.79834802,131.1833757,HG
-43.64582942,123.166759,-79.52092961,62.76094957,-21.22630323,131.169186,HG
-66.70172231,124.7519442,-58.05022191,60.04281933,-20.53214774,131.1549979,HG
-86.79732697,120.9926824,-34.19535547,54.81645644,-19.73229056,131.140864,HG
-86.79732697,120.9926824,-34.19535547,54.81645644,-19.73229056,131.140864,HG
-103.233429,112.0637489,-8.830319875,46.06264928,-18.83805857,131.1266789,HG
-115.216202,98.31882731,16.89737468,35.88175946,-17.8530505,131.1124953,HG
-122.2285262,80.37251338,41.85601283,24.15433049,-16.79275314,131.0983133,HG
-123.9565323,58.97248056,64.98405174,10.90125725,-15.66346888,131.0841328,HG
-121.24457,39.02746385,82.21710617,-5.41E-11,-14.67182127,131.072225,HG
-121.24457,39.02746385,82.21710617,-2.33E-10,-14.67182127,131.072225,HG
-113.230406,13.83763813,99.39276792,-12.61071253,-13.4583468,131.0580473,HG
-100.317073,-11.91427013,112.2313431,-25.00111457,-12.21447782,131.0438711,HG
-83.07713838,-37.10036718,120.1775056,-35.95771717,-10.95749182,131.0296964,HG
-62.24211719,-60.66413677,122.906254,-45.19940137,-9.698746398,131.0155233,HG
-44.77063045,-76.59083463,121.3614651,-50.93232178,-8.758755842,131.0048888,HG
-44.77063045,-76.59083463,121.3614651,-50.93232178,-8.758755842,131.0048888,HG
-19.91958477,-94.81932532,114.7389101,-56.34943109,-7.53528195,130.9907183,HG
5.798192061,-108.9006842,103.1024921,-58.65414297,-6.345868462,130.9765493,HG
31.26111009,-118.2302369,86.9691268,-58.89105595,-5.205178926,130.9623819,HG
55.35352942,-122.3502243,66.99669491,-55.63438461,-4.123849466,130.948216,HG
73.25658677,-121.7563859,48.49979908,-51.18755379,-3.297316044,130.9366525,HG
73.25658677,-121.7563859,48.49979908,-51.18755379,-3.297316044,130.9366525,HG
92.25282984,-116.2013895,23.94855967,-44.72527362,-2.355690209,130.9224893,HG
107.2634722,-105.5721029,-1.691369274,-33.88139278,-1.499166746,130.9083277,HG
117.603737,-90.30230759,-27.30142941,-23.04738692,-0.737579474,130.8941676,HG
122.8182222,-71.07274643,-51.74547581,-10.69149419,-0.078472447,130.880009,HG
123.1035447,-52.7586694,-70.34487533,6.11E-10,0.388829014,130.8683077,HG
123.1035447,-52.7586694,-70.34487533,7.89E-10,0.388829014,130.8683077,HG
118.5817507,-28.54004443,-90.04170627,12.90245522,0.85693366,130.8541519,HG
108.9041393,-3.026724705,-105.8774146,25.60722933,1.217109937,130.8399976,HG
94.50037538,22.67109452,-117.1714699,37.1415673,1.470366032,130.8258449,HG
75.9805653,47.47018334,-123.4507486,46.72131233,1.619037241,130.8116937,HG
56.80101561,67.7120054,-124.513021,54.24259809,1.658256957,130.7991904,HG
56.80101561,67.7120054,-124.513021,54.24259809,1.658256957,130.7991904,HG
32.86834375,87.85511276,-120.7234565,59.95122812,1.616121643,130.7850421,HG
7.460868692,104.2749337,-111.7358023,63.6361151,1.478831796,130.7708953,HG
-18.27557282,116.227167,-97.9515942,64.38611591,1.256016916,130.75675,HG
-43.25930461,123.212538,-79.95323337,62.64389675,0.953317594,130.7426063,HG
-66.33910951,124.8680143,-58.52890475,57.05039723,0.581432246,130.7284641,HG
-67.39074431,124.8123794,-57.42163506,56.74212941,0.561699838,130.727781,HG
-67.39074431,124.8123794,-57.42163506,56.74212941,0.561699838,130.727781,HG
-87.47041023,120.8732884,-33.40287816,49.66214562,0.126233827,130.7136404,HG
-103.7745026,111.7563072,-7.981804543,39.31051722,-0.357984502,130.6995013,HG
-115.6030856,97.85246681,17.75061884,27.63091997,-0.881616383,130.6853638,HG
-122.4357474,79.74519842,42.69054895,14.09278019,-1.435976461,130.6712278,HG
-123.9572793,58.23716535,65.72011394,0.635061217,-2.005357667,130.6570934,HG
-123.9029252,57.25489895,66.64802622,-1.05E-09,-2.029848938,130.6564882,HG
-123.9029252,57.25489895,66.64802622,-1.24E-09,-2.029848938,130.6564882,HG
-119.8562275,33.20371379,86.65251369,-13.49334826,-2.605814847,130.6423554,HG
-110.6313981,7.765488715,102.8659094,-26.91348226,-3.177891312,130.6282241,HG
-96.63279071,-17.95824682,114.5910375,-39.02175599,-3.736490021,130.6140943,HG
-78.4552746,-42.88447469,121.3397493,-48.93031173,-4.27721356,130.599966,HG
-56.85112151,-65.86747865,122.7186002,-58.51113569,-4.780005199,130.5858393,HG
-55.0440622,-67.56029185,122.6043541,-58.91771395,-4.817498657,130.5847291,HG
-55.0440622,-67.56029185,122.6043541,-58.91771395,-4.817498657,130.5847291,HG
-30.9145634,-87.34407575,118.2586391,-62.93866325,-5.273389996,130.570604,HG
-5.415856505,-103.3517899,108.7676464,-66.67465474,-5.693195593,130.5564805,HG
20.29034093,-114.7746183,94.48427736,-68.54112294,-6.053382007,130.5423585,HG
45.10270379,-121.1943019,76.09159812,-65.96482501,-6.361041895,130.528238,HG
67.95029836,-122.3162399,54.36594156,-60.51768831,-6.61140338,130.5141191,HG
70.49453063,-122.0880217,51.59349105,-59.75292627,-6.636893917,130.5124354,HG
70.49453063,-122.0880217,51.59349105,-59.75292627,-6.636893917,130.5124354,HG
89.96958888,-117.2099533,27.24036442,-51.49362091,-6.819581258,130.4983182,HG
105.5269941,-107.2187566,1.691762501,-40.97117248,-6.94309907,130.4842025,HG
116.5076132,-92.52376743,-23.98384581,-28.52597429,-7.010056024,130.4700883,HG
122.4109481,-73.75613043,-48.65481768,-15.16901298,-7.020073426,130.4559756,HG
122.9680307,-51.72971186,-71.2383188,-1.598749005,-6.975969183,130.4418645,HG
122.7180836,-49.20656445,-73.51151916,-8.24E-11,-6.969784866,130.4403435,HG
122.7180836,-49.20656445,-73.51151916,1.08E-10,-6.969784866,130.4403435,HG
117.4180866,-24.73944537,-92.67864118,14.60396566,-6.882060475,130.4262341,HG
106.9899099,0.868962061,-107.858872,28.35301223,-6.752989052,130.4121262,HG
91.92483779,26.49109615,-118.4159339,40.91340484,-6.594969224,130.3980198,HG
72.84598888,51.02575871,-123.8717476,52.17732089,-6.413167147,130.383915,HG
50.60060503,73.38642422,-123.9870293,60.55944211,-6.217210797,130.3698116,HG
50.40416437,73.56133154,-123.9654959,60.62005164,-6.215556279,130.3696938,HG
50.40416437,73.56133154,-123.9654959,60.62005164,-6.215556279,130.3696938,HG
25.95082853,92.76765265,-118.7184812,66.2928158,-6.017224763,130.355592,HG
0.353925915,108.0064103,-108.3603362,69.63071776,-5.824364947,130.3414917,HG
-25.27279358,118.6232226,-93.35042897,69.83401642,-5.647841635,130.327393,HG
-49.84372165,124.1695179,-74.32579628,67.30586522,-5.497400005,130.3132957,HG
-72.22903003,124.3238304,-52.09480038,61.41658589,-5.379924533,130.2992,HG
-73.7052185,124.1371032,-50.43188473,60.93029989,-5.373458204,130.2982038,HG
-73.7052185,124.1371032,-50.43188473,60.93029989,-5.373458204,130.2982038,HG
-92.72416746,118.6358036,-25.91163613,52.72286531,-5.306326514,130.2841098,HG
-107.7484698,108.0352463,-0.286776521,41.90414156,-5.292305212,130.2700172,HG
-118.1224593,92.81427748,25.30818184,29.45936436,-5.339531052,130.2559262,HG
-123.4136853,73.61589964,49.79778568,16.22184152,-5.454751352,130.2418367,HG
-123.2966564,51.24208324,72.05457314,0.902047005,-5.643719431,130.2277487,HG
-123.1040232,49.66647707,73.43754617,-2.72E-09,-5.658899925,130.2268082,HG
-123.1040232,49.66647707,73.43754618,-2.90E-09,-5.658899925,130.2268082,HG
-117.3620568,25.08014152,92.28191531,-14.64700771,-5.929000281,130.2127219,HG
-106.5452435,-0.561184708,107.1064282,-28.50845776,-6.279913303,130.1986371,HG
-91.12536682,-26.15087251,117.2762393,-41.12942173,-6.71319371,130.1845538,HG
-71.73599915,-50.52904495,122.2650441,-52.6381529,-7.228114911,130.170472,HG
-49.31380747,-72.62638944,121.9401969,-62.09642467,-7.817271055,130.1563918,HG
-46.48031642,-75.06681732,121.5471337,-63.02174154,-7.893337886,130.1547193,HG
-46.48031642,-75.06681732,121.5471337,-63.02174154,-7.893337886,130.1547193,HG
-21.7137949,-93.58490599,115.2987009,-69.15153693,-8.571234421,130.1406408,HG
3.961118644,-107.9694762,104.0083576,-72.32557143,-9.316441435,130.1265638,HG
29.45749772,-117.6387925,88.18129482,-72.54705994,-10.12508827,130.1124883,HG
53.7028222,-122.1923706,68.48954842,-70.0097739,-10.99260129,130.0984144,HG
75.53046621,-121.3001689,45.76970272,-64.52530511,-11.89878527,130.084342,HG
78.94858584,-120.6213831,41.67279727,-63.29132561,-12.0575547,130.0819472,HG
78.94858584,-120.6213831,41.67279727,-63.29132561,-12.0575547,130.0819472,HG
96.88566152,-113.5837088,16.69804724,-54.61470975,-13.00768369,130.0678766,HG
110.5998506,-101.5810326,-9.018817968,-43.80052103,-13.97576661,130.0538075,HG
119.5167012,-85.12677801,-34.38992315,-31.27403325,-14.95376412,130.03974,HG
123.2272097,-64.93892479,-58.28828494,-18.13320209,-15.92287932,130.0256739,HG
121.5936424,-41.82923128,-79.76441107,-2.666173736,-16.88861457,130.0116095,HG
120.7237394,-37.4616391,-83.26210028,-1.19E-09,-17.05440378,130.0090832,HG
120.7237394,-37.4616391,-83.26210028,-1.00E-09,-17.05440378,130.0090832,HG
112.8689614,-12.32079052,-100.5481709,14.81017515,-17.96614801,129.9950205,HG
100.1393586,13.4119394,-113.551298,28.15128635,-18.83674793,129.9809593,HG
82.99800884,38.67187929,-121.6698881,39.67130152,-19.65469724,129.9668997,HG
62.28204077,62.23062577,-124.5126665,50.96017164,-20.38338294,129.9528416,HG
38.85035207,83.16896526,-122.0193173,59.44911409,-21.03430017,129.938785,HG
34.40291022,86.59763574,-121.000546,60.76017335,-21.14386358,129.9362528,HG
34.40291022,86.59763574,-121.000546,60.76017335,-21.14386358,129.9362528,HG
9.075541306,103.2633795,-112.3389208,66.09193826,-21.68298847,129.9221981,HG
-16.65119643,115.5001808,-98.84898434,68.55527808,-22.11448838,129.9081448,HG
-41.67727986,122.7930278,-81.11574796,68.02561837,-22.43424348,129.8940931,HG
-64.92411222,124.8059177,-59.88180548,64.66012295,-22.6327525,129.8800429,HG
-85.34452319,121.4445692,-36.100046,58.98214437,-22.69995026,129.8659942,HG
-87.03293144,120.8763816,-33.84345014,58.17224606,-22.69974802,129.8647148,HG
-87.03293144,120.8763816,-33.84345014,58.17224606,-22.69974802,129.8647148,HG
-103.4061469,111.8615561,-8.455409219,49.75827794,-22.63099552,129.8506678,HG
-115.3097122,98.04894781,17.26076435,39.05732128,-22.43140949,129.8366223,HG
-122.2383688,80.04354479,42.19482403,26.9659866,-22.10419978,129.8225783,HG
-123.877841,58.59782865,65.28001235,13.42163122,-21.64800447,129.8085359,HG
-120.2127655,34.94819082,85.26457466,-5.49E-09,-21.07042043,129.7946535,HG
-120.2127655,34.94819082,85.26457466,-5.67E-09,-21.07042043,129.7946535,HG
-111.3599341,9.598307858,101.7616262,-12.93589007,-20.37334849,129.780614,HG
-97.68802402,-16.13216762,113.8201916,-25.60982669,-19.5648873,129.7665761,HG
-79.80077919,-41.11287799,120.9136572,-36.71206129,-18.65606989,129.7525397,HG
-58.45462821,-64.29873003,122.7533582,-45.82979968,-17.65814502,129.7385047,HG
-37.21389962,-82.573746,119.7876456,-52.87405531,-16.68367741,129.7259751,HG
-37.21389962,-82.573746,119.7876456,-52.87405531,-16.68367741,129.7259751,HG
-12.00461056,-99.58628772,111.5908983,-58.17117851,-15.54306226,129.711943,HG
13.7474869,-112.2507139,98.50322704,-59.89297506,-14.34090708,129.6979124,HG
38.90141405,-120.0163002,81.11488612,-59.83385373,-13.09806748,129.6838834,HG
62.33750316,-122.4950362,60.15753307,-56.18336996,-11.82338201,129.6698558,HG
79.65755964,-120.5212553,40.86369569,-51.36334697,-10.76328435,129.658302,HG
79.65755964,-120.5212553,40.86369569,-51.36334697,-10.76328435,129.658302,HG
97.46624917,-113.3210612,15.85481207,-43.76604079,-9.476879886,129.6442772,HG
111.0466963,-101.1601469,-9.886549401,-33.87588162,-8.202869682,129.6302539,HG
119.8088676,-84.56712348,-35.24174413,-22.5365106,-6.956370442,129.6162321,HG
123.3607896,-64.26439552,-59.09639404,-10.46339844,-5.752630403,129.6022118,HG
122.4876886,-46.97165465,-75.51603394,-1.14E-09,-4.872678427,129.5916332,HG
122.4876886,-46.97165465,-75.51603394,-9.78E-10,-4.872678427,129.5916332,HG
116.6673335,-22.33795398,-94.3293795,12.17075067,-3.770011182,129.5776155,HG
105.7911609,3.322351389,-109.1135123,24.83304031,-2.740553994,129.5635994,HG
90.31399016,28.90753986,-119.22153,35.80250083,-1.794011021,129.5495847,HG
70.8758714,53.28179006,-124.1576615,45.13382726,-0.943006232,129.5355716,HG
52.71507466,71.53708667,-124.2521613,51.890197,-0.324668276,129.5241274,HG
52.71507466,71.53708668,-124.2521613,51.890197,-0.324668276,129.5241274,HG
28.42312309,91.10063387,-119.523757,57.55894451,0.33943101,129.510117,HG
2.882289236,106.7679852,-109.6502745,60.58540073,0.893050844,129.4961081,HG
-22.79978419,117.8723585,-95.07257431,60.91067531,1.334551408,129.4821007,HG
-47.5421275,123.9515776,-76.40945006,58.87631188,1.664550024,129.4680949,HG
-67.21050077,124.856981,-57.64648023,53.81390065,1.850464183,129.4560238,HG
-67.21050077,124.856981,-57.64648023,53.81390065,1.850464183,129.4560238,HG
-87.31161024,120.9611742,-33.64956401,46.98948139,1.965937239,129.4420208,HG
-103.6577979,111.8922003,-8.234402402,37.298351,1.974379113,129.4280193,HG
-115.5457462,98.02805555,17.51769067,26.75786289,1.879544075,129.4140193,HG
-122.3868704,79.92430948,42.46256096,13.56101474,1.682212583,129.4000208,HG
-123.9916016,59.1865585,64.80504313,1.01E-09,1.412418136,129.3864595,HG
-123.9916016,59.1865585,64.80504313,8.02E-10,1.412418136,129.3864595,HG
-120.4021225,35.29602526,85.10609726,-12.90257277,1.052759622,129.372464,HG
-111.5880647,9.926015655,101.6620491,-25.75682734,0.621075196,129.35847,HG
-97.96713214,-15.81759262,113.7847248,-37.85846692,0.130218887,129.3444775,HG
-80.10771183,-40.85381632,120.9615281,-47.752628,-0.412545911,129.3304866,HG
-58.74802548,-64.03723871,122.7852642,-56.68212937,-0.994066532,129.3164971,HG
-56.72664801,-65.96725226,122.6939003,-57.28955906,-1.045853592,129.3152567,HG
-56.72664801,-65.96725226,122.6939003,-57.28955906,-1.045853592,129.3152567,HG
-32.73652796,-86.00744304,118.743971,-61.83140121,-1.645388402,129.3012689,HG
-7.292524808,-102.3216327,109.6141575,-65.35806041,-2.265634393,129.2872827,HG
18.43643966,-114.0929802,95.65654051,-67.32681824,-2.882238592,129.2732979,HG
43.35282521,-120.8922094,77.53938415,-64.91089483,-3.489001859,129.2593147,HG
66.37958172,-122.4044624,56.02488069,-59.67752226,-4.074857782,129.245333,HG
68.84041375,-122.2336048,53.39319109,-58.94742569,-4.139888185,129.243738,HG
68.84041375,-122.2336048,53.39319109,-58.94742569,-4.139888185,129.243738,HG
88.59031543,-117.7729885,29.18267308,-50.90026741,-4.691009959,129.229758,HG
104.48182,-108.1692122,3.687392133,-40.64560069,-5.199393393,129.2157795,HG
115.8279977,-93.8184019,-22.00959584,-28.84661055,-5.658991843,129.2018025,HG
122.1600322,-75.35278789,-46.80724436,-14.99718076,-6.067048746,129.187827,HG
123.1669308,-53.56329645,-69.60363436,-0.889845311,-6.412577152,129.1738531,HG
123.0530613,-52.15044754,-70.90261378,2.80E-09,-6.431087718,129.1730016,HG
123.0530613,-52.15044754,-70.90261378,3.18E-09,-6.431087718,129.1730016,HG
118.3918616,-27.89271416,-90.49914746,14.06933609,-6.708102327,129.1590293,HG
108.5946305,-2.344076401,-106.2505541,26.95216645,-6.926034906,129.1450585,HG
94.0054184,23.39477052,-117.4001889,39.7902763,-7.074281836,129.1310891,HG
75.43319691,48.03841136,-123.4716083,51.34881046,-7.151042516,129.1171213,HG
53.5552393,70.73928563,-124.2945249,59.74868308,-7.178289909,129.103155,HG
51.20632476,72.86971789,-124.0760427,60.40566858,-7.177524526,129.101753,HG
51.20632476,72.86971789,-124.0760427,60.40566858,-7.177524526,129.101753,HG
26.79174827,92.21240866,-119.0041569,66.11514643,-7.141356346,129.0877884,HG
1.218040789,107.5928673,-108.8109081,69.16408206,-7.053251428,129.0738252,HG
-24.42933272,118.3772471,-93.94791437,69.12256003,-6.923875826,129.0598636,HG
-49.04370584,124.0793404,-75.03563457,66.51474739,-6.758862587,129.0459035,HG
-71.52758723,124.4410168,-52.91342959,61.22141375,-6.566930506,129.0319449,HG
-72.62733937,124.3099736,-51.68263422,60.76740181,-6.556158455,129.0312135,HG
-72.62733937,124.3099736,-51.68263422,60.76740181,-6.556158455,129.0312135,HG
-91.8398087,119.0737602,-27.23395154,52.24978234,-6.350141734,129.0172565,HG
-107.0896795,108.7272394,-1.637559856,41.58668246,-6.139375073,129.003301,HG
-117.7193194,93.72736106,23.99195838,29.15430144,-5.93548495,128.989347,HG
-123.281798,74.70674768,48.57505033,15.80832016,-5.749328737,128.9753945,HG
-123.4365475,52.47570527,70.96084228,0.790329464,-5.587022883,128.9614435,HG
-123.2857855,51.10074747,72.18503805,2.44E-10,-5.579005711,128.9606269,HG
-123.2857855,51.10074747,72.18503806,-3.71E-10,-5.579005711,128.9606269,HG
-117.8722794,26.61230878,91.2599706,-13.67557428,-5.461830904,128.9466776,HG
-107.3358969,0.993951653,106.3419453,-28.55953374,-5.391640227,128.9327297,HG
-92.171418,-24.61052011,116.7819381,-41.37984569,-5.379141935,128.9187833,HG
-73.03190506,-49.09755643,122.1294615,-52.50160465,-5.431888246,128.9048385,HG
-50.73022986,-71.43725949,122.1674893,-61.50637104,-5.556750069,128.8908951,HG
-48.89719453,-73.04241104,121.9396056,-62.12537246,-5.569512377,128.8898134,HG
-48.89719453,-73.04241104,121.9396056,-62.12537246,-5.569512377,128.8898134,HG
-24.28045627,-91.88767485,116.1681311,-68.04955444,-5.777501634,128.8758716,HG
1.359799777,-106.7365384,105.3767386,-71.46761705,-6.066559826,128.8619314,HG
26.92087689,-116.88712,89.96624314,-72.00880973,-6.438919868,128.8479927,HG
51.31470092,-121.9331409,70.61843995,-69.16664344,-6.895798491,128.8340555,HG
73.46201036,-121.6390058,48.17699543,-63.53914227,-7.434881882,128.8201198,HG
75.85170461,-121.2499533,45.39824873,-62.73837792,-7.50316257,128.8184941,HG
75.85170461,-121.2499533,45.39824873,-62.73837792,-7.50316257,128.8184941,HG
94.38626656,-115.0234285,20.6371619,-54.0656278,-8.132488618,128.8045601,HG
108.7983184,-103.7610509,-5.037267545,-43.29314383,-8.834434742,128.7906276,HG
118.4943128,-87.95505832,-30.53925451,-30.68918047,-9.605163722,128.7766967,HG
123.0677386,-68.27994451,-54.78779406,-17.44647964,-10.43930302,128.7627672,HG
122.2010227,-45.53524129,-76.66578144,-2.25456436,-11.32618357,128.7488393,HG
121.5670413,-41.61505054,-79.95199074,1.06E-09,-11.47297413,128.7465596,HG
121.5670413,-41.61505054,-79.95199074,1.42E-09,-11.47297413,128.7465596,HG
114.5895479,-16.68158687,-97.907961,14.21040103,-12.3989698,128.7326334,HG
102.6471156,9.036060782,-111.6831764,28.20671975,-13.35469433,128.7187088,HG
86.23529797,34.44916564,-120.6844636,40.55098569,-14.33128778,128.7047856,HG
66.04862331,58.37848554,-124.4271088,52.63569194,-15.30112,128.690864,HG
43.04187023,79.79916621,-122.8410364,61.44765443,-16.2518538,128.6769439,HG
38.70096631,83.29404911,-121.9950154,62.6559959,-16.42267164,128.6744677,HG
38.70096631,83.29404911,-121.9950154,62.6559959,-16.42267164,128.6744677,HG
13.55228144,100.6833184,-114.2355998,68.07247908,-17.35500683,128.6605493,HG
-12.18071613,113.7260877,-101.5453716,70.91490083,-18.23754943,128.6466325,HG
-37.40709589,121.9086334,-84.50153749,70.7202788,-19.06692481,128.6327172,HG
-61.02760275,124.8445001,-63.81689735,67.78438331,-19.82600731,128.6188035,HG
-82.0113235,122.4263007,-40.41497719,61.954392,-20.50309323,128.6048912,HG
-85.13530191,121.5120801,-36.37677819,60.79289084,-20.60452905,128.6026081,HG
-85.13530191,121.5120801,-36.37677819,60.79289084,-20.60452905,128.6026081,HG
-101.9358098,113.0061564,-11.07034658,51.95834301,-21.17653196,128.5886976,HG
-114.3118841,99.65271378,14.65917036,41.26215848,-21.63884235,128.5747886,HG
-121.7597554,82.03526427,39.72449111,28.96174023,-21.99096748,128.5608811,HG
-123.9322502,60.89296423,63.03928597,15.2616683,-22.2213624,128.5469751,HG
-120.7335806,37.17305188,83.56052872,1.360942918,-22.32083066,128.5330706,HG
-120.1176307,34.67946448,85.43816624,1.16E-11,-22.3234843,128.531669,HG
-120.1176307,34.67946448,85.43816624,-3.34E-10,-22.3234843,128.531669,HG
-111.204243,9.305615652,101.8986274,-13.49850905,-22.28357465,128.5177662,HG
-97.48218154,-16.41588905,113.8980706,-26.3605805,-22.10983262,128.5038649,HG
-79.55168638,-41.37977387,120.9314603,-37.71390592,-21.80573169,128.4899651,HG
-58.17251342,-64.53688754,122.709401,-46.8506567,-21.37726058,128.4760668,HG
-35.19760057,-84.07987865,119.2774792,-55.10647426,-20.82344323,128.4626984,HG
-35.19760057,-84.07987865,119.2774792,-55.10647426,-20.82344323,128.4626984,HG
-9.916042405,-100.7556897,110.6717321,-60.42274593,-20.14293726,128.448803,HG
15.8258561,-113.0271816,97.20132551,-62.39204391,-19.34196413,128.4349091,HG
40.87194013,-120.3787984,79.50685822,-60.82599892,-18.44310575,128.4210167,HG
64.1213525,-122.4200104,58.29865793,-58.5730865,-17.43817618,128.4071258,HG
83.49647789,-119.4677083,35.97123036,-52.66026841,-16.41921567,128.3940474,HG
83.49647789,-119.4677083,35.97123036,-52.66026841,-16.41921567,128.3940474,HG
100.5111046,-111.2420248,10.73092017,-44.80993705,-15.26383964,128.3801594,HG
113.1755199,-98.15632009,-15.01919984,-34.44583496,-14.05179327,128.3662729,HG
120.913113,-80.74687583,-40.16623722,-22.97996136,-12.79152294,128.3523879,HG
123.3921853,-59.78700454,-63.60518073,-10.61272842,-11.50190171,128.3385043,HG
121.4431557,-40.71923414,-80.72392154,2.29E-09,-10.43986804,128.3272002,HG
121.4431557,-40.71923414,-80.72392154,2.61E-09,-10.43986804,128.3272002,HG
114.2967051,-15.72865154,-98.56805359,12.6997346,-9.138872865,128.3133194,HG
102.168492,10.01348579,-112.1819778,25.02496356,-7.848204062,128.2994401,HG
85.60712213,35.37618427,-120.9833064,36.04022657,-6.587075344,128.2855622,HG
65.31320817,59.29259403,-124.6058022,45.45202082,-5.366282773,128.2716859,HG
48.45943322,75.32227385,-123.7817071,50.9396145,-4.503250878,128.2614586,HG
48.45943322,75.32227385,-123.7817071,50.9396145,-4.503250878,128.2614586,HG
23.87612227,94.22824103,-118.1043633,56.53145175,-3.394476308,128.2475848,HG
-1.774380793,109.1218443,-107.3474635,59.23573502,-2.361782744,128.2337125,HG
-27.35023475,119.3297518,-91.97951706,58.95746926,-1.420348836,128.2198417,HG
-51.76045687,124.4891687,-72.72871181,55.33410772,-0.576214169,128.2059724,HG
-69.49518891,124.7049327,-55.20974379,53.19718091,0.015752615,128.1950555,HG
-69.49518891,124.7049327,-55.20974379,53.19718091,0.015752615,128.1950555,HG
-89.22527268,120.2466486,-31.02137588,45.58800581,0.662639701,128.1811889,HG
-105.1324288,110.6389882,-5.506559391,36.20940197,1.196419433,128.1673237,HG
-116.4985314,96.302136,20.19639537,24.02886731,1.611337519,128.1534601,HG
-122.8202279,77.82468739,44.99554051,12.37021918,1.905207862,128.139598,HG
-123.8213622,56.04470118,67.77666105,0.195931156,2.078952314,128.1257373,HG
-123.8005351,55.75485003,68.04568508,4.35E-11,2.080454838,128.1255637,HG
-123.8005351,55.75485003,68.04568508,-3.58E-10,2.080454838,128.1255637,HG
-119.4367074,31.58929586,87.84741157,-13.22554966,2.141632945,128.1117046,HG
-109.8705784,6.075796954,103.7947815,-25.56881095,2.086740042,128.097847,HG
-95.56110085,-19.61975169,115.1808525,-38.41882141,1.926447105,128.0839908,HG
-77.13397484,-44.4216805,121.5556553,-48.506413,1.669115127,128.0701362,HG
-57.00786195,-65.72182583,122.7296878,-56.16105565,1.350165663,128.0572623,HG
-57.00786194,-65.72182583,122.7296878,-56.16105565,1.350165663,128.0572623,HG
-33.00829498,-85.82342362,118.8317186,-62.89380683,0.931179861,128.0434106,HG
-7.565096283,-102.1576079,109.7227042,-65.00257308,0.440022295,128.0295604,HG
18.15560502,-113.9940571,95.83845203,-65.45801419,-0.102917539,128.0157116,HG
43.0783449,-120.853552,77.77520711,-63.84149944,-0.689299703,128.0018644,HG
66.15403226,-122.4214183,56.267386,-59.23853803,-1.312602904,127.9880187,HG
68.62040314,-122.2588113,53.6384082,-58.12197663,-1.384298512,127.9864367,HG
68.62040314,-122.2588113,53.6384082,-58.12197663,-1.384298512,127.9864367,HG
88.39356935,-117.8577169,29.46414757,-49.30005954,-2.021305242,127.9725926,HG
104.3333372,-108.3023886,3.969051449,-39.53551309,-2.663480778,127.9587501,HG
115.743613,-94.00392867,-21.73968432,-27.71958152,-3.297653072,127.9449091,HG
122.1090836,-75.57306578,-46.53601786,-14.34286443,-3.909814376,127.9310695,HG
123.1782243,-53.82143522,-69.35678909,-0.526393061,-4.491432054,127.9172315,HG
123.1170679,-53.01966653,-70.09740139,1.92E-09,-4.510824868,127.9167533,HG
123.1170679,-53.01966653,-70.09740139,2.31E-09,-4.510824868,127.9167533,HG
118.652964,-28.81445763,-89.83850632,14.0391313,-5.051068809,127.9029168,HG
109.0352091,-3.31508452,-105.7201246,27.47176209,-5.540602661,127.8890818,HG
94.68317846,22.38523996,-117.0684184,39.67486163,-5.974831559,127.8752484,HG
76.20533387,47.20406677,-123.4094006,49.84251444,-6.352844616,127.8614164,HG
54.3769488,69.9795433,-124.3564921,59.73159119,-6.652449818,127.8475859,HG
53.33885531,70.93818845,-124.2770438,59.9091879,-6.664558048,127.8469657,HG
53.33885531,70.93818845,-124.2770438,59.9091879,-6.664558048,127.8469657,HG
29.12602317,90.57088226,-119.6969054,65.94799433,-6.895853119,127.8331368,HG
3.605334912,106.3545898,-109.9599247,68.95167927,-7.061315966,127.8193093,HG
-22.08182578,117.5866289,-95.5048031,69.34464304,-7.16027506,127.8054834,HG
-46.83752128,123.7706587,-76.93313745,66.55056914,-7.194565672,127.791659,HG
-69.56088077,124.6358528,-55.07497205,61.21846544,-7.167943877,127.7778361,HG
-71.6656266,124.4260638,-52.76043716,60.42035374,-7.161838719,127.7764636,HG
-71.6656266,124.4260638,-52.76043716,60.42035374,-7.161838719,127.7764636,HG
-91.03103046,119.4140606,-28.38303015,53.51665571,-7.076044245,127.7626423,HG
-106.4966597,109.3065427,-2.809882976,41.67876301,-6.949898693,127.7488225,HG
-117.3438474,94.50321516,22.84063222,29.178856,-6.785065928,127.7350042,HG
-123.1172647,75.65563386,47.46163089,15.68832681,-6.59342056,127.7211874,HG
-123.5847068,53.58398556,70.0007212,0.876523042,-6.387386218,127.7073721,HG
-123.4314185,52.11455785,71.3168607,1.47E-09,-6.373814113,127.706507,HG
-123.4314185,52.11455784,71.3168607,1.11E-09,-6.373814113,127.706507,HG
-118.2056606,27.66522391,90.54043671,-14.62852304,-6.160689332,127.6926933,HG
-107.8975405,2.07903315,105.8185073,-28.26724788,-5.956943002,127.6788811,HG
-92.9002042,-23.57639672,116.4766009,-40.65532883,-5.770289899,127.6650703,HG
-73.89003791,-48.13523527,122.0252732,-52.13195867,-5.612849711,127.6512611,HG
-51.70723722,-70.52376534,122.2310026,-61.53218942,-5.495736852,127.6374533,HG
-49.89052318,-72.13958724,122.0301104,-61.95052413,-5.488908859,127.6363887,HG
-49.89052318,-72.13958724,122.0301104,-61.95052413,-5.488908859,127.6363887,HG
-25.35866351,-91.18427654,116.5429401,-67.47133244,-5.42819222,127.6225825,HG
0.262111092,-106.2061665,105.9440554,-70.71953095,-5.426782728,127.6087779,HG
25.85811013,-116.5890477,90.73093761,-70.82861714,-5.493612614,127.5949747,HG
50.35995256,-121.906876,71.54692348,-68.15708617,-5.635279225,127.581173,HG
72.59249849,-121.7848532,49.1923547,-62.5896721,-5.856593331,127.5673729,HG
74.35858581,-121.5289553,47.17036951,-61.98003082,-5.879362291,127.5661957,HG
74.35858581,-121.5289553,47.17036951,-61.98003082,-5.879362291,127.5661957,HG
93.15776722,-115.680382,22.52261478,-53.43313729,-6.191766932,127.5523972,HG
107.900694,-104.7759626,-3.124731411,-42.66037418,-6.588917644,127.5386001,HG
117.9630387,-89.28302016,-28.68001852,-30.08233673,-7.071458816,127.5248046,HG
122.8881646,-69.87613434,-53.01203027,-16.6440201,-7.636234355,127.5110105,HG
122.4838867,-47.33747779,-75.14640895,-1.49935871,-8.287219907,127.4972179,HG
122.1305215,-44.86788047,-77.26264105,3.76E-09,-8.358196977,127.4957866,HG
122.1305215,-44.86788047,-77.26264105,4.14E-09,-8.358196977,127.4957866,HG
115.8395335,-20.10484026,-95.73469328,14.3168933,-9.086811725,127.4819957,HG
104.5361261,5.577274412,-110.1134005,28.42114303,-9.882444571,127.4682063,HG
88.68765719,31.07274065,-119.7603978,41.08628792,-10.73678893,127.4544184,HG
68.97774003,55.25118012,-124.2289201,52.63231203,-11.63707092,127.440632,HG
46.25546427,77.13476138,-123.3902256,61.04818975,-12.58090748,127.4268471,HG
41.51431799,81.07102004,-122.585338,62.64379337,-12.7685605,127.4241336,HG
41.51431799,81.07102004,-122.585338,62.64379337,-12.7685605,127.4241336,HG
16.50343668,98.88988141,-115.3933181,68.86176856,-13.73746706,127.4103505,HG
-9.222281687,112.4696726,-103.2473909,71.60376696,-14.71299381,127.3965689,HG
-34.56748909,121.2337066,-86.66621746,71.57018989,-15.68429159,127.3827888,HG
-58.43728222,124.7883957,-66.35111346,68.59697769,-16.63747709,127.3690102,HG
-79.76862193,122.9749442,-43.20632229,62.95578633,-17.55267005,127.3552331,HG
-83.06238628,122.1395291,-39.07714285,61.61529175,-17.70237105,127.3528979,HG
-83.06238628,122.1395291,-39.07714285,61.61529175,-17.70237105,127.3528979,HG
-100.3004622,114.1889256,-13.88846333,53.01112132,-18.5626967,127.3391225,HG
-113.1912604,101.3429818,11.8482786,42.25087816,-19.35427338,127.3253486,HG
-121.2003655,84.15881557,37.04154998,29.94097583,-20.06984049,127.3115763,HG
-123.961822,63.38919099,60.572631,17.12886365,-20.69020029,127.2978054,HG
-121.353091,39.88789549,81.4651955,2.322215444,-21.21196984,127.284036,HG
-120.4533182,35.99397025,84.45934793,-4.41E-10,-21.28412395,127.2818611,HG
-120.4533182,35.99397025,84.45934793,-8.14E-10,-21.28412395,127.2818611,HG
-111.8011078,10.6608647,101.1402431,-14.17225762,-21.67509563,127.2680935,HG
-98.32823174,-15.06375249,113.3919842,-26.72693256,-21.94244736,127.2543274,HG
-80.57944661,-40.11663719,120.6960838,-38.46872958,-22.0832287,127.2405627,HG
-59.35702316,-63.35007725,122.7071004,-49.12818529,-22.08419765,127.2267995,HG
-35.5967725,-83.77308138,119.3698539,-56.78060594,-21.94892076,127.2130378,HG
-33.58023711,-85.28475565,118.8649928,-57.28920493,-21.93202024,127.2119195,HG
-33.58023711,-85.28475565,118.8649928,-57.28920493,-21.93202024,127.2119195,HG
-8.18570791,-101.7188393,109.9045472,-62.13499669,-21.65158639,127.1981595,HG
17.52806744,-113.677598,96.14953059,-64.49037168,-21.23357973,127.1844009,HG
42.4721158,-120.6635116,78.19139578,-64.06468741,-20.68335628,127.1706438,HG
65.58364942,-122.3647669,56.78111747,-59.94892567,-20.00294327,127.1568881,HG
85.25832136,-118.8988558,33.64053448,-54.06297314,-19.2280519,127.1435552,HG
85.25832136,-118.8988558,33.64053448,-54.06297314,-19.2280519,127.1435552,HG
101.8986691,-110.2103014,8.311632293,-46.05502891,-18.3205224,127.1298025,HG
114.146405,-96.6967069,-17.44969812,-36.03805643,-17.31384083,127.1160513,HG
121.3586858,-78.89857687,-42.46010895,-23.80677614,-16.20419753,127.1023015,HG
123.3338254,-57.6513189,-65.68250652,-11.25799827,-15.0250512,127.0885532,HG
120.7916873,-37.52531314,-83.26637414,-4.54E-10,-13.97210242,127.0768586,HG
120.7916873,-37.52531314,-83.26637414,-1.37E-10,-13.97210242,127.0768586,HG
112.9702285,-12.36558458,-100.6046439,13.56087813,-12.69248246,127.063113,HG
100.2147504,13.3953655,-113.6101159,25.57269707,-11.3753837,127.0493689,HG
83.11506237,38.62047561,-121.735538,36.08428252,-10.04441616,127.0356263,HG
62.38341339,62.23311118,-124.6165246,44.61633557,-8.710624144,127.0218852,HG
44.81214116,78.41942063,-123.2315618,50.98061704,-7.712410399,127.0114643,HG
44.81214116,78.41942063,-123.2315618,50.98061704,-7.712410399,127.0114643,HG
19.98862643,96.76751012,-116.7561366,56.1717205,-6.421342593,126.9977258,HG
-5.719545242,110.9776324,-105.2580872,58.71286265,-5.174323638,126.9839887,HG
-31.19775004,120.4400718,-89.24232178,58.55349487,-3.986750319,126.9702531,HG
-55.36934676,124.7585706,-69.38922382,56.01452455,-2.869281403,126.956519,HG
-72.07979685,124.4147168,-52.33491996,51.13536039,-2.083812013,126.9461341,HG
-72.07979685,124.4147168,-52.33491996,51.13536039,-2.083812013,126.9461341,HG
-91.38819685,119.3267155,-27.93851867,44.56674917,-1.130379925,126.9324026,HG
-106.7692709,109.1200925,-2.350821682,34.90275867,-0.278958661,126.9186726,HG
-117.5428611,94.24466882,23.2981923,23.96497907,0.459784167,126.904944,HG
-123.2616205,75.33100021,47.93062029,12.47984029,1.082629301,126.8912169,HG
-123.8968338,56.96262113,66.93421262,1.44E-10,1.503600834,126.8797269,HG
-123.8968338,56.96262113,66.93421262,-1.43E-10,1.503600834,126.8797269,HG
-119.7856159,32.90616037,86.87945551,-12.48507553,1.893616846,126.8660025,HG
-110.494696,7.453009988,103.041686,-25.53041245,2.158504808,126.8522796,HG
-96.43916296,-18.2730665,114.7122295,-36.59802737,2.300079833,126.8385582,HG
-78.17830878,-43.19145604,121.3697648,-46.63680801,2.318073961,126.8248383,HG
-59.41022559,-63.35041204,122.7606376,-55.52163979,2.233730584,126.8128281,HG
-59.41022559,-63.35041204,122.7606376,-55.52163979,2.233730584,126.8128281,HG
-35.67145705,-83.84687389,119.5183309,-61.04478702,2.051671079,126.7991109,HG
-10.34334577,-100.6102235,110.9535693,-64.10518297,1.757887713,126.7853953,HG
15.40732342,-112.9694383,97.56211488,-64.96854377,1.375387434,126.7716811,HG
40.48154649,-120.3867909,79.90524437,-62.89662421,0.913121508,126.7579685,HG
63.78420597,-122.5205462,58.7363402,-58.07017102,0.38237541,126.7442573,HG
66.62175503,-122.40322,55.78146495,-57.30228002,0.309153903,126.7424805,HG
66.62175503,-122.40322,55.78146495,-57.30228002,0.309153903,126.7424805,HG
86.72852393,-118.4936817,31.76515776,-49.48390929,-0.282283213,126.728771,HG
103.0506914,-109.4017697,6.351078265,-39.63455762,-0.909849326,126.715063,HG
114.9042099,-95.52048007,-19.38372986,-27.98612448,-1.563170602,126.7013565,HG
121.7589151,-77.4303741,-44.32854102,-14.69448588,-2.229444888,126.6876514,HG
123.3117034,-55.94009929,-67.37160412,-0.903189939,-2.890367295,126.6739479,HG
123.2260844,-54.44667426,-68.77941009,1.29E-09,-2.932674245,126.6730564,HG
123.2260844,-54.44667426,-68.77941009,1.64E-09,-2.932674245,126.6730564,HG
119.0840467,-30.35930762,-88.72473905,12.72819457,-3.576914825,126.6593545,HG
109.7850218,-4.904063173,-104.8809587,27.77582359,-4.194554545,126.645654,HG
95.69662666,20.81764724,-116.5142739,40.30944468,-4.771560757,126.631955,HG
77.45534345,45.68510501,-123.1404485,50.46129375,-5.299618505,126.6182575,HG
55.8283527,68.63352938,-124.4618821,58.32955894,-5.772029075,126.6045615,HG
52.4410636,71.76340691,-124.2044705,59.65723218,-5.835217914,126.602558,HG
52.4410636,71.76340691,-124.2044705,59.65723218,-5.835217914,126.602558,HG
28.13488395,91.27923794,-119.4141219,66.44998653,-6.233919327,126.5888637,HG
2.587037791,106.8862096,-109.4732474,69.22789411,-6.563328996,126.5751709,HG
-23.10269355,117.9423508,-94.83965725,68.7394023,-6.826672394,126.5614795,HG
-47.79368227,123.914171,-76.1204887,66.38829702,-7.014204417,126.5477896,HG
-70.40269229,124.5344645,-54.13177224,62.01184983,-7.126251722,126.5341013,HG
-72.59518139,124.3040126,-51.70883123,60.96380995,-7.135791193,126.5326831,HG
-72.59518139,124.3040126,-51.70883123,60.96380995,-7.135791193,126.5326831,HG
-91.82361188,119.0948994,-27.27128748,51.49773363,-7.180939337,126.5189963,HG
-107.0798909,108.7522176,-1.672326669,41.01434774,-7.161047872,126.505311,HG
-117.7203374,93.76213553,23.95820186,28.50968997,-7.087037203,126.4916273,HG
-123.2705604,74.74540259,48.52515781,14.32794853,-6.964442451,126.477945,HG
-123.493056,52.67384091,70.81921511,1.32E-10,-6.802496143,126.4643383,HG
-123.493056,52.6738409,70.81921511,-2.66E-10,-6.802496143,126.4643383,HG
-118.4028881,28.27424006,90.12864803,-14.1118007,-6.612045242,126.4506589,HG
-108.1982107,2.694593387,105.5036173,-28.02582891,-6.404592465,126.436981,HG
-93.32441304,-22.9487337,116.2731467,-40.63624942,-6.19182353,126.4233046,HG
-74.41532736,-47.57614819,121.9914756,-51.4981487,-5.986435201,126.4096297,HG
-52.25280401,-70.04768995,122.300494,-60.47558203,-5.79335968,126.3959562,HG
-50.61675237,-71.51167107,122.1284234,-60.92400757,-5.781398468,126.3950017,HG
-50.61675237,-71.51167107,122.1284234,-60.92400757,-5.781398468,126.3950017,HG
-26.1548966,-90.63716889,116.7920655,-66.85651575,-5.625456854,126.3813298,HG
-0.543808025,-105.802898,106.3467061,-70.36814211,-5.510791588,126.3676594,HG
25.07041207,-116.333727,91.26331489,-70.74833889,-5.448890599,126.3539905,HG
49.61349556,-121.7948081,72.18131254,-68.47006888,-5.449169432,126.3403231,HG
71.93668896,-121.8607553,49.9240663,-62.42061548,-5.518930749,126.3266571,HG
73.61631843,-121.6330881,48.01676966,-61.85590296,-5.52790683,126.3255548,HG
73.61631844,-121.6330881,48.01676966,-61.85590296,-5.52790683,126.3255548,HG
92.54657464,-115.9744208,23.42784612,-53.42510051,-5.682120852,126.3118904,HG
107.4484118,-105.2438911,-2.204520623,-42.6153549,-5.919160107,126.2982276,HG
117.6881173,-89.90437205,-27.7837453,-30.06180309,-6.242655915,126.2845662,HG
122.8037604,-70.6230023,-52.18075807,-16.59806369,-6.653537706,126.2709062,HG
122.5913167,-48.18054765,-74.41076905,-1.497140458,-7.156495327,126.2572478,HG
122.2561485,-45.7063095,-76.54983902,6.24E-10,-7.21335967,126.2558238,HG
122.2561485,-45.7063095,-76.54983902,9.95E-10,-7.21335967,126.2558238,HG
116.1520463,-20.99546303,-95.1565833,14.33292993,-7.808314209,126.242167,HG
105.0192542,4.673746828,-109.693001,28.41624981,-8.484559764,126.2285117,HG
89.32152885,30.19563978,-119.5171686,41.10394031,-9.236485441,126.2148579,HG
69.75207208,54.44303555,-124.1951076,52.24848383,-10.05366405,126.2012055,HG
47.08893411,76.43912849,-123.5280626,60.89024463,-10.93834363,126.1875547,HG
42.87958995,79.9738046,-122.8533945,62.32963928,-11.09635382,126.1851564,HG
42.87958995,79.9738046,-122.8533945,62.32963928,-11.09635382,126.1851564,HG
17.94657929,98.0018485,-115.9484278,68.57732972,-12.02900643,126.1715073,HG
-7.768966498,111.8412038,-104.0722373,71.55973569,-12.99381442,126.1578596,HG
-33.16656157,120.8905418,-87.72398022,71.67810217,-13.97865613,126.1442135,HG
-57.13586131,124.7390431,-67.60318177,68.88528568,-14.96755575,126.1305688,HG
-78.64124852,123.2413133,-44.60006479,63.21426508,-15.94597352,126.1169257,HG
-82.06251391,122.4223609,-40.35984698,61.97099757,-16.11444337,126.114549,HG
-82.06251392,122.4223609,-40.35984698,61.97099757,-16.11444337,126.114549,HG
-99.51115603,114.7424749,-15.23131891,53.55885878,-17.06449033,126.1009076,HG
-112.642767,102.1386711,10.50409589,42.58986648,-17.96673323,126.0872677,HG
-120.9172094,85.16446607,35.75274337,30.23387422,-18.8122899,126.0736292,HG
-123.9547437,64.55946507,59.39527862,17.37488601,-19.57997657,126.0599922,HG
-121.6278236,41.1750911,80.45273246,2.491470687,-20.26560732,126.0463568,HG
-120.7058006,37.0220398,83.6837608,8.56E-11,-20.37135399,126.0440525,HG
-120.7058006,37.0220398,83.6837608,-2.89E-10,-20.37135399,126.0440525,HG
-112.2628008,11.729428,100.5333728,-14.26162446,-20.93805718,126.0304187,HG
-98.97797768,-14.00137736,112.979355,-26.82835452,-21.38914412,126.0167865,HG
-81.38867237,-39.10495337,120.4936257,-38.71248593,-21.71954869,126.0031557,HG
-60.29283102,-62.42993079,122.7227618,-49.61786983,-21.91183535,125.9895263,HG
-36.61926325,-82.98455658,119.6038198,-57.43198704,-21.9667451,125.9758985,HG
-33.79268689,-85.11719888,118.9098858,-58.14106892,-21.96446606,125.9743438,HG
-33.79268688,-85.11719888,118.9098858,-58.14106892,-21.96446606,125.9743438,HG
-8.404269563,-101.5850701,109.9893397,-63.13046997,-21.86591746,125.9607176,HG
17.31066484,-113.5836332,96.27296831,-65.43572583,-21.62249444,125.9470929,HG
42.26474918,-120.6115924,78.34684324,-65.04068476,-21.2366402,125.9334696,HG
65.39589937,-122.3571849,56.96128555,-60.79079209,-20.70896919,125.9198478,HG
85.23484244,-118.8879823,33.65313985,-54.83056124,-20.06231784,125.9065433,HG
85.23484244,-118.8879823,33.65313985,-54.83056124,-20.06231784,125.9065433,HG
101.8719045,-110.1921231,8.32021854,-46.50182654,-19.27276559,125.8929244,HG
114.1119036,-96.68280389,-17.42909975,-36.43327593,-18.36887111,125.879307,HG
121.3435697,-78.89782543,-42.44574431,-24.39419811,-17.34532101,125.865691,HG
123.3234535,-57.654342,-65.66911148,-11.75723363,-16.22980719,125.8520765,HG
120.5728011,-36.54975877,-84.02304233,-3.25E-09,-15.16603017,125.8399513,HG
120.5728011,-36.54975877,-84.02304233,-2.93E-09,-15.16603017,125.8399513,HG
112.5489381,-11.34873765,-101.2002004,13.47738589,-13.90942456,125.8263395,HG
99.60794663,14.41963145,-114.0275781,25.27459408,-12.59461171,125.8127292,HG
82.31011432,39.61124664,-121.921361,35.32251696,-11.23996368,125.7991204,HG
61.51068152,63.10021501,-124.6108965,45.28854587,-9.88276204,125.7855131,HG
43.34927732,79.64529029,-122.9945676,51.31634822,-8.817458546,125.7749039,HG
43.34927732,79.64529029,-122.9945676,51.31634822,-8.817458546,125.7749039,HG
18.43417173,97.76350832,-116.1976801,56.14049052,-7.463108106,125.7612991,HG
-7.290101602,111.7001269,-104.4100253,58.62340684,-6.140812103,125.7476958,HG
-32.71902008,120.8578555,-88.13883538,58.26920571,-4.865998635,125.734094,HG
-56.77609146,124.8532487,-68.07715723,55.44870769,-3.651720251,125.7204936,HG
-72.95172311,124.3202821,-51.36855896,50.90523622,-2.810407342,125.7104691,HG
-72.95172311,124.3202821,-51.36855896,50.90523622,-2.810407342,125.7104691,HG
-92.1192545,119.0060165,-26.88676196,44.1407113,-1.745219885,125.6968712,HG
-107.3218209,108.5995832,-1.277762335,34.43548678,-0.780060113,125.6832749,HG
-117.903543,93.53911753,24.36442551,23.85892164,0.075747493,125.6696799,HG
-123.3465984,74.44358393,48.90301447,11.28341851,0.808718057,125.6560865,HG
-123.8331015,56.05461492,67.77848661,-8.94E-10,1.324387434,125.6447254,HG
-123.8331015,56.05461492,67.77848661,-1.26E-09,1.324387434,125.6447254,HG
-119.5126964,31.90406099,87.60863541,-12.66590368,1.824290343,125.6311347,HG
-110.0224858,6.419046142,103.6034397,-25.4891815,2.191756998,125.6175454,HG
-95.7871564,-19.29230947,115.0794659,-37.09439624,2.427994677,125.6039575,HG
-77.41245582,-44.14362699,121.5560828,-46.8812179,2.535943404,125.5903711,HG
-57.69840708,-65.07085945,122.7692665,-54.44997541,2.517194511,125.5779949,HG
-57.69840708,-65.07085945,122.7692665,-54.44997541,2.517194511,125.5779949,HG
-33.78773444,-85.2464947,119.0342291,-60.22612033,2.389385768,125.5644113,HG
-8.389001855,-101.7089616,110.0979635,-63.90710863,2.147470698,125.5508292,HG
17.34976399,-113.7107111,96.36094709,-64.64138665,1.804508017,125.5372486,HG
42.34957834,-120.7535501,78.40397179,-62.67246511,1.369315589,125.5236694,HG
65.45209095,-122.4601708,57.0080799,-57.33245164,0.856412636,125.5100918,HG
66.4291717,-122.4114867,55.98231498,-57.05215767,0.831657084,125.5094834,HG
66.4291717,-122.4114867,55.98231498,-57.05215767,0.831657084,125.5094834,HG
86.55585095,-118.5469328,31.99108186,-50.01448366,0.251049954,125.4959073,HG
102.9357202,-109.5022933,6.566573187,-38.88430674,-0.380426135,125.4823326,HG
114.8104259,-95.6471356,-19.16329029,-27.45945602,-1.044579299,125.4687595,HG
121.7017323,-77.60149731,-44.10023498,-15.23675884,-1.728756431,125.4551877,HG
123.3094711,-56.1265436,-67.18292752,-1.710990826,-2.421669154,125.4416175,HG
123.150696,-53.46099997,-69.68969605,-2.25E-09,-2.500955039,125.4400434,HG
123.150696,-53.46099997,-69.68969605,-1.87E-09,-2.500955039,125.4400434,HG
118.817532,-29.29254424,-89.5249878,13.94748051,-3.183522572,125.4264748,HG
109.234713,-3.75880804,-105.4759049,28.05726159,-3.842691222,125.4129077,HG
94.98511022,21.88845614,-116.8735664,40.39156539,-4.452733445,125.399342,HG
76.61682263,46.69195252,-123.3087751,50.01557722,-5.026245337,125.3857779,HG
54.85700246,69.56902269,-124.4260252,58.48769451,-5.549428762,125.3722152,HG
53.85884856,70.49094267,-124.3497912,58.88158075,-5.569716801,125.3716301,HG
53.85884856,70.49094267,-124.3497912,58.88158075,-5.569716801,125.3716301,HG
29.64858095,90.20721627,-119.8557972,65.21699878,-6.017505618,125.358069,HG
4.147813054,106.0834877,-110.2313007,68.33402989,-6.398207382,125.3445093,HG
-21.55217256,117.4201972,-95.86802459,68.50906225,-6.705999227,125.330951,HG
-46.33890341,123.7129813,-77.37407789,66.05268076,-6.937765843,125.3173943,HG
-69.1100881,124.6872928,-55.57720466,61.00986213,-7.091880088,125.303839,HG
-71.46684656,124.4642439,-52.99739735,60.05903897,-7.104369342,125.3023368,HG
-71.46684656,124.4642439,-52.99739735,60.05903897,-7.104369342,125.3023368,HG
-90.88203388,119.5020196,-28.61998575,53.33429566,-7.179485971,125.2887831,HG
-106.3798229,109.4463713,-3.066548323,41.18243591,-7.189374455,125.275231,HG
-117.274135,94.68536597,22.58876905,28.76167161,-7.135687782,125.2616802,HG
-123.1106211,75.88110495,47.22951614,15.08853428,-7.02949118,125.248131,HG
-123.6199566,53.82346091,69.79649571,0.458843132,-6.878095106,125.2345832,HG
-123.5433729,53.04786592,70.49550695,-4.70E-09,-6.872233723,125.2341341,HG
-123.5433729,53.04786592,70.49550695,-5.05E-09,-6.872233723,125.2341341,HG
-118.5247898,28.66538593,89.85940386,-14.01382456,-6.684450844,125.2205878,HG
-108.3972926,3.096449196,105.3008434,-27.93111539,-6.476304661,125.207043,HG
-93.5893173,-22.55598491,116.1453022,-40.49095156,-6.258790473,125.1934997,HG
-74.73446832,-47.2108916,121.9453599,-51.33759457,-6.045714899,125.1799578,HG
-52.61401498,-69.71905093,122.3330659,-60.57465765,-5.84215592,125.1664173,HG
-50.62946977,-71.49858487,122.1280546,-61.07434068,-5.826747802,125.1652698,HG
-50.62946977,-71.49858487,122.1280546,-61.07434068,-5.826747802,125.1652698,HG
-26.16793723,-90.62669289,116.7946301,-66.97849274,-5.659766852,125.151731,HG
-0.556457638,-105.7942236,106.3506812,-70.42553234,-5.533626308,125.1381936,HG
25.05882034,-116.3275898,91.26876949,-70.76412514,-5.460797957,125.1246577,HG
49.60458056,-121.7922184,72.18763787,-68.43982179,-5.451460004,125.1111232,HG
71.92658469,-121.8575904,49.93100568,-62.43955385,-5.513562013,125.0975902,HG
73.55135346,-121.6381703,48.08681686,-61.89371003,-5.52174217,125.0965346,HG
73.55135346,-121.6381703,48.08681686,-61.89371003,-5.52174217,125.0965346,HG
92.49235584,-115.9951328,23.50277691,-53.47474302,-5.671008612,125.0830032,HG
107.4075852,-105.2793112,-2.128274007,-42.68600748,-5.906291069,125.0694732,HG
117.6623204,-89.95283148,-27.70948893,-30.16142165,-6.231544374,125.0559447,HG
122.7934378,-70.68228859,-52.11114922,-16.72548641,-6.647883338,125.0424177,HG
122.5976035,-48.24732486,-74.3502786,-1.644434666,-7.160081484,125.0288922,HG
122.2282764,-45.53004429,-76.6982321,-9.19E-10,-7.223853444,125.0273437,HG
122.2282764,-45.53004429,-76.6982321,-5.48E-10,-7.223853444,125.0273437,HG
116.0863961,-20.8065098,-95.27988635,14.17394843,-7.833005517,125.0138198,HG
104.9276628,4.866219684,-109.7938825,28.45060179,-8.526344072,125.0002973,HG
89.17442437,30.39567421,-119.5700986,41.15905227,-9.300201796,124.9867764,HG
69.56160294,54.63387678,-124.1954797,52.35549981,-10.14087457,124.9732569,HG
46.92728162,76.56029972,-123.4875813,61.87357962,-11.0409893,124.9597388,HG
42.95969566,79.88429077,-122.8439864,62.61668532,-11.19405176,124.9575042,HG
42.95969566,79.88429077,-122.8439864,62.61668532,-11.19405176,124.9575042,HG
18.02648906,97.95303303,-115.9795221,68.582286,-12.1520269,124.9439879,HG
-7.685710036,111.8005811,-104.114871,71.52151521,-13.13821907,124.930473,HG
-33.08529174,120.8693585,-87.78406673,71.60405061,-14.14311826,124.9169596,HG
-57.09427775,124.7743283,-67.68005052,68.93149113,-15.1549804,124.9034477,HG
-78.58369733,123.255654,-44.67195666,63.15952792,-16.14203681,124.8899373,HG
-81.94538847,122.4649191,-40.51953064,61.93562518,-16.30928441,124.8876293,HG
-81.94538847,122.4649191,-40.51953064,61.93562518,-16.30928441,124.8876293,HG
-99.41323694,114.8090007,-15.39576377,53.2496443,-17.26524509,124.8741205,HG
-112.5764203,102.237004,10.33941639,42.55779574,-18.16816784,124.8606133,HG
-120.8834245,85.2888429,35.59458164,30.26942135,-19.00681492,124.8471075,HG
-123.9516774,64.70278481,59.24889261,17.49697742,-19.75901453,124.8336032,HG
-121.6618489,41.33239722,80.32945169,2.633478371,-20.42185357,124.8201004,HG
-120.6742926,36.87878428,83.79550827,3.27E-09,-20.53018553,124.8176536,HG
-120.6742926,36.87878428,83.79550827,2.90E-09,-20.53018553,124.8176536,HG
-112.2015137,11.57972691,100.6217868,-14.19368171,-21.06133184,124.8041525,HG
-98.89032733,-14.150146,113.0404733,-26.71273624,-21.46754744,124.7906529,HG
-81.27843493,-39.24904381,120.5274787,-38.5111395,-21.74420061,124.7771547,HG
-60.16285212,-62.56383157,122.7266837,-49.17534801,-21.8736748,124.763658,HG
-36.47590314,-83.10275475,119.5786579,-56.83109975,-21.85774601,124.7501627,HG
-34.61548474,-84.51097571,119.1264604,-57.3121888,-21.8506105,124.7491488,HG
-34.61548474,-84.51097571,119.1264604,-57.3121888,-21.8506105,124.7491488,HG
-9.258824193,-101.1167962,110.3756204,-62.17161835,-21.67815106,124.7356551,HG
16.46320361,-113.2717378,96.80853418,-64.56389641,-21.35370405,124.7221629,HG
41.45993008,-120.4712308,79.01130073,-64.15184913,-20.88194808,124.7086721,HG
64.67140228,-122.3957319,57.72432966,-60.16277587,-20.26419698,124.6951828,HG
85.05160739,-118.9600153,33.90840786,-54.0750786,-19.50827496,124.6816949,HG
85.05184794,-118.9599361,33.9080882,-54.07499207,-19.50826419,124.6816948,HG
85.05184794,-118.9599361,33.9080882,-54.07499207,-19.50826419,124.6816948,HG
101.7403707,-110.3177003,8.577329627,-46.27827361,-18.62362642,124.6682083,HG
113.9966337,-96.83568018,-17.16095354,-35.59432784,-17.61865682,124.6547234,HG
121.2989879,-79.10473928,-42.19424865,-23.98730304,-16.50776527,124.6412399,HG
123.3422358,-57.90270578,-65.43952997,-11.56095719,-15.30794872,124.6277578,HG
121.0461747,-38.71370442,-82.33247028,1.36E-09,-14.27205507,124.6168056,HG
121.0461747,-38.71370442,-82.33247029,1.70E-09,-14.27205507,124.6168056,HG
113.4563504,-13.61536431,-99.84098604,12.30428811,-12.94450107,124.6033261,HG
100.9481228,12.13637526,-113.0844981,24.9142882,-11.57415517,124.5898481,HG
84.04655995,37.43407245,-121.4806324,35.96871436,-10.17737102,124.5763716,HG
63.45448855,61.14184168,-124.5963302,44.97714433,-8.769064532,124.5628965,HG
44.35950796,78.79496953,-123.1544775,50.97863204,-7.622313618,124.5517644,HG
44.35950796,78.79496953,-123.1544775,50.97863204,-7.622313618,124.5517644,HG
19.51143902,97.07801013,-116.5894491,56.39332858,-6.257103274,124.5382919,HG
-6.20383654,111.2042433,-105.0004067,58.79416536,-4.936882435,124.5248209,HG
-31.66820035,120.576579,-88.90837863,58.52388885,-3.680156142,124.5113513,HG
-55.8115204,124.8078282,-68.9963078,55.86813223,-2.499097858,124.4978832,HG
-71.19952203,124.5251064,-53.32558433,51.37773888,-1.73656013,124.4885133,HG
-71.19952203,124.5251064,-53.32558433,51.37773888,-1.73656013,124.4885133,HG
-90.66304137,119.6479336,-28.98489227,44.83434632,-0.727055209,124.4750476,HG
-106.2218883,109.6533183,-3.431430066,35.02946203,0.168219002,124.4615834,HG
-117.2098745,94.97106447,22.23881003,24.10936773,0.940862029,124.4481206,HG
-123.1109074,76.17932386,46.93158355,11.91635556,1.581747101,124.4346592,HG
-123.863022,56.50647703,67.35654498,1.54E-09,2.038908036,124.4225567,HG
-123.863022,56.50647703,67.35654498,1.22E-09,2.038908036,124.4225567,HG
-119.662122,32.40395779,87.25816422,-11.27066292,2.420003456,124.4090981,HG
-110.2630166,6.933528111,103.3294885,-25.59944615,2.659830871,124.395641,HG
-96.10935569,-18.78489467,114.8942504,-37.27375818,2.764260581,124.3821853,HG
-77.81180759,-43.63716532,121.4489729,-47.41661124,2.737473609,124.3687311,HG
-56.37273851,-66.35997635,122.7327149,-55.23523632,2.587841703,124.3554108,HG
-56.37273851,-66.35997635,122.7327149,-55.23523632,2.587841703,124.3554108,HG
-32.31460006,-86.33144026,118.6460403,-61.33038231,2.317457828,124.3419595,HG
-6.873510954,-102.5469327,109.4204436,-64.64303872,1.94406441,124.3285096,HG
18.85366922,-114.2663538,95.41268453,-64.85718081,1.476591929,124.3150612,HG
43.73838184,-120.9724478,77.23406596,-62.56117572,0.929730566,124.3016143,HG
66.39696487,-122.4308221,56.03385721,-57.20692201,0.32566971,124.2883846,HG
66.39696487,-122.4308221,56.03385721,-57.20692201,0.32566971,124.2883846,HG
86.51394526,-118.5696539,32.05570865,-49.1728347,-0.335502262,124.2749406,HG
102.8841986,-109.5251388,6.64094023,-39.46728328,-1.033173204,124.261498,HG
114.8146366,-95.70680148,-19.10783514,-28.42707365,-1.750505862,124.2480569,HG
121.6944121,-77.62240661,-44.07200545,-14.99438419,-2.472658234,124.2346172,HG
123.3100046,-56.18772305,-67.12228154,-1.369966951,-3.174766118,124.221179,HG
123.1849571,-54.05582106,-69.12913603,1.68E-09,-3.238775716,124.2199323,HG
123.1849571,-54.05582106,-69.12913603,2.06E-09,-3.238775716,124.2199323,HG
118.9597966,-29.93276945,-89.02702712,14.0478491,-3.916892806,124.2064957,HG
109.5636256,-4.468122208,-105.0955034,27.39435834,-4.552831632,124.1930605,HG
95.41125509,21.24702082,-116.6582759,39.60257415,-5.138424913,124.1796268,HG
77.10377884,46.12624373,-123.2300226,49.75418819,-5.668247915,124.1661946,HG
55.40179717,69.0194687,-124.4212659,59.38016871,-6.119121898,124.1527638,HG
53.81858061,70.49196067,-124.3105413,59.721953,-6.147323091,124.1518422,HG
53.81858061,70.49196067,-124.3105413,59.721953,-6.147323091,124.1518422,HG
29.63830761,90.19772999,-119.8360376,65.40195329,-6.51827889,124.1384129,HG
4.130680602,106.0729359,-110.2036165,68.94326378,-6.814639373,124.1249852,HG
-21.56474164,117.4048403,-95.84009866,69.33348436,-7.031143673,124.1115589,HG
-46.36848043,123.7221105,-77.35363006,66.84551987,-7.172754962,124.098134,HG
-69.13704808,124.6626438,-55.52559571,60.95098209,-7.228473378,124.0847106,HG
-71.59661673,124.4337067,-52.83708997,60.21206502,-7.231233169,124.0831579,HG
-71.59661673,124.4337067,-52.83708997,60.21206502,-7.231233169,124.0831579,HG
-90.98463862,119.4647119,-28.48007329,52.19028929,-7.214691655,124.0697361,HG
-106.4528227,109.3645018,-2.91167916,41.48866386,-7.135964948,124.0563158,HG
-117.3282278,94.5852404,22.74298738,29.17463868,-7.005003242,124.0428969,HG
-123.1288758,75.76745641,47.36141937,15.84077486,-6.830778315,124.0294795,HG
-123.6011331,53.68890077,69.91223235,1.090505349,-6.62478119,124.0160635,HG
-123.4242697,51.97773933,71.44653042,1.77E-09,-6.608795398,124.0150857,HG
-123.4242697,51.97773933,71.44653042,1.39E-09,-6.608795398,124.0150857,HG
-118.1760235,27.51235052,90.66367297,-14.56028684,-6.384968315,124.0016713,HG
-107.8332305,1.920114701,105.9131158,-28.16891494,-6.158541164,123.9882583,HG
-92.83411801,-23.73756419,116.5716822,-40.48972507,-5.943665448,123.9748468,HG
-73.7582516,-48.29346702,122.0517186,-51.8917117,-5.746622073,123.9614367,HG
-51.58586969,-70.63625367,122.2221234,-60.52273958,-5.590385545,123.9480281,HG
-50.53977326,-71.56781242,122.1075857,-60.84708433,-5.584557044,123.9474345,HG
-50.53977326,-71.56781242,122.1075857,-60.84708433,-5.584557044,123.9474345,HG
-26.05185074,-90.7238685,116.7757192,-67.24944178,-5.482926629,123.9340274,HG
-0.446621541,-105.8592788,106.3059003,-70.39883701,-5.441716001,123.9206217,HG
25.16453719,-116.3716884,91.20715116,-70.78908991,-5.473246055,123.9072175,HG
49.68394236,-121.7835273,72.09958496,-68.33155777,-5.585965686,123.8938147,HG
72.02570811,-121.8531474,49.82743927,-62.56819129,-5.787049336,123.8804134,HG
74.51343181,-121.4989414,46.98550958,-61.66435584,-5.817288777,123.8788014,HG
74.51343181,-121.4989414,46.98550957,-61.66435584,-5.817288777,123.8788014,HG
93.28279711,-115.6117477,22.32895061,-53.22565167,-6.123021842,123.8654017,HG
107.9902006,-104.666293,-3.323907604,-42.47872448,-6.524651827,123.8520034,HG
118.011545,-89.13624106,-28.87530395,-30.01170963,-7.022982552,123.8386067,HG
122.9245522,-69.68339801,-53.24115424,-16.847592,-7.617484001,123.8252113,HG
122.4350248,-47.1570014,-75.27802342,-1.748937505,-8.300645075,123.8118175,HG
122.0418531,-44.44034966,-77.60150347,3.23E-09,-8.384206571,123.8102942,HG
122.0418531,-44.44034966,-77.60150347,3.62E-09,-8.384206571,123.8102942,HG
115.670119,-19.64318136,-96.02693762,14.68111835,-9.162395662,123.7969019,HG
104.2854263,6.039493387,-110.3249196,28.53230533,-10.01300311,123.7835111,HG
88.3674374,31.54819204,-119.9156294,40.74030887,-10.9315317,123.7701218,HG
68.53273345,55.7278448,-124.2605782,51.44786138,-11.90275227,123.7567339,HG
45.80841394,77.47108218,-123.2794961,60.90191053,-12.89759558,123.7433475,HG
41.59490727,80.9745645,-122.5694718,62.27244524,-13.0766046,123.7410077,HG
41.59490727,80.9745645,-122.5694718,62.27244524,-13.0766046,123.7410077,HG
16.59240547,98.8270656,-115.4194711,68.11725018,-14.10692483,123.727623,HG
-9.131334045,112.420535,-103.2892009,70.94250555,-15.13515559,123.7142397,HG
-34.4809937,121.2099228,-86.72892914,70.88896022,-16.15025227,123.7008579,HG
-58.3491792,124.7781705,-66.42899134,68.12692713,-17.13155046,123.6874776,HG
-79.69811724,122.9966827,-43.29856545,62.42247358,-18.0617872,123.6740987,HG
-82.9823256,122.1604154,-39.17808982,61.21674391,-18.21181805,123.6718398,HG
-82.9823256,122.1604154,-39.17808981,61.21674391,-18.21181805,123.6718398,HG
-100.2458139,114.2360044,-13.99019048,52.45418841,-19.06528154,123.6584627,HG
-113.1569648,101.4103129,11.74665195,41.8299232,-19.82636735,123.6450869,HG
-121.1903237,84.24536972,36.94495398,29.5898572,-20.48785949,123.6317127,HG
-123.9709112,63.48535462,60.48555662,16.90698001,-21.02803694,123.6183398,HG
-121.3922462,39.99411669,81.39812948,2.242599328,-21.44501027,123.6049685,HG
-120.5103781,36.15918307,84.35119502,3.88E-09,-21.49714099,123.6028879,HG
-120.5103781,36.15918307,84.35119502,3.51E-09,-21.49714099,123.6028879,HG
-111.8928194,10.83109694,101.0617224,-13.97927946,-21.75172101,123.5895182,HG
-98.45026354,-14.89731134,113.3475749,-26.37783647,-21.85716322,123.5761499,HG
-80.72825988,-39.95969715,120.687957,-38.05299751,-21.81012314,123.5627831,HG
-59.53011078,-63.18781343,122.7179242,-48.93412709,-21.59559315,123.5494178,HG
-35.8336139,-83.58882734,119.4224412,-54.91821917,-21.22698181,123.5360539,HG
-32.10786001,-86.37549404,118.4833541,-56.6317871,-21.16303602,123.5340581,HG
-32.10786001,-86.37549404,118.4833541,-56.6317871,-21.16303602,123.5340581,HG
-6.614675772,-102.6041778,109.2188536,-60.89570441,-20.62787956,123.5206958,HG
12.76996603,-111.8371035,99.06713743,-62.76534821,-20.12165808,123.5106416,HG
36.21060522,-119.3943523,83.1837471,-62.28641415,-19.38731138,123.4982358,HG
58.30000437,-122.4534201,64.15341569,-59.67434471,-18.53904053,123.4858312,HG
78.16788159,-120.8342074,42.66632582,-55.493602,-17.57193249,123.4734279,HG
82.95736808,-119.6505039,36.69313584,-53.55037892,-17.30300542,123.4701516,HG
82.95736808,-119.6505039,36.69313584,-53.55037892,-17.30300542,123.4701516,HG
99.02223385,-112.3283386,13.30610473,-45.70831797,-16.22489121,123.4577499,HG
111.3872136,-100.7516081,-10.63560548,-36.6163001,-15.06478903,123.4453493,HG
119.5340055,-85.35603577,-34.17796978,-26.59721976,-13.83645495,123.43295,HG
123.2370509,-66.74788884,-56.48916204,-14.80956658,-12.56201451,123.420552,HG
122.319706,-45.58280439,-76.73690163,-2.546956979,-11.2484178,123.4081552,HG
121.5474929,-40.94981981,-80.5976731,-8.64E-10,-10.97237654,123.4055882,HG
121.5474929,-40.94981981,-80.5976731,-5.22E-10,-10.97237654,123.4055882,HG
115.1042778,-17.75841949,-97.34585835,11.95975281,-9.632689437,123.3931928,HG
104.3563435,6.126011282,-110.4823548,23.35882725,-8.295491079,123.3807987,HG
89.69533697,29.83769003,-119.533027,33.77616598,-6.972670765,123.3684058,HG
71.67403252,52.46793515,-124.1419677,42.68819453,-5.682552522,123.3560142,HG
50.92522157,73.22253061,-124.1477522,50.38115553,-4.432081252,123.3436238,HG
48.28932742,75.54415119,-123.8334786,51.05385109,-4.286512853,123.3421338,HG
48.28932742,75.54415119,-123.8334786,51.05385109,-4.286512853,123.3421338,HG
25.47416285,93.20483287,-118.6789957,56.0889848,-3.109940714,123.3297447,HG
1.698491741,107.4423844,-109.1408762,59.01863219,-2.009180273,123.3173569,HG
-22.1731451,117.728301,-95.55515595,59.87593103,-0.993742675,123.3049704,HG
-45.21635487,123.6056391,-78.38928424,57.29135321,-0.079527816,123.2925851,HG
-66.54690723,124.9317172,-58.38480996,52.62642224,0.723879387,123.280201,HG
-70.44128726,124.6548509,-54.21356363,52.15835974,0.868168438,123.2777929,HG
-70.44128726,124.6548509,-54.21356363,52.15835974,0.868168438,123.2777929,HG
-88.78139769,120.4915679,-31.71017022,45.56624965,1.539630589,123.2654103,HG
-103.7927248,111.8584815,-8.065756701,36.69610263,2.087323318,123.2530289,HG
-114.9473647,99.09689679,15.85046793,26.48624279,2.511788841,123.2406488,HG
-121.8314687,82.67718847,39.15428027,15.50273839,2.811999795,123.2282699,HG
-124.1303237,63.18063392,60.94968976,3.06341741,2.982543459,123.2158923,HG
-123.9821196,57.78802222,66.1940974,3.35E-10,3.007492676,123.2127163,HG
-123.9821196,57.78802222,66.19409741,-1.59E-10,3.007492676,123.2127163,HG
-120.5086597,35.53329641,84.97536332,-11.42469401,3.029126622,123.2003402,HG
-112.5275593,11.99814651,100.5294128,-23.34339919,2.932761096,123.1879653,HG
-100.3448947,-11.93958324,112.284478,-35.53202587,2.725758946,123.1755918,HG
-84.45152083,-35.35714403,119.8086649,-46.19383758,2.420511811,123.1632194,HG
-65.39940341,-57.43437571,122.8337791,-53.87209767,2.021618527,123.1508483,HG
-57.83375835,-64.93119483,122.7649532,-56.4310175,1.854430885,123.1463607,HG
-57.83375834,-64.93119483,122.7649532,-56.4310175,1.854430885,123.1463607,HG
-35.66520848,-83.84837585,119.5135843,-61.99170008,1.349048899,123.1339913,HG
-12.17770801,-99.55737119,111.7350792,-65.41673355,0.778816152,123.1216231,HG
11.75458025,-111.5104102,99.75582997,-66.38191033,0.157070879,123.1092562,HG
35.24970865,-119.2637999,84.01409122,-64.88360177,-0.504399585,123.0968905,HG
57.3905784,-122.4699168,65.07933836,-60.98146175,-1.189417133,123.0845261,HG
67.00840013,-122.3940244,55.3856243,-58.47501198,-1.513447019,123.0787754,HG
67.00840013,-122.3940244,55.3856243,-58.47501198,-1.513447019,123.0787754,HG
85.74301248,-118.8582602,33.11524769,-51.23894068,-2.211338293,123.0664128,HG
101.2569108,-110.8375363,9.58062543,-42.45326793,-2.900123216,123.0540515,HG
113.0022173,-98.62516477,-14.37705249,-32.20818706,-3.574205425,123.0416914,HG
120.4498747,-82.66875801,-37.78111665,-19.30748247,-4.206459257,123.0293325,HG
123.4122481,-63.5860302,-59.82621792,-6.697947037,-4.800977175,123.0169749,HG
123.1613966,-53.20376971,-69.95762691,-5.23E-10,-5.076355711,123.0108667,HG
123.1613966,-53.20376971,-69.95762691,-1.62E-10,-5.076355711,123.0108667,HG
119.2366596,-30.79274603,-88.44391356,13.05443157,-5.593709378,122.998511,HG
110.8327945,-7.18958632,-103.6432082,25.61866246,-6.046464027,122.9861565,HG
98.27958049,16.73036117,-115.0099417,37.27589703,-6.433137509,122.9738033,HG
82.03859757,40.0869351,-122.1255327,47.38064855,-6.751724732,122.9614513,HG
62.6935262,61.97440882,-124.667935,56.69790453,-6.991900522,122.9491005,HG
52.06491776,72.14287315,-124.2077909,59.99001572,-7.084626864,122.9428999,HG
52.06491776,72.14287315,-124.2077909,59.99001572,-7.084626864,122.9428999,HG
29.51342667,90.33323198,-119.8466587,65.8005328,-7.218601791,122.930551,HG
5.830572211,105.2083725,-111.0389447,68.61574151,-7.285224188,122.9182034,HG
-18.07549039,116.1806862,-98.1051958,69.86269667,-7.284579278,122.905857,HG
-41.31103804,122.835142,-81.52410392,68.7259478,-7.22233319,122.8935118,HG
-63.00937697,124.9611572,-61.95178023,64.62344699,-7.11122176,122.8811679,HG
-72.75480922,124.3422744,-51.58746518,60.52338132,-7.043538461,122.8751767,HG
-72.75480922,124.3422744,-51.58746518,60.52338132,-7.043538461,122.8751767,HG
-90.70739608,119.6234033,-28.91600717,52.57109459,-6.872214653,122.8628346,HG
-105.2835065,110.4788641,-5.195357655,42.92843637,-6.672878739,122.8504937,HG
-115.929051,97.24921724,18.67983376,31.8011749,-6.455937398,122.8381541,HG
-122.2639239,80.44476437,41.8191595,19.59493357,-6.234655409,122.8258158,HG
-124.038875,60.64072169,63.39815327,5.498989981,-6.018445335,122.8134786,HG
-123.3651785,51.41403891,71.9511396,3.60E-10,-5.929836302,122.8081763,HG
-123.3651785,51.41403891,71.95113961,-1.13E-11,-5.929836302,122.8081763,HG
-118.5436625,28.70422304,89.83943942,-13.58847005,-5.743409422,122.7958409,HG
-109.3135732,4.978291242,104.3352819,-26.33980503,-5.592204768,122.7835068,HG
-96.01124389,-18.91803653,114.9292804,-38.12215207,-5.486833418,122.7711739,HG
-79.07009921,-42.04425467,121.1143539,-49.02439258,-5.434893952,122.7588422,HG
-59.2580989,-63.49893654,122.7570354,-57.89009482,-5.449065285,122.7465118,HG
-48.32343934,-73.52189749,121.8453368,-61.7902881,-5.483756816,122.7402714,HG
-48.32343934,-73.52189749,121.8453368,-61.7902881,-5.483756816,122.7402714,HG
-25.48426562,-91.10730162,116.5915672,-67.48641242,-5.609965431,122.7279428,HG
-1.702724376,-105.2273177,106.9300421,-70.70450838,-5.817593639,122.7156155,HG
22.13066221,-115.3761152,93.24545295,-71.37496449,-6.110609344,122.7032894,HG
45.14038094,-121.1828425,76.04246151,-69.62818464,-6.491517575,122.6909646,HG
66.41979588,-122.3648696,55.94507372,-65.15344967,-6.960740653,122.678641,HG
75.89788621,-121.2789996,45.38111341,-62.24340744,-7.219894434,122.6726622,HG
75.89788621,-121.2789996,45.3811134,-62.24340744,-7.219894434,122.6726622,HG
93.23132712,-115.662366,22.43103888,-54.36492478,-7.816831972,122.6603405,HG
107.0559125,-105.6741256,-1.381786827,-44.68631434,-8.493817902,122.64802,HG
116.891816,-91.6932882,-25.19852784,-34.24867976,-9.24764891,122.6357007,HG
122.3026818,-74.22970975,-48.07297204,-20.71964547,-10.06557429,122.6233827,HG
123.1467299,-53.95263391,-69.19409595,-7.592339557,-10.94180222,122.6110659,HG
121.6377467,-41.90533273,-79.73241396,2.21E-09,-11.44316939,122.604316,HG
121.6377467,-41.90533273,-79.73241397,2.58E-09,-11.44316939,122.604316,HG
115.3947971,-18.78467072,-96.61012643,13.42018484,-12.38756781,122.5920012,HG
104.8158554,5.079234838,-109.8950903,26.24057627,-13.35765299,122.5796876,HG
90.31095113,28.8005419,-119.111493,38.05798421,-14.34169918,122.5673752,HG
72.41345029,51.50469888,-123.9181492,48.14055822,-15.32721801,122.5550641,HG
51.77184654,72.31441417,-124.0862607,56.9510268,-16.29444872,122.5427543,HG
38.53585997,83.46889487,-122.0047548,61.28967263,-16.85230625,122.535427,HG
38.53585997,83.46889488,-122.0047548,61.28967263,-16.85230625,122.535427,HG
15.21385532,99.70527803,-114.9191333,66.63059069,-17.76079299,122.5231192,HG
-8.704689797,112.2690138,-103.564324,69.00764048,-18.61676828,122.5108125,HG
-32.2996818,120.6646731,-88.36499126,69.77969341,-19.39935369,122.4985072,HG
-54.69404039,124.5770021,-69.88296168,68.15473596,-20.0956969,122.486203,HG
-75.05549124,123.8926161,-48.8371249,63.63395312,-20.6973255,122.4739001,HG
-85.09671895,121.570311,-36.47359207,59.25607618,-20.98365294,122.4671444,HG
-85.09671895,121.570311,-36.47359207,59.25607618,-20.98365294,122.4671444,HG
-100.8385463,113.850804,-13.01225774,51.21917739,-21.41165679,122.4548434,HG
-112.8265465,101.919654,10.90689247,41.54689984,-21.71720123,122.4425437,HG
-120.5996978,86.22070026,34.37899753,30.65148388,-21.88946809,122.4302452,HG
-123.8865148,67.3347821,56.55173269,18.04177586,-21.92841205,122.4179479,HG
-122.5388614,45.98043611,76.55842526,5.27975446,-21.82246317,122.4056519,HG
-120.5443748,36.26288154,84.28149326,-1.06E-10,-21.73114417,122.4003806,HG
-120.5443748,36.26288154,84.28149326,-4.42E-10,-21.73114417,122.4003806,HG
-112.7333803,12.76862129,99.96475899,-12.44458287,-21.42533339,122.3880863,HG
-100.7119814,-11.14818257,111.860164,-24.25365842,-20.97493029,122.3757933,HG
-84.93808721,-34.61010795,119.5481952,-34.92750396,-20.38839112,122.3635015,HG
-65.99413214,-56.751547,122.7456791,-43.95031293,-19.67193498,122.3512109,HG
-44.568455,-76.70603127,121.2744863,-51.92519079,-18.8198572,122.3389215,HG
-36.93078881,-82.81605519,119.746844,-53.65104277,-18.50785787,122.3347714,HG
-36.93078881,-82.81605519,119.746844,-53.65104277,-18.50785787,122.3347714,HG
-13.50867115,-98.72431631,112.2329875,-58.63324072,-17.51045816,122.3224837,HG
10.41618658,-110.9016101,100.4854235,-60.74367381,-16.41231235,122.3101972,HG
33.94988303,-118.9019987,84.95211571,-60.37587322,-15.22932494,122.297912,HG
56.20071021,-122.3978728,66.19716257,-58.09883987,-13.97136527,122.2856279,HG
76.33783254,-121.2557491,44.91791658,-53.67080246,-12.65320133,122.2733451,HG
80.06491825,-120.4707873,40.4058691,-51.65265806,-12.38461358,122.2708662,HG
80.06491825,-120.4707873,40.4058691,-51.65265806,-12.38461358,122.2708662,HG
96.69017177,-113.8736161,17.18344436,-44.70850721,-11.02515014,122.2585848,HG
109.6780331,-102.9668622,-6.71117087,-35.37924279,-9.645820112,122.2463047,HG
118.5639455,-88.17080943,-30.39313608,-24.82748658,-8.264535971,122.2340258,HG
123.0069312,-70.01957205,-52.98735918,-13.33314489,-6.895543747,122.2217481,HG
122.8254132,-49.20060534,-73.62480781,-1.627200828,-5.558347527,122.2094716,HG
122.4724311,-46.41372435,-76.05870677,2.10E-09,-5.392574484,122.2079156,HG
122.4724311,-46.41372435,-76.05870677,2.45E-09,-5.392574484,122.2079156,HG
117.123484,-23.53499091,-93.58849308,11.43932149,-4.111287165,122.1956406,HG
107.4025077,0.264312383,-107.6668201,24.0232504,-2.896223532,122.1833667,HG
93.63001663,24.10459867,-117.7346153,34.38851006,-1.760402237,122.1710941,HG
76.3528291,47.08862933,-123.4414584,43.15307846,-0.717191466,122.1588226,HG
56.20798869,68.36153915,-124.5695278,50.77346655,0.222645523,122.1465524,HG
52.41055531,71.87543046,-124.2859858,51.72975458,0.376084399,122.1443814,HG
52.41055531,71.87543046,-124.2859858,51.72975458,0.376084399,122.1443814,HG
29.86551895,90.12670613,-119.9922251,57.53027984,1.182557056,122.1321127,HG
6.201117688,105.0430855,-111.2442032,60.34977111,1.865430076,122.1198452,HG
-17.71009363,116.0863229,-98.37622927,61.02279321,2.421684158,122.1075789,HG
-40.98409096,122.8487138,-81.86462288,59.50752635,2.848682702,122.0953138,HG
-62.7116811,125.0292837,-62.31760262,55.21368755,3.139844164,122.0830499,HG
-67.42468338,124.8752176,-57.45053423,54.09343355,3.188472224,122.0802204,HG
-67.42468338,124.8752176,-57.45053423,54.09343355,3.188472224,122.0802204,HG
-86.19802632,121.3906106,-35.19258432,47.13275633,3.321896048,122.0679581,HG
-101.7501244,113.4186316,-11.66850717,38.8261095,3.328855763,122.055697,HG
-113.5390825,101.2595688,12.27951362,29.23895024,3.215693634,122.0434371,HG
-121.0408911,85.32835588,35.71253521,16.79484029,2.983667578,122.0311785,HG
-124.0558961,66.27474914,57.78114693,4.697502859,2.649361339,122.0189211,HG
-124.0012326,58.77043059,65.23080201,1.13E-09,2.50409361,122.0145077,HG
-124.0012326,58.77043059,65.23080201,7.74E-10,2.50409361,122.0145077,HG
-120.7429465,36.59823546,84.14471105,-12.59050289,2.043918645,122.002252,HG
-112.9734919,13.1124428,99.86104911,-24.71387896,1.505847718,121.9899975,HG
-100.9986427,-10.82107322,111.8197159,-36.01973428,0.90236183,121.9777443,HG
-85.25937445,-34.31876588,119.5781403,-45.70289746,0.245980559,121.9654923,HG
-66.31320196,-56.48008811,122.7932901,-54.6598441,-0.449809422,121.9532415,HG
-56.8134334,-65.91615579,122.7295892,-57.92692785,-0.7724444,121.9476448,HG
-56.8134334,-65.91615579,122.7295892,-57.92692785,-0.7724444,121.9476448,HG
-34.56885957,-84.67248797,119.2413475,-63.85906512,-1.493072799,121.9353958,HG
-11.02559817,-100.2357377,111.2613359,-66.62467021,-2.219300058,121.9231481,HG
12.91088847,-111.98854,99.07765155,-67.93182351,-2.932300017,121.9109016,HG
36.34346378,-119.4894655,83.14600172,-67.07312306,-3.61948473,121.8986563,HG
58.40352706,-122.4989573,64.09543028,-63.2465554,-4.270851387,121.8864123,HG
68.85841003,-122.268799,53.41038894,-59.3097842,-4.586898405,121.8801745,HG
68.85841003,-122.268799,53.41038894,-59.3097842,-4.586898405,121.8801745,HG
87.31573723,-118.3113553,30.99561805,-51.62433623,-5.164160172,121.8679323,HG
102.5006543,-109.8868858,7.386231496,-42.31780074,-5.681891523,121.8556914,HG
113.834889,-97.30594696,-16.528942,-31.57219671,-6.131581042,121.8434517,HG
120.9091282,-81.05621276,-39.85291548,-19.91211238,-6.509662572,121.8312132,HG
123.4684796,-61.70465291,-61.76382666,-5.672270143,-6.818406975,121.818976,HG
123.0623779,-51.91542493,-71.14695298,1.81E-09,-6.929994802,121.8133143,HG
123.0623779,-51.91542493,-71.14695298,2.18E-09,-6.929994802,121.8133143,HG
118.8529538,-29.40467384,-89.44827997,13.02943327,-7.12293401,121.8010789,HG
110.1904035,-5.758426911,-104.4319766,25.79044212,-7.240270656,121.7888447,HG
97.39968694,18.15143082,-115.5511178,37.54051141,-7.287067389,121.7766117,HG
80.9554057,41.44417928,-122.399585,47.86040442,-7.269812592,121.76438,HG
61.44756431,63.21272637,-124.6602907,57.18024381,-7.186854364,121.7521495,HG
50.89079939,73.18426028,-124.0750597,60.36794617,-7.127359346,121.7460859,HG
50.89079939,73.18426029,-124.0750597,60.36794617,-7.127359346,121.7460859,HG
28.25776492,91.21017686,-119.4679418,66.10129812,-6.975401578,121.7338572,HG
4.542346337,105.8857762,-110.4281225,69.0773409,-6.787853947,121.7216297,HG
-19.34796374,116.6328221,-97.28485836,70.32829088,-6.573758162,121.7094035,HG
-42.5224589,123.0468589,-80.52439996,68.94188729,-6.344973007,121.6971785,HG
-64.11373064,124.9228891,-60.80915844,64.74664431,-6.117731731,121.6849547,HG
-73.55738103,124.2139232,-50.65654216,60.85336652,-6.014896165,121.6791689,HG
-73.55738103,124.2139232,-50.65654216,60.85336652,-6.014896165,121.6791689,HG
-91.3787613,119.3037996,-27.9250383,52.98686968,-5.809588973,121.666947,HG
-105.7984512,109.9800026,-4.181551381,43.29972325,-5.634638079,121.6547262,HG
-116.2830005,96.59529891,19.68770158,32.01506048,-5.50222325,121.6425067,HG
-122.4222783,79.65781285,42.76446549,19.91693506,-5.423157384,121.6302884,HG
-123.9923853,59.72741832,64.26496701,5.96244338,-5.407226665,121.6180714,HG
-123.1708483,49.95294205,73.21790628,1.34E-09,-5.423518637,121.6125327,HG
-123.1708483,49.95294205,73.21790628,9.66E-10,-5.423518637,121.6125327,HG
-118.0488908,27.15159846,90.8972923,-13.57379842,-5.516184944,121.6003175,HG
-108.5406881,3.390715245,105.1499729,-26.46824973,-5.691651876,121.5881034,HG
-94.98420417,-20.48233412,115.4665383,-38.22696677,-5.955606551,121.5758906,HG
-77.82749163,-43.52447306,121.3519647,-48.76082114,-6.312341605,121.563679,HG
-57.85354566,-64.84082555,122.6943712,-57.85991217,-6.757667821,121.5514686,HG
-45.8458232,-75.6283401,121.4741633,-62.23810233,-7.044225776,121.544734,HG
-45.8458232,-75.6283401,121.4741633,-62.23810233,-7.044225776,121.544734,HG
-22.8570129,-92.85841917,115.7154321,-67.79863761,-7.632903411,121.5325255,HG
0.971494046,-106.55617,105.5846759,-70.95240129,-8.307641464,121.5203183,HG
24.75282228,-116.232484,91.4796617,-71.57192229,-9.062755352,121.5081123,HG
47.61120473,-121.5321121,73.92090735,-69.76185562,-9.891566423,121.4959075,HG
68.64906304,-122.1997803,53.55071721,-65.27521213,-10.7816487,121.483704,HG
78.79701193,-120.6879125,41.89090058,-62.08963763,-11.27520976,121.4772433,HG
78.79701193,-120.6879125,41.89090058,-62.08963763,-11.27520976,121.4772433,HG
95.61843845,-114.3671344,18.74869598,-54.7217026,-12.24009601,121.4650417,HG
108.8510184,-103.7295356,-5.12148286,-45.05429338,-13.23545357,121.4528413,HG
117.9984064,-89.16567398,-28.83273247,-33.06264855,-14.2471872,121.4406421,HG
122.720969,-71.22328117,-51.49768787,-20.66511085,-15.2597876,121.4284442,HG
122.847418,-50.57507359,-72.27234442,-7.644469038,-16.2577587,121.4162475,HG
120.966476,-38.55403199,-82.41244402,2.14E-09,-16.78242931,121.4096608,HG
120.966476,-38.55403199,-82.41244402,2.49E-09,-16.78242931,121.4096608,HG
114.0765498,-15.26739055,-98.80915924,12.98881189,-17.72944034,121.397466,HG
102.8834154,8.63034808,-111.5137635,25.50417636,-18.61423644,121.3852724,HG
87.83965897,32.25395905,-120.093618,36.96873971,-19.42890844,121.3730801,HG
69.49390898,54.73248837,-124.2263973,46.63583524,-20.15982119,121.360889,HG
48.51073442,75.1959449,-123.7066793,55.12714324,-20.78358364,121.3486991,HG
35.32831125,85.93858712,-121.2668984,59.15918816,-21.09444243,121.3415491,HG
35.32831125,85.93858712,-121.2668984,59.15918816,-21.09444243,121.3415491,HG
11.87117809,101.6951697,-113.5663478,64.09923538,-21.53422183,121.3293612,HG
-12.05870458,113.7052828,-101.6465782,66.17601116,-21.84609483,121.3171745,HG
-35.53921519,121.491966,-85.9527508,66.78280845,-22.01526868,121.304989,HG
-57.69815386,124.7645507,-67.06639684,65.01526789,-22.03619598,121.2928048,HG
-77.71474379,123.4346005,-45.71985669,60.27737753,-21.91295632,121.2806218,HG
-85.97206532,121.3018214,-35.32975611,56.52831208,-21.80958977,121.2750377,HG
-85.97206532,121.3018214,-35.32975611,56.52831208,-21.80958977,121.2750377,HG
-101.5474951,113.3667743,-11.81927916,48.37797662,-21.46696712,121.2628565,HG
-113.3391895,101.2391196,12.10006992,38.89678988,-20.97655869,121.2506765,HG
-120.8997271,85.36785935,35.5318677,28.12822339,-20.34078325,121.2384977,HG
-123.9617891,66.3600559,57.60173322,16.67829036,-19.5700316,121.2263201,HG
-122.3972598,44.8781167,77.51914305,3.342051788,-18.66776521,121.2141437,HG
-121.0389568,38.16267055,82.8762863,2.26E-09,-18.37511092,121.2105312,HG
-121.0389568,38.16267055,82.8762863,1.93E-09,-18.37511092,121.2105312,HG
-113.5836253,14.74103169,98.84259365,-12.37643236,-17.32077895,121.1983564,HG
-101.9059886,-9.176404175,111.0823927,-23.73860306,-16.16768378,121.1861829,HG
-86.42487441,-32.73865932,119.1635337,-34.02487597,-14.92773937,121.1740105,HG
-67.67808393,-55.01047544,122.6885594,-43.53623926,-13.60440419,121.1618394,HG
-46.4698202,-75.14403566,121.6138559,-50.65544775,-12.23725518,121.1496694,HG
-41.98885521,-78.86075196,120.8496072,-51.89983025,-11.95780647,121.1472394,HG
-41.98885521,-78.86075197,120.8496072,-51.89983025,-11.95780647,121.1472394,HG
-18.78753749,-95.54801142,114.3355489,-56.63821239,-10.54913943,121.1350709,HG
5.104027333,-108.5979854,103.4939581,-59.04503476,-9.124190614,121.1229037,HG
28.79879959,-117.5545521,88.75575252,-59.05475893,-7.703641792,121.1107376,HG
51.42079402,-122.0839236,70.66312957,-56.81242744,-6.304387759,121.0985727,HG
72.16552584,-122.0105674,49.84504156,-53.58874197,-4.936818348,121.0864091,HG
75.00989034,-121.5927284,46.5828381,-51.29821751,-4.740867537,121.0846021,HG
75.00989034,-121.5927284,46.5828381,-51.29821751,-4.740867537,121.0846021,HG
92.45649213,-116.1858225,23.7293304,-44.67086933,-3.455421625,121.0724398,HG
106.5162747,-106.4347113,-0.081563405,-35.67434319,-2.238006478,121.0602788,HG
116.5682327,-92.6524854,-23.91574727,-25.55349741,-1.112058444,121.0481189,HG
122.2640158,-75.35256131,-46.9114545,-14.70046967,-0.086263499,121.0359603,HG
123.3611366,-55.21440259,-68.14673403,-1.653819953,0.82048161,121.0238029,HG
123.1568735,-52.34511871,-70.81175481,1.87E-09,0.932901203,121.0221802,HG
123.1568735,-52.34511871,-70.81175481,2.21E-09,0.932901203,121.0221802,HG
119.032761,-29.85981515,-89.17294583,12.27396278,1.703399519,121.0100242,HG
110.456277,-6.224752881,-104.2315241,23.85012814,2.342827452,120.9978693,HG
97.74232296,17.70744005,-115.449763,34.39766518,2.84944151,120.9857157,HG
81.32110389,41.02158182,-122.3426857,44.20490548,3.213779241,120.9735633,HG
61.89878523,62.80586094,-124.7046462,52.48890901,3.442044109,120.9614122,HG
56.46891387,68.0956595,-124.5645734,53.97458932,3.479069992,120.9582779,HG
56.46891387,68.0956595,-124.5645734,53.97458933,3.479069992,120.9582779,HG
34.23729228,86.90515183,-121.1424441,59.72666794,3.541630284,120.9461283,HG
10.71760738,102.4927563,-113.2103637,62.95503788,3.473511267,120.9339798,HG
-13.21570406,114.3035036,-101.0877996,63.88406783,3.284358946,120.9218326,HG
-36.67967072,121.8997052,-85.22003452,62.49251137,2.982286143,120.9096867,HG
-58.75884041,124.9475433,-66.18870289,58.42808609,2.575727936,120.8975419,HG
-66.34999613,124.9109866,-58.5609905,56.51347579,2.403130669,120.8930922,HG
-66.34999613,124.9109866,-58.5609905,56.51347579,2.403130669,120.8930922,HG
-85.27021573,121.6671799,-36.39696419,49.47951642,1.877167957,120.8809491,HG
-101.0077549,113.925653,-12.91789816,40.96708994,1.280613219,120.8688073,HG
-113.0099401,101.9737154,11.03622464,31.16507382,0.623406271,120.8566666,HG
-120.7395494,86.22968921,34.50986022,18.34011729,-0.074491098,120.8445272,HG
-123.9951528,67.32502534,56.67012751,5.974482297,-0.800550341,120.832389,HG
-123.9459456,57.9686109,65.97733474,-7.31E-10,-1.132814753,120.8269335,HG
-123.9459456,57.9686109,65.97733474,-1.09E-09,-1.132814753,120.8269335,HG
-120.5184713,35.73700564,84.78146566,-12.86308037,-1.873848038,120.8147971,HG
-112.5869317,12.21942334,100.3675084,-25.23887354,-2.604758966,120.8026619,HG
-100.4639673,-11.71156908,112.1755363,-36.74766007,-3.314374633,120.7905279,HG
-84.59583339,-35.17404615,119.7698795,-46.64154086,-3.991811915,120.7783952,HG
-65.54999502,-57.26655039,122.8165454,-55.86893114,-4.62066839,120.7662637,HG
-54.91361649,-67.68513233,122.5987488,-59.34176172,-4.916619548,120.7601014,HG
-54.91361649,-67.68513233,122.5987488,-59.34176172,-4.916619548,120.7601014,HG
-32.52275628,-86.18340993,118.7061662,-65.1725147,-5.456893912,120.7479717,HG
-8.911940598,-101.4298047,110.3417453,-67.95445145,-5.932068485,120.7358433,HG
15.01443614,-112.8249859,97.81054975,-69.20993047,-6.331522485,120.7237161,HG
38.36378546,-119.9390806,81.57529517,-68.15083495,-6.651913406,120.7115901,HG
60.26218385,-122.5418698,62.27968594,-64.14805051,-6.895747045,120.6994653,HG
70.41784331,-122.1197662,51.70192291,-60.074704,-6.989827105,120.6934025,HG
70.41784331,-122.1197662,51.70192291,-60.074704,-6.989827105,120.6934025,HG
88.63775891,-117.8000506,29.16229172,-52.33598524,-7.11719512,120.6812795,HG
103.5378076,-109.0342063,5.496398688,-42.8119291,-7.171823894,120.6691578,HG
114.5493899,-96.14582036,-18.40356951,-31.84507498,-7.157427866,120.6570373,HG
121.2780664,-79.63185681,-41.64620962,-19.82451119,-7.083446668,120.644918,HG
123.4586361,-60.05947214,-63.399164,-5.821717741,-6.95666817,120.6328,HG
122.8904917,-50.21660142,-72.67389024,-5.58E-10,-6.881417402,120.6272048,HG
122.8904917,-50.21660142,-72.67389024,-1.88E-10,-6.881417402,120.6272048,HG
118.3256496,-27.58894214,-90.73670746,13.27304704,-6.69596741,120.6150885,HG
109.3269657,-3.891601679,-105.435364,26.14071509,-6.484631939,120.6029734,HG
96.23263788,19.99867601,-116.2313139,38.03892304,-6.260261886,120.5908595,HG
79.5290187,43.20085763,-122.7298763,48.58463622,-6.036017797,120.5787469,HG
59.78546697,64.90080103,-124.686268,57.73546084,-5.823652032,120.5666354,HG
51.07078382,73.03832905,-124.1091129,59.50771628,-5.742140989,120.5616884,HG
51.07078382,73.03832905,-124.1091129,59.50771628,-5.742140989,120.5616884,HG
28.4708018,91.04311742,-119.5139192,66.45144399,-5.568241256,120.5495787,HG
4.763648464,105.7548783,-110.5185268,69.76160601,-5.438892784,120.5374702,HG
-19.12649107,116.5352166,-97.40872556,71.03911202,-5.363744754,120.5253629,HG
-42.30993164,123.0055329,-80.69560125,68.94658198,-5.354158697,120.5132568,HG
-63.92660971,124.9220786,-60.99546893,64.41774185,-5.419271858,120.5011519,HG
-74.94297689,123.9734172,-49.0304403,61.24003912,-5.490431095,120.4944176,HG
-74.94297689,123.9734172,-49.0304403,61.24003912,-5.490431095,120.4944176,HG
-92.55533431,118.7433574,-26.18802312,53.93337698,-5.686315301,120.4823146,HG
-106.6918116,109.1031457,-2.411334032,43.95186795,-5.972638371,120.4702129,HG
-116.8610502,95.43645553,21.42459471,32.63167218,-6.35251629,120.4581123,HG
-122.6863126,78.24859968,44.43771287,20.42048823,-6.827092129,120.446013,HG
-123.9505873,58.12567819,65.82490908,9.329582832,-7.400103515,120.4339149,HG
-122.99361,48.56101683,74.43259322,-2.40E-10,-7.676965599,120.4285755,HG
-122.99361,48.56101683,74.43259322,-9.25E-10,-7.676965599,120.4285755,HG
-117.5550377,25.68544953,91.86958814,-11.96652484,-8.371460532,120.4164792,HG
-107.7781219,1.889944559,105.8881774,-25.31416644,-9.148423659,120.4043841,HG
-93.976106,-21.92866137,115.9047674,-37.10211855,-9.997839606,120.3922902,HG
-76.66479412,-44.88810037,121.5528945,-47.94425637,-10.91069498,120.3801975,HG
-56.50779473,-66.11190991,122.6197046,-57.10765181,-11.87210504,120.3681061,HG
-42.24708259,-78.58087623,120.8279588,-61.65039379,-12.5166094,120.3602599,HG
-42.24708259,-78.58087623,120.8279588,-61.65039379,-12.5166094,120.3602599,HG
-19.07062908,-95.28099004,114.3516191,-67.01250801,-13.53115381,120.3481705,HG
4.809372883,-108.3643904,103.5550175,-70.04476885,-14.55657823,120.3360823,HG
28.49800228,-117.3554478,88.85744548,-70.54334518,-15.57745766,120.3239953,HG
51.10062541,-121.9045731,70.80394772,-68.74683686,-16.57454952,120.3119096,HG
71.80962315,-121.859166,50.04954284,-63.73821514,-17.53878945,120.299825,HG
82.44851977,-119.7478113,37.29929157,-60.3937309,-18.0602972,120.2929238,HG
82.44851978,-119.7478113,37.29929157,-60.3937309,-18.0602972,120.2929238,HG
98.58866534,-112.5309954,13.94233005,-53.16569619,-18.92447086,120.2808412,HG
111.0345821,-101.0646653,-9.969916804,-43.37015532,-19.70780598,120.2687598,HG
119.3169156,-85.76503848,-33.55187717,-31.13770227,-20.39504715,120.2566796,HG
123.1132282,-67.21777095,-55.89545727,-19.05583463,-20.96733127,120.2446007,HG
122.290289,-46.09920081,-76.19108816,-7.564683272,-21.41716458,120.2325229,HG
120.0548153,-34.37637079,-85.67844454,3.33E-09,-21.60067437,120.2262438,HG
120.0548153,-34.37637079,-85.67844454,3.70E-09,-21.60067437,120.2262438,HG
112.3367017,-10.91059759,-101.4261041,12.84619261,-21.84334877,120.2141679,HG
100.4103415,13.00705622,-113.4173977,24.72973362,-21.94053362,120.2020933,HG
84.71661576,36.49207555,-121.2086913,35.45971963,-21.88784634,120.1900198,HG
65.82590923,58.66038518,-124.4862944,45.32726509,-21.67707036,120.1779476,HG
44.47746616,78.66315195,-123.1406181,53.17164925,-21.31053859,120.1658765,HG
35.1205581,86.11896105,-121.2395191,55.48241888,-21.11379374,120.1608924,HG
35.1205581,86.11896105,-121.2395191,55.48241888,-21.11379374,120.1608924,HG
11.64205077,101.8614641,-113.5035149,60.15705696,-20.53727018,120.1488231,HG
-12.27680518,113.8380661,-101.5612609,62.38267814,-19.81588914,120.136755,HG
-35.78958337,121.6020329,-85.81244955,62.44885456,-18.95100866,120.1246881,HG
-57.89359786,124.7432173,-66.84961942,60.09517033,-17.93642871,120.1126223,HG
-77.86806669,123.4611965,-45.59312979,54.58220151,-16.85661674,120.1005578,HG
-83.35123927,122.1626418,-38.81140255,53.46165696,-16.50533841,120.0969471,HG
-83.35123927,122.1626418,-38.81140255,53.46165696,-16.50533841,120.0969471,HG
-99.4836979,114.8986958,-15.4149979,45.02418381,-15.27358041,120.0848841,HG
-111.8782828,103.3792333,8.499049567,35.98465307,-13.96289562,120.0728224,HG
-120.1078887,88.03520486,32.07268383,25.4734903,-12.5893315,120.0607618,HG
-123.8688561,69.44808759,54.42076849,13.59890024,-11.17355272,120.0487025,HG
-123.0012328,48.3024293,74.69880348,1.604206305,-9.732492892,120.0366443,HG
-122.5538351,45.46014168,77.09369346,-8.45E-10,-9.547820966,120.0351051,HG
-122.5538351,45.46014168,77.09369346,-1.19E-09,-9.547820966,120.0351051,HG
-116.5260202,22.38473337,94.14128686,-11.85511268,-8.10270388,120.0230483,HG
-106.158626,-1.473733554,107.6323596,-23.42356006,-6.676945564,120.0109927,HG
-91.83633836,-25.23769617,117.0740345,-33.95442594,-5.28744209,119.9989383,HG
-74.09246081,-48.02991987,122.1223807,-43.12384612,-3.951490375,119.9868851,HG
-53.55951101,-68.96855531,122.5280663,-50.74453111,-2.686573457,119.9748331,HG
-50.43131158,-71.77879652,122.2101081,-51.58402188,-2.512378611,119.9730999,HG
-50.43131158,-71.77879652,122.2101081,-51.58402188,-2.512378611,119.9730999,HG
-27.72274262,-89.65317014,117.3759128,-56.55325852,-1.35252473,119.9610493,HG
-3.980289543,-104.1468985,108.127188,-59.59797897,-0.294957164,119.9489999,HG
19.88788226,-114.6918453,94.80396301,-60.15645629,0.644891493,119.9369516,HG
43.03819209,-120.9179386,77.87974651,-58.30430151,1.462476256,119.9249046,HG
64.53185973,-122.5584518,58.02659208,-53.9963312,2.1425875,119.9128588,HG
68.22018178,-122.3584381,54.13825628,-52.94851716,2.252066753,119.9106575,HG
68.22018178,-122.3584381,54.13825628,-52.94851716,2.252066753,119.9106575,HG
86.77707831,-118.546453,31.76937466,-47.98228644,2.769165928,119.8986131,HG
102.0898955,-110.270628,8.180732475,-37.68414129,3.145895104,119.8865699,HG
113.566061,-97.82089483,-15.74516622,-27.39442022,3.379892986,119.8745279,HG
120.7916758,-81.67389748,-39.1177783,-16.01044962,3.475368052,119.8624872,HG
123.5009441,-62.42512905,-61.07581503,-4.249676375,3.437102289,119.8504476,HG
123.4175651,-56.47537429,-66.94219078,2.40E-10,3.401864297,119.84702,HG
123.4175651,-56.47537429,-66.94219078,6.31E-10,3.401864297,119.84702,HG
120.1585624,-34.30333752,-85.85522491,12.4104656,3.198702905,119.834982,HG
112.4194784,-10.82314994,-101.5963284,24.36082389,2.883214317,119.8229452,HG
100.4652268,13.11297601,-113.5782028,35.449011,2.463306977,119.8109096,HG
84.72735938,36.61460199,-121.3419614,45.76016535,1.949968006,119.7988752,HG
65.82517074,58.75692755,-124.5820983,54.70976023,1.362323683,119.7868421,HG
57.47921795,67.13717281,-124.6163908,56.9893111,1.107436177,119.781997,HG
57.47921795,67.13717281,-124.6163908,56.9893111,1.107436177,119.781997,HG
35.30423189,86.06010261,-121.3643345,55.62693554,0.432932682,119.7699656,HG
11.83796181,101.8255133,-113.6634751,66.61014299,-0.276196389,119.7579353,HG
-12.09571669,113.8163619,-101.7206452,67.17772436,-1.011464131,119.7459063,HG
-35.58514016,121.6072061,-86.02206593,65.83860927,-1.754474618,119.7338785,HG
-57.77085502,124.907653,-67.13679796,62.02523212,-2.492969802,119.7218519,HG
-67.25669264,124.8618439,-57.60515128,59.04698499,-2.82375013,119.7163409,HG
-67.25669264,124.8618439,-57.60515128,59.04698499,-2.82375013,119.7163409,HG
-86.04201703,121.3999903,-35.35797323,51.96508615,-3.525987551,119.7043161,HG
-101.6209318,113.4619921,-11.84106034,42.80222391,-4.186530235,119.6922924,HG
-113.4213561,101.3269511,12.09440501,32.10666534,-4.797328191,119.68027,HG
-120.9811368,85.43262602,35.54851075,19.55524917,-5.346440511,119.6682488,HG
-124.0244468,66.40660508,57.61784175,6.772853181,-5.82350988,119.6562289,HG
-123.760115,55.27244527,68.48766974,-8.07E-10,-6.047015668,119.6498545,HG
-123.760115,55.27244527,68.48766974,-1.15E-09,-6.047015668,119.6498545,HG
-119.7587635,32.83736474,86.92139871,-13.21427814,-6.411937305,119.6378364,HG
-111.2809614,9.220785914,102.0601755,-25.82485695,-6.695036886,119.6258195,HG
-98.66087659,-14.69629375,113.3571703,-37.54461739,-6.899234073,119.6138037,HG
-82.36355897,-38.03339624,120.3969552,-47.74482941,-7.027338836,119.6017892,HG
-62.97254409,-59.88982915,122.8623732,-57.00887159,-7.075154165,119.589776,HG
-52.51167602,-69.8685004,122.3801764,-60.26120459,-7.073089581,119.5838485,HG
-52.51167602,-69.8685004,122.3801764,-60.26120459,-7.073089581,119.5838485,HG
-29.9461639,-88.03401587,117.9801798,-66.04330171,-7.023465522,119.571837,HG
-6.259976668,-102.877107,109.1370837,-68.92809116,-6.917873642,119.5598267,HG
17.64352292,-113.8152558,96.17173289,-70.10922274,-6.763350881,119.5478176,HG
40.8724311,-120.434906,79.56247493,-68.79926719,-6.57082028,119.5358098,HG
62.55507689,-122.5232046,59.96812774,-64.67674299,-6.356883686,119.5238031,HG
72.22139893,-121.8906187,49.66921972,-60.63211337,-6.250403447,119.5180158,HG
72.22139893,-121.8906187,49.66921972,-60.63211337,-6.250403447,119.5180158,HG
90.15736795,-117.1478003,26.99043234,-52.80833039,-6.024928688,119.5060109,HG
104.7151065,-107.9821055,3.266998977,-43.13513855,-5.808617263,119.4940073,HG
115.3528865,-94.73635302,-20.61653344,-31.92596788,-5.615005031,119.4820048,HG
121.6802236,-77.88707319,-43.79315044,-20.0993946,-5.456834652,119.4700035,HG
123.3686209,-58.06950474,-65.29911617,-6.217994032,-5.345079659,119.4580034,HG
122.5891785,-47.8226187,-74.76655984,1.28E-09,-5.313692762,119.45228,HG
122.5891785,-47.8226187,-74.76655984,1.66E-09,-5.313692762,119.45228,HG
117.5434819,-25.01186391,-92.53161802,13.6002937,-5.295785722,119.4402817,HG
107.96294,-1.224570804,-106.7383692,26.52823775,-5.352129732,119.4282847,HG
94.55744841,22.52500948,-117.0824579,38.63965178,-5.489904133,119.4162888,HG
77.54794675,45.60340741,-123.1513542,49.63900688,-5.716482959,119.4042941,HG
57.46465228,67.11496793,-124.5796202,58.16509243,-6.042246838,119.3923006,HG
48.14062036,75.59184257,-123.7324629,60.45401861,-6.208661366,119.3871092,HG
48.14062036,75.59184257,-123.7324629,60.45401861,-6.208661366,119.3871092,HG
25.34987509,93.18924844,-118.5391235,67.32773435,-6.665064582,119.3751175,HG
1.570263894,107.4038906,-108.9741545,70.5959127,-7.217798196,119.363127,HG
-22.26515561,117.624762,-95.35960644,71.44564223,-7.861287063,119.3511376,HG
-45.30983918,123.5310192,-78.22118002,70.19452598,-8.59257787,119.3391495,HG
-66.64526768,124.7970347,-58.15176707,65.0831949,-9.403636451,119.3271626,HG
-78.4644779,123.3228898,-44.85841191,61.72557374,-9.927952375,119.3198552,HG
-78.4644779,123.3228898,-44.85841191,61.72557374,-9.927952375,119.3198552,HG
-95.45357505,117.2439111,-21.79033608,54.5976735,-10.84075426,119.3078702,HG
-108.896557,106.8254603,2.07109673,44.81986954,-11.80497924,119.2958865,HG
-118.2693626,92.43556366,25.83379899,32.52978046,-12.80658862,119.283904,HG
-123.2111482,74.64937532,48.56177289,20.34793273,-13.82260505,119.2719227,HG
-123.5703578,54.12448809,69.44586972,8.659238358,-14.843184,119.2599426,HG
-121.6343016,41.07416721,80.56013437,2.67E-09,-15.44110778,119.2528992,HG
-121.6343016,41.07416721,80.56013438,2.29E-09,-15.44110778,119.2528992,HG
-114.7371516,17.79226227,96.94488929,-13.47321884,-16.4331192,119.2409211,HG
-103.5664149,-6.107004295,109.6734192,-25.5948957,-17.3839589,119.2289441,HG
-88.5318785,-29.72961719,118.2614957,-37.13444235,-18.27497646,119.2169684,HG
-70.19218022,-52.21477075,122.406951,-47.00830014,-19.09488368,119.2049938,HG
-49.23942168,-72.6865015,121.9259232,-55.5105869,-19.81916751,119.1930205,HG
-37.71223946,-82.16438211,119.8766216,-58.6827716,-20.14816562,119.1868689,HG
-37.71223946,-82.16438211,119.8766216,-58.6827716,-20.14816562,119.1868689,HG
-14.31644506,-98.1968799,112.513325,-63.73388433,-20.70805188,119.1748974,HG
9.597651498,-110.5108786,100.9132271,-66.36982746,-21.1412039,119.1629271,HG
33.178946,-118.6420357,85.46308967,-66.43676473,-21.43751682,119.150958,HG
55.43128741,-122.1833578,66.75207038,-63.77998464,-21.56207143,119.1389901,HG
75.65071081,-121.2967727,45.64606188,-59.35731279,-21.57582268,119.1270234,HG
84.87466064,-119.0322644,34.15760378,-56.20277681,-21.51325568,119.1209447,HG
84.87466065,-119.0322644,34.15760378,-56.20277681,-21.51325568,119.1209447,HG
100.5532105,-111.2216918,10.66848126,-48.9084393,-21.27486494,119.1089799,HG
112.4577663,-99.20052015,-13.25724616,-39.1368104,-20.87857122,119.0970162,HG
120.1390129,-83.42622569,-36.71278724,-27.81094716,-20.32693408,119.0850537,HG
123.3261325,-64.48544247,-58.84069002,-15.81862838,-19.62803689,119.0730924,HG
121.8802354,-43.06660533,-78.81363012,-3.414517815,-18.7850473,119.0611324,HG
120.6260396,-36.70667928,-83.9193603,6.40E-09,-18.52032359,119.0577572,HG
120.6260396,-36.70667928,-83.9193603,6.73E-09,-18.52032359,119.0577572,HG
113.3681668,-13.31751733,-100.0506494,12.17317445,-17.51477422,119.0457987,HG
101.8501847,10.59592421,-112.446109,23.69986934,-16.39216323,119.0338413,HG
86.50945713,34.16801021,-120.6774673,34.0840814,-15.1692278,119.0218851,HG
67.9268022,56.52388122,-124.4506834,43.12251518,-13.86537214,119.0099302,HG
46.73752908,76.87685158,-123.6143807,50.76858588,-12.48982849,118.9979764,HG
41.82172943,80.96362129,-122.7853507,51.37023802,-12.18060683,118.9953406,HG
41.82172943,80.96362129,-122.7853507,51.37023802,-12.18060683,118.9953406,HG
18.67142261,97.64520589,-116.3166285,56.70157448,-10.75594743,118.9833883,HG
0.243036674,108.1390417,-108.3820784,58.92136445,-9.638662493,118.9741695,HG
-18.19248565,116.2399564,-98.04747079,59.69311089,-8.517868767,118.9649515,HG
-42.88538105,123.1550614,-80.26968038,58.1390564,-6.978900157,118.9522415,HG
-65.73219648,124.9588483,-59.22665183,54.12349725,-5.489938485,118.9395329,HG
-75.18558192,124.0468295,-48.8612476,51.57019546,-4.832654578,118.9338105,HG
-75.18558192,124.0468295,-48.8612476,51.57019546,-4.832654577,118.9338105,HG
-93.7736752,118.2856971,-24.5120219,43.8583318,-3.426349494,118.9211038,HG
-108.412927,107.58323,0.82969697,34.70947887,-2.110193187,118.9083985,HG
-118.522603,92.37724545,26.14535759,24.27092278,-0.896184123,118.8956945,HG
-123.5502267,73.31381963,50.23640711,11.09756501,0.180973651,118.8829919,HG
-123.7272581,54.21396849,69.51328957,1.83E-09,1.010056047,118.8719368,HG
-123.7272581,54.21396849,69.51328957,1.52E-09,1.010056047,118.8719368,HG
-119.0589509,30.22225949,88.83669143,-12.76224953,1.821871917,118.8592367,HG
-109.3859045,5.000370414,104.3855341,-25.02846344,2.477628144,118.8465379,HG
-95.08207697,-20.39283145,115.4749084,-37.1871311,2.968663367,118.8338405,HG
-76.78128793,-44.84755363,121.6288416,-46.98573567,3.292518139,118.8211445,HG
-55.91141514,-66.74670747,122.6581226,-54.10024241,3.450852466,118.808817,HG
-55.91141514,-66.74670747,122.6581226,-54.10024241,3.450852466,118.808817,HG
-32.13295818,-86.45577794,118.5887361,-60.19244485,3.458476835,118.7961237,HG
-6.994767587,-102.4586567,109.4534243,-63.3082412,3.312152711,118.7834316,HG
18.42069737,-114.0828397,95.66214233,-63.79881388,3.025240869,118.770741,HG
43.03033795,-120.8239908,77.79365286,-61.8427937,2.610297825,118.7580517,HG
65.79522126,-122.4159739,56.62075266,-56.17344242,2.079394455,118.7453948,HG
65.79522126,-122.4159739,56.62075266,-56.17344242,2.079394455,118.7453948,HG
85.77104059,-118.7732635,33.00222288,-49.42189995,1.45565267,118.7327082,HG
102.1355343,-110.0746376,7.93910332,-39.47559551,0.753592268,118.720023,HG
114.1506528,-96.67312461,-17.47752814,-28.6981022,-0.003216101,118.7073392,HG
121.3287893,-79.10766805,-42.22112122,-15.38869143,-0.802144536,118.6946567,HG
123.3635115,-58.16106233,-65.20244914,-2.007043661,-1.615304371,118.6819755,HG
123.2264799,-55.05039131,-68.17608863,-1.59E-11,-1.727967812,118.6802281,HG
123.2264799,-55.05039131,-68.17608863,3.59E-10,-1.727967812,118.6802281,HG
119.3222906,-31.31252151,-88.00976907,13.7183474,-2.538828623,118.6675486,HG
110.3543436,-6.211402813,-104.1429408,26.83779303,-3.322450026,118.6548703,HG
96.71059532,19.21125911,-115.9218544,38.89025319,-4.066125448,118.6421935,HG
78.9578813,43.89957032,-122.8574516,49.00364517,-4.757262454,118.629518,HG
57.81951092,66.75619912,-124.57571,58.41835378,-5.371887974,118.6168439,HG
54.38697762,69.99825093,-124.3852286,59.31647849,-5.457671833,118.6149224,HG
54.38697762,69.99825093,-124.3852286,59.31647849,-5.457671833,118.6149224,HG
30.55078556,89.57700608,-120.1277916,64.68655058,-5.977537277,118.6022499,HG
5.385876066,105.4535494,-110.8394254,67.91993057,-6.413125954,118.5895786,HG
-20.05383561,116.9611779,-96.90734233,68.24088073,-6.760439071,118.5769088,HG
-44.59090789,123.4693964,-78.87848846,66.63055614,-6.992993666,118.5642403,HG
-67.28861141,124.8674439,-57.57883245,61.48300281,-7.140465938,118.5515731,HG
-70.98290155,124.5668251,-53.58392357,60.31735556,-7.155890139,118.5493627,HG
-70.98290155,124.5668251,-53.58392357,60.31735556,-7.155890139,118.5493627,HG
-90.28314909,119.8442665,-29.56111739,52.00809034,-7.200070565,118.5366971,HG
-105.7644778,110.1063921,-4.341914302,41.69817729,-7.16045075,118.5240329,HG
-116.8011083,95.77139311,21.02971514,29.55224914,-7.050421073,118.5113701,HG
-122.9071321,77.42607895,45.48105312,16.01711131,-6.879525605,118.4987086,HG
-123.8230063,55.86712937,67.95587694,2.101274518,-6.662382136,118.4860484,HG
-123.5214231,52.55550912,70.96591399,1.50E-09,-6.628057215,118.4842277,HG
-123.5214231,52.55550912,70.96591399,1.13E-09,-6.628057215,118.4842277,HG
-118.4906721,28.43587054,90.05480151,-14.13416857,-6.380105006,118.4715691,HG
-108.4638248,3.17860599,105.2852189,-27.74796156,-6.121089703,118.4589119,HG
-93.87225847,-22.16445425,116.0367127,-40.23954131,-5.869541215,118.446256,HG
-75.33131209,-46.50334098,121.8346531,-50.90208621,-5.641821102,118.4336014,HG
-53.5865899,-68.86465448,122.4512444,-60.10895689,-5.455027495,118.4209482,HG
-50.52093873,-71.61326089,122.1341996,-61.01128771,-5.434144329,118.4192722,HG
-50.52093873,-71.61326089,122.1341996,-61.01128771,-5.434144329,118.4192722,HG
-26.32802672,-90.51393999,116.8419667,-67.1490589,-5.313875866,118.4066206,HG
-1.041917083,-105.5426236,106.5845407,-70.34532664,-5.268276967,118.3939703,HG
24.27454424,-116.0595519,91.78500762,-70.73729778,-5.309675264,118.3813213,HG
48.57154389,-121.6362659,73.064722,-68.52569025,-5.448865353,118.3686737,HG
70.77193813,-121.950572,51.17863385,-62.67629043,-5.694794997,118.3560274,HG
74.70160549,-121.4259672,46.72436171,-61.44200212,-5.754001756,118.3536069,HG
74.70160549,-121.4259672,46.72436171,-61.44200211,-5.754001756,118.3536069,HG
93.23381438,-115.6103547,22.3765403,-53.02939522,-6.131570451,118.3409622,HG
107.792452,-104.8095654,-2.982886663,-43.47056363,-6.624883172,118.3283189,HG
117.7705636,-89.550641,-28.21992258,-30.7179284,-7.228807311,118.315677,HG
122.7775252,-70.46656666,-52.31095851,-16.70678801,-7.940707426,118.3030364,HG
122.5605625,-48.33455804,-74.22600449,-3.086012124,-8.754363763,118.2903972,HG
121.8908092,-43.74888164,-78.14192761,-5.62E-11,-8.923497282,118.2879381,HG
121.8908092,-43.74888164,-78.14192761,3.44E-10,-8.923497282,118.2879381,HG
115.5128224,-19.21985248,-96.29296996,14.26896594,-9.846367929,118.2753005,HG
104.2096188,6.159681106,-110.3692999,27.57083597,-10.8409594,118.2626643,HG
88.4969887,31.3312899,-119.8282786,40.06975704,-11.89389838,118.2500294,HG
69.01776939,55.25451377,-124.2722832,50.4534615,-12.99051266,118.2373959,HG
46.57578858,76.86558792,-123.4413765,58.99357271,-14.10507455,118.2247637,HG
40.3247459,82.04514325,-122.3698891,61.02571381,-14.39657843,118.2214425,HG
40.3247459,82.04514325,-122.3698891,61.02571381,-14.39657843,118.2214425,HG
15.58943995,99.48390048,-115.0733404,66.99063156,-15.50314037,118.208812,HG
-9.83379716,112.7647179,-102.9309208,69.75027119,-16.58161586,118.196183,HG
-34.8629079,121.3444181,-86.48151024,69.50707703,-17.61117906,118.1835552,HG
-58.42228796,124.8365055,-66.41421753,66.54091725,-18.56451475,118.1709289,HG
-79.53075908,123.1107072,-43.57994814,60.94550377,-19.42391869,118.1583038,HG
-83.54434536,122.0866414,-38.54229603,59.48339797,-19.58918161,118.1556664,HG
-83.54434536,122.0866414,-38.54229603,59.48339797,-19.58918161,118.1556664,HG
-100.5101793,114.139468,-13.6292887,50.8940224,-20.30817526,118.143043,HG
-113.2297636,101.4346042,11.7951594,40.53495224,-20.88754378,118.130421,HG
-121.1719893,84.48332562,36.68866364,28.76800736,-21.31376303,118.1178003,HG
-124.0208214,64.0110898,60.00973156,15.24308881,-21.57930667,118.105181,HG
-121.6220229,40.88151482,80.74050805,1.678897504,-21.6649607,118.092563,HG
-120.959251,37.87832397,83.08092708,-1.10E-09,-21.66158017,118.0909984,HG
-120.959251,37.87832397,83.08092708,-1.45E-09,-21.66158017,118.0909984,HG
-112.8166255,12.93360905,99.88301645,-12.97722369,-21.54389654,118.078382,HG
-99.92240729,-12.49627945,112.4186867,-25.60839247,-21.24074733,118.0657669,HG
-82.81787928,-37.35233696,120.1702162,-36.73995035,-20.75464995,118.0531531,HG
-62.2163854,-60.60526788,122.8216533,-45.86477125,-20.09269611,118.0405407,HG
-38.97061452,-81.20549074,120.1761053,-54.09073222,-19.24290419,118.0279297,HG
-38.65750026,-81.45106121,120.1085615,-54.14234782,-19.23099802,118.0277664,HG
-38.65750026,-81.45106121,120.1085615,-54.14234782,-19.23099802,118.0277664,HG
-13.8208837,-98.5063272,112.3272109,-59.30689977,-18.22962568,118.0151566,HG
11.61899565,-111.3677225,99.74872686,-61.24854649,-17.08032991,118.0025483,HG
36.56741363,-119.4839791,82.91656545,-61.22375089,-15.80402139,117.9899412,HG
59.92812212,-122.4572154,62.52909327,-57.60617518,-14.41327527,117.9773355,HG
79.6641414,-120.4915396,40.82739819,-51.93534698,-13.0241646,117.965448,HG
79.6641414,-120.4915396,40.82739819,-51.93534698,-13.0241646,117.965448,HG
97.26823479,-113.4000028,16.131768,-44.27494816,-11.48904939,117.9528449,HG
110.762491,-101.4673589,-9.295132059,-34.45154716,-9.913771753,117.9402431,HG
119.5624052,-85.19169084,-34.37071432,-23.19916461,-8.324071173,117.9276427,HG
123.3071125,-65.24846198,-58.05865056,-11.26024606,-6.742907874,117.9150435,HG
122.4452349,-46.87000971,-75.57522516,2.53E-09,-5.481364989,117.9047776,HG
122.4452349,-46.87000971,-75.57522516,2.81E-09,-5.481364989,117.9047776,HG
116.7280369,-22.56110115,-94.16693577,12.18466961,-3.990946088,117.8921809,HG
106.0533733,2.782415918,-108.8357893,24.3898939,-2.575950225,117.8795855,HG
90.89086892,28.05156545,-118.9424344,35.58924887,-1.263979674,117.8669914,HG
71.84659798,52.2658147,-124.1124127,44.83429975,-0.062680802,117.8543987,HG
53.78026299,70.58367831,-124.3639413,51.77213024,0.812551737,117.8439919,HG
53.78026299,70.58367831,-124.3639413,51.77213024,0.812551737,117.8439919,HG
29.88512441,90.06778086,-119.9529053,57.26923456,1.740677281,117.8314016,HG
4.701959919,105.8322083,-110.5341682,60.56119073,2.512812343,117.8188127,HG
-20.70738941,117.1682862,-96.46089682,61.50315607,3.116228452,117.8062251,HG
-45.24904948,123.5895839,-78.34053443,58.76131957,3.545932899,117.7936388,HG
-66.9809799,124.8873284,-57.90634847,53.48759626,3.794981891,117.7815836,HG
-66.9809799,124.8873284,-57.90634847,53.48759626,3.794981891,117.7815836,HG
-86.89920985,121.1575419,-34.25833201,46.83309903,3.892000663,117.7689999,HG
-103.1653639,112.3401554,-9.174791495,37.33506784,3.823027518,117.7564177,HG
-115.0906971,98.83719372,16.25350337,26.35960215,3.600740602,117.7438367,HG
-122.1859198,81.20754691,40.97837289,14.61793698,3.236362079,117.7312571,HG
-124.0744953,60.1531207,63.92137461,0.591331663,2.738012313,117.7186789,HG
-124.0344111,59.05132204,64.98308911,-6.60E-10,2.711157176,117.718061,HG
-124.0344111,59.05132204,64.98308911,-9.75E-10,2.711157176,117.718061,HG
-120.4640665,35.46658908,84.9974774,-12.77098795,2.1050051,117.7054842,HG
-111.828886,10.41286739,101.4160186,-26.05014468,1.406212919,117.6929087,HG
-98.47302782,-15.02180604,113.4948339,-38.4105044,0.637813644,117.6803345,HG
-80.97192762,-39.76806665,120.7399943,-48.55945174,-0.179358888,117.6677618,HG
-60.04239134,-62.79985756,122.8422489,-56.56949398,-1.027816056,117.6551903,HG
-56.69299512,-66.01425941,122.7072545,-57.85614662,-1.151756209,117.6533097,HG
-56.69299512,-66.01425941,122.7072545,-57.85614662,-1.151756209,117.6533097,HG
-32.95555065,-85.84701755,118.8025682,-64.21817105,-2.003897136,117.6407399,HG
-7.853178975,-101.9885624,109.8417414,-67.19228228,-2.836873063,117.6281713,HG
17.57113278,-113.7738995,96.20276673,-67.55209828,-3.635055797,117.6156042,HG
42.24855901,-120.6937951,78.44523608,-65.22232692,-4.381591988,117.6030383,HG
65.10684444,-122.4454029,57.33855848,-60.36853093,-5.057002642,117.5904739,HG
68.14901302,-122.2673842,54.11837114,-59.29886491,-5.146098984,117.588688,HG
68.14901302,-122.2673842,54.11837114,-59.29886491,-5.146098984,117.588688,HG
87.78795668,-118.0664011,30.27844444,-51.59209512,-5.731192256,117.5761251,HG
103.6913341,-108.8219415,5.13060738,-41.35294876,-6.22322249,117.5635635,HG
115.2048636,-94.92885559,-20.27600799,-29.50837374,-6.619017665,117.5510033,HG
121.8308709,-76.9566,-44.87427091,-16.05448671,-6.914437685,117.5384444,HG
123.2791071,-55.68205218,-67.59705492,-2.237759006,-7.106901318,117.5258868,HG
123.0249031,-52.06869023,-70.95621283,1.88E-09,-7.127636615,117.5238976,HG
123.0249031,-52.06869023,-70.95621283,2.25E-09,-7.127636615,117.5238976,HG
118.4404247,-28.09566858,-90.34475608,13.84207143,-7.210491566,117.5113416,HG
108.8338215,-2.894274746,-105.9395468,27.30682684,-7.202382427,117.498787,HG
94.61605129,22.48733484,-117.1033861,39.61336229,-7.115438117,117.4862337,HG
76.38766,46.95648324,-123.3441432,50.13240892,-6.959176236,117.4736817,HG
54.88402524,69.53220039,-124.4162256,59.33684549,-6.750150468,117.4611311,HG
51.20887233,72.88608474,-124.0949571,60.42200221,-6.711999023,117.4591242,HG
51.20887233,72.88608474,-124.0949571,60.42200221,-6.711999023,117.4591242,HG
27.10763352,92.00059789,-119.1082314,66.39430128,-6.459729373,117.4465751,HG
1.862092106,107.2810968,-109.1431889,69.50856425,-6.191839805,117.4340273,HG
-23.4969055,118.1067606,-94.60985506,69.80236909,-5.926129579,117.4214809,HG
-47.88223659,123.9362196,-76.05398302,67.67415256,-5.675196435,117.4089359,HG
-70.20519779,124.573661,-54.3684632,62.03252618,-5.464225893,117.3963921,HG
-73.81624522,124.1583322,-50.34208701,61.00189531,-5.433059193,117.3942135,HG
-73.81624522,124.1583322,-50.34208701,61.00189531,-5.433059193,117.3942135,HG
-92.62979228,118.7377735,-26.10798126,52.82007381,-5.290750845,117.3816714,HG
-107.5233231,108.3288771,-0.805553975,42.19192774,-5.22198289,117.3691305,HG
-117.8959019,93.40166759,24.49423431,29.95602983,-5.241851679,117.3565911,HG
-123.3163706,74.57426673,48.7421039,16.8305623,-5.362135855,117.3440529,HG
-123.472201,52.60961819,70.86258281,2.386649035,-5.592913402,117.3315161,HG
-122.9919395,48.66755296,74.32438653,6.46E-10,-5.642935687,117.3293965,HG
-122.9919395,48.66755296,74.32438653,2.77E-10,-5.642935687,117.3293965,HG
-117.1241084,24.31062402,92.81348443,-14.27017181,-6.008537568,117.3168613,HG
-106.3053504,-1.032771154,107.3381216,-27.65209761,-6.494139627,117.3043274,HG
-91.02572685,-26.30213604,117.3278629,-40.00985337,-7.099049568,117.2917949,HG
-71.86161681,-50.38841443,122.2500312,-51.43578973,-7.820376921,117.2792637,HG
-49.72942787,-72.24796111,121.977389,-60.19393209,-8.64380384,117.2667338,HG
-44.40333749,-76.79376244,121.1970999,-61.87639095,-8.844617981,117.2639071,HG
-44.40333749,-76.79376244,121.1970999,-61.87639095,-8.844617981,117.2639071,HG
-19.82853246,-94.78719522,114.6157277,-67.70489092,-9.788913667,117.2513789,HG
5.560483691,-108.6936233,103.1331396,-70.62846339,-10.81076053,117.238852,HG
30.7042063,-117.9640761,87.25986982,-70.77796572,-11.8956403,117.2263265,HG
54.51968601,-122.1811258,67.66143982,-68.42276156,-13.02102371,117.2138024,HG
76.04313306,-121.1822789,45.13914584,-62.66435761,-14.17367424,117.2012795,HG
80.25599314,-120.2861306,40.03013749,-61.26988367,-14.42093548,117.1986001,HG
80.25599314,-120.2861306,40.03013749,-61.26988367,-14.42093548,117.1986001,HG
97.74622752,-113.0283915,15.28216397,-52.66700911,-15.56861397,117.1860789,HG
111.0756055,-100.9424986,-10.13310681,-42.25183913,-16.6833189,117.1735591,HG
119.7021432,-84.53840681,-35.1637364,-30.23241436,-17.74587855,117.1610406,HG
123.239275,-64.50840274,-58.73087221,-17.54556343,-18.7274246,117.1485235,HG
121.5664768,-41.66632311,-79.90015372,-2.885638138,-19.61934386,117.1360077,HG
120.4987992,-36.41087577,-84.08792338,-2.79E-11,-19.79429658,117.1332751,HG
120.4987992,-36.41087577,-84.08792338,3.23E-10,-19.79429658,117.1332751,HG
112.5606406,-11.52316531,-101.0374753,13.79522043,-20.52564216,117.1207609,HG
99.85003621,13.91235614,-113.7623924,26.65214046,-21.11488034,117.1082481,HG
82.90768026,38.82219696,-121.7298772,37.97222847,-21.54703404,117.0957367,HG
62.42694725,62.12036764,-124.5473149,48.58006223,-21.79512174,117.0832266,HG
39.35251393,82.78086345,-122.1333774,55.62341238,-21.85022697,117.0707178,HG
35.23233453,85.94894573,-121.1812803,58.26648633,-21.8365631,117.0686126,HG
35.23233453,85.94894573,-121.1812803,58.26648633,-21.8365631,117.0686126,HG
19.55821653,97.00837585,-116.5665924,60.15619208,-21.78908711,117.0607273,HG
3.567819328,106.3338854,-109.9017047,62.7669252,-21.63240801,117.0528426,HG
-12.49326121,113.9102026,-101.4169414,63.92894264,-21.40451739,117.0449583,HG
-37.41354045,121.9732,-84.55965958,63.51847689,-20.88330354,117.0324652,HG
-60.73194971,124.8815626,-64.14961291,61.20766872,-20.16180904,117.0199734,HG
-81.50099761,122.6694426,-41.16844498,55.06499086,-19.28690785,117.0074829,HG
-84.18154789,121.9326619,-37.75111396,54.24295954,-19.14781007,117.0057235,HG
-84.1815479,121.9326619,-37.75111396,54.24295954,-19.14781007,117.0057235,HG
-101.0375548,113.8662441,-12.8286893,45.34776593,-18.07784291,116.9932346,HG
-113.6108658,101.0402935,12.57057231,35.30645541,-16.85836036,116.9807469,HG
-121.4283996,83.98992821,37.43847135,23.80816276,-15.50996099,116.9682606,HG
-124.1097207,63.43113966,60.67858101,11.50662143,-14.05122334,116.9557756,HG
-121.9978185,42.43582394,79.56199457,4.05E-09,-12.65248641,116.9444216,HG
-121.9978185,42.43582394,79.56199457,3.75E-09,-12.65248641,116.9444216,HG
-114.8377975,17.75303453,97.084763,-12.86257062,-11.07011042,116.9319391,HG
-102.8128945,-7.655441587,110.4683361,-25.20281188,-9.448407881,116.919458,HG
-86.4774878,-32.68646997,119.1639578,-36.19887337,-7.823935766,116.9069781,HG
-66.50352495,-56.31109429,122.8146192,-45.4637863,-6.219965264,116.8944996,HG
-49.36909546,-72.67884809,122.0479435,-51.37435445,-5.029362745,116.8850082,HG
-49.36909545,-72.67884809,122.0479435,-51.37435445,-5.029362745,116.8850082,HG
-25.12862846,-91.38699824,116.5156267,-55.85995823,-3.530824123,116.872532,HG
0.170477263,-106.212458,106.0419807,-59.18563754,-2.121580719,116.8600571,HG
25.43819703,-116.4919753,91.0537783,-59.23930143,-0.827320249,116.8475835,HG
49.65161271,-121.8727173,72.22110463,-56.28178942,0.338963622,116.8351113,HG
68.7339358,-122.2450764,53.51114062,-52.76462426,1.217172132,116.8244299,HG
68.7339358,-122.2450764,53.51114062,-52.76462426,1.217172132,116.8244299,HG
88.2329556,-117.9000209,29.66706534,-45.69739743,2.090092345,116.8119601,HG
104.0244922,-108.5381849,4.513692684,-36.06114098,2.796920494,116.7994916,HG
115.4133454,-94.5506237,-20.8627217,-25.2192525,3.328167462,116.7870244,HG
121.9383353,-76.51963897,-45.41869631,-13.47309077,3.683532762,116.7745586,HG
123.278835,-55.7177788,-67.56105622,2.36E-09,3.854131958,116.7623843,HG
123.278835,-55.7177788,-67.56105622,2.62E-09,3.854131958,116.7623843,HG
119.5204257,-32.06439257,-87.45603316,13.01884767,3.862082508,116.7499211,HG
110.7139521,-7.00865932,-103.7052928,25.72529299,3.708111927,116.7374592,HG
97.22126829,18.4136105,-115.6348788,36.99129024,3.402804127,116.7249987,HG
79.56811222,43.1086556,-122.6767678,47.56594746,2.955252864,116.7125395,HG
58.59423012,65.99303175,-124.5872619,56.28182601,2.395017882,116.7000816,HG
58.29028657,66.2868099,-124.5770965,56.34607024,2.386560245,116.6999131,HG
58.29028657,66.2868099,-124.5770965,56.34607024,2.386560245,116.6999131,HG
34.78907888,86.44082301,-121.2299019,62.28334679,1.723276746,116.6874566,HG
9.802909037,102.9825289,-112.7854379,65.73588215,0.980092548,116.6750014,HG
-15.613644,115.2423408,-99.62869681,66.47503962,0.179384616,116.6625475,HG
-40.37403218,122.6802239,-82.30619175,64.65303072,-0.655208699,116.650095,HG
-63.47306409,124.9998001,-61.52673598,59.52872787,-1.508166454,116.6376439,HG
-67.50545743,124.8510221,-57.3455647,58.44203908,-1.666623523,116.6353259,HG
-67.50545743,124.8510221,-57.3455647,58.44203908,-1.666623523,116.6353259,HG
-87.34241377,120.9823459,-33.6399321,50.5084073,-2.507103489,116.6228763,HG
-103.494779,112.0640025,-8.569223465,40.6507596,-3.312740396,116.610428,HG
-115.3049329,98.4736495,16.83128343,29.00851209,-4.069922799,116.5979811,HG
-122.2500435,80.77958496,41.47045857,16.64939661,-4.758603062,116.5855355,HG
-124.0642683,59.71343671,64.35083158,2.253807874,-5.373262855,116.5730913,HG
-123.86609,56.09488091,67.7712091,-1.80E-09,-5.463052612,116.5711048,HG
-123.86609,56.09488091,67.7712091,-2.17E-09,-5.463052612,116.5711048,HG
-119.6319667,32.26121637,87.37075031,-14.04119528,-5.972082904,116.5586621,HG
-110.3732224,7.134823591,103.2383988,-26.93603696,-6.381950777,116.5462208,HG
-96.47513023,-18.27313994,114.7482702,-38.39387032,-6.696706781,116.5337807,HG
-78.46659559,-42.84352421,121.3101198,-50.50876794,-6.900088287,116.521342,HG
-57.22890122,-65.48836464,122.7172659,-59.76457394,-7.002069042,116.5089046,HG
-53.03674292,-69.37972049,122.4164634,-60.67073832,-7.012826239,116.5066241,HG
-53.03674292,-69.37972049,122.4164634,-60.67073832,-7.012826239,116.5066241,HG
-29.04292442,-88.67230462,117.715229,-66.20409675,-7.017808814,116.4941883,HG
-3.846430834,-104.1415124,107.9879432,-69.34906983,-6.937483597,116.4817538,HG
21.50112301,-115.1780008,93.67687777,-69.49667456,-6.79054175,116.4693207,HG
45.95035385,-121.32575,75.37539616,-66.70208536,-6.591901396,116.4568889,HG
68.42063302,-122.2317076,53.81107461,-61.5860949,-6.347969867,116.4444584,HG
70.87596777,-122.0012707,51.12530294,-60.70716455,-6.31840754,116.4430028,HG
70.87596777,-122.0012707,51.12530294,-60.70716455,-6.31840754,116.4430028,HG
90.03214133,-117.1318283,27.09968696,-52.90709376,-6.05800562,116.4305738,HG
105.3887235,-107.2704798,1.881756336,-42.40151081,-5.799000244,116.4181461,HG
116.2852728,-92.83605825,-23.44921457,-30.32985162,-5.560270024,116.4057197,HG
122.2502397,-74.43404054,-47.81619912,-17.17754014,-5.359739553,116.3932947,HG
123.0778847,-52.87390362,-70.20398112,-3.845282728,-5.216756294,116.3808709,HG
122.6258645,-48.42891931,-74.19694516,-1.09E-09,-5.19645056,116.3784934,HG
122.6258645,-48.42891931,-74.19694516,-5.97E-10,-5.19645056,116.3784934,HG
117.1991897,-24.17303463,-93.02615504,14.67204325,-5.139650215,116.3660712,HG
109.9345061,-5.343606038,-104.5909,23.95266827,-5.156147268,116.3568079,HG
97.46753817,17.86725873,-115.3347969,36.31044184,-5.252203629,116.3454809,HG
81.66133456,40.30525704,-121.9665916,48.51518362,-5.436411659,116.3341551,HG
62.96468506,61.61280529,-124.5774904,55.96596732,-5.717080937,116.3228304,HG
46.9023526,76.61361959,-123.5159722,61.71100107,-6.002265627,116.3140629,HG
46.9023526,76.61361959,-123.5159722,61.71100107,-6.002265627,116.3140629,HG
24.74190635,93.59823403,-118.3401404,67.04249753,-6.458570146,116.3027401,HG
1.69665642,107.3344271,-109.0310835,70.31910561,-7.013801199,116.2914185,HG
-21.42090617,117.3473715,-95.92646538,71.2030933,-7.664355056,116.280098,HG
-43.80827608,123.2900232,-79.48174713,69.84323061,-8.405308635,116.2687785,HG
-64.65155633,124.9205442,-60.26898782,65.77001046,-9.22742385,116.2574602,HG
-78.5327322,123.3632918,-44.8305596,61.57821316,-9.876355786,116.2491702,HG
-78.5327322,123.3632918,-44.83055959,61.57821316,-9.876355786,116.2491702,HG
-95.04867948,117.5331473,-22.48446777,53.99882943,-10.81459653,116.2378539,HG
-108.2404212,107.6166111,0.62381009,44.72189912,-11.80267356,116.2265386,HG
-117.6447141,93.96546133,23.67925278,34.05193798,-12.82505424,116.2152244,HG
-122.9368381,77.05434961,45.8824885,22.60645345,-13.8670365,116.2039113,HG
-123.9231091,57.43483389,66.48827524,11.53608045,-14.91853591,116.1925994,HG
-122.0681076,42.85939627,79.2087113,-2.50E-10,-15.61250943,116.1848389,HG
-122.0681076,42.85939627,79.2087113,-8.02E-10,-15.61250943,116.1848389,HG
-115.7702596,20.39801129,95.37224828,-12.06245146,-16.60782304,116.1735289,HG
-105.4399116,-2.752048692,108.1919603,-24.25623367,-17.56140157,116.1622199,HG
-91.39934315,-25.76407565,117.1634188,-34.91205355,-18.44599167,116.150912,HG
-74.15745741,-47.82062465,121.9780821,-45.03610294,-19.24430958,116.1396053,HG
-54.3564056,-68.14063608,122.4970417,-53.23315595,-19.94122103,116.1282996,HG
-37.70930682,-82.19100367,119.9003105,-58.5549951,-20.39717999,116.1195708,HG
-37.70930682,-82.19100367,119.9003105,-58.5549951,-20.39717999,116.1195708,HG
-15.05319341,-97.77482458,112.828018,-63.36754784,-20.88209419,116.1082671,HG
8.126274305,-109.8676915,101.7414172,-65.79378086,-21.22472302,116.0969645,HG
31.00797397,-118.0638823,87.05590837,-65.94954655,-21.42056162,116.0856631,HG
52.78951925,-122.0613907,69.27187146,-63.82994144,-21.45894191,116.0743627,HG
72.70214457,-121.7292543,49.02710969,-59.47167397,-21.33716628,116.0630634,HG
83.70404087,-119.3656239,35.66158302,-55.87838041,-21.17985625,116.0561222,HG
83.70404087,-119.3656239,35.66158302,-55.87838041,-21.17985625,116.0561222,HG
99.17025409,-112.1390794,12.96882534,-48.29986908,-20.79779413,116.0448247,HG
111.137671,-100.9233579,-10.21431309,-39.25632474,-20.25413314,116.0335283,HG
119.19905,-86.10089635,-33.09815365,-28.63501473,-19.55514555,116.022233,HG
122.9856541,-68.16298151,-54.82267261,-17.11708599,-18.69199694,116.0109388,HG
122.5454386,-47.9051079,-74.64033068,-5.502231099,-17.72171624,115.9996456,HG
120.8619984,-37.92922005,-82.93277838,4.60E-09,-17.22551311,115.9944539,HG
120.8619984,-37.92922005,-82.93277838,4.94E-09,-17.22551311,115.9944539,HG
114.1201323,-15.33352709,-98.78660525,11.41755671,-16.0649136,115.9831624,HG
103.3662301,7.833267636,-111.1994977,23.62497211,-14.80527456,115.9718719,HG
88.95076063,30.77919236,-119.729953,33.54574624,-13.45779126,115.9605826,HG
71.39964091,52.69132763,-124.0909685,42.15972831,-12.04617608,115.9492943,HG
51.32066297,72.79952381,-124.1201868,49.68293819,-10.58880537,115.9380071,HG
43.2638874,79.73808042,-123.0019678,51.53332656,-10.03514626,115.9337564,HG
43.2638874,79.73808042,-123.0019678,51.53332656,-10.03514626,115.9337564,HG
20.87701304,96.23731121,-117.1143243,56.70706315,-8.55091633,115.9224707,HG
-2.242521339,109.3821269,-107.1396055,59.04990387,-7.074220898,115.9111861,HG
-25.3035036,118.7380115,-93.43450791,59.33873163,-5.623639135,115.8999025,HG
-47.4996171,123.9768654,-76.4772483,57.54343598,-4.219314716,115.8886201,HG
-68.08072561,124.9116953,-56.83096967,54.59066777,-2.875698965,115.8773388,HG
-73.3255037,124.390236,-51.06473231,51.21577881,-2.523948196,115.8742356,HG
-73.3255037,124.390236,-51.06473231,51.21577881,-2.523948196,115.8742356,HG
-90.67843178,119.7653495,-29.08691767,44.80015172,-1.30230873,115.8629556,HG
-104.9070787,111.0061802,-6.099101538,36.63915066,-0.181281853,115.8516767,HG
-115.4601866,98.39102855,17.06915808,27.05817579,0.819281311,115.840399,HG
-121.9872142,82.36234393,39.62487025,16.75976023,1.690604235,115.8291223,HG
-124.2013809,63.46001144,60.74136945,4.32491175,2.41743268,115.8178466,HG
-123.9128549,55.64404912,68.2688058,9.28E-10,2.656682941,115.8135391,HG
-123.9128549,55.64404912,68.2688058,5.89E-10,2.656682941,115.8135391,HG
-120.1638249,33.94583813,86.21798675,-11.85170482,3.180860733,115.802265,HG
-112.2083659,11.09190467,101.1164613,-23.13939229,3.553634872,115.790992,HG
-100.327622,-12.12496792,112.4525899,-33.25481007,3.77593894,115.7797201,HG
-84.89911793,-34.86261171,119.7617296,-43.68530011,3.843168281,115.7684493,HG
-66.55364648,-56.29099334,122.8446398,-52.15501427,3.770032492,115.7571796,HG
-57.27096507,-65.54150905,122.8124741,-54.91476298,3.689751426,115.7519935,HG
-57.27096507,-65.54150905,122.8124741,-54.91476298,3.689751426,115.7519935,HG
-35.75965045,-83.82898722,119.5886377,-60.43473001,3.423035764,115.7407254,HG
-13.00428536,-99.11540965,112.119695,-63.73167358,3.034370295,115.7294584,HG
10.19457784,-110.8837832,100.6892053,-64.81088073,2.538764934,115.7181924,HG
33.02976675,-118.7219112,85.6921444,-63.63822271,1.950001447,115.7069276,HG
54.68869035,-122.3279174,67.63922707,-59.81244974,1.282761902,115.6956639,HG
66.28092732,-122.4417851,56.16085775,-57.0556617,0.873757361,115.6892002,HG
66.28092732,-122.4417851,56.16085775,-57.0556617,0.873757361,115.6892002,HG
84.57417634,-119.2338713,34.65969493,-50.56258438,0.122766928,115.6779382,HG
99.88845389,-111.7968905,11.90843657,-41.85205797,-0.660651613,115.6666773,HG
111.6806683,-100.3812219,-11.29944634,-31.06082244,-1.459564089,115.6554176,HG
119.5257749,-85.40220915,-34.12356579,-19.91639496,-2.252628177,115.6441589,HG
123.1648484,-67.37727339,-55.78757501,-8.501630547,-3.027601561,115.6329013,HG
123.2506116,-55.19808756,-68.05252403,2.95E-09,-3.480472462,115.6260548,HG
123.2506116,-55.19808756,-68.05252403,3.30E-09,-3.480472462,115.6260548,HG
119.9326831,-33.65098823,-86.28169491,12.31167434,-4.193600682,115.614799,HG
112.3730633,-10.88051612,-101.4925472,24.43782557,-4.84734906,115.6035443,HG
100.8604039,12.31642761,-113.1768315,35.75686304,-5.434391822,115.5922908,HG
85.79136907,35.13428861,-120.9256577,45.70958327,-5.946578292,115.5810383,HG
67.67728686,56.75348842,-124.4307753,54.84716928,-6.372189757,115.5697869,HG
53.3054962,70.98235703,-124.2878532,59.85363977,-6.620536488,115.5617778,HG
53.3054962,70.98235703,-124.2878532,59.85363977,-6.620536488,115.5617778,HG
31.55361278,88.84348244,-120.3970952,64.95597398,-6.897557177,115.5505283,HG
8.680729609,103.6147689,-112.2954985,69.16499678,-7.08307569,115.5392798,HG
-14.50418998,114.7860481,-100.2818581,69.51174082,-7.181467052,115.5280325,HG
-37.20632676,121.9912341,-84.78490734,68.08735788,-7.201541438,115.5167863,HG
-58.60964065,124.9267242,-66.31708357,63.9793434,-7.143049036,115.5055412,HG
-71.4971926,124.5036485,-53.00645587,60.45009591,-7.068988867,115.4982067,HG
-71.4971926,124.5036485,-53.00645587,60.45009591,-7.068988867,115.4982067,HG
-89.14361244,120.296049,-31.15243655,53.29264676,-6.910429612,115.4869633,HG
-103.6674502,111.9004923,-8.233042059,44.23486053,-6.704665479,115.4757211,HG
-114.5692102,99.63041211,14.93879806,33.7224049,-6.467102406,115.46448,HG
-121.4668926,83.87995204,37.58694058,20.90144214,-6.210263455,115.45324,HG
-124.0890004,65.24212141,58.84687895,8.234969383,-5.949165889,115.442001,HG
-123.409311,51.40046242,72.00884861,1.12E-09,-5.779500799,115.434445,HG
-123.409311,51.40046242,72.00884862,7.81E-10,-5.779500799,115.434445,HG
-118.8139799,29.40702666,89.40695328,-11.26542682,-5.548873063,115.4232079,HG
-110.03182,6.379520763,103.6522992,-23.71205472,-5.354320819,115.4119719,HG
-97.41892258,-16.72312504,114.1420476,-37.32428167,-5.211733375,115.4007369,HG
-81.38934506,-39.25039694,120.639742,-47.75044486,-5.134132859,115.3895031,HG
-62.5179516,-60.35583925,122.8737908,-56.55426038,-5.133362811,115.3782703,HG
-49.17128401,-72.82190325,121.9931873,-61.4507321,-5.178159367,115.3710459,HG
-49.17128401,-72.82190325,121.9931873,-61.4507321,-5.178159367,115.3710459,HG
-27.0996985,-90.02835166,117.1280502,-66.80714622,-5.324688305,115.359815,HG
-4.089861129,-104.0121746,108.1020358,-70.1615479,-5.57021506,115.3485851,HG
19.05146995,-114.3065008,95.25503089,-71.09709215,-5.919119553,115.3373564,HG
41.51985963,-120.5526681,79.03280849,-69.79574686,-6.373522683,115.3261287,HG
62.49911579,-122.4893095,59.9901937,-65.8019192,-6.933029622,115.3149021,HG
76.35476984,-121.188327,44.83355717,-61.6854882,-7.401782658,115.3067761,HG
76.35476984,-121.188327,44.83355717,-61.6854882,-7.401782658,115.3067761,HG
93.1187206,-115.7009741,22.58225351,-53.82543651,-8.131961164,115.2955514,HG
106.596224,-106.0949216,-0.50130238,-45.25623218,-8.952828184,115.2843278,HG
116.3117354,-92.70425391,-23.60748151,-34.41754187,-9.855082044,115.2731053,HG
121.9318837,-76.03299717,-45.89888649,-22.58995244,-10.82259094,115.261884,HG
123.2489903,-56.66027086,-66.58871948,-9.126120797,-11.83998257,115.2506637,HG
121.3923799,-40.74005813,-80.65232181,7.79E-10,-12.63020389,115.2422419,HG
121.3923799,-40.74005813,-80.65232181,1.16E-09,-12.63020389,115.2422419,HG
115.1655367,-18.26610661,-96.8994301,13.11993188,-13.70663169,115.2310235,HG
104.8733953,4.847260708,-109.720656,26.00881579,-14.77875979,115.2198063,HG
90.91928085,27.83706044,-118.7563413,37.64635101,-15.84018139,115.2085902,HG
73.74782988,49.9305435,-123.6783734,46.61190828,-16.87564791,115.1973751,HG
53.96527815,70.29064039,-124.2559185,54.97167982,-17.85243293,115.1861612,HG
38.39309526,83.56087498,-121.9539702,59.91759214,-18.51563241,115.1780386,HG
38.39309526,83.56087498,-121.9539702,59.91759214,-18.51563241,115.1780386,HG
15.79389807,99.34174932,-115.1356474,64.66119687,-19.35647594,115.1668266,HG
-7.374974756,111.6695859,-104.2946111,67.32480018,-20.09220781,115.1556157,HG
-30.29828513,120.1216793,-89.82339418,67.59417208,-20.7086985,115.1444058,HG
-52.17845966,124.3949534,-72.21649375,65.47207229,-21.19121572,115.133197,HG
-72.22826046,124.3334322,-52.10517173,61.28360338,-21.52445598,115.1219894,HG
-84.1804562,121.8868829,-37.70642665,57.31358582,-21.65732961,115.1145479,HG
-84.1804562,121.8868829,-37.70642665,57.31358582,-21.65732961,115.1145479,HG
-99.68775101,114.7180311,-15.0302801,49.75298695,-21.72770659,115.1033421,HG
-111.7040516,103.5542156,8.149835986,40.57004073,-21.62916336,115.0921373,HG
-119.8204325,88.77858631,31.0418462,29.99949051,-21.36214719,115.0809336,HG
-123.6685346,70.87410731,52.79442733,17.89011281,-20.90802798,115.0697311,HG
-123.2597937,50.6567898,72.60300385,6.54122626,-20.30614845,115.0585296,HG
-121.2163844,38.80976292,82.40662151,-5.58E-09,-19.9116294,115.0524288,HG
-121.2163844,38.80976291,82.40662151,-5.90E-09,-19.9116294,115.0524288,HG
-114.185526,16.14854522,98.0369808,-11.68604144,-19.06314719,115.041229,HG
-103.1429801,-7.037165299,110.1801454,-23.00771145,-18.06618377,115.0300303,HG
-88.48011634,-29.96019387,118.4403102,-33.33527412,-16.93751587,115.0188326,HG
-70.72281468,-51.7304886,122.4533033,-43.10530785,-15.68668789,115.0076361,HG
-50.53185425,-71.64942543,122.1812797,-50.20474983,-14.34712825,114.9964406,HG
-41.45907035,-79.30416254,120.7632329,-53.26773802,-13.75500975,114.9917423,HG
-41.45907035,-79.30416254,120.7632329,-53.26773802,-13.75500975,114.9917423,HG
-18.95363379,-95.44921443,114.4028482,-57.39896669,-12.30509898,114.9805483,HG
4.199690437,-108.1772903,103.9775999,-59.83215851,-10.80371906,114.9693554,HG
27.19945966,-117.0731428,89.87368313,-59.90133156,-9.274778032,114.9581636,HG
49.24358075,-121.8236962,72.5801155,-57.83148929,-7.739694121,114.9469729,HG
69.58736227,-122.2623284,52.67496617,-54.34805758,-6.215924944,114.9357832,HG
74.45878592,-121.6475305,47.18874462,-51.42635039,-5.828861755,114.9328824,HG
74.45878592,-121.6475305,47.18874462,-51.42635039,-5.828861755,114.9328824,HG
91.5245203,-116.5998594,25.07533913,-44.96154619,-4.36535983,114.9216941,HG
105.4097395,-107.4438614,2.034121937,-36.64547223,-2.964099322,114.9105069,HG
115.5769465,-94.46919246,-21.10775408,-26.9481946,-1.648068854,114.8993207,HG
121.6884173,-78.1320391,-43.55637818,-16.4788775,-0.43242876,114.8881357,HG
123.4734947,-58.98430276,-64.48919194,-4.228921069,0.662726846,114.8769517,HG
123.0440636,-51.34195903,-71.70210452,-2.83E-09,1.034490257,114.8728127,HG
123.0440636,-51.34195903,-71.70210452,-2.50E-09,1.034490257,114.8728127,HG
118.9204566,-29.51176781,-89.40868875,11.79116868,1.946646834,114.8616301,HG
110.6095869,-6.596047756,-104.0135391,23.05454676,2.713662579,114.8504487,HG
98.40392496,16.61107604,-115.015001,33.2213796,3.329731195,114.8392684,HG
82.69696704,39.26529568,-121.9622627,43.34582724,3.783124081,114.8280891,HG
64.12343559,60.5476678,-124.6711034,51.69388946,4.079307218,114.8169109,HG
55.77256124,68.75390082,-124.5264621,54.36231616,4.155797355,114.8123134,HG
55.77256123,68.75390082,-124.5264621,54.36231616,4.155797355,114.8123134,HG
34.19519113,86.94274811,-121.1379392,59.66186292,4.235397524,114.8011368,HG
11.40924184,102.1020792,-113.511321,62.88344013,4.163366923,114.7899612,HG
-11.79056623,113.7269649,-101.9363986,63.87285537,3.950672191,114.7787867,HG
-34.59667187,121.4103616,-86.81368974,62.66723881,3.607365203,114.7676134,HG
-56.19738624,124.8475769,-68.6501907,58.64984883,3.142730955,114.7564411,HG
-66.27058367,124.9442121,-58.67362839,56.31593834,2.873652687,114.7508682,HG
-66.27058367,124.9442121,-58.67362839,56.31593834,2.873652687,114.7508682,HG
-84.66126805,121.8937189,-37.23245084,50.15756924,2.263608628,114.7396975,HG
-100.0949795,114.6082243,-14.51324483,41.55006476,1.574960082,114.728528,HG
-112.0268076,103.3302027,8.696604918,30.7536295,0.8236733,114.7173595,HG
-120.0214921,88.47153959,31.54995254,19.5740616,0.032831032,114.7061921,HG
-123.815769,70.54646452,53.2693045,8.342861782,-0.782670131,114.6950259,HG
-124.0034928,58.51190809,65.49158474,8.57E-10,-1.276990243,114.6882874,HG
-124.0034928,58.51190809,65.49158474,5.24E-10,-1.276990243,114.6882874,HG
-120.8645091,37.03275804,83.83175108,-12.21865898,-2.093136524,114.6771229,HG
-113.4744431,14.29575158,99.17869155,-24.25074755,-2.885123637,114.6659595,HG
-102.1177888,-8.900780428,111.0185692,-35.48460963,-3.639484159,114.6547971,HG
-87.18558829,-31.7512645,118.9368528,-45.32890686,-4.34299672,114.6436359,HG
-69.18345071,-53.43816387,122.6216146,-54.42089644,-4.979633415,114.6324757,HG
-55.08103465,-67.5442488,122.6252835,-59.33354582,-5.378260483,114.6246334,HG
-55.08103465,-67.5442488,122.6252835,-59.33354582,-5.378260483,114.6246334,HG
-33.39082861,-85.53427161,118.9251002,-65.97446171,-5.881325136,114.6134751,HG
-10.55567907,-100.4908648,111.0465439,-68.17785864,-6.299522,114.6023179,HG
12.6381455,-111.861405,99.22325947,-69.16282673,-6.624513934,114.5911618,HG
35.37765019,-119.2647823,83.88713211,-67.63183154,-6.85828124,114.5800068,HG
56.85619997,-122.4290813,65.57288132,-63.98925584,-7.000401786,114.5688528,HG
69.57695076,-122.1846919,52.60774114,-60.35600392,-7.047294901,114.5617325,HG
69.57695076,-122.1846919,52.60774114,-60.35600392,-7.047294901,114.5617325,HG
87.39711494,-118.2486793,30.85156435,-53.20105972,-7.051270381,114.5505803,HG
102.1688423,-110.1234976,7.954655262,-44.39459207,-6.984261108,114.5394293,HG
113.3151192,-98.07687287,-15.23824632,-33.61809815,-6.849830895,114.5282793,HG
120.4539865,-82.53065512,-37.92333139,-20.95721572,-6.661056352,114.5171304,HG
123.3594074,-64.07245103,-59.28695632,-8.606491634,-6.434993066,114.5059826,HG
122.8176366,-49.77133726,-73.04629938,-1.29E-09,-6.262106182,114.4982009,HG
122.8176366,-49.77133726,-73.04629938,-9.45E-10,-6.262106182,114.4982009,HG
118.3887598,-27.82693063,-90.56182919,11.99750854,-6.005579384,114.4870549,HG
109.7615114,-4.871715442,-104.8897959,26.12977171,-5.748323087,114.4759101,HG
97.28953759,18.2758357,-115.5653733,37.53303326,-5.510346287,114.4647662,HG
81.38526925,40.85837628,-122.2436455,46.87326004,-5.306230041,114.4536235,HG
62.60012437,62.03856999,-124.6386944,56.18181246,-5.149911207,114.4424819,HG
49.23695521,74.63169458,-123.8686498,61.08589604,-5.08146399,114.4352764,HG
49.23695521,74.63169458,-123.8686498,61.08589604,-5.08146399,114.4352764,HG
27.20908764,91.93517596,-119.1442636,66.15667439,-5.035464518,114.4241366,HG
4.217278987,106.0463332,-110.2636122,70.26996367,-5.071817983,114.4129978,HG
-18.94736072,116.4672986,-97.51993788,71.45455296,-5.200546775,114.4018601,HG
-41.44258397,122.8444016,-81.40181758,70.00820114,-5.428660832,114.3907235,HG
-62.48293316,124.9525883,-62.46965514,65.45405209,-5.760701656,114.379588,HG
-76.12721458,123.8097289,-47.68251435,61.50684781,-6.061487456,114.3716941,HG
-76.12721458,123.8097289,-47.68251435,61.50684781,-6.061487456,114.3716941,HG
-93.04443854,118.5346017,-25.49016315,53.57903055,-6.576850329,114.3605605,HG
-106.6967411,109.1279961,-2.431254916,44.989924,-7.197596997,114.3494279,HG
-116.6142817,95.92108829,20.69319344,34.26831619,-7.919979927,114.3382964,HG
-122.4477354,79.40324805,43.04448733,22.52984154,-8.733498428,114.327166,HG
-123.9815514,60.09630733,63.88524409,10.6414441,-9.635271711,114.3160367,HG
-122.4482852,45.16518749,77.28309774,-9.67E-10,-10.30789275,114.3081325,HG
-122.4482852,45.16518749,77.28309774,-1.34E-09,-10.30789275,114.3081325,HG
-116.6077626,22.82457067,93.78319189,-12.71868496,-11.31292388,114.2970051,HG
-106.6823828,-0.291750522,106.9741333,-24.76767446,-12.36508202,114.2858787,HG
-93.03163139,-23.34995083,116.3815822,-36.04834387,-13.44325798,114.2747535,HG
-76.10599298,-45.54919813,121.6551911,-46.40860854,-14.52959143,114.2636293,HG
-56.53191049,-66.08872301,122.6206335,-55.01493884,-15.60069473,114.2525063,HG
-40.01265787,-80.37704049,120.3896984,-60.25769905,-16.4078397,114.2439127,HG
-40.01265787,-80.37704049,120.3896984,-60.25769906,-16.4078397,114.2439127,HG
-17.45876838,-96.29018948,113.7489579,-65.10822075,-17.40854316,114.2327916,HG
5.703584345,-108.7743202,103.0707358,-67.87089049,-18.34063359,114.2216715,HG
28.65364928,-117.3969825,88.74333326,-68.25599522,-19.18531408,114.2105526,HG
50.57977604,-121.8452053,71.26542929,-66.51183125,-19.92208228,114.1994347,HG
70.71210159,-121.9708825,51.25878088,-62.47546817,-20.53493626,114.1883179,HG
83.07902702,-119.5765735,36.49754648,-58.35915987,-20.88088236,114.1807375,HG
83.07902702,-119.5765735,36.49754648,-58.35915987,-20.88088236,114.1807375,HG
98.66092411,-112.4926445,13.83172035,-50.35310717,-21.25607267,114.1696225,HG
110.7660724,-101.4212819,-9.344790517,-41.36729909,-21.47416456,114.1585087,HG
118.9751864,-86.74200692,-32.23317945,-30.99455654,-21.52779048,114.1473959,HG
122.9809324,-68.95699739,-54.02393505,-18.97599569,-21.40713801,114.1362842,HG
122.6535518,-48.72025422,-73.93329762,-6.948145769,-21.11203382,114.1251736,HG
120.4020041,-35.81269866,-84.5893054,-1.07E-09,-20.85378878,114.1185736,HG
120.4020041,-35.81269866,-84.5893054,-7.36E-10,-20.85378878,114.1185736,HG
113.2699182,-13.13631953,-100.1335986,12.10406072,-20.28891774,114.1074647,HG
102.1353234,10.04631361,-112.181637,23.40914704,-19.55558992,114.0963569,HG
87.40415176,32.92301155,-120.3271633,33.76342732,-18.66707926,114.0852501,HG
69.5870593,54.69990661,-124.2869659,42.65790504,-17.63479072,114.0741445,HG
49.33702249,74.57728808,-123.9143106,49.92700934,-16.47461986,114.0630399,HG
40.98215014,81.60895581,-122.591106,53.19461062,-15.98983499,114.0587509,HG
40.98215014,81.60895581,-122.5911059,53.19461062,-15.98983499,114.0587509,HG
18.46330778,97.7659025,-116.2292103,57.07723204,-14.66610855,114.0476478,HG
-4.682590681,110.5277638,-105.8451731,59.79702444,-13.26299167,114.0365458,HG
-27.69063234,119.4592658,-91.76863348,59.90378305,-11.79234458,114.0254448,HG
-49.72292301,124.228826,-74.50590302,58.14566056,-10.27936104,114.0143449,HG
-70.04305322,124.6791907,-54.63613746,53.89868959,-8.741561436,114.003246,HG
-77.31991197,123.677584,-46.35767207,51.80982436,-8.143268426,113.9989284,HG
-77.31991197,123.677584,-46.35767206,51.80982436,-8.143268426,113.9989284,HG
-94.06830966,118.1390479,-24.07073822,44.68637809,-6.616379184,113.987831,HG
-107.5144406,108.4963484,-0.981907837,36.13921442,-5.12647749,113.9767347,HG
-117.204413,95.08839723,22.11601572,26.15254637,-3.692892595,113.9656395,HG
-122.8022586,78.38529066,44.41696798,15.3134879,-2.336118471,113.9545453,HG
-124.1157767,58.94260569,65.17317102,4.736190852,-1.070384511,113.9434522,HG
-123.7058029,53.32961119,70.37619169,-1.01E-09,-0.752250251,113.9404549,HG
-123.7058029,53.32961119,70.37619169,-1.46E-09,-0.752250251,113.9404549,HG
-119.4405788,31.45498096,87.98559787,-11.02462468,0.355482521,113.9293631,HG
-111.0470547,8.528250966,102.5188037,-22.62876633,1.333997908,113.9182725,HG
-98.75648992,-14.6581916,113.4146815,-33.08461909,2.167367404,113.9071829,HG
-83.01896616,-37.27400746,120.2929736,-42.73230842,2.846370793,113.8960944,HG
-64.35245067,-58.57328504,122.9257357,-50.58750124,3.36868983,113.8850069,HG
-55.81768187,-66.9080273,122.7257092,-53.5747291,3.538116433,113.8803541,HG
-55.81768187,-66.9080273,122.7257092,-53.5747291,3.538116433,113.8803541,HG
-34.19345262,-85.00138679,119.1948394,-59.19379842,3.830006366,113.8692682,HG
-11.3825975,-100.0701092,111.4527067,-62.07575384,3.962433667,113.8581834,HG
11.8319851,-111.5856649,99.7536798,-62.85987368,3.938610733,113.8470996,HG
34.59918691,-119.1240348,84.52484787,-61.91858069,3.766983267,113.8360169,HG
56.14310674,-122.4392017,66.29609497,-58.852487,3.458132401,113.8249353,HG
65.35438512,-122.5050169,57.15063177,-55.63935833,3.275071265,113.8198755,HG
65.35438512,-122.5050169,57.15063177,-55.63935833,3.275071265,113.8198755,HG
83.79443505,-119.5191113,35.72467627,-49.50636623,2.791085079,113.8087954,HG
99.25949947,-112.2786361,13.01913666,-40.93279809,2.204628437,113.7977165,HG
111.2345956,-101.057817,-10.17677866,-31.04791932,1.533188307,113.7866386,HG
119.2988519,-86.24418321,-33.05466869,-20.24162081,0.794186604,113.7755619,HG
123.1702279,-68.32353086,-54.84669703,-9.424985707,0.000587639,113.7644862,HG
123.4179078,-57.11227215,-66.30563566,-4.96E-10,-0.450934535,113.7582238,HG
123.4179078,-57.11227215,-66.30563566,-9.79E-11,-0.450934535,113.7582238,HG
120.4605264,-35.71734937,-84.74317708,11.68596605,-1.270461453,113.7471498,HG
113.2893107,-13.0169778,-100.2723329,23.77706061,-2.092166441,113.7360769,HG
102.1102142,10.18601746,-112.2962317,34.62229284,-2.893813196,113.725005,HG
87.33139365,33.06946613,-120.4008598,45.12733003,-3.658318717,113.7139343,HG
69.48494285,54.79950195,-124.2844448,55.01851444,-4.365439201,113.7028647,HG
54.29701039,70.08448922,-124.3814996,58.93558624,-4.863524879,113.6944724,HG
54.29701039,70.08448922,-124.3814996,58.93558624,-4.863524879,113.6944724,HG
32.61927808,88.0753006,-120.6945787,64.73196604,-5.455664518,113.6834047,HG
9.779180973,102.9995803,-112.7787613,67.88728515,-5.962340109,113.672338,HG
-13.41544074,114.3557902,-100.9403495,68.78277186,-6.380508793,113.6612724,HG
-36.16063666,121.7479326,-85.58729597,67.21684559,-6.707000477,113.6502079,HG
-57.63870833,124.879535,-67.2408267,63.35664911,-6.935086763,113.6391445,HG
-70.60509432,124.5851133,-53.98001901,59.87337666,-7.032947623,113.631923,HG
-70.60509432,124.5851133,-53.98001901,59.87337666,-7.032947623,113.631923,HG
-88.3801844,120.5718277,-32.19164326,52.66205995,-7.111400377,113.6208614,HG
-103.0616926,112.3600008,-9.298308182,43.44569567,-7.104715925,113.6098008,HG
-114.1343407,100.2463611,13.88797966,32.77617624,-7.02198924,113.5987413,HG
-121.213106,84.65682662,36.55627934,20.96852508,-6.874270593,113.5876829,HG
-124.0546157,66.13386575,57.92074993,8.499127355,-6.674656141,113.5766256,HG
-123.6057192,53.75763045,69.84808876,-2.48E-09,-6.527159453,113.5699243,HG
-123.6057192,53.75763045,69.84808876,-2.81E-09,-6.527159453,113.5699243,HG
-119.5120535,31.91631917,87.59573432,-12.70234488,-6.276201823,113.5588687,HG
-111.1873305,9.007974528,102.179356,-24.86843425,-6.006304803,113.5478141,HG
-98.98120205,-14.17259665,113.1537987,-36.67529869,-5.740613468,113.5367607,HG
-83.30842962,-36.82240564,120.1308353,-47.09354013,-5.494678909,113.5257083,HG
-64.74675873,-58.11004525,122.856804,-56.1854272,-5.285223051,113.514657,HG
-51.15364116,-71.0930105,122.2466517,-61.41022442,-5.172255854,113.5073614,HG
-51.15364115,-71.0930105,122.2466517,-61.41022443,-5.172255854,113.5073614,HG
-29.20814887,-88.54805441,117.7562033,-66.3855373,-5.055539226,113.4963118,HG
-6.250835888,-102.8648185,109.1156544,-69.84712021,-5.014425076,113.4852634,HG
16.91598836,-113.5308835,96.61489513,-70.97154693,-5.060190995,113.474216,HG
39.50101181,-120.1820871,80.68107529,-70.04721568,-5.202782154,113.4631697,HG
60.63483302,-122.5151341,61.88030111,-65.75158938,-5.449369335,113.4521245,HG
74.9769996,-121.4585999,46.48160032,-61.67378131,-5.702555233,113.4439378,HG
74.9769996,-121.4585999,46.48160032,-61.67378131,-5.702555233,113.4439378,HG
91.97436629,-116.2990439,24.32467759,-53.61768281,-6.140272795,113.4328944,HG
105.7213379,-106.9997225,1.278384591,-45.2506763,-6.689119183,113.4218522,HG
115.7460404,-93.88890313,-21.85713724,-34.46017709,-7.347232379,113.410811,HG
121.6934067,-77.45319908,-44.24020762,-22.59843604,-8.105992553,113.3997709,HG
123.3453365,-58.26057307,-65.08476342,-9.016168451,-8.956799259,113.3887318,HG
121.7772014,-42.67656281,-79.1006386,-1.64E-09,-9.640028614,113.3805645,HG
121.7772014,-42.67656281,-79.1006386,-1.26E-09,-9.640028614,113.3805645,HG
115.9236632,-20.29880882,-95.62485435,13.04230896,-10.62961634,113.3695274,HG
105.999482,2.787302759,-108.7867847,25.70505445,-11.66897055,113.3584913,HG
92.34010207,25.83935047,-118.1794525,36.56302118,-12.75117974,113.3474564,HG
75.40064027,48.05463977,-123.45528,46.17970666,-13.8590025,113.3364225,HG
55.82315041,68.57753829,-124.4006887,55.39311523,-14.95895107,113.3253896,HG
40.12247886,82.21045302,-122.3329319,60.39721445,-15.7575689,113.3172744,HG
40.12247886,82.21045302,-122.3329319,60.39721445,-15.7575689,113.3172744,HG
17.59465537,98.23963463,-115.83429,65.13048314,-16.81301394,113.3062435,HG
-5.557604527,110.8467665,-105.289162,68.56632416,-17.80837828,113.2952136,HG
-28.52682195,119.6055382,-91.07871622,68.8322178,-18.72587847,113.2841848,HG
-50.51691619,124.2151811,-73.69826488,66.94908283,-19.54794208,113.2731572,HG
-70.72492854,124.4792687,-53.7543402,62.51126152,-20.24759474,113.2621306,HG
-83.40316862,122.0988687,-38.69570006,58.44097724,-20.65925811,113.2544392,HG
-83.40316862,122.0988687,-38.69570006,58.44097724,-20.65925811,113.2544392,HG
-99.0449833,115.1004407,-16.05545737,50.90612673,-21.12571909,113.2434145,HG
-111.2273502,104.1019356,7.125414562,41.67509509,-21.43705675,113.2323908,HG
-119.5034593,89.49507943,30.00837991,31.68203171,-21.57824719,113.2213682,HG
-123.5992953,71.74894207,51.85035322,18.9078263,-21.54762519,113.2103466,HG
-123.3466951,51.55444085,71.79225428,6.642319372,-21.33201596,113.1993261,HG
-121.1024866,38.4774455,82.62504113,1.31E-10,-21.11616365,113.1926869,HG
-121.1024866,38.4774455,82.62504113,-2.15E-10,-21.11616365,113.1926869,HG
-114.0143558,15.81222031,98.2021355,-12.26506632,-20.62003326,113.1816681,HG
-102.9189763,-7.369837613,110.2888139,-23.58588274,-19.94614829,113.1706504,HG
-88.22256446,-30.25380973,118.4763742,-33.97815725,-19.10689139,113.1596338,HG
-70.43466471,-52.04547978,122.4801445,-42.87595014,-18.11286435,113.1486182,HG
-50.19211938,-71.92256046,122.1146798,-50.62753267,-16.97074755,113.1376037,HG
-40.93361442,-79.71975575,120.6533702,-53.56919261,-16.44520974,113.1328909,HG
-40.93361442,-79.71975575,120.6533702,-53.56919261,-16.44520974,113.1328909,HG
-18.39552176,-95.78083658,114.1763583,-57.92545472,-15.13028391,113.1218779,HG
4.760330794,-108.4279056,103.6675748,-60.19969867,-13.71983659,113.110866,HG
27.74837118,-117.233667,89.48529581,-60.18989865,-12.23209189,113.0998551,HG
49.75843771,-121.8730022,72.11456452,-58.11395851,-10.68752118,113.0888453,HG
69.99845982,-122.1850046,52.18654479,-53.98133651,-9.114070955,113.0778365,HG
76.63376268,-121.2397266,44.60596395,-51.86985161,-8.550609462,113.0739216,HG
76.63376268,-121.2397266,44.60596395,-51.86985161,-8.550609462,113.0739216,HG
93.38232212,-115.7087423,22.32642016,-46.40346763,-6.974219492,113.0629143,HG
106.8430256,-106.081757,-0.761268654,-36.32000963,-5.426544206,113.051908,HG
116.5415887,-92.68327802,-23.8583107,-26.08767556,-3.928611229,113.0409028,HG
122.138673,-75.96836997,-46.17030305,-15.41236986,-2.500027253,113.0298987,HG
123.3639064,-56.50044402,-66.86346242,-4.986050322,-1.165701334,113.0188956,HG
122.7283382,-48.32574078,-74.40259746,-3.86E-10,-0.674090818,113.0145785,HG
122.7283382,-48.32574078,-74.40259747,-1.62E-11,-0.674090818,113.0145785,HG
118.0105246,-26.30971596,-91.70080864,12.69885659,0.49535919,113.0035769,HG
109.1165118,-3.30288665,-105.8136252,23.84251618,1.531673796,112.9925763,HG
96.38970319,19.85937159,-116.2490748,34.3739736,2.420652641,112.9815769,HG
80.26298595,42.38449423,-122.6474802,43.49600795,3.154155437,112.9705785,HG
61.2860458,63.44059573,-124.7266415,51.22193041,3.718506528,112.9595811,HG
55.11361522,69.39792959,-124.5115448,53.28962865,3.856980672,112.9562611,HG
55.11361522,69.39792959,-124.5115448,53.28962865,3.856980672,112.9562611,HG
33.47048671,87.50776496,-120.9782517,57.98109729,4.208131078,112.9452651,HG
10.62795064,102.5473361,-113.1752868,61.73994169,4.385705181,112.9342702,HG
-12.51450215,114.0178017,-101.5032996,63.52577264,4.406219054,112.9232764,HG
-35.2883859,121.5805074,-86.29212151,61.9437703,4.272780008,112.9122837,HG
-56.83856366,124.8930835,-68.05451979,58.07825364,3.989624501,112.901292,HG
-66.16679393,124.9554409,-58.78864701,55.75938775,3.81246994,112.8962154,HG
-66.16679393,124.9554409,-58.78864701,55.75938775,3.81246994,112.8962154,HG
-84.57439494,121.9161901,-37.34179516,49.04237991,3.338895721,112.8852253,HG
-100.0171154,114.6476998,-14.6305844,40.69097802,2.756471657,112.8742362,HG
-111.9655123,103.3972461,8.56826613,30.86842358,2.080349324,112.8632483,HG
-120.0076896,88.55374685,31.45394271,20.2954207,1.327858404,112.8522614,HG
-123.8012144,70.64126932,53.15994507,7.544299878,0.524117129,112.8412756,HG
-123.9923956,58.30038244,65.69201313,1.10E-09,0.007230463,112.8344831,HG
-123.9923956,58.30038244,65.69201313,7.49E-10,0.007230463,112.8344831,HG
-120.7956249,36.80153408,83.99409081,-12.13067106,-0.843437966,112.823499,HG
-113.369381,14.05271562,99.3166654,-23.98492184,-1.696287358,112.812516,HG
-101.9685578,-9.170862764,111.1394206,-34.60244495,-2.536296292,112.8015341,HG
-86.97607204,-31.99425086,118.9703229,-45.99429752,-3.334134768,112.7905533,HG
-68.98778874,-53.62530075,122.6130895,-54.74829205,-4.077322592,112.7795735,HG
-55.35390574,-67.27776621,122.631672,-59.1939541,-4.551917558,112.7721312,HG
-55.35390574,-67.27776621,122.631672,-59.1939541,-4.551917558,112.7721312,HG
-33.70784184,-85.30554698,119.0133888,-64.88523575,-5.183392958,112.7611533,HG
-10.87490475,-100.3093334,111.1842382,-67.6627004,-5.733408981,112.7501764,HG
12.31851441,-111.7371603,99.41864591,-68.86888705,-6.189717215,112.7392006,HG
35.08331059,-119.1982645,84.11495388,-67.56892551,-6.550720959,112.7282258,HG
56.5935046,-122.4307091,65.83720452,-63.90595371,-6.812740356,112.7172522,HG
68.4820117,-122.2641566,53.78214491,-59.60411178,-6.915767521,112.7107005,HG
68.4820117,-122.2641566,53.78214491,-59.60411178,-6.915767521,112.7107005,HG
86.50175197,-118.5894736,32.0877216,-53.37227677,-7.029077349,112.6997285,HG
101.4309212,-110.6857954,9.254874222,-43.97031037,-7.046841531,112.6887576,HG
112.7976975,-98.85712758,-13.94056995,-33.39602878,-6.984635305,112.6777878,HG
120.1816404,-83.51061594,-36.67102445,-21.9417752,-6.850198111,112.666819,HG
123.3341848,-65.19453394,-58.13965082,-9.631984053,-6.657591185,112.6558513,HG
122.9639964,-50.88287661,-72.08111976,-1.01E-10,-6.496578781,112.6481489,HG
122.9639964,-50.88287661,-72.08111976,2.93E-10,-6.496578781,112.6481489,HG
118.7367193,-29.01668028,-89.72003903,12.61635511,-6.238633055,112.637183,HG
110.337375,-6.096065681,-104.2413093,25.08872938,-5.965313557,112.6262182,HG
98.05282515,17.08714427,-115.1399694,36.58795932,-5.693076735,112.6152545,HG
82.30371291,39.74041763,-122.0441305,46.78435418,-5.439191823,112.6042918,HG
63.62996837,60.98897913,-124.6189475,55.75987181,-5.217854881,112.5933302,HG
49.23217317,74.64641729,-123.8785905,60.69367182,-5.095433892,112.5856607,HG
49.23217317,74.6464173,-123.8785905,60.69367182,-5.095433892,112.5856607,HG
27.2126252,91.94173418,-119.1543594,66.41540906,-4.974058566,112.5747009,HG
4.20641872,106.0573834,-110.2638021,69.56939948,-4.929046289,112.5637421,HG
-18.94515244,116.4747493,-97.52959689,70.92256896,-4.973307086,112.5527845,HG
-41.44380357,122.8387466,-81.39494304,69.56125906,-5.117155044,112.5418279,HG
-62.49419547,124.9446058,-62.45041035,65.79758664,-5.367771607,112.5308723,HG
-75.56017245,123.9036561,-48.34348362,61.22667262,-5.600829743,112.523449,HG
-75.56017245,123.9036561,-48.34348362,61.22667262,-5.600829743,112.523449,HG
-92.55643884,118.747254,-26.19081513,53.79473873,-6.040479916,112.5124952,HG
-106.3213921,109.4690016,-3.147609552,44.62246211,-6.593887024,112.5015425,HG
-116.3672822,96.39173266,19.97554954,34.08931039,-7.257915669,112.4905909,HG
-122.3547228,79.96426267,42.3904601,23.15280064,-8.028466874,112.4796404,HG
-123.9925221,60.76409946,63.22842263,9.469772003,-8.891910538,112.468691,HG
-122.4189357,45.11571449,77.30322123,-5.30E-10,-9.589256368,112.4605604,HG
-122.4189357,45.11571449,77.30322123,-8.88E-10,-9.589256368,112.4605604,HG
-116.5777188,22.76321569,93.81450313,-12.72591837,-10.59064,112.4496128,HG
-106.6516011,-0.351224975,107.0028261,-24.91488286,-11.65016784,112.4386663,HG
-92.97915798,-23.43767483,116.4168328,-35.66892563,-12.75345887,112.4277209,HG
-76.03110458,-45.60884583,121.6399504,-46.32237929,-13.86786801,112.4167765,HG
-56.48656068,-66.114249,122.6008097,-55.20063405,-14.97612673,112.4058332,HG
-40.22326089,-80.21101989,120.4342808,-60.51690651,-15.81394852,112.3975101,HG
-40.22326089,-80.21101989,120.4342808,-60.51690651,-15.81394852,112.3975101,HG
-17.67101668,-96.15637637,113.8273931,-65.12545189,-16.87373589,112.3865687,HG
5.487739458,-108.6777587,103.1900193,-67.89679055,-17.87040544,112.3756284,HG
28.43904569,-117.3336893,88.89464364,-68.39954931,-18.78211882,112.3646892,HG
50.39186673,-121.8324543,71.44058758,-66.25955321,-19.59212668,112.353751,HG
70.55660978,-122.0032917,51.44668194,-62.03345998,-20.27732036,112.3428139,HG
82.86367468,-119.6401882,36.77651355,-57.99367243,-20.66224625,112.3353889,HG
82.86367468,-119.6401882,36.77651355,-57.99367243,-20.66224625,112.3353889,HG
98.49681187,-112.6117247,14.11491286,-51.57712591,-21.10510302,112.3244536,HG
110.6495125,-101.5964468,-9.053065754,-41.10007753,-21.38303065,112.3135194,HG
118.9083636,-86.96202636,-31.94633727,-30.50948181,-21.48835856,112.3025862,HG
122.9801617,-69.21043993,-53.76972177,-18.8777971,-21.41448764,112.2916541,HG
122.6542102,-48.95347275,-73.70073743,-7.137727935,-21.14155529,112.280723,HG
120.2447946,-35.05211482,-85.19267977,2.49E-09,-20.88769863,112.273712,HG
120.2447946,-35.05211482,-85.19267977,2.85E-09,-20.88769863,112.273712,HG
112.9910007,-12.33118714,-100.6598136,13.36847837,-20.3388741,112.2627827,HG
101.6570101,10.86957709,-112.5265872,25.10213485,-19.58677339,112.2518545,HG
86.83001234,33.69290666,-120.522919,35.42428472,-18.68843354,112.2409273,HG
68.9410425,55.39674474,-124.3377872,43.54803985,-17.63800218,112.2300012,HG
48.59572762,75.20672294,-123.8024506,50.882412,-16.4435085,112.2190761,HG
40.19403568,82.22295138,-122.4169871,53.37778596,-15.94423276,112.2148397,HG
40.19403568,82.22295138,-122.4169871,53.37778596,-15.94423276,112.2148397,HG
17.65908657,98.27298226,-115.9320688,57.65113443,-14.58742701,112.203916,HG
-5.503180379,110.9097211,-105.4065407,59.85065373,-13.13910945,112.1929935,HG
-28.48901217,119.6941374,-91.20512526,60.43096906,-11.62073231,112.1820719,HG
-50.49222588,124.302667,-73.81044111,58.69220708,-10.05350439,112.1711515,HG
-70.72473884,124.6012278,-53.87648897,54.64763969,-8.471029916,112.1602321,HG
-75.58340133,123.9619146,-48.37851323,51.31734858,-8.063377137,112.1573903,HG
-75.58340133,123.9619146,-48.37851323,51.31734858,-8.063377137,112.1573903,HG
-92.63381317,118.8232052,-26.18939199,45.34599176,-6.4865027,112.1464722,HG
-106.4021571,109.5487822,-3.146625099,36.85761132,-4.952459743,112.1355552,HG
-116.4603341,96.47244494,19.9878892,27.04495311,-3.477778233,112.1246392,HG
-122.4488087,80.0503637,42.39844502,16.37549975,-2.085776178,112.1137242,HG
-124.1154145,60.83586997,63.27954455,4.687227333,-0.798337666,112.1028103,HG
-123.5775764,52.58527607,70.99230038,1.14E-09,-0.320732447,112.0984694,HG
-123.5775764,52.58527607,70.99230038,7.98E-10,-0.320732447,112.0984694,HG
-119.2083705,30.66776571,88.54060477,-11.86741057,0.78970836,112.087557,HG
-110.6712947,7.719503775,102.9517909,-23.11081382,1.755827969,112.0766456,HG
-98.26034797,-15.47412196,113.7344699,-33.4319718,2.568111882,112.0657353,HG
-82.37446049,-38.07535113,120.4498116,-43.04709479,3.211450784,112.0548261,HG
-63.65219087,-59.26565125,122.9178421,-51.14443229,3.68522531,112.0439179,HG
-55.67894693,-67.02083749,122.6997844,-53.67993867,3.824175646,112.0396551,HG
-55.67894693,-67.02083749,122.6997844,-53.67993867,3.824175646,112.0396551,HG
-34.04559486,-85.1111924,119.1567873,-59.1046574,4.063907495,112.0287483,HG
-11.23069356,-100.1521921,111.3828857,-62.28517085,4.133677679,112.0178427,HG
11.96851215,-111.6414057,99.6728936,-63.27293532,4.042859676,112.006938,HG
34.74379783,-119.1764531,84.43265528,-62.07259653,3.800520721,111.9960345,HG
56.28734168,-122.4610193,66.17367763,-58.09281307,3.415372621,111.985132,HG
66.07785003,-122.4922545,56.41440448,-55.77949983,3.183755934,111.97983,HG
66.07785003,-122.4922545,56.41440448,-55.77949983,3.183755934,111.97983,HG
84.40875308,-119.3393182,34.93056512,-49.22262393,2.621883428,111.9689291,HG
99.76461303,-111.9587615,12.19414843,-40.88773388,1.962186035,111.9580292,HG
111.6237931,-100.6032178,-11.02057527,-31.34760006,1.221200788,111.9471305,HG
119.5089063,-85.65958972,-33.84931661,-19.43235318,0.423676184,111.9362328,HG
123.207005,-67.67567388,-55.53133112,-7.568433165,-0.412297091,111.9253361,HG
123.3381148,-55.65343175,-67.68468309,-1.24E-10,-0.9247693,111.9187878,HG
123.3381148,-55.65343175,-67.68468309,2.24E-10,-0.9247693,111.9187878,HG
120.1027636,-34.1398335,-85.9629301,12.29763559,-1.778383548,111.9078929,HG
112.6291577,-11.3850632,-101.2440945,24.3795988,-2.615757085,111.896999,HG
101.1933524,11.81214754,-113.0055,35.59885262,-3.419322879,111.8861062,HG
86.19214447,34.6458389,-120.8379834,45.43014698,-4.17328973,111.8752145,HG
68.13536172,56.29975559,-124.4351173,54.52880988,-4.859387538,111.8643239,HG
54.75895229,69.66857563,-124.4275279,59.23304002,-5.270670615,111.8570762,HG
54.75895229,69.66857563,-124.4275279,59.23304002,-5.270670615,111.8570762,HG
33.10777555,87.71584775,-120.8236233,64.30004278,-5.821089087,111.8461873,HG
10.28437671,102.7135413,-112.997918,68.42929805,-6.275691453,111.8352995,HG
-12.92045873,114.1408468,-101.2203881,69.50826878,-6.631186565,111.8244127,HG
-35.67260157,121.6102076,-85.937606,67.98073309,-6.88687049,111.8135271,HG
-57.17263502,124.84879,-67.67615499,63.81464066,-7.041784403,111.8026424,HG
-70.60939064,124.5786232,-53.96923256,60.11765407,-7.092426569,111.7952952,HG
-70.60939064,124.5786232,-53.96923256,60.11765407,-7.092426569,111.7952952,HG
-88.38028276,120.5578405,-32.17755773,52.84075883,-7.092054025,111.7844124,HG
-103.0665732,112.3488269,-9.282253686,43.69859192,-7.010538096,111.7735306,HG
-114.1350571,100.2437812,13.89127591,33.35032614,-6.857506572,111.7626499,HG
-121.2030114,84.6345483,36.56846305,21.0489894,-6.645848468,111.7517702,HG
-124.0284149,66.1114552,57.91695971,8.526581665,-6.393256188,111.7408916,HG
-123.5172351,52.70584006,70.81139505,-9.74E-10,-6.212462511,111.7337728,HG
-123.5172351,52.70584006,70.81139505,-1.34E-09,-6.212462511,111.7337728,HG
-119.1837606,30.80660345,88.37715716,-12.82362605,-5.928804755,111.7228959,HG
-110.6658842,7.867046544,102.7988377,-25.34762662,-5.648473094,111.7120201,HG
-98.2769739,-15.3062921,113.583266,-36.97561893,-5.390928024,111.7011454,HG
-82.44841533,-37.90778466,120.3562,-47.32920603,-5.173740958,111.6902717,HG
-63.75682949,-59.10939328,122.8662228,-56.29732337,-5.013807551,111.679399,HG
-50.71470005,-71.47651482,122.1912149,-61.44349044,-4.948204002,111.6725344,HG
-50.71470005,-71.47651482,122.1912149,-61.44349044,-4.948204002,111.6725344,HG
-28.73755836,-88.87621663,117.613775,-66.46770382,-4.913566641,111.6616635,HG
-5.768891144,-103.1218204,108.8907116,-69.84186075,-4.973470848,111.6507936,HG
17.39275383,-113.7084682,96.31571439,-70.93338621,-5.137709456,111.6399248,HG
39.954409,-120.2744741,80.32006511,-69.93801534,-5.41414857,111.6290571,HG
61.05409602,-122.5193036,61.46520761,-65.71938859,-5.807048032,111.6181904,HG
75.64958458,-121.3470029,45.69741827,-61.54813066,-6.183256641,111.6099642,HG
75.64958459,-121.3470029,45.69741827,-61.54813066,-6.183256641,111.6099642,HG
92.5333532,-116.0289706,23.49561745,-53.91104522,-6.782244125,111.5990994,HG
106.1563528,-106.5904264,0.434073627,-44.66539022,-7.49436155,111.5882356,HG
116.0409609,-93.36784118,-22.67311972,-33.96875509,-8.311913553,111.5773729,HG
121.8448653,-76.82133261,-45.02353272,-22.4609082,-9.225400705,111.5665113,HG
123.3576367,-57.49827719,-65.8593595,-11.43058428,-10.22633224,111.5556507,HG
121.9269931,-43.43026576,-78.49672736,8.35E-10,-10.92386385,111.5483868,HG
121.9269931,-43.43026576,-78.49672736,1.25E-09,-10.92386385,111.5483868,HG
116.2090905,-21.11504221,-95.09404831,11.81519082,-12.01718523,111.5375281,HG
106.4169866,1.983620787,-108.4006074,24.56500767,-13.14623116,111.5266704,HG
92.86898456,25.05581971,-117.9248043,35.43899025,-14.28842204,111.5158137,HG
76.04066361,47.29854286,-123.3392065,45.55659879,-15.42324173,111.5049581,HG
56.51672014,67.90068293,-124.4174031,54.82798506,-16.52217496,111.4941036,HG
39.11064605,83.0165563,-122.1272023,59.51623097,-17.37893411,111.4852417,HG
39.11064605,83.0165563,-122.1272023,59.51623097,-17.37893411,111.4852417,HG
16.54202961,98.89650238,-115.438532,64.56701694,-18.36288702,111.4743891,HG
-6.624083772,111.3362218,-104.712138,67.31093662,-19.24959864,111.4635376,HG
-29.57289383,119.9170936,-90.34419975,67.50647511,-20.02180429,111.4526872,HG
-51.49354299,124.3151396,-72.82159659,65.31179897,-20.65640966,111.4418378,HG
-71.60566994,124.389161,-52.78349108,61.23459449,-21.13730793,111.4309895,HG
-83.48238542,122.0724114,-38.59002601,57.38013364,-21.36243637,111.4238723,HG
-83.48238542,122.0724114,-38.59002601,57.38013364,-21.36243637,111.4238723,HG
-99.11562787,115.0593848,-15.94375698,49.72782146,-21.56436057,111.4130257,HG
-111.2696659,104.0402611,7.229404828,40.83967736,-21.58093331,111.4021802,HG
-119.5344792,89.40585444,30.12862479,29.98611308,-21.4109666,111.3913358,HG
-123.6126547,71.67318157,51.93947314,18.3528987,-21.05116622,111.3804924,HG
-123.3463415,51.44279482,71.90354669,6.522073621,-20.50006773,111.36965,HG
-121.468594,40.1250391,81.34355486,-1.46E-09,-20.13514083,111.3639731,HG
-121.468594,40.12503909,81.34355486,-1.79E-09,-20.13514083,111.3639731,HG
-114.6881353,17.5148453,97.17328997,-11.90408726,-19.31315117,111.3531323,HG
-103.8777867,-5.655282564,109.5330692,-23.2304346,-18.31948527,111.3422926,HG
-89.43202483,-28.59219863,118.0242235,-33.59455304,-17.1736002,111.331454,HG
-71.85294073,-50.49428886,122.3472296,-42.55625982,-15.89204742,111.3206164,HG
-51.72811512,-70.62637389,122.354489,-49.96344198,-14.49213453,111.3097798,HG
-43.65323685,-77.54824653,121.2014834,-52.04953836,-13.93790108,111.3056913,HG
-43.65323685,-77.54824653,121.2014834,-52.04953836,-13.93790108,111.3056913,HG
-21.25734554,-93.96813089,115.2254764,-57.13638615,-12.40953553,111.2948561,HG
1.86720875,-107.0746564,105.2074476,-59.68050461,-10.82649388,111.284022,HG
24.92289933,-116.37917,91.45627072,-60.01942052,-9.20696552,111.273189,HG
47.07833792,-121.5474632,74.46912531,-58.28987781,-7.580572903,111.262357,HG
67.57877651,-122.4335712,54.85479472,-54.71680397,-5.97426462,111.251526,HG
73.90502658,-121.7496589,47.84463236,-52.41086415,-5.443743026,111.2479333,HG
73.90502658,-121.7496589,47.84463236,-52.41086415,-5.443743026,111.2479333,HG
91.10246721,-116.8285556,25.72608836,-45.21428758,-3.890651983,111.2371037,HG
105.0814664,-107.7932563,2.711789918,-36.85732964,-2.420103478,111.2262751,HG
115.3573315,-94.91875702,-20.43857449,-27.10010101,-1.04694808,111.2154476,HG
121.5983749,-78.68126143,-42.91711343,-16.28677906,0.208988034,111.2046212,HG
123.5701288,-59.59340276,-63.97672603,-5.95176729,1.334985616,111.1937958,HG
123.2477891,-52.92808709,-70.31970204,-1.14E-10,1.661811981,111.1902823,HG
123.2477891,-52.92808709,-70.31970204,3.42E-10,1.661811981,111.1902823,HG
119.4039789,-31.21190226,-88.19207668,10.98386615,2.569729818,111.1794583,HG
111.4026421,-8.349821603,-103.0528205,22.7048048,3.317825802,111.1686353,HG
99.4717502,14.84643313,-114.3181833,33.25271112,3.891215734,111.1578134,HG
84.03217327,37.56877289,-121.6009462,43.05461589,4.287452327,111.1469925,HG
65.64138528,59.00414077,-124.645526,51.42426422,4.506895915,111.1361727,HG
56.30062051,68.27312406,-124.5737446,54.46401461,4.548154917,111.1311674,HG
56.30062051,68.27312406,-124.5737446,54.46401461,4.548154917,111.1311674,HG
34.76035192,86.52392311,-121.284275,59.82099717,4.518342022,111.1203491,HG
11.99380334,101.7624834,-113.7562867,63.08692532,4.325755434,111.1095319,HG
-11.20597456,113.4764496,-102.270475,64.12118893,3.984047134,111.0987157,HG
-34.0300813,121.2554297,-87.22534841,62.9499175,3.507189899,111.0879005,HG
-55.65574054,124.7969905,-69.14124996,59.29453921,2.911079243,111.0770865,HG
-66.3130898,124.921956,-58.60886616,56.698219,2.555811585,111.0713914,HG
-66.3130898,124.921956,-58.60886616,56.698219,2.555811585,111.0713914,HG
-84.69807837,121.8525841,-37.15450569,50.28767069,1.816725999,111.060579,HG
-100.1152328,114.548262,-14.43302915,41.72538068,1.010859258,111.0497676,HG
-112.0290505,103.258705,8.770345548,30.90734342,0.157903115,111.0389572,HG
-120.0123792,88.39070765,31.62167151,19.7102401,-0.717239735,111.0281479,HG
-123.7915954,70.4495232,53.34207215,8.330703209,-1.59723247,111.0173397,HG
-123.95797,58.30061899,65.657351,2.31E-09,-2.12189429,111.0107591,HG
-123.95797,58.30061899,65.657351,1.98E-09,-2.121894291,111.0107591,HG
-120.7808454,36.80552647,83.97531893,-12.24960088,-2.963506078,110.9999526,HG
-113.3517233,14.06071197,99.29101132,-24.27529016,-3.754287871,110.9891471,HG
-101.9593887,-9.136249896,111.0956386,-35.52557428,-4.48156196,110.9783427,HG
-86.99601122,-31.97858624,118.9745975,-45.40960181,-5.132228012,110.9675394,HG
-68.96956214,-53.65004162,122.6196038,-54.48943976,-5.691349451,110.9567371,HG
-55.19048555,-67.42494012,122.6154257,-59.3651248,-6.016997876,110.9493305,HG
-55.19048555,-67.42494012,122.6154257,-59.3651248,-6.016997876,110.9493305,HG
-33.52662005,-85.4473863,118.9740064,-64.48272457,-6.411063553,110.93853,HG
-10.69601561,-100.4146355,111.1106511,-68.67363406,-6.699272281,110.9277305,HG
12.51030701,-111.808572,99.29826498,-69.66112433,-6.883901707,110.9169321,HG
35.25329874,-119.2409608,83.98766207,-68.1445972,-6.970361176,110.9061348,HG
56.73709442,-122.43964,65.70254555,-64.01608041,-6.963173215,110.8953385,HG
70.23391904,-122.1362402,51.90232112,-60.26674445,-6.910503647,110.8880088,HG
70.23391904,-122.1362402,51.90232112,-60.26674445,-6.910503647,110.8880088,HG
87.97277225,-118.0619943,30.08922203,-52.89265197,-6.771669385,110.8772143,HG
102.6141108,-109.7985568,7.18444597,-43.77420003,-6.571517234,110.8664208,HG
113.6357711,-97.64869387,-15.98707726,-33.37538465,-6.325837123,110.8556284,HG
120.7134517,-81.96843013,-38.74502156,-23.15028171,-6.052644936,110.844837,HG
123.4171279,-63.43854722,-59.97858068,-8.569338517,-5.763035172,110.8340466,HG
122.8649818,-49.91377669,-72.95120507,1.81E-09,-5.577735781,110.8269329,HG
122.8649818,-49.91377669,-72.95120507,2.18E-09,-5.577735781,110.8269329,HG
118.4454001,-27.98958935,-90.45581072,12.75405464,-5.31572474,110.8161443,HG
109.8610356,-5.038985654,-104.82205,25.17762642,-5.092829468,110.8053567,HG
97.40897194,18.14949895,-115.5584709,36.62837953,-4.926340537,110.7945702,HG
81.48932737,40.72357533,-122.2129027,47.17278794,-4.83160201,110.7837848,HG
62.74724078,61.88174088,-124.6289817,56.01378114,-4.824923227,110.7730004,HG
47.94084565,75.76335429,-123.7041999,61.53028518,-4.88023377,110.7652941,HG
47.94084565,75.76335429,-123.7041999,61.53028518,-4.88023377,110.7652941,HG
25.82492425,92.88642343,-118.7113477,66.50669961,-5.049773016,110.7545115,HG
2.809974213,106.7726853,-109.5826595,70.29346197,-5.332949288,110.7437299,HG
-20.3397694,116.9657417,-96.62597233,71.10870272,-5.735628893,110.7329494,HG
-42.7719009,123.085045,-80.31314407,69.6488407,-6.257745012,110.72217,HG
-63.7030852,124.9060466,-61.20296139,64.73321402,-6.898157021,110.7113916,HG
-77.08247073,123.6027658,-46.52029509,61.30780946,-7.412976502,110.7038364,HG
-77.08247073,123.6027658,-46.52029509,61.30780946,-7.412976502,110.7038364,HG
-93.83425461,118.0951369,-24.26088224,54.07922898,-8.238864456,110.6930598,HG
-107.3040473,108.4812112,-1.177163895,44.8276838,-9.160985251,110.6822842,HG
-117.0077061,95.08632547,21.92138065,33.52851827,-10.16597659,110.6715098,HG
-122.6041184,78.40441825,44.19970012,21.84662775,-11.23378888,110.6607363,HG
-123.9110403,59.00540329,64.90563699,9.907995751,-12.34981894,110.649964,HG
-122.1145968,43.59399611,78.52060067,-1.26E-09,-13.17637022,110.6421394,HG
-122.1145968,43.59399611,78.52060067,-1.58E-09,-13.17637022,110.6421394,HG
-116.0018807,21.17639747,94.82548319,-12.29532187,-14.32107402,110.6313688,HG
-105.8000611,-1.957572558,107.7576337,-24.54840284,-15.45222467,110.6205993,HG
-91.89860082,-24.97809662,116.8766974,-35.67903385,-16.54598241,110.6098309,HG
-74.77628693,-47.08782734,121.8641143,-45.26615133,-17.58032393,110.5990636,HG
-55.01961487,-67.49627996,122.5158948,-53.68013045,-18.52816043,110.5882973,HG
-39.22745122,-80.99732751,120.2247787,-58.70359104,-19.15583052,110.5803735,HG
-39.22745122,-80.99732751,120.2247787,-58.70359104,-19.15583052,110.5803735,HG
-16.63223191,-96.81061341,113.4428453,-63.08020817,-19.90674411,110.569609,HG
6.538613775,-109.1695627,102.630949,-66.55323032,-20.51387106,110.5588456,HG
29.48015347,-117.644162,88.16400854,-66.63109566,-20.96239536,110.5480832,HG
51.35007444,-121.956666,70.60659158,-64.68059648,-21.24047106,110.5373219,HG
71.42974041,-121.9320201,50.50227967,-59.70306481,-21.33619614,110.5265616,HG
82.72017132,-119.7154531,36.99528175,-56.25232913,-21.29898807,110.5198436,HG
82.72017132,-119.7154531,36.99528175,-56.25232913,-21.29898807,110.5198436,HG
98.38268924,-112.7367351,14.35404589,-48.92573586,-21.08574566,110.509085,HG
110.5822006,-101.7545696,-8.827631042,-39.73557991,-20.68009023,110.4983275,HG
118.8761772,-87.14806131,-31.72811586,-29.13220235,-20.08162294,110.487571,HG
122.9954586,-69.44126211,-53.55419653,-17.60752566,-19.30224812,110.4768156,HG
122.7752191,-49.23466092,-73.54055818,-5.622966726,-18.34713082,110.4660612,HG
121.177454,-39.18714202,-81.99031199,3.42E-09,-17.84480975,110.4610491,HG
121.177454,-39.18714202,-81.99031199,3.74E-09,-17.84480975,110.4610491,HG
114.6740509,-16.64077085,-98.03328005,11.72948917,-16.66421791,110.4502962,HG
104.1231161,6.517238596,-110.6403547,22.9919517,-15.34884584,110.4395444,HG
89.90623256,29.49732445,-119.403557,33.30564986,-13.92208797,110.4287935,HG
72.51857277,51.49542421,-124.013997,42.28814905,-12.40689656,110.4180438,HG
52.54212773,71.77126459,-124.3133923,49.81424035,-10.82435805,110.407295,HG
45.07696786,78.28236479,-123.3593327,51.53580364,-10.26037198,110.4035267,HG
45.07696786,78.28236479,-123.3593327,51.53580364,-10.26037198,110.4035267,HG
22.80516951,94.97960652,-117.784776,56.89993783,-8.637011699,110.3927794,HG
-0.291225311,108.4271761,-108.1359508,59.43687036,-7.013874615,110.3820331,HG
-23.38866269,118.1053354,-94.71667274,59.92794854,-5.417429856,110.3712878,HG
-45.69319425,123.6923044,-77.99911017,58.42266843,-3.872331,110.3605435,HG
-66.36973139,124.9418122,-58.57208082,53.98943708,-2.408794813,110.3498003,HG
-73.12265812,124.3510906,-51.22843251,52.25140314,-1.916875303,110.3460276,HG
-73.12265812,124.3510906,-51.22843251,52.25140314,-1.916875303,110.3460276,HG
-90.53720173,119.774073,-29.23687131,45.32483613,-0.592758068,110.3352858,HG
-104.7766173,111.0369701,-6.260352809,37.09727058,0.600480255,110.324545,HG
-115.3692748,98.44697333,16.9223015,27.59584694,1.650060935,110.3138053,HG
-121.9448576,82.39494106,39.54991651,18.79004189,2.545884671,110.3030666,HG
-124.1452631,63.55714501,60.58811809,4.426781774,3.250774251,110.2923289,HG
-123.8561253,55.6352255,68.2208998,1.38E-09,3.480598159,110.2881778,HG
-123.8561253,55.6352255,68.2208998,1.04E-09,3.480598159,110.2881778,HG
-120.1015719,33.92660866,86.17496328,-12.11931696,3.9493346,110.2774416,HG
-112.1464039,11.07772086,101.068683,-23.51784498,4.237494652,110.2667064,HG
-100.2669845,-12.12090695,112.3878915,-34.18907042,4.347781897,110.2559723,HG
-84.88081813,-34.83943304,119.7202512,-43.8489809,4.285204789,110.2452392,HG
-66.50226934,-56.32712015,122.8293895,-51.86845282,4.058664391,110.2345071,HG
-57.52132804,-65.28348989,122.8048179,-55.11420132,3.908333426,110.2297192,HG
-57.52132804,-65.2834899,122.8048179,-55.11420132,3.908333426,110.2297192,HG
-36.03012164,-83.60034795,119.6304696,-60.86897238,3.470429091,110.2189887,HG
-13.28817101,-98.94080941,112.2289804,-63.90911977,2.906192011,110.2082592,HG
9.92326754,-110.7686196,100.8453521,-64.74926107,2.231995968,110.1975308,HG
32.75834383,-118.650493,85.89214916,-63.84892533,1.472052274,110.1868034,HG
54.43607868,-122.3227594,67.88668069,-60.81802369,0.645822814,110.176077,HG
65.77551433,-122.4792206,56.70370629,-57.14253388,0.164586217,110.1700657,HG
65.77551433,-122.4792206,56.70370629,-57.14253388,0.164586217,110.1700657,HG
84.15733949,-119.404306,35.24696651,-50.78660341,-0.718286544,110.159341,HG
99.55412187,-112.0767755,12.52265364,-42.06428037,-1.607384891,110.1486173,HG
111.4500546,-100.7764428,-10.67361176,-31.99508165,-2.482633513,110.1378947,HG
119.4283071,-85.89372232,-33.53458476,-20.92631644,-3.324539219,110.1271732,HG
123.1794493,-67.93488377,-55.2445655,-8.166504775,-4.111954469,110.1164527,HG
123.2631749,-54.41096943,-68.85220552,5.38E-10,-4.602450173,110.1092151,HG
123.2631749,-54.41096943,-68.85220552,9.08E-10,-4.602450173,110.1092151,HG
119.7666428,-32.80469321,-86.96194958,12.08731746,-5.26417485,110.0984964,HG
112.0522774,-9.997165723,-102.0551117,24.24490779,-5.835664315,110.0877787,HG
100.3881366,13.22921984,-113.6173564,35.40218849,-6.311316338,110.077062,HG
85.16370947,35.98908395,-121.1527934,46.88334995,-6.669807342,110.0663465,HG
66.98366851,57.50878677,-124.4924553,55.11456302,-6.922938071,110.0556319,HG
52.98308456,71.30280148,-124.285886,59.98715374,-7.041284763,110.0482319,HG
52.98308456,71.30280148,-124.285886,59.98715374,-7.041284763,110.0482319,HG
31.1995307,89.12290477,-120.3224355,64.74767372,-7.124271034,110.0375191,HG
8.311076162,103.8241137,-112.1351898,68.75596517,-7.10555584,110.0268074,HG
-14.86289593,114.922513,-100.0596171,69.77727314,-7.00176569,110.0160967,HG
-37.54737859,122.0513423,-84.5039637,67.9783746,-6.827202372,110.005387,HG
-58.94559084,124.9116639,-65.9660731,63.66092602,-6.590960532,109.9946784,HG
-71.96550686,124.4275081,-52.4620012,59.94927681,-6.412132097,109.987595,HG
-71.96550686,124.4275081,-52.4620012,59.94927681,-6.412132097,109.987595,HG
-89.52771259,120.1033333,-30.57562074,53.14948948,-6.11859188,109.9768881,HG
-103.964021,111.5976227,-7.633601636,44.00517736,-5.81413339,109.9661823,HG
-114.7667671,99.22270082,15.54406629,33.29028633,-5.519554492,109.9554775,HG
-121.5630627,83.3967594,38.16630334,21.86564223,-5.253733779,109.9447737,HG
-124.0380898,64.66308984,59.37499998,8.689266108,-5.033606485,109.934071,HG
-123.2626583,50.55409003,72.7085683,-3.18E-10,-4.921947174,109.9267471,HG
-123.2626583,50.55409003,72.7085683,-6.99E-10,-4.921947174,109.9267471,HG
-118.4893679,28.51665252,89.97271538,-13.03976048,-4.824523479,109.9160462,HG
-109.570494,5.516839234,104.0536548,-25.32784938,-4.819484986,109.9053462,HG
-96.81266614,-17.65449287,114.467159,-36.74707935,-4.91949777,109.8946473,HG
-80.62642406,-40.13976192,120.766186,-47.37026411,-5.135138423,109.8839495,HG
-61.67518793,-61.14190095,122.8170889,-56.13530067,-5.471024484,109.8732527,HG
-46.79363563,-74.8456124,121.639248,-61.63915205,-5.78733545,109.8656283,HG
-46.79363563,-74.8456124,121.639248,-61.63915205,-5.78733545,109.8656283,HG
-24.57358777,-91.72403066,116.2976184,-66.57687319,-6.338873495,109.8549333,HG
-1.52016418,-105.3224886,106.8426528,-70.24143801,-7.011830052,109.8442394,HG
21.58561332,-115.1866651,93.60105183,-70.90611503,-7.802055802,109.8335465,HG
43.92873776,-120.9718132,77.0430754,-69.42483086,-8.69949981,109.8228546,HG
64.70304241,-122.4366889,57.73364647,-65.17053759,-9.690772571,109.8121638,HG
78.21817509,-120.8227425,42.6045674,-61.04559261,-10.44952424,109.8045096,HG
78.21817509,-120.8227425,42.6045674,-61.04559261,-10.44952424,109.8045096,HG
94.67051599,-114.9017483,20.23123232,-53.59967832,-11.56242878,109.7938206,HG
107.7932077,-104.9040184,-2.889189334,-44.45575824,-12.72061806,109.7831326,HG
117.1278735,-91.1655966,-25.96227689,-34.45369072,-13.90463998,109.7724457,HG
122.2976072,-74.19741834,-48.10018882,-21.65450226,-15.07634788,109.7617598,HG
123.1792866,-54.57389774,-68.60538882,-9.393298564,-16.22623981,109.751075,HG
121.0662636,-38.92905571,-82.13720787,1.83E-10,-17.03604234,109.7432584,HG
121.0662636,-38.92905571,-82.13720787,5.31E-10,-17.03604234,109.7432584,HG
114.5056668,-16.37968049,-98.12598629,10.82386453,-18.08330318,109.7325754,HG
103.8941954,6.818058451,-110.7122538,22.4789866,-19.04126963,109.7218934,HG
89.6522516,29.73459635,-119.3868479,35.43182421,-19.86486447,109.7112125,HG
72.23048874,51.69589131,-123.92638,45.06071668,-20.55933325,109.7005327,HG
52.26168521,71.88512344,-124.1468086,53.01212396,-21.09747251,109.6898538,HG
38.23457724,83.70584616,-121.9404234,57.53385396,-21.35078206,109.6829116,HG
38.23457724,83.70584617,-121.9404234,57.53385396,-21.35078206,109.6829116,HG
15.62176313,99.47676691,-115.09853,61.95005834,-21.6016153,109.6722345,HG
-7.550349641,111.7735389,-104.2231892,64.48838919,-21.6546777,109.6615585,HG
-30.47225684,120.1943653,-89.72210846,64.62599992,-21.51162901,109.6508835,HG
-52.33034106,124.4276959,-72.09735487,62.64770924,-21.16594465,109.6402095,HG
-72.37362806,124.337465,-51.96383697,58.17528359,-20.62236394,109.6295366,HG
-82.61512277,122.3634139,-39.74829111,54.92027295,-20.22812684,109.6235097,HG
-82.61512277,122.3634139,-39.74829111,54.92027295,-20.22812684,109.6235097,HG
-98.41885449,115.564241,-17.14538648,47.52364799,-19.38592651,109.6128383,HG
-110.7780989,104.7491389,6.028960082,38.42300397,-18.36722726,109.602168,HG
-119.2550467,90.28595493,28.96909176,27.65579171,-17.18490077,109.5914988,HG
-123.5471736,72.69697155,50.85020207,16.60847621,-15.85970237,109.5808305,HG
-123.5146425,52.59000675,70.92463571,5.320555418,-14.41304601,109.5701633,HG
-122.2789777,44.00550663,78.27347104,2.14E-10,-13.80618911,109.5658932,HG
-122.2789777,44.00550663,78.27347105,-1.41E-10,-13.80618911,109.5658932,HG
-116.2334913,21.57388154,94.65960972,-11.74665183,-12.23190096,109.5552275,HG
-106.1079085,-1.556901969,107.6648105,-22.99648836,-10.59832062,109.5445627,HG
-92.26923754,-24.59866762,116.8679052,-33.34735656,-8.932599945,109.533899,HG
-75.19999395,-46.74430631,121.9443003,-42.40598248,-7.262791641,109.5232363,HG
-55.47462607,-67.24489938,122.7195254,-49.96890881,-5.612750522,109.5125746,HG
-49.14955369,-72.9291599,122.0787136,-51.50406257,-5.128795276,109.509374,HG
-49.14955369,-72.9291599,122.0787136,-51.50406257,-5.128795276,109.509374,HG
-27.07716768,-90.10255761,117.1797253,-56.95449488,-3.558521514,109.4987136,HG
-4.056104698,-104.1111377,108.1672424,-59.67333432,-2.072232536,109.4880543,HG
19.09645938,-114.4176563,95.32119688,-60.32760315,-0.696160975,109.477396,HG
41.58312842,-120.6786376,79.09550917,-58.92459216,0.550764845,109.4667387,HG
62.56934861,-122.6236693,60.05432067,-54.71230486,1.644030531,109.4560825,HG
69.85600767,-122.2412115,52.38520381,-52.90901313,2.01031276,109.4521186,HG
69.85600767,-122.2412115,52.38520381,-52.90901313,2.01031276,109.4521186,HG
87.66634904,-118.2599969,30.59364787,-46.04198916,2.878773815,109.4414638,HG
102.3796996,-110.0860593,7.706359756,-37.89142706,3.567709834,109.43081,HG
113.505121,-98.00583189,-15.49928911,-28.48143737,4.074159111,109.4201572,HG
120.6466559,-82.39267874,-38.25397718,-19.65435313,4.394663466,109.4095055,HG
123.4675763,-63.92282532,-59.54475102,-5.009936125,4.524847584,109.3988548,HG
123.3615252,-55.14848035,-68.21304481,9.27E-10,4.527232836,109.3942394,HG
123.3615252,-55.14848035,-68.21304481,1.26E-09,4.527232836,109.3942394,HG
120.0063528,-33.58662284,-86.41972994,12.24807318,4.409038205,109.3835902,HG
112.4305211,-10.81052149,-101.6199996,23.81654165,4.128370702,109.372942,HG
100.898851,12.39033559,-113.2891865,34.63685991,3.699259474,109.3622949,HG
85.81646225,35.18574294,-121.0022052,44.4787586,3.139280047,109.3516488,HG
67.68710698,56.82423786,-124.5113448,52.71388395,2.463613002,109.3410038,HG
57.24537025,67.36250034,-124.6078706,56.58196041,2.075805579,109.3354484,HG
57.24537025,67.36250034,-124.6078706,56.58196041,2.075805579,109.3354484,HG
35.78280941,85.72306857,-121.505878,62.23027229,1.274543522,109.3248049,HG
13.05506372,101.1178943,-114.172958,65.3403888,0.417960051,109.3141625,HG
-10.15321587,113.007089,-102.8538731,66.23298397,-0.472604254,109.3035211,HG
-32.99956079,120.9577669,-87.95820614,65.30527387,-1.369431231,109.2928808,HG
-54.70201818,124.7024107,-70.00039252,62.16903348,-2.253597736,109.2822415,HG
-67.3463853,124.834832,-57.48844665,58.10633727,-2.788167544,109.2755817,HG
-67.3463853,124.834832,-57.48844665,58.10633727,-2.788167544,109.2755817,HG
-85.59659144,121.5497148,-35.95312336,51.49052297,-3.607246412,109.2649441,HG
-100.8330421,114.0204974,-13.18745524,42.59016663,-4.35894157,109.2543075,HG
-112.545238,102.5349423,10.01029569,32.3148184,-5.031367708,109.243672,HG
-120.3233585,87.49007724,32.83328121,20.99819028,-5.613028554,109.2330376,HG
-123.8627329,69.39752534,54.46520756,8.123984603,-6.090644919,109.2224041,HG
-123.8133664,55.95273434,67.86063201,-2.57E-09,-6.348840615,109.2153025,HG
-123.8133664,55.95273434,67.86063201,-2.94E-09,-6.348840615,109.2153025,HG
-120.1378585,34.28215159,85.85570695,-12.24830545,-6.647761147,109.2046708,HG
-112.2526329,11.44292149,100.8097114,-24.55365732,-6.839167814,109.1940401,HG
-100.4263963,-11.75710706,112.1835033,-36.79498354,-6.924779009,109.1834105,HG
-85.08980777,-34.48860663,119.5784144,-47.02479938,-6.912276809,109.1727819,HG
-66.7707137,-55.97925867,122.7499724,-55.32153727,-6.814320001,109.1621543,HG
-53.2506098,-69.18732933,122.4379391,-60.36864548,-6.704964974,109.1550846,HG
-53.2506098,-69.18732933,122.4379391,-60.36864548,-6.704964974,109.1550846,HG
-31.45459569,-86.95396375,118.4085594,-65.83733908,-6.49478327,109.1444588,HG
-8.559058674,-101.6096358,110.1686944,-69.13730017,-6.235210312,109.133834,HG
14.62570884,-112.6602146,98.03450576,-70.05396413,-5.948131197,109.1232102,HG
37.29440684,-119.7205692,82.4261624,-68.62326129,-5.65273246,109.1125875,HG
58.61596152,-122.5262281,63.91026655,-65.19982169,-5.368670078,109.1019658,HG
71.19326426,-122.0312172,50.83795293,-61.24758505,-5.200930145,109.095198,HG
71.19326426,-122.0312172,50.83795293,-61.24758505,-5.200930145,109.095198,HG
88.77732494,-117.7235369,28.94621192,-53.9469134,-4.977123705,109.084578,HG
103.2412507,-109.2588542,6.017603448,-44.87895859,-4.816825746,109.073959,HG
114.0720516,-96.91265653,-17.15939511,-34.35934997,-4.735968203,109.063341,HG
120.9003849,-81.11443223,-39.78595271,-23.22264831,-4.749693582,109.0527241,HG
123.4108542,-62.39501221,-61.01584195,-9.763208429,-4.871177052,109.0421082,HG
122.4648207,-46.8309553,-75.63386536,-2.51E-12,-5.038622312,109.0341132,HG
122.4648207,-46.8309553,-75.63386536,3.96E-10,-5.038622312,109.0341132,HG
117.4315413,-24.71271583,-92.71882544,12.88179017,-5.368677514,109.0234992,HG
108.2670404,-1.682410026,-106.5846303,25.11619602,-5.824221347,109.0128861,HG
95.28654932,21.47048034,-116.7570297,36.31100798,-6.406389726,109.0022741,HG
78.91211282,43.88895507,-122.8010679,46.90193772,-7.111897391,108.9916632,HG
59.81070076,64.77665068,-124.5873514,55.82976986,-7.927568549,108.9810532,HG
43.9973671,79.07742405,-123.0747912,61.20833379,-8.613045146,108.9730769,HG
43.9973671,79.07742405,-123.0747912,61.20833379,-8.613045146,108.9730769,HG
21.65766591,95.66056624,-117.3182322,65.87821403,-9.605983159,108.9624688,HG
-1.433002437,108.8910237,-107.4580213,70.04730771,-10.67282375,108.9518617,HG
-24.49962898,118.3587051,-93.85907616,70.15775071,-11.80020527,108.9412557,HG
-46.72144133,123.7127426,-76.99130128,68.06358811,-12.96497122,108.9306508,HG
-67.31403921,124.7470577,-57.43301852,64.08998924,-14.14378633,108.9200468,HG
-80.43540819,122.8403894,-42.40498121,59.83670819,-14.96300446,108.912559,HG
-80.43540819,122.8403894,-42.40498121,59.83670819,-14.96300446,108.912559,HG
-96.62762183,116.5648331,-19.93721132,52.60599824,-16.10604256,108.9019568,HG
-109.411757,106.2044677,3.207289294,43.25493018,-17.19074068,108.8913557,HG
-118.3702545,92.16233645,26.207918,32.70056146,-18.19586925,108.8807556,HG
-123.1857665,74.92020519,48.26556135,21.40291144,-19.09793341,108.8701566,HG
-123.6882529,55.0535024,68.63475053,10.17492028,-19.87973898,108.8595586,HG
-121.7141192,41.38367072,80.33044851,1.11E-09,-20.28668021,108.8527932,HG
-121.7141192,41.38367072,80.33044851,7.60E-10,-20.28668021,108.8527932,HG
-115.1460405,18.8482932,96.29774734,-11.61512146,-20.80090369,108.8421969,HG
-104.5642696,-4.317690367,108.88196,-23.45766539,-21.1468957,108.8316017,HG
-90.30320885,-27.29339938,117.5966082,-33.8963289,-21.30104788,108.8210075,HG
-72.87329016,-49.26678724,122.1400774,-43.58042531,-21.25600329,108.8104143,HG
-52.89906853,-69.43493389,122.3340024,-52.19053911,-21.00135362,108.7998221,HG
-38.06337744,-81.93001738,119.9933948,-54.9801492,-20.71889352,108.7925357,HG
-38.06337744,-81.93001738,119.9933948,-54.9801492,-20.71889352,108.7925357,HG
-15.41743436,-97.58513965,113.002574,-60.22745976,-20.13616313,108.7819453,HG
7.763729524,-109.7543847,101.9906551,-62.29496449,-19.35358092,108.7713559,HG
30.66468479,-118.0327962,87.36811138,-62.28168775,-18.38830126,108.7607675,HG
52.48868411,-122.1299375,69.64125339,-59.97372629,-17.25394845,108.7501802,HG
72.45045729,-121.8718063,49.42134903,-55.41562713,-15.96269828,108.7395938,HG
79.71523971,-120.5638613,40.84862156,-53.13978774,-15.41239829,108.7353817,HG
79.71523971,-120.5638613,40.84862156,-53.13978774,-15.41239829,108.7353817,HG
95.93609054,-114.3126724,18.37658181,-45.98826195,-13.94862248,108.7247968,HG
108.7777092,-104.0077422,-4.769966938,-37.18754471,-12.38964438,108.7142129,HG
117.7834591,-90.00584972,-27.77760935,-27.21158786,-10.76125057,108.70363,HG
122.6634669,-72.82015432,-49.84331256,-16.56982937,-9.095507853,108.6930482,HG
123.2006523,-52.95858952,-70.24206282,-3.741042141,-7.403592081,108.6824673,HG
122.3708404,-45.6420228,-76.72881764,-2.78E-10,-6.826624164,108.6788111,HG
122.3708404,-45.6420228,-76.72881764,4.84E-11,-6.826624164,108.6788111,HG
117.1032421,-23.44846168,-93.6547804,11.82687637,-5.175440731,108.6682316,HG
107.7211549,-0.381828712,-107.3393261,22.96645125,-3.57933092,108.6576531,HG
94.54583464,22.75568002,-117.3015147,33.20546802,-2.064333622,108.6470757,HG
78.00216101,45.13075409,-123.1329151,42.60754865,-0.657593399,108.6364993,HG
58.75155737,65.93394716,-124.6855045,50.16255755,0.613679436,108.6259239,HG
51.82556227,72.41103059,-124.2365929,52.31465299,1.006701569,108.622397,HG
51.82556227,72.41103059,-124.2365929,52.31465299,1.006701569,108.622397,HG
29.96423891,90.07214283,-120.0363817,58.15881036,2.079161917,108.6118229,HG
7.029892394,104.5994907,-111.6293831,60.4143938,2.979713935,108.6012499,HG
-16.17981374,115.5350342,-99.35522047,61.81755418,3.703404782,108.5906779,HG
-38.78506495,122.3903014,-83.60523643,59.68101269,4.230324926,108.5801069,HG
-60.06148999,125.0222281,-64.96073809,56.04005656,4.570211245,108.5695369,HG
-67.8620496,124.8599463,-56.99789673,54.01873694,4.650535908,108.5653971,HG
-67.8620496,124.8599463,-56.99789673,54.01873694,4.650535908,108.5653971,HG
-86.04087047,121.4497341,-35.40886367,49.03638573,4.728221768,108.5548285,HG
-101.2038848,113.8310409,-12.62715602,38.95697441,4.626817012,108.544261,HG
-112.825352,102.2544312,10.57092079,28.96695904,4.355240163,108.5336946,HG
-120.5002159,87.11122912,33.38898677,18.17750623,3.925968721,108.5231291,HG
-123.8888388,68.90690824,54.9819306,6.532991334,3.351886201,108.5125647,HG
-123.9929784,58.08410284,65.90887561,-1.31E-09,3.00633518,108.5068184,HG
-123.9929784,58.08410283,65.90887561,-1.68E-09,3.00633518,108.5068184,HG
-120.7361927,36.53240581,84.20378689,-12.56950099,2.263282208,108.4962556,HG
-113.2574142,13.7792942,99.47811997,-24.31097123,1.442117626,108.4856938,HG
-101.8122556,-9.422448665,111.2347042,-35.33117174,0.560457321,108.4751331,HG
-86.80398377,-32.25585955,119.0598433,-44.98903487,-0.356763448,108.4645734,HG
-68.74179002,-53.90834197,122.650132,-53.85467271,-1.284940749,108.4540147,HG
-56.95726761,-65.77933539,122.736603,-57.99150675,-1.824102155,108.447801,HG
-56.95726761,-65.77933539,122.736603,-57.99150675,-1.824102156,108.447801,HG
-35.42692373,-84.02386033,119.4507841,-63.59842632,-2.719704808,108.437244,HG
-12.66268385,-99.27814416,111.940828,-66.63723644,-3.568394332,108.426688,HG
10.54465162,-111.0016397,100.4569881,-67.65224892,-4.351718422,108.4161331,HG
33.35617314,-118.7736264,85.41745326,-66.52384271,-5.050156223,108.4055791,HG
54.99312546,-122.3350656,67.34194012,-63.2188648,-5.654521024,108.3950262,HG
67.81445547,-122.3264581,54.51200262,-59.19580964,-5.982407352,108.3882908,HG
67.81445547,-122.3264581,54.51200262,-59.19580964,-5.982407352,108.3882908,HG
85.91109767,-118.8052303,32.89413262,-52.40726209,-6.413108166,108.3777396,HG
100.965778,-111.0574319,10.09165382,-43.53312324,-6.727810374,108.3671895,HG
112.4824357,-99.34524692,-13.13718878,-33.19730804,-6.932201029,108.3566403,HG
120.0162695,-84.10926953,-35.907,-21.76318339,-7.023611099,108.3460922,HG
123.3113369,-65.91565403,-57.39568285,-8.980812351,-7.009468657,108.3355451,HG
123.0955035,-52.19705315,-70.89845032,-1.60E-09,-6.951307391,108.3284196,HG
123.0955035,-52.19705315,-70.89845032,-1.26E-09,-6.951307391,108.3284196,HG
119.1374563,-30.42977114,-88.70768516,12.56036235,-6.793599106,108.3178742,HG
110.9931741,-7.549605674,-103.4435684,24.90877972,-6.569732319,108.3073299,HG
98.94106366,15.64151195,-114.5825756,36.36490818,-6.296198551,108.2967866,HG
83.39621625,38.34968864,-121.7459049,46.56739598,-5.992728164,108.2862443,HG
64.88623668,59.71185901,-124.5980957,55.44343496,-5.674036457,108.275703,HG
50.29039489,73.723697,-124.0140919,60.45008143,-5.455914268,108.268187,HG
50.29039488,73.723697,-124.0140919,60.45008143,-5.455914268,108.268187,HG
28.33394037,91.15979074,-119.4937311,66.38116459,-5.173087456,108.2576475,HG
5.366478644,105.4454886,-110.8119673,69.28063888,-4.936874731,108.247109,HG
-17.78486416,116.0585057,-98.27364154,70.44571809,-4.766688381,108.2365715,HG
-40.34808539,122.6396779,-82.29159248,68.82762746,-4.679838885,108.2260351,HG
-61.48868595,124.9559455,-63.46725953,64.99054585,-4.692873265,108.2154997,HG
-74.7992382,124.0210172,-49.22177899,61.1726419,-4.76632372,108.2082665,HG
-74.7992382,124.0210172,-49.22177899,61.1726419,-4.76632372,108.2082665,HG
-91.92899338,119.0486758,-27.11968239,53.66277665,-4.974639753,108.1977328,HG
-105.8378744,109.9357134,-4.097838965,44.41734873,-5.309575899,108.1872002,HG
-116.0471485,96.98575178,19.06139676,33.8979656,-5.776384302,108.1766685,HG
-122.1231753,80.61969247,41.5034828,22.1084792,-6.376418305,108.1661379,HG
-123.943272,61.52028206,62.42298998,9.482834044,-7.099766303,108.1556084,HG
-122.4452582,45.30082865,77.14442957,-4.55E-09,-7.735289176,108.1474458,HG
-122.4452582,45.30082865,77.14442957,-5.00E-09,-7.735289177,108.1474458,HG
-116.6436536,22.95389703,93.68975654,-13.64818485,-8.661136583,108.1369181,HG
-106.7470069,-0.152245834,106.8992527,-25.59146882,-9.682030863,108.1263914,HG
-93.11489314,-23.2160141,116.3309072,-36.91122135,-10.78185103,108.1158657,HG
-76.21085454,-45.44577096,121.6566255,-46.44162362,-11.94311107,108.1053411,HG
-56.61940479,-65.99291731,122.6123221,-55.03125344,-13.13438336,108.0948175,HG
-41.46984033,-79.20858691,120.6784272,-60.07607843,-13.98587158,108.0873269,HG
-41.46984033,-79.20858691,120.6784272,-60.07607843,-13.98587158,108.0873269,HG
-18.97960976,-95.33282157,114.3124313,-65.41939241,-15.17902816,108.076805,HG
4.169175151,-108.0692678,103.9000926,-67.85686545,-16.33812722,108.0662842,HG
27.17135368,-116.9625784,89.79122472,-68.17121337,-17.43679799,108.0557645,HG
49.19162748,-121.6932214,72.50159391,-66.40763832,-18.44440886,108.0452458,HG
69.47951025,-122.1078074,52.62829711,-62.58254381,-19.34074641,108.0347281,HG
81.56930947,-119.9871827,38.41787328,-58.06921569,-19.85629689,108.0277762,HG
81.56930947,-119.9871827,38.41787328,-58.06921569,-19.85629689,108.0277762,HG
97.4479657,-113.2912208,15.84325514,-50.85363722,-20.51890836,108.0172602,HG
109.8749251,-102.5512016,-7.323723507,-41.57960756,-21.00800316,108.0067453,HG
118.4374588,-88.16951884,-30.26793998,-31.11855855,-21.3139768,107.9962314,HG
122.8341516,-70.64245846,-52.19169315,-19.86484275,-21.42499056,107.9857185,HG
122.8812867,-50.57759722,-72.30368953,-7.263974915,-21.32572198,107.9752066,HG
120.7478925,-37.24221937,-83.50567316,-2.51E-10,-21.16078538,107.9687151,HG
120.7478925,-37.24221936,-83.50567316,1.03E-10,-21.16078538,107.9687151,HG
113.8748826,-14.62623364,-99.24864895,12.06099731,-20.72771153,107.9582048,HG
102.991506,8.551333453,-111.5428394,23.26898726,-20.09037806,107.9476956,HG
88.47440575,31.49494957,-119.9693553,33.43508899,-19.25805172,107.9371874,HG
70.86902704,53.28553974,-124.1545668,43.11326847,-18.2340368,107.9266803,HG
50.67901351,73.38493717,-124.0639507,50.16914271,-17.04186931,107.9161741,HG
40.64928697,81.87287794,-122.5221649,53.23105755,-16.43393383,107.9112805,HG
40.64928697,81.87287794,-122.5221649,53.23105755,-16.43393383,107.9112805,HG
18.14304085,97.97788766,-116.1209285,58.26686589,-15.03280557,107.9007758,HG
-5.014795774,110.6828881,-105.6680923,60.5028574,-13.51614264,107.8902722,HG
-28.00370234,119.5477499,-91.54404753,60.66433259,-11.91356542,107.8797695,HG
-50.04590767,124.2649753,-74.21906768,58.20185979,-10.24831711,107.8692679,HG
-70.31719282,124.6454543,-54.32826146,54.08556615,-8.555747424,107.8587672,HG
-76.57012811,123.7993171,-47.22918902,52.068888,-7.988861738,107.8552605,HG
-76.57012811,123.7993171,-47.22918902,52.068888,-7.988861738,107.8552605,HG
-93.44164086,118.4344715,-24.99283066,45.33939966,-6.303103503,107.8447612,HG
-107.0284916,108.948582,-1.920090474,36.60668612,-4.660125119,107.8342629,HG
-116.8755722,95.68202654,21.19354562,26.61402176,-3.086537275,107.8237656,HG
-122.6391159,79.09861503,43.54050089,15.76877471,-1.608931097,107.8132693,HG
-124.1206926,59.75713675,64.36355587,5.095950356,-0.248024459,107.8027741,HG
-123.6903361,53.47969775,70.21063832,-1.18E-10,0.13247509,107.7996018,HG
-123.6903361,53.47969774,70.21063832,-5.51E-10,0.13247509,107.7996018,HG
-119.4713438,31.62348652,87.84785726,-11.1987252,1.294042234,107.7891078,HG
-111.1060136,8.700996361,102.4050172,-22.79746571,2.292931067,107.7786149,HG
-98.8453275,-14.48562922,113.3309567,-33.31873272,3.111572573,107.7681229,HG
-83.13089495,-37.11050484,120.2413998,-42.95361987,3.740432487,107.757632,HG
-64.48629478,-58.42215602,122.9084508,-50.76872889,4.17743006,107.7471422,HG
-56.01849075,-66.71026791,122.7287587,-53.68973733,4.300881043,107.7427707,HG
-56.01849075,-66.71026791,122.7287587,-53.68973733,4.300881043,107.7427707,HG
-34.40966116,-84.83232117,119.2419823,-59.39165902,4.46281738,107.7322822,HG
-11.60765057,-99.9339022,111.5415528,-62.3506185,4.437846229,107.7217948,HG
11.60394851,-111.4882565,99.88430794,-63.09443394,4.234244469,107.7113084,HG
34.38291014,-119.0744314,84.69152128,-61.9970906,3.866605079,107.700823,HG
55.9462363,-122.4346847,66.48844839,-58.8073948,3.350920219,107.6903387,HG
65.89902228,-122.4914532,56.59243096,-55.66894274,3.049288724,107.6851596,HG
65.89902228,-122.4914532,56.59243096,-55.66894274,3.049288724,107.6851596,HG
84.26896394,-119.3861456,35.11718166,-49.32156988,2.351540524,107.6746768,HG
99.64638591,-112.0348532,12.38846729,-40.7374737,1.560865442,107.664195,HG
111.5204496,-100.7109763,-10.80947325,-30.79748341,0.700385882,107.6537142,HG
119.4736467,-85.80758226,-33.66606449,-19.91744447,-0.205368521,107.6432344,HG
123.2307396,-67.82143003,-55.40930953,-8.854950446,-1.136453815,107.6327557,HG
123.4333346,-57.10292815,-66.33040644,2.19E-09,-1.628303842,107.6271038,HG
123.4333346,-57.10292815,-66.33040644,2.56E-09,-1.628303842,107.6271038,HG
120.4716972,-35.70271573,-84.76898145,11.64484649,-2.531919694,107.6166266,HG
113.2969542,-13.00407526,-100.2928789,23.79654057,-3.398287988,107.6061505,HG
102.1178037,10.19549964,-112.3133033,34.85164532,-4.202526516,107.5956755,HG
87.33748421,33.07853055,-120.4160148,45.39588908,-4.927660355,107.5852014,HG
69.47613982,54.81636488,-124.2925047,54.90108499,-5.554633912,107.5747284,HG
53.74167856,70.59786561,-124.3395442,59.56537274,-5.976468262,107.5665102,HG
53.74167856,70.59786561,-124.3395442,59.56537274,-5.976468262,107.5665102,HG
32.02472938,88.51391595,-120.5386453,65.18161097,-6.418328695,107.556039,HG
9.163864206,103.3461976,-112.5100619,68.31922296,-6.741687995,107.5455688,HG
-14.02851383,114.5977235,-100.5692097,69.16427311,-6.950618676,107.5350997,HG
-36.7476783,121.8750184,-85.12734008,67.58341591,-7.048703989,107.5246315,HG
-58.18067975,124.8900709,-66.70939115,63.69054093,-7.038391977,107.5141644,HG
-70.41774878,124.58642,-54.16867118,60.36240763,-6.984067258,107.5077103,HG
-70.41774878,124.58642,-54.16867118,60.36240763,-6.984067258,107.5077103,HG
-88.21659266,120.6090895,-32.39249683,53.29587662,-6.830071078,107.4972448,HG
-102.9235239,112.4320321,-9.508508207,44.28698952,-6.604687787,107.4867804,HG
-114.0305161,100.3588089,13.67170715,33.83152285,-6.327679429,107.4763169,HG
-121.1601266,84.82539732,36.33472932,22.66567524,-6.019819208,107.4658545,HG
-124.0219552,66.27002861,57.75192661,8.535742809,-5.695648602,107.4553931,HG
-123.4195468,51.86060189,71.55894495,4.07E-09,-5.47337409,107.4480345,HG
-123.4195468,51.86060189,71.55894495,3.71E-09,-5.47337409,107.4480345,HG
-118.9126572,29.91116682,89.00149041,-12.43206854,-5.182585761,107.4375748,HG
-110.2408464,6.94203063,103.2988158,-24.96168493,-4.938689823,107.4271161,HG
-97.70953586,-16.20964338,113.9191792,-36.394181,-4.761993273,107.4166585,HG
-81.73026052,-38.79218988,120.5224504,-47.40165506,-4.670735687,107.4062019,HG
-62.91399026,-59.92280625,122.8367965,-56.38011505,-4.682046995,107.3957463,HG
-48.46752488,-73.41844253,121.8859674,-61.0614536,-4.757572336,107.3884657,HG
-48.46752487,-73.41844253,121.8859674,-61.0614536,-4.757572336,107.3884657,HG
-26.35910358,-90.5262037,116.8853073,-66.54803275,-4.971011672,107.3780118,HG
-3.331369765,-104.4050659,107.7364357,-69.72404695,-5.315186915,107.367559,HG
19.8010921,-114.577885,94.77679289,-70.58001671,-5.793649217,107.3571072,HG
42.23391105,-120.6912801,78.45736908,-69.18555666,-6.406514545,107.3466563,HG
63.15818818,-122.4990821,59.34089394,-65.12314064,-7.149673195,107.3362065,HG
77.00752873,-121.0920815,44.08455275,-60.99575182,-7.766845125,107.3286151,HG
77.00752873,-121.0920815,44.08455275,-60.99575182,-7.766845125,107.3286151,HG
93.67136471,-115.4639266,21.79256186,-53.08365229,-8.711930225,107.3181671,HG
107.028969,-105.7242647,-1.304704294,-44.61422185,-9.756235331,107.3077201,HG
116.6143696,-92.21766296,-24.39670662,-33.82073843,-10.88216731,107.2972741,HG
122.0950496,-75.44753259,-46.64751698,-22.13355912,-12.06443697,107.2868292,HG
123.2694631,-55.94855332,-67.32090976,-10.15791459,-13.28755954,107.2763852,HG
121.5048305,-41.08971567,-80.41511486,7.44E-10,-14.14076414,107.2690594,HG
121.5048305,-41.08971567,-80.41511486,1.13E-09,-14.14076414,107.2690594,HG
115.3987511,-18.67397133,-96.72477974,12.15538844,-15.35802651,107.2586173,HG
105.1480265,4.478003401,-109.6260299,24.06148738,-16.5360869,107.2481761,HG
91.22042588,27.50919894,-118.7296248,34.51972635,-17.65135962,107.237736,HG
74.06614531,49.60683351,-123.6729788,45.20310753,-18.67106228,107.2272969,HG
54.32837085,69.9817581,-124.3101289,53.83737808,-19.56912496,107.2168588,HG
38.34059736,83.62953733,-121.9701347,58.33154036,-20.15022892,107.2090933,HG
38.34059736,83.62953733,-121.9701347,58.33154036,-20.15022892,107.2090933,HG
15.73727494,99.39901073,-115.1362857,62.97273465,-20.79144729,107.198657,HG
-7.435645835,111.7138876,-104.2782418,65.44322929,-21.25359857,107.1882218,HG
-30.35945205,120.1500426,-89.79059051,65.58003673,-21.52339957,107.1777875,HG
-52.22346706,124.4018122,-72.17834511,63.5923013,-21.58678982,107.1673543,HG
-72.28302369,124.3331073,-52.05008356,58.83098977,-21.44074644,107.1569221,HG
-82.45570197,122.3837174,-39.92801546,55.69751101,-21.26138571,107.151071,HG
-82.45570197,122.3837174,-39.92801546,55.69751101,-21.26138571,107.151071,HG
-98.28304351,115.6174445,-17.33440102,48.53623401,-20.77859546,107.1406403,HG
-110.6717339,104.8329492,5.838784676,39.32414645,-20.08606082,107.1302107,HG
-119.1746662,90.40845655,28.76620963,29.36002729,-19.19084258,107.1197821,HG
-123.5098229,72.83527901,50.67454388,17.35558506,-18.10695652,107.1093545,HG
-123.5146607,52.75270383,70.76195691,5.564539659,-16.85313727,107.0989279,HG
-122.0728669,42.9877087,79.08515817,1.93E-10,-16.23104514,107.0941953,HG
-122.0728669,42.9877087,79.08515817,-1.49E-10,-16.23104514,107.0941953,HG
-115.8368567,20.51598176,95.32087496,-11.87658099,-14.77000581,107.0837701,HG
-105.5322109,-2.629678523,108.1618895,-23.12863247,-13.1949262,107.073346,HG
-91.53462206,-25.64602073,117.1806428,-33.47835694,-11.53626588,107.0629228,HG
-74.33125454,-47.73000098,122.0612555,-42.48839471,-9.823357508,107.0525007,HG
-54.50406314,-68.13219787,122.636261,-49.96509153,-8.083671564,107.0420796,HG
-47.81496204,-74.07369164,121.8886537,-51.71649317,-7.535459234,107.038786,HG
-47.81496204,-74.07369164,121.8886537,-51.71649317,-7.535459234,107.038786,HG
-25.66030138,-91.06967419,116.7299756,-57.08218028,-5.817215705,107.0283662,HG
-2.60865659,-104.8620824,107.470739,-59.70767417,-4.148060286,107.0179474,HG
20.52506959,-114.9275584,94.40248879,-60.25880558,-2.557805738,107.0075296,HG
42.94299611,-120.9299488,77.98695268,-58.74547251,-1.072153584,106.9971127,HG
63.81301571,-122.6061638,58.79314804,-54.51859902,0.278573288,106.9866969,HG
71.01429841,-122.1268032,51.11250479,-52.69895824,0.741898784,106.9828397,HG
71.01429841,-122.1268032,51.11250479,-52.69895824,0.741898784,106.9828397,HG
88.65481302,-117.8879168,29.23310377,-45.77756762,1.881376365,106.9724252,HG
103.1647256,-109.4699341,6.305208504,-37.54003375,2.84309312,106.9620118,HG
114.0596717,-97.16889545,-16.89077621,-28.0248311,3.618176037,106.9515994,HG
120.956982,-81.37447614,-39.5825059,-19.00273764,4.199352355,106.9411879,HG
123.5122368,-62.73487079,-60.77736603,-4.688296183,4.568523018,106.9307775,HG
123.3305947,-54.47689603,-68.85369869,5.54E-10,4.664331147,106.9265524,HG
123.3305947,-54.47689603,-68.85369869,8.88E-10,4.664331147,106.9265524,HG
119.83473,-32.86128047,-86.97344949,12.15597187,4.762381005,106.9161434,HG
112.1247684,-10.05859235,-102.0661761,23.69020612,4.671305009,106.9057354,HG
100.4695052,13.14284091,-113.6123461,34.4616771,4.402600768,106.8953284,HG
85.2789246,35.91222268,-121.1911473,44.26757722,3.971548071,106.8849225,HG
67.06204222,57.49588935,-124.5579316,52.41402642,3.393878099,106.8745176,HG
57.05741874,67.54585061,-124.6032694,56.1250016,3.059769135,106.8693275,HG
57.05741874,67.54585061,-124.6032694,56.1250016,3.059769135,106.8693275,HG
35.57860865,85.88248501,-121.4610937,61.67504575,2.309708196,106.8589241,HG
12.84252879,101.2408412,-114.08337,65.04254499,1.473493721,106.8485217,HG
-10.36315958,113.0978481,-102.7346885,65.83917898,0.575515968,106.8381204,HG
-33.20757533,121.0131386,-87.80556328,64.75451438,-0.356220623,106.82772,HG
-54.9008753,124.715603,-69.81472766,61.42064705,-1.298036173,106.8173207,HG
-66.70281076,124.8644413,-58.16163053,57.8625532,-1.83771123,106.811248,HG
-66.70281076,124.8644413,-58.16163053,57.8625532,-1.83771123,106.811248,HG
-85.04277027,121.7203883,-36.67761802,51.34027757,-2.743264751,106.8008503,HG
-100.3855799,114.3248549,-13.93927501,42.52131918,-3.594000159,106.7904536,HG
-112.2199182,102.9619805,9.257937706,32.32612629,-4.373672196,106.7800579,HG
-120.1303293,88.02419288,32.1061364,21.09684284,-5.066287219,106.7696633,HG
-123.8414256,70.03695471,53.80447094,9.206612307,-5.658622844,106.7592696,HG
-123.9199215,57.44786626,66.47205523,1.06E-09,-5.967915839,106.7527371,HG
-123.9199215,57.44786626,66.47205523,6.79E-10,-5.967915839,106.7527371,HG
-120.5364254,35.87892193,84.65750343,-11.97126089,-6.371713126,106.7423451,HG
-112.9485378,13.10286182,99.84567602,-24.2763232,-6.659433539,106.7319542,HG
-101.4024795,-10.09686256,111.4993421,-35.56286446,-6.830924269,106.7215642,HG
-86.30019992,-32.92214137,119.2223413,-45.52549559,-6.893468465,106.7111753,HG
-68.15318256,-54.5124627,122.6656453,-55.01533558,-6.844418049,106.7007873,HG
-53.15928214,-69.28418641,122.4434686,-60.07380328,-6.752015923,106.6930863,HG
-53.15928214,-69.28418641,122.4434686,-60.07380328,-6.752015923,106.6930863,HG
-31.3479559,-87.04335107,118.391307,-65.19484807,-6.563127901,106.6827002,HG
-8.454570189,-101.6752359,110.1298061,-68.97340135,-6.30945104,106.672315,HG
14.73021222,-112.7081599,97.97794763,-69.91641056,-6.015454121,106.6619309,HG
37.39483999,-119.7496508,82.35481082,-68.48307896,-5.701377883,106.6515477,HG
58.70811982,-122.5357414,63.82762161,-65.05878704,-5.388809329,106.6411656,HG
71.02869682,-122.0591644,51.03046756,-61.1171683,-5.20270499,106.6346875,HG
71.02869682,-122.0591644,51.03046756,-61.1171683,-5.20270499,106.6346875,HG
88.63932028,-117.7898972,29.15057693,-53.8450952,-4.938785314,106.624307,HG
103.1339161,-109.3610915,6.227175422,-44.7807076,-4.735027758,106.6139275,HG
113.9986191,-97.04620208,-16.95241701,-34.29411391,-4.60991713,106.6035491,HG
120.8596576,-81.27294805,-39.58670957,-23.21114042,-4.581225429,106.5931716,HG
123.4116222,-62.58333789,-60.82828429,-9.765510597,-4.664454771,106.5827951,HG
122.4978083,-47.02419497,-75.47361328,2.17E-09,-4.80750462,106.5749766,HG
122.4978083,-47.02419497,-75.47361329,2.57E-09,-4.80750462,106.5749766,HG
117.5070109,-24.91147586,-92.59553502,12.6147497,-5.111970999,106.5646019,HG
108.3652731,-1.888723043,-106.4765501,25.28893598,-5.551260779,106.5542283,HG
95.4131895,21.24525157,-116.6584411,36.77288215,-6.126360894,106.5438556,HG
79.09987159,43.68119314,-122.7810647,46.9132121,-6.834392139,106.533484,HG
59.98094423,64.61964205,-124.6005863,55.63285092,-7.668949378,106.5231133,HG
44.3386569,78.79525962,-123.1339165,61.02953201,-8.363567333,106.5153872,HG
44.3386569,78.79525962,-123.1339165,61.02953201,-8.363567333,106.5153872,HG
22.02453716,95.4171174,-117.4416546,65.9445449,-9.385777989,106.5050184,HG
-1.076220839,108.7166445,-107.6404237,69.77760863,-10.49287053,106.4946506,HG
-24.15892046,118.2342276,-94.07530711,70.02618197,-11.66530566,106.4842837,HG
-46.37464811,123.6505845,-77.27593635,68.59662809,-12.87259857,106.4739179,HG
-66.99097784,124.7587583,-57.76778042,64.0601457,-14.09722456,106.4635532,HG
-80.32244763,122.8864825,-42.56403492,59.95877477,-14.96517016,106.4561488,HG
-80.32244763,122.8864825,-42.56403492,59.95877477,-14.96517016,106.4561488,HG
-96.51637819,116.6144812,-20.09810301,52.47598503,-16.14753574,106.4457858,HG
-109.3378708,106.2892781,3.048592645,43.33758562,-17.26923922,106.4354238,HG
-118.3194408,92.26043298,26.05900777,32.25764348,-18.29980266,106.4250628,HG
-123.1520397,75.04135536,48.11068433,20.67724747,-19.21146864,106.4147028,HG
-123.6706186,55.21702385,68.45359473,8.844776461,-19.98376173,106.4043439,HG
-121.5020291,40.50940132,80.99262774,4.86E-09,-20.41343937,106.3972527,HG
-121.5020291,40.50940132,80.99262774,4.54E-09,-20.41343937,106.3972527,HG
-114.8090301,17.93711849,96.87191157,-12.27186348,-20.9015911,106.3868954,HG
-104.0656413,-5.231126531,109.2967678,-23.79395057,-21.19010395,106.3765392,HG
-89.68275641,-28.17538473,117.8581411,-34.40399333,-21.27410434,106.366184,HG
-72.15542511,-50.09848893,122.253914,-43.47689932,-21.14518053,106.3558297,HG
-52.0868907,-70.21475822,122.3016489,-51.43238657,-20.79312503,106.3454765,HG
-40.10039274,-80.3513346,120.4517273,-54.79719576,-20.50335732,106.3397179,HG
-40.10039274,-80.3513346,120.4517273,-54.79719576,-20.50335732,106.3397179,HG
-17.54264462,-96.29005912,113.8327037,-59.52603088,-19.81944082,106.3293662,HG
5.624070193,-108.8026898,103.1786196,-61.95996248,-18.92945715,106.3190156,HG
28.58131393,-117.4562384,88.87492442,-62.13330721,-17.84941108,106.3086659,HG
50.54560051,-121.9452173,71.39961679,-59.61127182,-16.59327568,106.2983173,HG
70.70402143,-122.0998785,51.39585704,-55.43485832,-15.18529135,106.2879696,HG
79.14916893,-120.7099198,41.56075085,-52.75838768,-14.49398041,106.2832256,HG
79.14916893,-120.7099198,41.56075085,-52.75838768,-14.49398041,106.2832256,HG
95.47976445,-114.6008296,19.12106511,-45.68741162,-12.91078602,106.2728794,HG
108.4328544,-104.4163606,-4.016493797,-36.76438404,-11.2413436,106.2625342,HG
117.5747502,-90.52511406,-27.04963609,-26.59563567,-9.517461301,106.2521899,HG
122.5861819,-73.41173382,-49.17444804,-15.56618068,-7.770589672,106.2418467,HG
123.2957801,-53.65587339,-69.63990671,-4.39975707,-6.029264608,106.2315045,HG
122.6908877,-47.70839573,-74.98249199,4.00E-09,-5.546564471,106.2285837,HG
122.6908877,-47.70839573,-74.982492,4.82E-09,-5.546564471,106.2285837,HG
117.7977269,-25.6253415,-92.17238537,11.09649711,-3.867505139,106.2182427,HG
108.7970941,-2.610104034,-106.1869901,22.66392416,-2.270817325,106.2079027,HG
95.95933364,20.54384794,-116.5031816,33.05186827,-0.782977689,106.1975637,HG
79.74143961,43.0317188,-122.7731584,42.21114604,0.57159259,106.1872258,HG
60.69238854,64.03662251,-124.7290111,50.05898543,1.76666952,106.1768888,HG
52.35442505,71.93965225,-124.2940773,52.71703082,2.200393427,106.1727082,HG
52.35442505,71.93965225,-124.2940773,52.71703082,2.200393427,106.1727082,HG
30.52764681,89.65839704,-120.1860439,58.1233087,3.145259152,106.1623726,HG
7.615354513,104.2749244,-111.8902789,60.92210415,3.896325226,106.152038,HG
-15.58442085,115.2724399,-99.68801901,61.62386115,4.445326251,106.1417044,HG
-38.23385891,122.256458,-84.02259909,60.28564932,4.788579642,106.1313718,HG
-59.55859141,124.9920493,-65.43345788,56.80692144,4.928979557,106.1210402,HG
-66.92949559,124.8976318,-57.96813625,54.42707379,4.930198923,106.117224,HG
-66.92949559,124.8976318,-57.96813625,54.42707379,4.930198923,106.117224,HG
-85.24608233,121.7009521,-36.45486977,48.12229592,4.805502622,106.1068938,HG
-100.5557902,114.2641796,-13.70838936,39.65736858,4.499460255,106.0965646,HG
-112.3524747,102.861361,9.49111372,29.84375485,4.029486508,106.0862364,HG
-120.2212403,87.88997415,32.33126612,19.14709993,3.414941864,106.0759092,HG
-123.8913174,69.85223735,54.03908007,8.540623601,2.674819555,106.0655831,HG
-124.0815944,60.02999759,64.05159686,3.12E-09,2.275532374,106.0604818,HG
-124.0815944,60.02999759,64.05159686,2.32E-09,2.275532374,106.0604818,HG
-121.2217712,38.66712468,82.55464655,-11.48168319,1.40264887,106.0501571,HG
-114.1422609,15.99112916,98.15113171,-23.14331113,0.472024571,106.0398335,HG
-103.0693338,-7.200858409,110.2701922,-34.17262445,-0.488702245,106.0295109,HG
-88.38219136,-30.11476328,118.4969546,-43.72870374,-1.456020069,106.0191892,HG
-70.58167164,-51.90922213,122.4908938,-53.10241742,-2.399108956,106.0088686,HG
-56.91938755,-65.81923077,122.7386183,-57.91980338,-3.018116889,106.0017843,HG
-56.91938755,-65.81923078,122.7386183,-57.91980338,-3.018116889,106.0017843,HG
-35.38868532,-84.05936347,119.4480488,-63.66047398,-3.870967565,105.9914654,HG
-12.6227451,-99.30883564,111.9315807,-66.70450391,-4.644180472,105.9811475,HG
10.58223014,-111.0263896,100.4441595,-67.76801356,-5.321050145,105.9708306,HG
33.39294063,-118.7950318,85.40209118,-66.63346825,-5.886998255,105.9605147,HG
55.02774656,-122.3511059,67.32335936,-63.25823299,-6.336416075,105.9501999,HG
68.49482928,-122.2906097,53.79578041,-59.11589654,-6.566747803,105.9432711,HG
68.49482928,-122.2906097,53.79578041,-59.11589654,-6.566747803,105.9432711,HG
86.4961981,-118.6191585,32.12296035,-52.22612399,-6.814498813,105.9329579,HG
101.435666,-110.7289287,9.293262755,-43.25289185,-6.94006953,105.9226457,HG
112.8195604,-98.88664033,-13.93292006,-32.89077578,-6.954592695,105.9123345,HG
120.1517558,-83.47213373,-36.67962205,-20.90459287,-6.856826953,105.9020244,HG
123.3769086,-65.21056195,-58.16634668,-8.154168525,-6.688487848,105.8917152,HG
123.0566096,-51.77666038,-71.27994924,2.62E-09,-6.528212991,105.8849009,HG
123.0566096,-51.77666038,-71.27994924,3.32E-09,-6.528212991,105.8849009,HG
119.0193808,-29.99363916,-89.02574164,12.57676837,-6.244997112,105.8745934,HG
110.7904033,-7.095077652,-103.6953257,25.04213033,-5.925618468,105.8642869,HG
98.65888864,16.08647891,-114.7453675,36.42847122,-5.592005108,105.8539814,HG
83.05735019,38.76853278,-121.825883,46.73024709,-5.268998171,105.8436769,HG
64.49949293,60.10669482,-124.6061878,55.68977899,-4.975758137,105.8333734,HG
49.58332736,74.33670244,-123.9200298,60.79328277,-4.797833115,105.8258899,HG
49.58332736,74.33670244,-123.9200298,60.79328277,-4.797833115,105.8258899,HG
27.57643493,91.6883811,-119.264816,66.04503321,-4.615363997,105.8155882,HG
4.59035727,105.84385,-110.4342073,70.0931005,-4.522818536,105.8052874,HG
-18.57090293,116.3198212,-97.74891823,70.96963217,-4.537864026,105.7949876,HG
-41.08278112,122.7645344,-81.68175325,69.37046039,-4.674286045,105.7846889,HG
-62.15712901,124.9370021,-62.77987309,65.05919668,-4.942239981,105.7743911,HG
-75.78707912,123.8460267,-48.05894762,61.1329764,-5.215030998,105.7671137,HG
-75.78707912,123.8460267,-48.05894762,61.1329764,-5.215030998,105.7671137,HG
-92.75572177,118.6421739,-25.88645213,53.22853451,-5.720318022,105.7568177,HG
-106.4705153,109.3056676,-2.835152284,44.59168308,-6.364944975,105.7465226,HG
-116.4579494,96.16051294,20.29743649,34.05025255,-7.144809165,105.7362286,HG
-122.362529,79.69620694,42.66632207,22.46504306,-8.046832363,105.7259356,HG
-123.9783894,60.44326407,63.53512537,11.08283802,-9.063393922,105.7156436,HG
-122.5207495,45.70395873,76.81679075,-5.90E-11,-9.825035764,105.7084237,HG
-122.5207495,45.70395873,76.81679076,-7.84E-10,-9.825035764,105.7084237,HG
-116.7807211,23.380706,93.40001514,-12.11477955,-10.98125879,105.6981334,HG
-106.9609841,0.281631751,106.6793523,-24.31546482,-12.1919731,105.6878442,HG
-93.39730573,-22.78995053,116.1872563,-35.38786382,-13.43206245,105.6775559,HG
-76.54884552,-45.02242538,121.5712709,-45.55649385,-14.67324577,105.6672687,HG
-57.03358851,-65.61719581,122.6507843,-54.03968371,-15.88345768,105.6569824,HG
-40.99103603,-79.6023007,120.5933367,-59.0301389,-16.75791906,105.6492444,HG
-40.99103602,-79.6023007,120.5933367,-59.0301389,-16.75791906,105.6492444,HG
-18.48179716,-95.66226296,114.1440601,-63.79590825,-17.84869712,105.6389599,HG
4.672880805,-108.3158194,103.6429385,-66.47921358,-18.8310682,105.6286765,HG
27.65288561,-117.1246066,89.471721,-66.8112806,-19.67934842,105.618394,HG
49.64603932,-121.7693839,72.1233446,-65.01602411,-20.36723828,105.6081126,HG
69.90506601,-122.103947,52.19888098,-60.38180316,-20.87964012,105.5978321,HG
81.95073075,-119.9357544,37.98502368,-56.6639449,-21.10531355,105.591038,HG
81.95073075,-119.9357544,37.98502367,-56.6639449,-21.10531355,105.591038,HG
97.72561872,-113.0693076,15.34368889,-49.35995069,-21.26889089,105.5807592,HG
110.1212243,-102.3119869,-7.809237364,-40.02180399,-21.24022106,105.5704814,HG
118.5958531,-87.85404149,-30.74181161,-29.45463531,-20.97595296,105.5602047,HG
122.8982614,-70.27230549,-52.62595589,-18.17500687,-20.49064529,105.5499289,HG
122.8785368,-50.1742342,-72.7043026,-6.459474501,-19.78892856,105.5396541,HG
121.376019,-40.3457788,-81.03024025,1.40E-09,-19.38651446,105.5349619,HG
121.376019,-40.3457788,-81.03024025,2.08E-09,-19.38651446,105.5349619,HG
115.1217104,-17.85863681,-97.26307356,11.52299325,-18.39308197,105.5246886,HG
104.7697034,5.291731837,-110.0614353,22.59368116,-17.20323217,105.5144163,HG
90.73691223,28.29912183,-119.0360341,33.11283482,-15.85115747,105.5041449,HG
73.50174217,50.36765735,-123.8693995,42.15756078,-14.35860635,105.4938746,HG
53.6484168,70.74739151,-124.3958083,49.63933751,-12.75096967,105.4836052,HG
44.80300781,78.50093415,-123.303942,52.05853747,-12.05566009,105.4793322,HG
44.80300781,78.50093415,-123.303942,52.05853747,-12.05566009,105.4793322,HG
22.5127378,95.16707585,-117.6798136,57.35741114,-10.34071592,105.4690642,HG
-0.58740068,108.5677309,-107.9803302,59.85753865,-8.591114329,105.4587972,HG
-23.67965501,118.1964793,-94.51682431,60.28705649,-6.838019992,105.4485312,HG
-45.96910181,123.7320948,-77.76299299,58.67153413,-5.113463035,105.4382662,HG
-66.619467,124.9227365,-58.30326949,54.34731763,-3.453548265,105.4280022,HG
-73.8537551,124.2457986,-50.39204347,52.45345203,-2.848692276,105.4241284,HG
-73.8537551,124.2457986,-50.39204346,52.45345203,-2.848692276,105.4241284,HG
-91.15389301,119.5020604,-28.34816738,45.44409424,-1.322460589,105.4138657,HG
-105.2585231,110.6075494,-5.349026374,37.09396056,0.071118626,105.403604,HG
-115.6970663,97.87575773,17.82130855,27.43906999,1.312200102,105.3933433,HG
-122.1087436,81.71780281,40.3909408,18.12216481,2.384861961,105.3830836,HG
-124.1423445,62.76588375,61.37646075,4.32912469,3.248900844,105.3728248,HG
-123.8151454,55.18107626,68.63406915,1.37E-09,3.521206389,105.3690399,HG
-123.8151454,55.18107626,68.63406915,6.98E-10,3.521206389,105.3690399,HG
-119.9708854,33.43891419,86.53197118,-12.00247464,4.118660745,105.3587825,HG
-111.9311389,10.57631633,101.3548226,-23.39997191,4.507971281,105.3485261,HG
-99.97550434,-12.62980505,112.6053094,-33.86863983,4.691687613,105.3382707,HG
-84.48726499,-35.34994004,119.837205,-43.62976234,4.669202735,105.3280164,HG
-66.08024767,-56.75576582,122.8360135,-51.9977922,4.458661959,105.317763,HG
-56.67341739,-66.07473685,122.7481542,-55.1771223,4.298598625,105.3129912,HG
-56.67341739,-66.07473685,122.7481542,-55.1771223,4.298598625,105.3129912,HG
-35.11763339,-84.29397079,119.4116042,-60.55613719,3.837039956,105.3027393,HG
-12.34109399,-99.49408494,111.8351789,-63.80856882,3.226306619,105.2924884,HG
10.8583193,-111.1637362,100.3054169,-64.81819551,2.49101473,105.2822385,HG
33.67160825,-118.8934535,85.22184526,-63.5707719,1.65574125,105.2719896,HG
55.29024057,-122.3882518,67.09801121,-59.6339935,0.746322353,105.2617417,HG
66.1534692,-122.4741889,56.32071972,-57.07289496,0.238669163,105.2562253,HG
66.15346921,-122.4741889,56.32071971,-57.07289496,0.238669163,105.2562253,HG
84.47258653,-119.3059615,34.83337497,-50.71771204,-0.725887265,105.2459789,HG
99.8156427,-111.9062882,12.09064551,-42.00088008,-1.692736891,105.2357336,HG
111.632678,-100.535691,-11.09698699,-32.25865998,-2.633371939,105.2254893,HG
119.5349557,-85.57646479,-33.95849089,-19.87211837,-3.530661287,105.2152459,HG
123.2093427,-67.58490869,-55.62443402,-7.666739286,-4.351223805,105.2050036,HG
123.265817,-54.50627322,-68.75954376,-1.46E-09,-4.839373619,105.1983278,HG
123.265817,-54.50627322,-68.75954376,-8.00E-10,-4.839373619,105.1983278,HG
119.7964245,-32.90888449,-86.88754004,12.5378196,-5.506363265,105.1880871,HG
112.0963429,-10.10899895,-101.987344,24.68812058,-6.059508329,105.1778474,HG
100.4532392,13.08763343,-113.5408726,36.00498148,-6.492364499,105.1676088,HG
85.27120714,35.8749576,-121.1461647,45.99758571,-6.801703201,105.1573711,HG
67.0678291,57.43931873,-124.5071478,55.08099088,-6.983662832,105.1471344,HG
53.58356451,70.75421722,-124.3377817,59.76619627,-7.037418105,105.1403083,HG
53.58356451,70.75421722,-124.3377817,59.76619627,-7.037418105,105.1403083,HG
31.84784325,88.64416952,-120.4920128,64.93200015,-7.027449105,105.1300733,HG
8.983672974,103.4518217,-112.4354947,69.03081687,-6.913222313,105.1198393,HG
-14.2179401,114.6662847,-100.4483446,70.04124123,-6.711184319,105.1096063,HG
-36.91725921,121.9025174,-84.98525817,68.59016197,-6.442209629,105.0993743,HG
-58.32231083,124.8938673,-66.57155649,64.42990228,-6.124758207,105.0891433,HG
-71.99257533,124.4212777,-52.42870234,60.64220368,-5.888923302,105.0820647,HG
-71.99257533,124.4212777,-52.42870234,60.64220367,-5.888923302,105.0820647,HG
-89.5598041,120.0916389,-30.53183483,52.79651966,-5.543838274,105.0718353,HG
-103.9855982,111.5766508,-7.591052577,44.39483539,-5.213498254,105.061607,HG
-114.7729534,99.17593128,15.59702215,33.82044173,-4.92250495,105.0513796,HG
-121.5115183,83.31702242,38.19449586,20.87342596,-4.693834582,105.0411532,HG
-124.0340765,64.65149388,59.38258258,8.772576985,-4.551828626,105.0309279,HG
-123.1680498,49.84643529,73.32161449,-1.33E-09,-4.511586188,105.0236113,HG
-123.1680498,49.84643529,73.3216145,-2.03E-09,-4.511586188,105.0236113,HG
-118.2526814,27.7644545,90.48822691,-12.93779501,-4.555368496,105.0133876,HG
-109.1984619,4.744733712,104.4537282,-25.15461143,-4.727748337,105.0031649,HG
-96.30541553,-18.40342084,114.7088364,-36.98243968,-5.038932014,104.9929433,HG
-80.05211598,-40.84604117,120.8981571,-47.44758645,-5.493422737,104.9827226,HG
-60.99158376,-61.82175778,122.8133415,-56.1489198,-6.093214354,104.9725029,HG
-45.87133813,-75.60847534,121.4798135,-61.07679131,-6.613712016,104.9651257,HG
-45.87133813,-75.60847534,121.4798135,-61.07679131,-6.613712016,104.9651257,HG
-23.61058836,-92.36116608,115.9717544,-66.38104618,-7.450813263,104.9549078,HG
-0.52823758,-105.813392,106.3416296,-69.40648141,-8.412146036,104.9446908,HG
22.5610324,-115.5100744,92.949042,-70.11636909,-9.481526847,104.9344749,HG
44.85266,-121.1109967,76.25833673,-68.57627676,-10.64000958,104.9242599,HG
65.54508232,-122.3965589,56.8514766,-64.38628562,-11.86252256,104.914046,HG
79.03293978,-120.6391976,41.60625785,-60.26052682,-12.7677248,104.9067055,HG
79.03293978,-120.6391976,41.60625785,-60.26052682,-12.7677248,104.9067055,HG
95.34631697,-114.5294101,19.18309308,-52.64836329,-14.03957647,104.8964933,HG
108.2997235,-104.35097,-3.948753525,-43.41918473,-15.30111451,104.8862821,HG
117.4385788,-90.4659753,-26.97260351,-32.84428555,-16.52154427,104.8760718,HG
122.4473878,-73.35987664,-49.08751114,-21.45882887,-17.67197247,104.8658626,HG
123.1534635,-53.61074228,-69.54272124,-10.07371249,-18.72790794,104.8556545,HG
121.3217938,-40.07723991,-81.24455391,-1.45E-09,-19.31912341,104.8491857,HG
121.3217938,-40.07723991,-81.24455392,-7.56E-10,-19.31912341,104.8491857,HG
114.9620467,-17.58868401,-97.37336272,11.51883891,-20.13715235,104.8389791,HG
104.5695827,5.562978745,-110.1325615,23.17615961,-20.78943915,104.8287736,HG
90.49504662,28.5617832,-119.0568298,33.88341686,-21.25103915,104.818569,HG
73.21780882,50.62321372,-123.8410225,42.97795919,-21.50842058,104.8083655,HG
53.34509902,70.91301265,-124.2581117,51.53829522,-21.53341407,104.7981629,HG
38.62767133,83.43097428,-122.0586456,55.74698249,-21.42292045,104.7911758,HG
38.62767132,83.43097428,-122.0586456,55.74698249,-21.42292045,104.7911758,HG
16.03466752,99.24358792,-115.2782554,60.64152505,-21.07154961,104.7809749,HG
-7.13755835,111.6115952,-104.4740368,62.89810926,-20.49148572,104.770775,HG
-30.08115044,120.1111324,-90.02998195,62.79736132,-19.69194941,104.7605761,HG
-51.9719126,124.4239889,-72.45207628,60.7350423,-18.68163393,104.7503782,HG
-72.05590578,124.4053261,-52.34942031,56.61910836,-17.47787845,104.7401812,HG
-80.05931626,123.0270399,-42.96772366,53.52598011,-16.89669657,104.7357246,HG
-80.05931626,123.0270399,-42.96772366,53.52598011,-16.89669657,104.7357246,HG
-96.34011502,116.843895,-20.50378001,46.63661912,-15.45852656,104.7255291,HG
-109.2267953,106.589581,2.637214284,37.60078644,-13.88598907,104.7153345,HG
-118.2967194,92.63547512,25.66124429,27.39440211,-12.21049825,104.7051409,HG
-123.2303754,75.46750754,47.76286783,16.35975897,-10.46373208,104.6949483,HG
-123.8553325,55.66553245,68.18980005,5.282720257,-8.675679803,104.6847567,HG
-123.0659966,48.50532935,74.5606672,-5.36E-10,-8.070913324,104.6813037,HG
-123.0659966,48.50532935,74.56066721,-1.33E-09,-8.070913323,104.6813037,HG
-117.8599236,26.33057202,91.52935161,-11.16090343,-6.28986892,104.6711134,HG
-108.5605184,3.277373375,105.2831451,-22.7248832,-4.553963944,104.660924,HG
-95.45447313,-19.85267455,115.3071477,-33.10223942,-2.893697199,104.6507357,HG
-79.00679638,-42.25757241,121.2643688,-42.24065645,-1.338805978,104.6405483,HG
-59.77414243,-63.12169152,122.8958339,-50.04035105,0.079863142,104.6303618,HG
-51.80557029,-70.56918195,122.3747522,-52.5208078,0.582538549,104.6264488,HG
-51.80557029,-70.56918195,122.3747522,-52.5208078,0.582538549,104.6264488,HG
-29.90054262,-88.13319029,118.0337329,-57.87585513,1.774525232,104.6162638,HG
-6.953119847,-102.5647352,109.5178551,-60.6479404,2.780639801,104.6060797,HG
16.21897029,-113.3431327,97.12416245,-61.62881459,3.585123171,104.5958966,HG
38.84163551,-120.1173569,81.27572142,-59.62298519,4.182936187,104.5857145,HG
60.06024254,-122.6136763,62.55343376,-55.98023579,4.565139086,104.5755334,HG
67.5091467,-122.4231611,54.91401444,-53.93606125,4.653076887,104.5717141,HG
67.50914671,-122.4231611,54.91401444,-53.93606125,4.653076887,104.5717141,HG
85.64554982,-118.9563965,33.31084664,-49.27543386,4.746673681,104.5615343,HG
100.7665835,-111.2708208,10.50423735,-40.24871448,4.638885363,104.5513555,HG
112.3363633,-99.64736295,-12.68900033,-29.13618785,4.344011728,104.5411778,HG
119.9494849,-84.47699168,-35.47249318,-17.89641705,3.877169821,104.531001,HG
123.3441521,-66.28539623,-57.05875591,-6.455466991,3.258339037,104.5208252,HG
123.4190785,-56.85934797,-66.55973056,-1.71E-09,2.922727097,104.5160292,HG
123.4190785,-56.85934797,-66.55973056,-1.03E-09,2.922727097,104.5160292,HG
120.435865,-35.42687693,-85.00898807,11.73301516,2.12711786,104.5058549,HG
113.1961591,-12.72046276,-100.4756963,23.44289096,1.245895563,104.4956816,HG
101.9786095,10.47383125,-112.4524407,34.58245785,0.306352543,104.4855093,HG
87.16803925,33.34990494,-120.5179442,44.33366492,-0.664139325,104.4753379,HG
69.27101896,55.09452101,-124.36554,53.20500416,-1.636616017,104.4651676,HG
56.52103793,68.03528649,-124.5563244,57.79184804,-2.244028768,104.4586671,HG
56.52103793,68.03528649,-124.5563244,57.79184804,-2.244028768,104.4586671,HG
35.00494915,86.30198905,-121.3069382,63.41331538,-3.159837766,104.4484984,HG
12.24757773,101.5836275,-113.8312053,66.57635619,-4.010945118,104.4383307,HG
-10.95704778,113.3379038,-102.380856,67.62130862,-4.776885333,104.428164,HG
-33.77603928,121.1476214,-87.37158209,66.4774081,-5.438795378,104.4179983,HG
-55.42750796,124.7466345,-69.31912658,63.14311525,-5.987123392,104.4078336,HG
-68.64657762,124.7333312,-56.08675362,59.1245867,-6.277511102,104.4011428,HG
-68.64657762,124.7333312,-56.08675362,59.1245867,-6.277511102,104.4011428,HG
-86.71338497,121.1638292,-34.45044426,52.26979751,-6.62189604,104.3909798,HG
-101.7305465,113.3697782,-11.63923163,43.36934899,-6.836849099,104.3808177,HG
-113.2049579,101.615727,11.58923093,32.99305519,-6.931805635,104.3706566,HG
-120.6361064,86.27718604,34.3589204,20.88013563,-6.901882782,104.3604965,HG
-123.9117899,68.09535886,55.81643101,8.891458775,-6.77956012,104.3503374,HG
-123.6053403,53.55413723,70.05120311,1.08E-10,-6.641096308,104.3430719,HG
-123.6053403,53.55413723,70.05120311,-5.76E-10,-6.641096308,104.3430719,HG
-119.4287091,31.69954298,87.72916611,-13.46254322,-6.382105957,104.3329145,HG
-111.0737544,8.792214821,102.2815396,-24.96045139,-6.072353955,104.3227581,HG
-98.8357038,-14.39923414,113.2349379,-37.00485442,-5.736448547,104.3126027,HG
-83.12444828,-37.02791959,120.1523679,-47.47751015,-5.395079195,104.3024482,HG
-64.51087316,-58.31505193,122.8259251,-55.88322256,-5.075910394,104.2922948,HG
-51.10097483,-71.1205819,122.2215567,-60.6714686,-4.890630708,104.2856698,HG
-51.10097483,-71.1205819,122.2215567,-60.6714686,-4.890630708,104.2856698,HG
-29.1568797,-88.58928825,117.746168,-66.11172916,-4.660512513,104.275518,HG
-6.19716973,-102.8978064,109.0949762,-69.39982779,-4.513464991,104.2653671,HG
16.96876475,-113.5530919,96.5843272,-70.34148018,-4.469693471,104.2552173,HG
39.5339175,-120.1842411,80.65032359,-69.03331763,-4.54578757,104.2450684,HG
60.72667405,-122.5607582,61.83408413,-65.9906519,-4.755224165,104.2349205,HG
74.13036494,-121.6264132,47.4960483,-60.29904913,-4.982760285,104.2278987,HG
74.13036494,-121.6264132,47.4960483,-60.29904913,-4.982760285,104.2278987,HG
91.24701585,-116.6497973,25.40278143,-53.75558342,-5.435064066,104.2177525,HG
105.1726852,-107.5522726,2.379587402,-44.54481827,-6.034187531,104.2076073,HG
115.3920734,-94.6335625,-20.75851092,-34.1975212,-6.776566712,104.197463,HG
121.5605,-78.34299384,-43.21750621,-23.3434062,-7.655296578,104.1873198,HG
123.3997849,-59.25271322,-64.14707165,-9.77715941,-8.654100857,104.1771776,HG
121.8536516,-42.96508742,-78.88856417,3.77E-09,-9.501915531,104.169319,HG
121.8536516,-42.96508742,-78.88856417,4.49E-09,-9.501915531,104.169319,HG
116.0641183,-20.62611505,-95.43800321,12.60912233,-10.67247696,104.1591786,HG
106.1850347,2.484803298,-108.669838,24.65462231,-11.90829708,104.1490391,HG
92.55770902,25.5721926,-118.1299016,35.29311886,-13.18542826,104.1389006,HG
75.64795415,47.7669937,-123.4149479,45.85080352,-14.46418946,104.1287632,HG
56.12222061,68.3054381,-124.4276587,54.56575681,-15.71631394,104.1186267,HG
40.22455832,82.1441313,-122.3686896,59.59591375,-16.62315145,104.1110782,HG
40.22455832,82.1441313,-122.3686896,59.59591375,-16.62315145,104.1110782,HG
17.69716233,98.17940825,-115.8765706,64.68156753,-17.7677482,104.1009435,HG
-5.453225076,110.7979815,-105.3447564,67.23575144,-18.8024681,104.0908097,HG
-28.43163928,119.5806262,-91.14898695,67.2007651,-19.7040812,104.080677,HG
-50.41996184,124.1960207,-73.77605888,64.9577542,-20.44150742,104.0705453,HG
-70.64685981,124.4894657,-53.84260592,60.69433513,-20.9930397,104.0604145,HG
-81.8535705,122.5155161,-40.66194557,57.08540772,-21.22936194,104.0542111,HG
-81.8535705,122.5155161,-40.66194557,57.08540772,-21.22936194,104.0542111,HG
-97.79297668,115.8856661,-18.09268939,50.1557477,-21.44540143,104.044082,HG
-110.2944308,105.2324103,5.062020506,40.36734209,-21.43316716,104.0339538,HG
-118.9377893,90.91723757,28.02055171,29.83623223,-21.18894454,104.0238266,HG
-123.4153319,73.43591827,49.97941358,18.44717645,-20.71101704,104.0137004,HG
-123.5177901,53.38595711,70.13183299,6.724288917,-19.99183034,104.0035752,HG
-121.6183169,40.78974712,80.82856973,1.66E-09,-19.4814217,103.9976408,HG
-121.6183169,40.78974712,80.82856973,9.49E-10,-19.4814217,103.9976408,HG
-114.9734713,18.21466443,96.7588069,-13.15931246,-18.4356127,103.9875171,HG
-104.2230148,-4.930049467,109.1530642,-24.16977827,-17.17463827,103.9773944,HG
-90.02715932,-27.78646977,117.8136291,-31.64320241,-15.78881221,103.9672727,HG
-72.34328487,-50.1155547,122.4588396,-52.07921063,-14.2131735,103.957152,HG
-68.29389588,-54.35433486,122.6482307,-41.8824808,-13.8532181,103.954982,HG
-64.13663842,-58.74010221,122.8767406,-48.25620638,-13.50968133,103.9528121,HG
-59.78168173,-63.0639657,122.8456474,-48.32150844,-13.14147869,103.9506422,HG
-55.37319097,-67.27331567,122.6465066,-49.94060994,-12.77851147,103.9484724,HG
-49.21155849,-72.82470153,122.03626,-52.00124865,-12.27375095,103.9455181,HG
-44.3761821,-76.94326773,121.3194498,-53.2162687,-11.88174426,103.943248,HG
-44.3761821,-76.94326773,121.3194498,-53.2162687,-11.88174426,103.943248,HG
-35.30954367,-84.1284923,119.438036,-55.58280231,-11.15375764,103.9390826,HG
-18.81608404,-95.55087822,114.3669623,-58.03297365,-9.846948517,103.9317213,HG
6.769981011,-109.4094129,102.6394319,-59.87484043,-7.842010697,103.9205495,HG
32.0618383,-118.538129,86.47629071,-60.15152702,-5.848370349,103.9093788,HG
55.9357308,-122.4695107,66.53377991,-57.15213215,-3.912488119,103.8982094,HG
73.15451452,-121.8908811,48.73636655,-52.37373894,-2.460105133,103.8893804,HG
73.15451452,-121.8908811,48.73636655,-52.37373894,-2.460105133,103.8893804,HG
92.1005198,-116.4519364,24.35141655,-44.42376514,-0.742724279,103.8782131,HG
107.0769822,-105.9517348,-1.125247474,-35.31384346,0.798974269,103.867047,HG
117.4519719,-90.86293459,-26.58903732,-24.5307933,2.131779176,103.8558821,HG
122.8149179,-71.86735246,-50.94756546,-12.1979026,3.231573517,103.8447183,HG
123.2507066,-53.4204288,-69.83027784,-1.86E-09,3.961726012,103.8353175,HG
123.2507066,-53.4204288,-69.83027784,-1.17E-09,3.961726012,103.8353175,HG
118.8990736,-29.40711199,-89.49196163,12.78380135,4.586919516,103.8241559,HG
109.4444746,-4.07185447,-105.3726201,25.42007577,4.94653179,103.8129956,HG
95.30929465,21.48854511,-116.7978398,36.90616756,5.046020165,103.8018364,HG
77.05544719,46.18020143,-123.2356486,47.22855547,4.890641524,103.7906784,HG
56.8513295,67.66218097,-124.5135105,55.08253917,4.534074022,103.7801717,HG
56.8513295,67.66218097,-124.5135105,55.08253918,4.534074022,103.7801717,HG
33.0439738,87.70681516,-120.750789,61.02201387,3.95499986,103.7690161,HG
7.805169152,104.0464872,-111.8516564,64.2348165,3.196924953,103.7578616,HG
-17.77713347,115.986197,-98.20906358,64.76405976,2.296206838,103.7467084,HG
-42.59899665,123.0010719,-80.40207526,62.76003047,1.290939531,103.7355564,HG
-65.62943248,124.807707,-59.1782745,57.40483345,0.216635377,103.7244056,HG
-66.53022817,124.7669799,-58.23675173,57.16111348,0.17117374,103.7239433,HG
-66.53022817,124.7669799,-58.23675173,57.16111348,0.17117374,103.7239433,HG
-86.61741237,121.0579757,-34.44056335,49.85629001,-0.927995425,103.7127938,HG
-103.0194334,112.2270652,-9.207631757,39.16954798,-2.01340271,103.7016455,HG
-114.9936224,98.62758051,16.36604192,28.33213946,-3.044393151,103.6904983,HG
-122.088058,80.87239218,41.21566581,15.44563814,-3.995414205,103.6793524,HG
-123.9415965,59.68385426,64.25774228,1.576194077,-4.834072383,103.6682077,HG
-123.8186771,57.15067798,66.66799907,2.01E-09,-4.919677345,103.6669674,HG
-123.8186771,57.15067798,66.66799907,1.28E-09,-4.919677345,103.6669674,HG
-119.8076647,33.24186189,86.56580279,-13.88089047,-5.611625159,103.6558241,HG
-110.6864619,7.970632014,102.7158299,-26.89637643,-6.1529421,103.6446819,HG
-96.84084011,-17.61719304,114.4580331,-38.68166554,-6.541267792,103.6335409,HG
-78.82150525,-42.39195844,121.2134637,-50.31277732,-6.764154423,103.6224012,HG
-57.48773792,-65.26281473,122.7505526,-59.22496095,-6.834636968,103.6112626,HG
-54.34410274,-68.20359902,122.5477018,-60.06795907,-6.833581144,103.609736,HG
-54.34410274,-68.20359902,122.5477018,-60.06795907,-6.833581144,103.609736,HG
-30.2871561,-87.824809,118.1119651,-65.85200195,-6.755207316,103.5985988,HG
-4.949883834,-103.6184086,108.5682924,-69.09182638,-6.557783206,103.5874628,HG
20.59139724,-114.9395542,94.34815701,-69.42785679,-6.27078626,103.576328,HG
45.25685648,-121.3091224,76.05226596,-66.96828476,-5.923368027,103.5651943,HG
67.90211385,-122.3827886,54.48067475,-62.20809001,-5.542612281,103.5540619,HG
71.34361921,-122.0701689,50.72654965,-61.0603237,-5.481257931,103.5522591,HG
71.34361921,-122.0701689,50.72654965,-61.0603237,-5.481257931,103.5522591,HG
90.60518748,-117.0516822,26.44649474,-52.13462614,-5.111744553,103.541128,HG
105.9350143,-106.9777578,1.04274354,-41.99838396,-4.787418864,103.5299982,HG
116.7254516,-92.27223962,-24.45321202,-30.08447425,-4.540305745,103.5188695,HG
122.5374322,-73.58087578,-48.95655641,-16.83594132,-4.401245693,103.507742,HG
123.1016408,-51.62441482,-71.47722602,-4.449135368,-4.395773226,103.4966158,HG
122.5732564,-47.08154177,-75.4917146,-1.15E-09,-4.412394796,103.4944505,HG
122.5732564,-47.08154176,-75.4917146,-5.33E-11,-4.412394796,103.4944505,HG
116.7636084,-22.63805652,-94.12555191,13.96404062,-4.595569523,103.4833256,HG
106.0086668,2.85036191,-108.8590287,27.91392158,-4.951338604,103.472202,HG
90.69637914,28.26330417,-118.9596833,40.22575429,-5.487855711,103.4610796,HG
71.49908896,52.53158957,-124.0306785,50.55268821,-6.205119041,103.4499583,HG
49.19771218,74.58682095,-123.7845331,59.03746671,-7.098492738,103.4388383,HG
45.13673688,78.077072,-123.2138089,60.33566742,-7.267495194,103.4369289,HG
45.13673688,78.077072,-123.2138089,60.33566743,-7.267495194,103.4369289,HG
20.48528589,96.38109764,-116.8663835,66.38338204,-8.343327402,103.4258102,HG
-5.116517582,110.5742495,-105.4577319,68.55603306,-9.560965495,103.4146928,HG
-30.37237801,120.051079,-89.67870098,68.76912924,-10.86391477,103.4035766,HG
-54.41517109,124.4976039,-70.08243283,66.28736869,-12.24749196,103.3924616,HG
-76.13765615,123.6511049,-47.51344875,60.78878197,-13.66309482,103.3813478,HG
-79.64001862,122.9249734,-43.28495478,59.28258783,-13.91214167,103.3793897,HG
-79.64001862,122.9249734,-43.28495478,59.28258783,-13.91214167,103.3793897,HG
-97.47948936,115.9395916,-18.4601022,51.28498701,-15.3169981,103.3682773,HG
-111.1245258,104.0194114,7.105114412,40.65494961,-16.65653295,103.3571661,HG
-120.0351337,87.70005884,32.33507489,28.74050671,-17.89523684,103.3460562,HG
-123.8287539,67.66796727,56.16078663,16.17656185,-18.99323782,103.3349474,HG
-122.3332461,44.71431441,77.61893174,4.166648214,-19.92286241,103.3238399,HG
-121.4810041,40.33081657,81.15018757,-3.11E-09,-20.05954396,103.3218122,HG
-121.4810041,40.33081657,81.15018757,-4.21E-09,-20.05954396,103.3218122,HG
-113.767096,15.38229664,98.38479935,-13.62890671,-20.69207861,103.3107061,HG
-101.248083,-10.21231536,111.4603984,-26.39114303,-21.09583299,103.2996012,HG
-84.39496825,-35.31652627,119.7114945,-37.65552821,-21.22452767,103.2884974,HG
-63.93388325,-58.86427272,122.798156,-47.73232004,-21.06840195,103.2773949,HG
-40.85572704,-79.75775256,120.6134796,-55.34723054,-20.62560353,103.2663389,HG
-40.85572704,-79.75775256,120.6134796,-55.34723054,-20.62560353,103.2663389,HG
-15.93947878,-97.29028964,113.2297684,-59.56378062,-19.89617219,103.2552387,HG
9.65644474,-110.6264406,100.9699959,-62.07248904,-18.89568151,103.2441397,HG
34.8926784,-119.2092506,84.31657221,-62.50551741,-17.6397772,103.2330419,HG
58.47427272,-122.5351717,64.060899,-58.64388953,-16.14811993,103.2219453,HG
78.81326085,-120.8118594,41.99859857,-53.25225985,-14.54149034,103.2113074,HG
78.81326085,-120.8118594,41.99859857,-53.25225985,-14.54149034,103.2113074,HG
96.70244033,-113.907562,17.20512162,-45.08429559,-12.71495484,103.2002131,HG
110.4453632,-102.0842373,-8.361125912,-35.26905361,-10.77812659,103.18912,HG
119.4656775,-85.8642797,-33.6013978,-24.18113576,-8.781110657,103.178028,HG
123.3414697,-65.86247783,-57.47899184,-10.82635699,-6.757724063,103.1669372,HG
122.5307448,-46.96247353,-75.56827127,9.98E-10,-5.098540822,103.1576845,HG
122.5307448,-46.96247353,-75.56827127,1.66E-09,-5.098540822,103.1576845,HG
116.7565879,-22.4780015,-94.27858636,12.8056696,-3.181456098,103.1465958,HG
105.9680764,3.013103949,-108.9811804,25.07716369,-1.385121183,103.1355083,HG
90.63808843,28.48574186,-119.1238303,35.93294922,0.259270356,103.1244221,HG
71.3577903,52.72701085,-124.0848012,45.95412164,1.695483176,103.1133369,HG
52.90785077,71.33361729,-124.2414681,52.27768841,2.720891971,103.1040581,HG
52.90785076,71.33361729,-124.2414681,52.27768841,2.720891971,103.1040581,HG
28.78474154,90.81217382,-119.5969154,58.88191799,3.725404091,103.0929752,HG
3.407967165,106.4463164,-109.8542836,61.28715569,4.465826175,103.0818934,HG
-22.14666939,117.6138559,-95.46718651,62.27318003,4.940242053,103.0708128,HG
-46.74775424,123.7224248,-76.97467056,58.52702474,5.134444633,103.0597335,HG
-67.94928429,124.7305034,-56.78121909,54.22159211,5.085466938,103.0493725,HG
-67.94928429,124.7305034,-56.78121909,54.22159211,5.085466938,103.0493725,HG
-87.81999548,120.6925445,-32.87254901,46.70012323,4.794178742,103.0382954,HG
-103.9463147,111.5358729,-7.589558227,37.09334812,4.278767564,103.0272195,HG
-115.6405936,97.66141805,17.97917551,25.84558468,3.569629714,103.0161448,HG
-122.4143226,79.65862262,42.75569995,13.74712362,2.699891242,103.0050713,HG
-123.9834749,58.2414633,65.74201163,2.347838415,1.69828294,102.993999,HG
-123.857168,56.22571844,67.63144957,-1.93E-09,1.607513815,102.993019,HG
-123.857168,56.22571844,67.63144957,-3.25E-09,1.607513815,102.993019,HG
-119.5564444,32.26125006,87.29519431,-14.32871866,0.532566868,102.981948,HG
-113.1876378,13.71842494,99.46921285,-24.29988689,-0.289142962,102.9738142,HG
-100.5355327,-11.55111163,112.0866443,-36.36275943,-1.393777824,102.962893,HG
-83.73196919,-36.27207263,120.0040418,-46.80223602,-2.464603831,102.9519729,HG
-63.42201141,-59.4966455,122.9186569,-55.31126175,-3.480754723,102.9410541,HG
-57.59916842,-65.20858308,122.8077515,-57.7411106,-3.728595509,102.9381743,HG
-57.59916842,-65.20858308,122.8077515,-57.7411106,-3.728595509,102.9381743,HG
-34.12667396,-85.02446194,119.1511359,-63.85223413,-4.608289553,102.9272569,HG
-9.255311778,-101.2741889,110.5295007,-67.23536189,-5.364649315,102.9163407,HG
15.99659702,-113.2574794,97.26088243,-67.83997354,-5.977122462,102.9054256,HG
40.5735741,-120.4688819,79.8953078,-65.72583511,-6.433928358,102.8945117,HG
63.4391813,-122.6144028,59.17522152,-61.09920091,-6.731035746,102.883599,HG
68.31885461,-122.3681432,54.0492886,-59.6038263,-6.775350094,102.8811063,HG
68.31885461,-122.3681432,54.0492886,-59.6038263,-6.775350094,102.8811063,HG
87.8099527,-118.1895724,30.37961973,-53.76536072,-6.883160684,102.870195,HG
103.6339231,-109.05602,5.42209687,-41.81217953,-6.849417978,102.8592848,HG
115.1215177,-95.32045207,-19.80106563,-30.06386314,-6.688935495,102.8483758,HG
121.8082946,-77.57139337,-44.23690126,-17.08327346,-6.427194184,102.837468,HG
123.4013924,-56.54440885,-66.85698356,-3.630412628,-6.090113306,102.8265613,HG
123.0333062,-51.68223302,-71.3510732,1.07E-10,-6.007380155,102.8242259,HG
123.0333062,-51.68223302,-71.3510732,9.45E-10,-6.007380155,102.8242259,HG
118.4262935,-27.84983139,-90.57646212,13.86826939,-5.626242996,102.8133206,HG
108.8297901,-2.820386867,-106.0094032,26.90930935,-5.23796534,102.8024165,HG
94.70144979,22.37134637,-117.0727962,39.33593228,-4.881967578,102.7915135,HG
76.61461551,46.69328559,-123.3079011,50.07690752,-4.590512056,102.7806117,HG
55.29608444,69.10124928,-124.3973337,58.7670136,-4.393876944,102.769711,HG
48.98850233,74.80860491,-123.7971072,60.78873623,-4.360772524,102.7667079,HG
48.98850233,74.80860491,-123.7971072,60.78873623,-4.360772524,102.7667079,HG
24.91757992,93.45464151,-118.3722214,66.8375604,-4.327486319,102.7558087,HG
-0.20366407,108.2592371,-108.055573,69.73615796,-4.446757805,102.7449106,HG
-25.31146648,118.5863683,-93.27490181,70.40865815,-4.73463473,102.7340137,HG
-49.40297929,124.0283818,-74.62540248,67.62613259,-5.20220747,102.723118,HG
-71.42741518,124.3458116,-52.91839639,62.46692716,-5.8504029,102.7122234,HG
-76.50033354,123.6059484,-47.10561488,60.82059258,-6.041151562,102.7094997,HG
-76.50033354,123.6059484,-47.10561488,60.82059258,-6.041151562,102.7094997,HG
-94.70606054,117.5389856,-22.83292509,52.68067619,-6.909631382,102.6986066,HG
-108.9532974,106.612399,2.34089844,42.30859548,-7.937885225,102.6877146,HG
-118.6791134,91.29402887,27.38508449,30.49201589,-9.1069411,102.6768239,HG
-123.4789713,72.21425423,51.26471711,18.00780916,-10.3912731,102.6659342,HG
-123.1040841,50.15015847,72.95392558,3.601811539,-11.75687117,102.6550458,HG
-122.1092448,43.72365631,78.38558847,3.82E-10,-12.13845979,102.6520643,HG
-122.1092448,43.72365631,78.38558847,-3.24E-10,-12.13845979,102.6520643,HG
-115.2676492,19.25291088,96.0147383,-13.77142127,-13.55214579,102.6411774,HG
-103.6403512,-5.968964238,109.6093154,-26.44424684,-14.95847804,102.6302916,HG
-87.70068304,-30.91801419,118.6186972,-37.58022572,-16.31997128,102.6194069,HG
-68.07860337,-54.51661679,122.5952202,-48.29226604,-17.58350345,102.6085235,HG
-45.68344261,-75.7568695,121.4403121,-56.78223894,-18.7063804,102.5976412,HG
-40.98230077,-79.62310783,120.6054086,-57.97389626,-18.91233061,102.5954861,HG
-40.98230077,-79.62310783,120.6054086,-57.97389626,-18.91233061,102.5954861,HG
-16.4090639,-96.97623899,113.3853029,-62.99464879,-19.83400838,102.5846052,HG
8.827744632,-110.2245168,101.3967721,-65.42278722,-20.53786545,102.5737255,HG
33.69308608,-118.8405748,85.14748874,-65.11364832,-21.00123688,102.5628469,HG
57.15155893,-122.4505339,65.29897496,-62.03930194,-21.19913552,102.5519695,HG
78.2057504,-120.9041599,42.69840947,-56.61450405,-21.11561213,102.5410932,HG
80.84210413,-120.2885779,39.44647379,-55.62536707,-21.08046507,102.5396069,HG
80.84210413,-120.2885779,39.44647379,-55.62536707,-21.08046507,102.5396069,HG
98.13171351,-112.98284,14.8511265,-47.39994553,-20.67378831,102.5287319,HG
111.3260631,-100.9301095,-10.39595367,-37.97964291,-19.98519264,102.5178581,HG
119.8678954,-84.64353681,-35.22435859,-27.34867754,-19.02492675,102.5069854,HG
123.3774749,-64.71004413,-58.66743074,-13.40460681,-17.79701554,102.4961139,HG
121.752204,-42.07142146,-79.68078254,-0.555716492,-16.34785238,102.4852435,HG
121.5787376,-41.1244688,-80.45426879,2.20E-10,-16.28530265,102.4848106,HG
121.5787376,-41.12446879,-80.4542688,9.49E-10,-16.28530265,102.4848106,HG
114.6750089,-16.62865771,-98.0463512,12.99037705,-14.63407448,102.4739414,HG
102.981046,8.604325131,-111.5853712,25.16432921,-12.8277909,102.4630734,HG
86.98713239,33.53195059,-120.519083,36.13750693,-10.91004596,102.4522064,HG
67.35461912,57.12818867,-124.4828078,45.43910689,-8.926511891,102.4413406,HG
46.69089044,76.81304986,-123.5039403,52.60230557,-7.078904259,102.4312958,HG
46.69089043,76.81304986,-123.5039403,52.60230557,-7.078904259,102.4312958,HG
22.44233774,95.16312569,-117.6054634,57.63910408,-5.102002604,102.4204322,HG
-2.724884145,109.5437779,-106.8188937,60.14430092,-3.20511564,102.4095698,HG
-27.80007716,119.4254027,-91.62532554,60.02977889,-1.426964199,102.3987084,HG
-51.74181022,124.3915635,-72.64975325,57.52976953,0.191971761,102.3878482,HG
-73.59782822,124.2365088,-50.6386806,53.78637106,1.62245045,102.3769891,HG
-74.02145203,124.1759484,-50.15449636,53.39082001,1.649548489,102.3767622,HG
-74.02145203,124.1759484,-50.15449636,53.39082001,1.649548489,102.3767622,HG
-77.46848308,123.5105971,-46.04211403,49.35093811,1.863400304,102.3748372,HG
-80.96880057,122.7876226,-41.81882203,50.62586275,2.090310256,102.3729122,HG
-84.31139772,121.8628518,-37.55145405,47.68356691,2.303205737,102.3709872,HG
-88.3317706,120.5114515,-32.17968091,46.67168314,2.559484776,102.3685924,HG
-94.07227554,117.9908593,-23.91858378,43.57419272,2.924348128,102.3649647,HG
-103.002067,112.3158514,-9.313784363,38.09102165,3.491740814,102.3586506,HG
-115.10171,98.61971622,16.48199379,27.0390872,4.273301338,102.3475563,HG
-122.2179304,80.68643555,41.53149481,14.99295097,4.77686229,102.3364633,HG
-124.0459555,59.26353737,64.78241811,3.346102863,5.002550093,102.3253715,HG
-123.8378479,55.7125573,68.12529055,1.15E-09,5.011754785,102.3236594,HG
-123.8378479,55.7125573,68.12529055,9.79E-11,5.011754785,102.3236594,HG
-119.394364,31.48634707,87.90801691,-13.61438153,4.917464401,102.312569,HG
-109.8222667,5.93821997,103.8840468,-26.38681019,4.578386172,102.3014797,HG
-95.47809645,-19.81932201,115.2974185,-37.97245438,4.012505217,102.2903917,HG
-76.99140904,-44.65129044,121.6426995,-48.66854259,3.252327833,102.2793049,HG
-57.66039867,-65.17856298,122.8389617,-55.81867696,2.440021504,102.2694191,HG
-57.66039867,-65.17856298,122.8389617,-55.81867696,2.440021504,102.2694191,HG
-33.67482915,-85.39923244,119.0740616,-61.59531315,1.419091637,102.2583345,HG
-8.224611605,-101.8759173,110.1005289,-65.06018786,0.317930413,102.2472512,HG
17.57865949,-113.8826965,96.30403704,-65.60243454,-0.819166994,102.2361691,HG
42.60116062,-120.847601,78.24644035,-62.90046403,-1.948851464,102.2250882,HG
65.72147937,-122.5128263,56.79134691,-57.88094726,-3.024072838,102.2140085,HG
66.04790569,-122.4963994,56.44849375,-57.7860087,-3.039663761,102.213843,HG
66.04790569,-122.4963994,56.44849375,-57.7860087,-3.039663761,102.213843,HG
86.26857148,-118.7164221,32.44785067,-50.95979271,-4.033146661,102.2027645,HG
102.731113,-109.7317285,7.000615559,-40.32138006,-4.91197898,102.1916873,HG
114.7025327,-95.91469373,-18.78783899,-28.55389308,-5.649457595,102.1806113,HG
121.6757854,-77.87905741,-43.79672794,-15.5501532,-6.22988401,102.1695364,HG
123.3351039,-56.41138949,-66.92371439,-2.038215781,-6.640786387,102.1584628,HG
123.1669027,-53.56659473,-69.60030802,-5.49E-11,-6.680193755,102.1570975,HG
123.1669027,-53.56659473,-69.60030802,7.80E-10,-6.680193755,102.1570975,HG
118.7848718,-29.3296741,-89.45519766,14.21245584,-6.90308354,102.1460253,HG
109.2322113,-3.794356018,-105.4378553,27.5614069,-6.96267973,102.1349542,HG
94.91470158,21.96380587,-116.8785075,39.84008961,-6.875834301,102.1238843,HG
76.45211725,46.83752199,-123.2896392,50.40399,-6.664986729,102.1128157,HG
54.61826666,69.69227588,-124.3105425,59.73203814,-6.347541854,102.1017482,HG
52.69686841,71.46015242,-124.1570208,60.21168771,-6.318247755,102.1008332,HG
52.6968684,71.46015242,-124.1570208,60.21168772,-6.318247755,102.1008332,HG
28.36894503,91.03641677,-119.4053618,65.28478234,-5.934687849,102.089767,HG
2.774471738,106.7258217,-109.5002935,69.06987244,-5.523313606,102.078702,HG
-22.93783022,117.8058,-94.86796977,69.52239932,-5.120237548,102.0676382,HG
-47.76253865,123.8939572,-76.13141859,67.86098244,-4.764681023,102.0565756,HG
-70.36245471,124.4870524,-54.12459768,61.89799421,-4.488363278,102.0455142,HG
-73.44454821,124.1310297,-50.68648151,60.87215279,-4.457110494,102.0438976,HG
-73.44454822,124.1310297,-50.68648151,60.87215279,-4.457110494,102.0438976,HG
-92.55733183,118.6606572,-26.1033254,52.50297185,-4.317859427,102.0328376,HG
-107.6472436,108.0834444,-0.436200857,42.04646502,-4.327116027,102.0217788,HG
-118.0732361,92.85594108,25.21729501,29.86563494,-4.506774752,102.0107212,HG
-123.3898986,73.63852456,49.75137403,16.81330349,-4.872313151,101.9996647,HG
-123.3029642,51.23343608,72.06952809,2.186919586,-5.43373325,101.9886095,HG
-122.8073468,47.51806128,75.28928553,-5.09E-10,-5.538555881,101.986882,HG
-122.8073468,47.51806128,75.28928553,-1.23E-09,-5.538555881,101.986882,HG
-116.5804281,22.72918974,93.85123832,-14.13968311,-6.320811022,101.9758281,HG
-105.2960455,-3.010004003,108.3060495,-27.56532557,-7.286749333,101.9647755,HG
-89.44460113,-28.584881,118.0294821,-39.48670624,-8.419136485,101.9537241,HG
-69.66777417,-52.85198451,122.5197587,-50.17803416,-9.692727069,101.9426739,HG
-46.93553664,-74.72654136,121.662078,-58.72497241,-11.06554168,101.9316249,HG
-43.64102426,-77.48550669,121.126531,-59.71272338,-11.26040641,101.9301144,HG
-43.64102426,-77.4855067,121.126531,-59.71272338,-11.26040641,101.9301144,HG
-18.65912384,-95.59431702,114.2534409,-65.2964519,-12.7154697,101.9190668,HG
7.112568209,-109.4682736,102.3557054,-67.97502083,-14.18778287,101.9080204,HG
32.56534539,-118.5375665,85.97222113,-67.83663355,-15.63564382,101.8969752,HG
56.60322432,-122.408584,65.80535963,-64.9503678,-17.01395495,101.8859312,HG
78.13214246,-120.8663632,42.73422076,-59.02041894,-18.26536016,101.8748884,HG
80.60582104,-120.2953764,39.6895554,-58.1493512,-18.41175714,101.8735069,HG
80.60582104,-120.2953764,39.6895554,-58.1493512,-18.41175714,101.8735069,HG
98.25762131,-112.8116975,14.55407615,-49.59515332,-19.48098632,101.8624655,HG
111.6104094,-100.3716902,-11.23871919,-39.16132699,-20.33842651,101.8514253,HG
120.0993772,-83.51343557,-36.58594167,-27.20610346,-20.95329287,101.8403863,HG
123.3611241,-62.96324565,-60.39787848,-14.49861633,-21.30009675,101.8293485,HG
121.2013462,-39.62439993,-81.57694626,-0.383407429,-21.34297996,101.8183118,HG
121.0670108,-38.9554134,-82.11159742,1.36E-09,-21.34000411,101.8180101,HG
121.0670108,-38.9554134,-82.11159743,2.07E-09,-21.34000411,101.8180101,HG
113.4983259,-13.80739681,-99.69092912,13.36566798,-21.07671655,101.8069747,HG
100.9823092,11.99226512,-112.9745743,25.81245455,-20.50920465,101.7959405,HG
84.0559373,37.34156437,-121.3975017,36.73307606,-19.64628659,101.7849075,HG
63.42555325,61.10402627,-124.5295795,46.97754708,-18.49046973,101.7738757,HG
42.02252689,80.64657891,-122.6691058,53.85608301,-17.20560303,101.7637324,HG
42.02252689,80.64657891,-122.6691058,53.85608301,-17.20560303,101.7637324,HG
16.99488615,98.59221627,-115.5871024,58.87098943,-15.59684755,101.7527028,HG
-8.794813754,112.2923,-103.4974862,61.10102496,-13.79874839,101.7416745,HG
-34.21840501,121.166049,-86.94764396,60.55644746,-11.86175857,101.7306473,HG
-58.18936766,124.8369599,-66.64759224,57.29985368,-9.833949401,101.7196213,HG
-75.67796753,123.835344,-48.15737648,52.55958655,-8.16751681,101.7107415,HG
-75.67796753,123.835344,-48.15737648,52.55958655,-8.16751681,101.7107415,HG
-94.39591238,117.8099924,-23.41408006,45.04737218,-6.109233911,101.6997176,HG
-109.0302029,106.7166631,2.31353981,35.11713104,-4.108864305,101.6886949,HG
-118.9481849,91.03149978,27.91668515,23.97781407,-2.215425115,101.6776733,HG
-123.6708984,71.405024,52.26587444,10.96492613,-0.476626301,101.666653,HG
-123.5397017,52.89723716,70.64246449,-1.16E-09,0.808052638,101.6575593,HG
-123.5397017,52.89723716,70.64246449,-1.87E-09,0.808052638,101.6575593,HG
-118.5052891,28.46331778,90.04197133,-12.18068641,2.159907597,101.6465411,HG
-108.3313199,2.820717223,105.5106026,-25.11125814,3.261383919,101.6355241,HG
-93.43138512,-22.89184578,116.3232309,-37.83993213,4.086151082,101.6245083,HG
-74.49764325,-47.53435277,122.031996,-47.20133043,4.626040558,101.6134936,HG
-54.74049234,-67.88514518,122.6256375,-53.79765419,4.870089118,101.6036153,HG
-54.74049234,-67.88514518,122.6256375,-53.79765419,4.870089118,101.6036153,HG
-30.51582626,-87.68426869,118.2000949,-59.9538274,4.879003262,101.5926029,HG
-4.961175642,-103.6247747,108.5859504,-62.91264401,4.623977965,101.5815917,HG
20.79283278,-115.0113352,94.21850242,-63.20522111,4.130764412,101.5705817,HG
45.61775213,-121.3342094,75.71645726,-60.92663055,3.429141645,101.5595729,HG
66.00673767,-122.4971928,56.49045511,-56.01331849,2.659913531,101.5498176,HG
66.00673767,-122.4971928,56.49045511,-56.01331849,2.659913531,101.5498176,HG
86.23316084,-118.7277201,32.49455925,-48.52692445,1.667405876,101.5388111,HG
102.7037092,-109.7511387,7.047429547,-38.80038987,0.582102307,101.5278057,HG
114.7048933,-95.95073694,-18.75415632,-27.64625849,-0.552948206,101.5168016,HG
121.6701765,-77.91309264,-43.75708386,-14.18740531,-1.689498164,101.5057987,HG
123.3449556,-56.44501831,-66.89993734,-0.68752305,-2.788838879,101.494797,HG
123.2894473,-55.38731929,-67.902128,-7.94E-10,-2.837881728,101.494291,HG
123.2894473,-55.38731929,-67.902128,-3.05E-11,-2.837881728,101.494291,HG
119.3430048,-31.31859469,-88.02441012,13.82794681,-3.857698671,101.4832905,HG
110.1898608,-5.843484092,-104.3463768,27.09331853,-4.764937095,101.4722913,HG
96.23287704,19.93901636,-116.1718934,39.21977016,-5.535192107,101.4612932,HG
78.07346325,44.92219793,-122.9956612,49.49720879,-6.151090822,101.4502963,HG
56.47843212,67.98210966,-124.4605418,58.77545262,-6.591827782,101.4393007,HG
55.34756998,69.04662714,-124.3941971,59.08521736,-6.60890839,101.4387605,HG
55.34756997,69.04662714,-124.3941971,59.08521736,-6.60890839,101.4387605,HG
31.22968519,89.01608161,-120.2457668,64.34977352,-6.868929119,101.4277661,HG
5.717750502,105.1921108,-110.9098613,68.11212797,-6.965613807,101.4167728,HG
-20.06921737,116.8581944,-96.78897701,68.82316722,-6.910094499,101.4057808,HG
-44.9579288,123.4307134,-78.47278456,66.52619385,-6.712441511,101.39479,HG
-67.92164905,124.7169412,-56.7952921,61.27953361,-6.412711568,101.3838003,HG
-71.06175033,124.4442015,-53.38245119,60.2939452,-6.360709132,101.382188,HG
-71.06175033,124.4442015,-53.38245119,60.2939452,-6.360709132,101.382188,HG
-90.59469032,119.5830061,-28.98831582,51.6435293,-5.979178096,101.3711997,HG
-106.1757054,109.5571469,-3.381441485,41.76068821,-5.562540659,101.3602126,HG
-117.1618151,94.83232151,22.32949361,29.24364322,-5.151978452,101.3492267,HG
-123.0582075,76.01747224,47.04073531,16.01899474,-4.78369735,101.3382419,HG
-123.5951107,53.92581163,69.66929903,2.248372943,-4.495465212,101.3272584,HG
-123.2560495,50.72064015,72.53540938,1.08E-09,-4.464856459,101.3257549,HG
-123.2560495,50.72064015,72.53540938,2.53E-10,-4.464856459,101.3257549,HG
-117.7285272,26.11839266,91.61013458,-13.77362904,-4.31127222,101.3147727,HG
-107.0873195,0.448400435,106.6389191,-27.79604213,-4.306871002,101.3037917,HG
-91.80570135,-25.19725426,117.0029556,-40.24097826,-4.474999884,101.2928119,HG
-72.54294748,-49.70971005,122.2526575,-50.90993528,-4.832266196,101.2818333,HG
-50.10742978,-71.99278009,122.1002099,-59.44039178,-5.389258015,101.2708558,HG
-46.7947392,-74.86072648,121.6554657,-60.48632459,-5.482258774,101.2693272,HG
-46.7947392,-74.86072648,121.6554657,-60.48632459,-5.482258774,101.2693272,HG
-22.00526857,-93.4733829,115.4786515,-66.87629166,-6.262657664,101.2583511,HG
3.738662043,-107.9142533,104.1755912,-69.83709763,-7.233263885,101.2473763,HG
29.29031122,-117.6256855,88.3353743,-68.99519061,-8.372312782,101.2364026,HG
53.56469123,-122.1836364,68.61894513,-66.00833336,-9.656627793,101.2254302,HG
75.48461642,-121.3261579,45.84154149,-62.50170111,-11.05482071,101.2144589,HG
78.98422251,-120.6491626,41.66494011,-60.47570866,-11.30520458,101.2125541,HG
78.98422251,-120.6491626,41.66494011,-60.47570865,-11.30520458,101.2125541,HG
96.9468422,-113.6154487,16.66860654,-51.14746735,-12.77878536,101.2015842,HG
110.6778408,-101.5615545,-9.116286304,-40.70147115,-14.27588458,101.1906156,HG
119.5849381,-85.0452335,-34.53970462,-28.60111693,-15.74646768,101.1796481,HG
123.2853889,-64.76378986,-58.52159908,-16.03884069,-17.14666968,101.1686819,HG
121.5694936,-41.62398854,-79.94550504,-1.133018154,-18.41265958,101.1577169,HG
121.2011124,-39.67972969,-81.52138274,3.06E-09,-18.50754379,101.1568417,HG
121.2011124,-39.67972969,-81.52138274,3.79E-09,-18.50754379,101.1568417,HG
113.7858759,-14.56681896,-99.21905693,13.56875636,-19.59491438,101.1458779,HG
101.4120263,11.22593,-112.6379562,26.25595811,-20.46843482,101.1349154,HG
84.59639524,36.5805741,-121.1769693,38.23634044,-21.08878184,101.1239541,HG
64.09085114,60.41455067,-124.5054018,47.94365455,-21.43712284,101.1129939,HG
40.7854009,81.65081271,-122.4362136,55.94526588,-21.48112354,101.1020349,HG
40.29638619,82.04245806,-122.3388442,56.05742579,-21.47852783,101.1018153,HG
40.29638619,82.04245806,-122.3388442,56.05742579,-21.47852783,101.1018153,HG
15.18449789,99.70284269,-114.8873406,61.32693999,-21.20766696,101.0908576,HG
-10.6233117,113.0754718,-102.4521601,63.21367265,-20.62080789,101.079901,HG
-35.97322007,121.5801031,-85.60688304,62.64975269,-19.73078324,101.0689456,HG
-59.77659048,124.8500596,-65.07346915,59.31456796,-18.55425735,101.0579914,HG
-80.20495604,122.9124933,-42.70753727,53.90167834,-17.17612472,101.0474699,HG
-80.20495604,122.9124933,-42.70753727,53.90167834,-17.17612472,101.0474699,HG
-98.07348779,115.7113298,-17.63784206,45.38530658,-15.51955067,101.036518,HG
-111.6789098,103.5263511,8.152558699,35.23843788,-13.6777678,101.0255672,HG
-120.4469507,86.8890711,33.55787962,23.49063608,-11.69806375,101.0146176,HG
-123.979336,66.52332386,57.45601212,11.02713696,-9.63213888,101.0036692,HG
-122.9891661,48.48456118,74.50460487,2.10E-10,-7.982307955,100.9950803,HG
-122.9891661,48.48456118,74.50460487,-4.59E-10,-7.982307954,100.9950803,HG
-116.9626267,23.74546494,93.21716174,-12.67691825,-5.89720298,100.984134,HG
-105.8703071,-1.983097097,107.8534042,-25.32254882,-3.876541163,100.9731889,HG
-90.18692713,-27.58417106,117.7710982,-36.50319875,-1.971700617,100.9622449,HG
-70.56180724,-51.93616874,122.497976,-46.2112238,-0.230171986,100.951302,HG
-52.07241049,-70.29432856,122.3667391,-52.69997982,1.048293004,100.9422821,HG
-52.07241049,-70.29432856,122.3667391,-52.69997982,1.048293004,100.9422821,HG
-27.63923235,-89.69895365,117.338186,-58.41207476,2.385908139,100.9313414,HG
-2.008070981,-105.1517261,107.1597971,-61.19785376,3.461449207,100.9204019,HG
23.69729761,-115.9855702,92.28827256,-61.33199372,4.256541149,100.9094636,HG
48.37553244,-121.7394974,73.36396497,-58.88633942,4.763238144,100.8985264,HG
67.15245227,-122.4283535,55.27590121,-54.04479487,4.957671995,100.8895103,HG
67.15245228,-122.4283535,55.27590121,-54.04479487,4.957671995,100.8895103,HG
87.20263854,-118.3813153,31.17867677,-46.93145852,4.938778073,100.8785753,HG
103.4565472,-109.1435415,5.686994325,-37.25099323,4.655426012,100.8676415,HG
115.2081277,-95.1097143,-20.09841345,-26.33003267,4.131937938,100.8567089,HG
121.9605782,-76.85721949,-45.10335867,-15.3863899,3.39598073,100.8457775,HG
123.3723373,-56.55146343,-66.82087391,6.25E-11,2.551121092,100.8354688,HG
123.3723373,-56.55146343,-66.82087391,4.23E-10,2.551121092,100.8354688,HG
119.68935,-32.58665636,-87.10269366,13.05576711,1.527396162,100.8245397,HG
110.7991117,-7.156404993,-103.6427067,26.22644457,0.419112317,100.8136118,HG
97.07537034,18.64987757,-115.7252479,37.83056712,-0.73048133,100.8026851,HG
79.08512947,43.69375087,-122.7788803,48.81830976,-1.874716628,100.7917595,HG
57.67912616,66.85479162,-124.5339178,57.66926917,-2.964654778,100.7808352,HG
57.12266668,67.38594928,-124.508616,57.8141157,-2.990298703,100.78057,HG
57.12266668,67.38594928,-124.508616,57.8141157,-2.990298703,100.78057,HG
33.13623749,87.63800691,-120.7742444,63.64338068,-3.99604503,100.7696469,HG
7.694620777,104.1202076,-111.8148284,67.06660971,-4.880838135,100.758725,HG
-18.09611284,116.1292879,-98.0331751,67.54989235,-5.6208412,100.7478042,HG
-43.12790417,123.1490175,-80.02111329,65.14224975,-6.199747941,100.7368847,HG
-66.27899237,124.8250277,-58.54603532,59.74227519,-6.59995944,100.7259664,HG
-68.67951481,124.680146,-56.00063119,59.08273011,-6.633305265,100.7247585,HG
-68.67951481,124.680146,-56.00063119,59.08273011,-6.633305265,100.7247585,HG
-88.58180547,120.4084211,-31.82661559,51.4420399,-6.841389934,100.7138415,HG
-104.653079,110.9558628,-6.302783776,41.07868789,-6.884912571,100.7029257,HG
-116.1741352,96.7271667,19.44696848,29.4025936,-6.777170762,100.692011,HG
-122.6617279,78.32875627,44.33297159,15.69135205,-6.543602576,100.6810975,HG
-123.8231453,56.58369692,67.2394484,1.707393692,-6.212992418,100.6701852,HG
-123.6023343,53.89299138,69.70934287,-2.27E-09,-6.169261558,100.6689251,HG
-123.6023343,53.89299138,69.70934288,-3.03E-09,-6.169261558,100.6689251,HG
-118.7825128,29.51777498,89.26473787,-14.09645598,-5.772179855,100.6580141,HG
-108.8048447,3.921933278,104.8829114,-27.7547387,-5.354338508,100.6471043,HG
-94.11102602,-21.79692097,115.907947,-40.21881383,-4.956184291,100.6361957,HG
-75.33629056,-46.53113988,121.8674304,-51.01697973,-4.616820535,100.6252882,HG
-53.2647674,-69.17288677,122.4376542,-59.87334784,-4.371786535,100.614382,HG
-49.88515194,-72.19484774,122.0799997,-60.86724084,-4.346759779,100.612814,HG
-49.88515194,-72.19484774,122.0799997,-60.86724084,-4.346759779,100.612814,HG
-25.30176551,-91.25426097,116.5560265,-66.57019831,-4.254291754,100.6019091,HG
0.377236501,-106.3051125,105.927876,-69.78704593,-4.323792636,100.5910054,HG
26.04120849,-116.6972457,90.65603718,-70.3431584,-4.576542407,100.5801028,HG
50.54681006,-121.9010676,71.3542575,-67.17565585,-5.028355907,100.5692015,HG
72.80257443,-121.7699863,48.96741183,-61.34103255,-5.679859356,100.5583013,HG
75.99682258,-121.2641844,45.26736179,-60.50403517,-5.799412322,100.5566106,HG
75.99682258,-121.2641844,45.26736179,-60.50403517,-5.799412322,100.5566106,HG
94.5471341,-114.9983101,20.45117599,-52.45369508,-6.680699369,100.5457118,HG
108.9460872,-103.659278,-5.286809242,-41.69230432,-7.745161697,100.5348141,HG
118.6001777,-87.76495418,-30.8352235,-29.53128141,-8.970927134,100.5239177,HG
123.0914708,-67.99728969,-55.09418108,-16.6799195,-10.32935304,100.5130225,HG
122.1696749,-45.18984951,-76.97982537,-1.927796607,-11.78288995,100.5021285,HG
121.6025299,-41.75204545,-79.85048443,7.30E-10,-11.99450523,100.5005731,HG
121.6025299,-41.75204545,-79.85048443,1.43E-09,-11.99450523,100.5005731,HG
114.6356813,-16.76501649,-97.87066479,13.88896847,-13.49840517,100.4896804,HG
102.6669373,9.018396436,-111.6853338,26.98530383,-15.00304436,100.4787889,HG
86.21603737,34.47811398,-120.6941514,38.39419353,-16.45970139,100.4678986,HG
65.95916984,58.47382952,-124.4329994,49.12687318,-17.80911305,100.4570096,HG
42.87460044,79.93612619,-122.8107266,57.32169611,-19.00133,100.4461217,HG
41.0535472,81.41871965,-122.4722669,57.70648463,-19.08393196,100.445307,HG
41.0535472,81.41871965,-122.4722669,57.70648463,-19.08393196,100.445307,HG
15.96992009,99.21414852,-115.1840686,62.88173487,-20.07589377,100.4344204,HG
-9.819735645,112.7238679,-102.9041322,65.37423828,-20.82499188,100.423535,HG
-35.20005097,121.3884814,-86.18843044,64.97983136,-21.30486946,100.4126508,HG
-59.05273569,124.8118652,-65.75912953,62.03459725,-21.48539982,100.4017677,HG
-80.36785786,122.8596987,-42.49184087,55.89773451,-21.35557695,100.3908858,HG
-81.23458991,122.6487597,-41.4141698,55.59895179,-21.34223719,100.3904056,HG
-81.23458991,122.6487597,-41.4141698,55.59895179,-21.34223719,100.3904056,HG
-98.88621894,115.1685366,-16.28231763,47.60931288,-20.87768301,100.3795249,HG
-112.2468442,102.7328095,9.514034681,36.91707549,-20.0984245,100.3686454,HG
-120.7418385,85.87714495,34.86469353,25.04818525,-19.01844789,100.3577671,HG
-123.9888648,65.33839535,58.65046941,12.49897271,-17.65965828,100.34689,HG
-122.4043015,44.92971561,77.47458587,-2.40E-10,-16.26085944,100.337333,HG
-122.4043015,44.92971561,77.47458587,-8.99E-10,-16.26085944,100.337333,HG
-115.6064307,19.98149654,95.62493416,-12.68874491,-14.47375146,100.326458,HG
-103.8019591,-5.797002505,109.5989616,-25.3831897,-12.52413681,100.3155843,HG
-87.49333488,-31.28395431,118.7772892,-36.5142914,-10.46183326,100.3047116,HG
-67.3600084,-55.35233426,122.7123427,-46.17339241,-8.336516202,100.2938402,HG
-47.85613824,-73.97337883,121.8295171,-52.59367058,-6.525306454,100.2845588,HG
-47.85613823,-73.97337883,121.8295171,-52.59367058,-6.525306454,100.2845588,HG
-23.13380857,-92.73457784,115.8683864,-58.0864322,-4.448561594,100.2736895,HG
2.590993523,-107.4096498,104.8186563,-60.5702014,-2.471489597,100.2628213,HG
28.19130523,-117.367458,89.17615273,-60.39245603,-0.64601783,100.2519543,HG
52.56982304,-122.1840055,69.61418248,-57.64101142,0.98520277,100.2410885,HG
69.98030062,-122.18524,52.20493935,-52.91544242,2.091079506,100.2326334,HG
69.98030062,-122.18524,52.20493935,-52.91544242,2.091079506,100.2326334,HG
89.57730924,-117.4422372,27.86492798,-45.68882613,3.281035957,100.2217697,HG
105.272958,-107.5466321,2.273674147,-35.77720869,4.1908792,100.2109071,HG
116.3852196,-92.92718374,-23.45803589,-24.59934984,4.807585222,100.2000456,HG
122.4611603,-74.20793766,-48.2532226,-13.17031003,5.131162306,100.1891853,HG
123.3710495,-56.25812747,-67.11292203,1.64E-09,5.167888552,100.1802371,HG
123.3710495,-56.25812747,-67.11292204,2.58E-09,5.167888552,100.1802371,HG
119.6156293,-32.2717768,-87.34385254,12.52643848,4.965495561,100.1693789,HG
110.6694299,-6.830182449,-103.8392475,25.62421409,4.511100783,100.158522,HG
96.87986227,18.9749186,-115.8547809,37.03364957,3.83038658,100.1476662,HG
78.83725113,44.01542953,-122.8526807,47.37044991,2.959687889,100.1368117,HG
58.38865389,66.13674889,-124.5254028,56.545624,1.996047573,100.1264459,HG
58.38865389,66.1367489,-124.5254028,56.545624,1.996047573,100.1264459,HG
34.57226459,86.59305958,-121.1653242,62.34194585,0.898725251,100.1155936,HG
9.172574846,103.310548,-112.4831229,65.27447449,-0.261275857,100.1047426,HG
-16.62617519,115.591797,-98.96562186,66.14123409,-1.426138578,100.0938927,HG
-41.70683912,122.8848603,-81.1780212,64.10210901,-2.552178683,100.083044,HG
-65.00752475,124.8930668,-59.88554204,58.77147665,-3.603814528,100.0721965,HG
-67.12178091,124.7990534,-57.67727249,58.19364114,-3.699841754,100.0711503,HG
-67.12178091,124.7990534,-57.67727249,58.19364114,-3.699841754,100.0711503,HG
-87.28062567,120.9073795,-33.62675388,50.29895918,-4.624407538,100.0603041,HG
-103.646461,111.8091926,-8.162731657,40.30442241,-5.402915789,100.0494591,HG
-115.5226913,97.90141955,17.62127176,28.51835256,-6.018254477,100.0386152,HG
-122.3751194,79.78555538,42.58956402,15.75874102,-6.455845413,100.0277726,HG
-123.93336,58.23310971,65.70025025,1.033220784,-6.719697077,100.0169311,HG
-123.8218048,56.40576408,67.41604071,7.51E-10,-6.732229124,100.0160717,HG
-123.8218048,56.40576408,67.41604071,7.74E-11,-6.732229124,100.0160717,HG
-119.5624886,32.23839097,87.32409764,-13.99213184,-6.805951997,100.0052315,HG
-110.1211341,6.713572908,103.4075612,-27.2060732,-6.725591736,99.99439246,HG
-95.9168743,-19.06015064,114.9770249,-39.54537196,-6.515059513,99.98355459,HG
-77.54565537,-43.89146114,121.4371165,-50.50510828,-6.193135215,99.9727179,HG
-55.78127845,-66.86585714,122.6471356,-59.24204559,-5.808960878,99.96188238,HG
-52.66420597,-69.7256073,122.3898133,-60.25264986,-5.753380978,99.96043081,HG
-52.66420597,-69.7256073,122.3898133,-60.25264986,-5.753380978,99.96043081,HG
-28.26885507,-89.21024835,117.4791034,-66.43031289,-5.334350894,99.94959661,HG
-2.665001583,-104.7692492,107.4342508,-69.47235254,-4.931496571,99.93876359,HG
23.05315577,-115.7346016,92.68144582,-69.81354671,-4.584098281,99.92793173,HG
47.83711586,-121.6709739,73.83385804,-68.39309887,-4.329966378,99.91710105,HG
70.34715088,-122.0943101,51.74715921,-61.96161676,-4.204157281,99.90627154,HG
73.39602603,-121.7192762,48.32325016,-60.93377881,-4.198565786,99.90469955,HG
73.39602603,-121.7192762,48.32325016,-60.93377881,-4.198565786,99.90469955,HG
92.40752233,-116.1034491,23.69592674,-52.64615145,-4.257687123,99.89387139,HG
107.3780074,-105.3914388,-1.986568639,-42.077666,-4.501646518,99.8830444,HG
117.6683588,-90.04394608,-27.62441269,-29.90607836,-4.944805234,99.87221858,HG
122.8382191,-70.72567925,-52.11253986,-16.92383322,-5.593252725,99.86139395,HG
122.6042129,-48.24889612,-74.35531679,-2.259205313,-6.445805832,99.85057049,HG
122.0589933,-44.35593768,-77.70305562,1.07E-10,-6.602703296,99.84880332,HG
122.0589933,-44.35593768,-77.70305562,8.21E-10,-6.602703296,99.84880332,HG
115.6726164,-19.50150449,-96.17111196,14.41602791,-7.672000977,99.83798124,HG
104.202731,6.249203896,-110.4519349,27.35902362,-8.904643495,99.82716034,HG
88.1748379,31.78598055,-119.9608185,39.4530673,-10.27164159,99.81634063,HG
68.32970251,55.96603879,-124.2957413,50.07845629,-11.72925244,99.80552211,HG
45.49026115,77.78551703,-123.2757782,58.84407038,-13.24125587,99.79470477,HG
42.77777566,80.03301079,-122.8107864,59.36546299,-13.41081261,99.7934892,HG
42.77777566,80.03301079,-122.8107864,59.36546299,-13.41081261,99.7934892,HG
17.778569,98.09858699,-115.877156,64.51159704,-14.9248506,99.78267318,HG
-7.995668235,111.9284083,-103.9327401,67.18223083,-16.38229774,99.77185835,HG
-33.4402225,120.947344,-87.50712154,66.93926362,-17.73701394,99.7610447,HG
-57.43087264,124.7423982,-67.31152554,64.19757894,-18.93486316,99.75023224,HG
-78.95795196,123.168397,-44.21044499,58.05397607,-19.93760233,99.73942096,HG
-81.21935998,122.6414337,-41.42207373,57.30964737,-20.03707843,99.73818274,HG
-81.21935998,122.6414337,-41.42207373,57.30964736,-20.03707843,99.73818274,HG
-98.87540386,115.1619373,-16.28653343,48.69904556,-20.76851716,99.72737278,HG
-112.2307304,102.7240654,9.506664996,38.29600707,-21.21910465,99.71656399,HG
-120.7225059,85.86844796,34.85405793,26.35545243,-21.36792133,99.70575638,HG
-123.963265,65.3265418,58.63672321,13.7153039,-21.19474218,99.69494994,HG
-121.9548249,42.61709394,79.33773095,-1.89E-09,-20.716689,99.68442672,HG
-121.9548249,42.61709393,79.33773096,-2.50E-09,-20.716689,99.68442672,HG
-114.6656399,17.53737768,97.1282622,-13.2869565,-19.90842196,99.67362258,HG
-102.4040973,-8.25797519,110.6620724,-25.76236317,-18.79639686,99.66281961,HG
-85.69858553,-33.65962931,119.3582148,-36.81424159,-17.4056798,99.65201779,HG
-65.30839554,-57.50745292,122.8158485,-46.07880688,-15.77185633,99.64121713,HG
-46.08660714,-75.46845385,121.555061,-53.37110854,-14.24009788,99.63224678,HG
-46.08660714,-75.46845385,121.555061,-53.37110854,-14.24009788,99.63224678,HG
-21.26928204,-93.92350014,115.1927822,-57.34745706,-12.26295643,99.62144823,HG
4.486873727,-108.2865902,103.7997165,-60.74411829,-10.17487949,99.61065083,HG
30.02991536,-117.8679833,87.83806797,-60.60826866,-8.030279229,99.59985458,HG
54.25645457,-122.2765619,68.02010737,-57.58060168,-5.889262664,99.58905948,HG
73.83579053,-121.6827188,47.84692824,-52.72546097,-4.034157226,99.57946164,HG
73.83579053,-121.6827188,47.84692824,-52.72546097,-4.034157225,99.57946164,HG
92.78670159,-115.9798004,23.19309884,-44.40186582,-2.053136775,99.56866872,HG
107.6789333,-105.1672987,-2.511634614,-35.15658084,-0.232991409,99.55787694,HG
117.8703328,-89.70733969,-28.16299312,-24.21419893,1.38289706,99.54708632,HG
122.9306909,-70.3186954,-52.61199545,-11.89414456,2.752894804,99.53629685,HG
123.113768,-52.50671206,-70.60705593,-8.91E-10,3.652524308,99.52765621,HG
123.113768,-52.50671206,-70.60705593,-2.37E-10,3.652524308,99.52765621,HG
118.5185178,-28.2267079,-90.29180991,12.86893116,4.514459381,99.51686883,HG
108.7495222,-2.647686676,-106.1018355,25.5370344,5.076079954,99.50608261,HG
94.24849047,23.10228083,-117.3507713,37.06275324,5.336781324,99.49529756,HG
75.60397055,47.90375876,-123.5077293,47.27573734,5.299104173,99.48451368,HG
56.37519248,68.13806705,-124.5132595,54.54887303,5.03704523,99.47498547,HG
56.37519247,68.13806705,-124.5132595,54.54887303,5.03704523,99.47498547,HG
32.32899911,88.27335338,-120.6023525,60.50682475,4.505340176,99.4642038,HG
6.855623328,104.6221078,-111.4777311,63.67417751,3.754144401,99.45342329,HG
-18.928367,116.4765885,-97.54822151,64.12126927,2.825274551,99.44264397,HG
-43.89171184,123.3056799,-79.41396802,62.00363657,1.763493172,99.43186582,HG
-66.65181148,124.8502588,-58.19844731,56.58917167,0.630331115,99.42125202,HG
-66.65181148,124.8502588,-58.19844731,56.58917167,0.630331115,99.42125202,HG
-86.88274892,121.0837884,-34.20103948,49.1883124,-0.555658292,99.41047622,HG
-103.3562793,112.0725719,-8.716292584,39.4308073,-1.738276531,99.39970159,HG
-115.3344903,98.25679324,17.07769706,28.04362129,-2.862139649,99.38892814,HG
-122.2903799,80.23857892,42.05180098,14.38327375,-3.885576784,99.37815586,HG
-123.9563482,58.76724768,65.18910053,0.769274059,-4.787335444,99.36738477,HG
-123.8934203,57.58659937,66.30682097,-5.61E-10,-4.829557519,99.36683205,HG
-123.8934203,57.58659937,66.30682097,-1.33E-09,-4.829557519,99.36683205,HG
-119.9045794,33.49655541,86.40802404,-13.07858528,-5.570931364,99.35606219,HG
-110.7278226,8.015989005,102.7118336,-27.74034462,-6.13931202,99.34529351,HG
-96.72706494,-17.76396004,114.491025,-39.81242294,-6.523387126,99.33452599,HG
-78.53506051,-42.72141467,121.2564752,-49.9942678,-6.727408173,99.32375965,HG
-56.9277926,-65.77534219,122.7031348,-58.61009882,-6.759728649,99.31299447,HG
-55.2329319,-67.36220137,122.5951333,-59.04626027,-6.755029753,99.31220061,HG
-55.2329319,-67.36220137,122.5951333,-59.04626027,-6.755029753,99.31220061,HG
-31.04950538,-87.25064693,118.3001523,-65.1266185,-6.625688684,99.30143669,HG
-5.514303285,-103.2680974,108.7824007,-68.73076088,-6.365244127,99.29067393,HG
20.24417064,-114.7570432,94.51287258,-69.16749223,-6.013678585,99.27991233,HG
45.12527879,-121.2183246,76.09304577,-66.76837392,-5.606490516,99.2691519,HG
68.00918794,-122.3010732,54.29188527,-61.33444825,-5.178472837,99.25839263,HG
71.53423302,-121.9645976,50.43036459,-60.20362704,-5.109488903,99.25661065,HG
71.53423302,-121.9645976,50.43036459,-60.20362704,-5.109488903,99.25661065,HG
90.86132131,-116.8270748,25.96575344,-52.28740232,-4.718411535,99.24585273,HG
106.2336908,-106.5636813,0.329990448,-41.7182156,-4.400816657,99.23509597,HG
116.9890059,-91.61437241,-25.37463352,-29.89895161,-4.194380814,99.22434038,HG
122.6695926,-72.57529154,-50.09430104,-18.62739308,-4.132358888,99.21358596,HG
122.8667219,-50.40282329,-72.46389866,-1.766993577,-4.244815897,99.2028327,HG
122.5168077,-47.39749388,-75.11931383,4.56E-09,-4.272583091,99.20146743,HG
122.5168077,-47.39749388,-75.11931383,5.27E-09,-4.272583091,99.20146743,HG
116.7675041,-22.72833753,-94.03916654,14.00445558,-4.603836386,99.19071549,HG
105.9293241,2.965740674,-108.8950648,27.55411954,-5.141021623,99.17996471,HG
90.47127557,28.58719165,-119.0584672,39.83758477,-5.886274539,99.16921511,HG
71.06104978,53.03367169,-124.0947215,50.24239914,-6.832625481,99.15846668,HG
48.51203704,75.20520742,-123.7172445,58.66168529,-7.964769272,99.14771942,HG
44.09746336,78.96777866,-123.065242,60.06346873,-8.190561672,99.14573514,HG
44.09746336,78.96777866,-123.065242,60.06346873,-8.190561672,99.14573514,HG
19.17809249,97.25974329,-116.4378358,65.98997597,-9.503455772,99.13498928,HG
-6.651714525,111.3183392,-104.6666247,69.12513383,-10.94032935,99.1242446,HG
-32.12683139,120.5811243,-88.45429292,69.53743869,-12.44006466,99.11350109,HG
-56.1784986,124.6823699,-68.50387133,65.41040376,-13.9574142,99.10275877,HG
-77.84996519,123.3991258,-45.54916064,59.76664003,-15.45997675,99.09201762,HG
-80.01967945,122.9280723,-42.90839289,58.91822062,-15.62002013,99.09084901,HG
-80.01967945,122.9280723,-42.90839289,58.91822062,-15.62002013,99.09084901,HG
-97.91294865,115.7659598,-17.85301112,50.40178374,-17.03749316,99.08010916,HG
-111.5441032,103.6130292,7.931073974,39.83563671,-18.31779172,99.0693705,HG
-120.3411875,87.00585303,33.33533449,27.82413047,-19.4163568,99.05863301,HG
-123.9270076,66.66071464,57.26629292,15.10082942,-20.29112764,99.04789669,HG
-122.0937362,43.43781188,78.6559243,0.464993483,-20.89392949,99.03716155,HG
-121.9144171,42.49311668,79.42130046,1.57E-09,-20.91126995,99.0367444,HG
-121.9144171,42.49311668,79.42130046,9.54E-10,-20.91126995,99.0367444,HG
-114.6009908,17.4258959,97.17509485,-13.15402935,-21.20433551,99.02601047,HG
-102.3099562,-8.372268449,110.6822247,-25.61766975,-21.18330734,99.0152777,HG
-85.5939517,-33.75260128,119.346553,-36.97730888,-20.83722684,99.00454609,HG
-65.15008304,-57.66084247,122.8109255,-46.03677327,-20.16988977,98.99381565,HG
-44.56330119,-76.70916373,121.2724649,-54.46005587,-19.28547873,98.98428594,HG
-44.56330119,-76.70916373,121.2724649,-54.46005587,-19.28547873,98.98428594,HG
-19.66590256,-94.93325261,114.5991552,-59.25219553,-18.02562436,98.97355767,HG
6.10551641,-109.0028012,102.8972848,-61.66981163,-16.49613683,98.96283055,HG
31.60725409,-118.2906597,86.68340565,-61.60619872,-14.73798317,98.95210458,HG
55.69379276,-122.3748836,66.68109081,-58.95332389,-12.79973867,98.94137975,HG
75.86201346,-121.3404419,45.4784284,-52.69882776,-10.87435782,98.93147268,HG
75.86201346,-121.3404419,45.4784284,-52.69882776,-10.87435782,98.93147268,HG
94.41105555,-115.1143557,20.70330014,-45.54007917,-8.732317515,98.92075005,HG
108.8765605,-103.8315205,-5.045040027,-35.34325462,-6.566322282,98.91002857,HG
118.5909399,-87.98183932,-30.60910062,-23.92883639,-4.441090363,98.89930822,HG
123.1485106,-68.24793398,-54.90057662,-11.63382293,-2.410968791,98.88858902,HG
122.8650003,-49.9435782,-72.92142214,1.15E-09,-0.872313621,98.87988724,HG
122.8650003,-49.9435782,-72.92142214,1.75E-09,-0.872313621,98.87988724,HG
117.6908637,-25.47296589,-92.21789777,12.75831661,0.843701408,98.86917011,HG
107.3907542,0.173955179,-107.5647094,25.86942429,2.32997289,98.85845412,HG
92.39772379,25.87212583,-118.2698496,36.92804527,3.549473277,98.84773929,HG
73.34395852,50.51324167,-123.8572002,46.39063998,4.477411265,98.8370256,HG
54.68251566,69.68027612,-124.3627918,53.6147598,5.016935311,98.82795335,HG
54.68251566,69.68027612,-124.3627918,53.6147598,5.016935311,98.82795335,HG
30.53344423,89.59112981,-120.124574,59.84559723,5.38380435,98.8172418,HG
4.995997256,105.6317113,-110.6277086,62.69954327,5.438888138,98.80653141,HG
-20.76548739,117.1374767,-96.37198928,62.87042588,5.207728446,98.79582217,HG
-45.65015596,123.6183666,-77.96821063,60.65427398,4.714770147,98.78511411,HG
-66.26816726,124.8744108,-58.60624353,55.60861459,4.074041975,98.77552989,HG
-66.26816726,124.8744108,-58.60624353,55.60861459,4.074041975,98.77552989,HG
-86.54925685,121.1924932,-34.64323634,48.30066158,3.17767171,98.76482403,HG
-103.087334,112.2999306,-9.212596654,38.58287784,2.132237697,98.75411935,HG
-115.1668363,98.57820099,16.58863532,27.50400602,0.984627236,98.74341583,HG
-122.2172393,80.59916045,41.61807886,14.11662722,-0.214629288,98.73271349,HG
-123.9798943,59.17979523,64.80009911,0.673766973,-1.415808857,98.72201231,HG
-123.9289802,58.13289603,65.79608413,3.50E-09,-1.470011345,98.72152438,HG
-123.9289802,58.13289603,65.79608413,2.75E-09,-1.470011345,98.72152438,HG
-120.0686133,34.08991421,85.97869909,-12.90781202,-2.626022515,98.71082444,HG
-111.0078358,8.625832851,102.382003,-27.47025995,-3.692529755,98.70012566,HG
-97.11490434,-17.15741934,114.2723237,-39.49253234,-4.632076536,98.68942805,HG
-79.0152767,-42.14589906,121.1611758,-49.64764279,-5.419662124,98.67873161,HG
-57.47598274,-65.26013209,122.7361148,-58.23664607,-6.035068259,98.66803633,HG
-56.48221491,-66.19515059,122.6773655,-58.5640267,-6.056163377,98.66757257,HG
-56.48221491,-66.19515059,122.6773655,-58.5640267,-6.056163377,98.66757257,HG
-32.40705823,-86.24841625,118.6554745,-64.80060937,-6.476279071,98.65687851,HG
-6.916375409,-102.5082945,109.42467,-68.14099936,-6.711416928,98.64618561,HG
18.85839824,-114.2592982,95.40090001,-68.58269512,-6.769093686,98.63549388,HG
43.78903862,-120.9765497,77.18751105,-66.31072482,-6.664304029,98.6248033,HG
66.82036538,-122.3867873,55.56642194,-60.98151971,-6.424930428,98.61411387,HG
69.67760623,-122.165294,52.48768772,-60.14697753,-6.384197929,98.61269517,HG
69.67760623,-122.165294,52.48768772,-60.14697753,-6.384197929,98.61269517,HG
89.33069423,-117.4904247,28.15973043,-51.86746417,-6.02974579,98.60200705,HG
105.0717103,-107.6545507,2.582840448,-41.57352411,-5.613987706,98.59132009,HG
116.2352177,-93.08509905,-23.15011865,-29.47636763,-5.178559548,98.58063429,HG
122.3419098,-74.41239768,-47.92951215,-16.32950875,-4.766187869,98.56994964,HG
123.0648866,-52.42431347,-70.64057317,-1.85704024,-4.417009048,98.55926614,HG
122.7573934,-49.29342354,-73.46396991,4.23E-09,-4.377814691,98.55783883,HG
122.7573934,-49.29342354,-73.46396991,4.94E-09,-4.377814691,98.55783883,HG
117.4392013,-24.77430776,-92.66489351,14.02871662,-4.152900213,98.54715664,HG
106.9988539,0.884660419,-107.8835144,27.67544106,-4.073223447,98.53647561,HG
91.89420353,26.57027016,-118.4644737,40.06565636,-4.167865623,98.52579574,HG
72.73582247,51.13954427,-123.8753667,50.81233545,-4.460163166,98.51511703,HG
50.45109118,73.50259746,-123.9536886,59.27928292,-4.959875295,98.50443948,HG
46.02238747,77.34690237,-123.3692898,60.68184562,-5.0767806,98.50245267,HG
46.02238747,77.34690237,-123.3692898,60.68184562,-5.0767806,98.50245267,HG
21.21268378,95.93051457,-117.1431984,66.390881,-5.82879999,98.4917765,HG
-4.508422971,110.3591899,-105.850767,69.02319538,-6.78290686,98.48110149,HG
-30.07599785,120.0501733,-89.97417548,69.30360167,-7.926183576,98.47042765,HG
-54.33275873,124.5647361,-70.2319774,66.32435302,-9.226906988,98.45975498,HG
-76.23966543,123.71459,-47.4749246,60.73977854,-10.65129325,98.44908348,HG
-78.45857296,123.2737916,-44.81521861,59.76148682,-10.81393678,98.44790653,HG
-78.45857297,123.2737916,-44.81521861,59.76148682,-10.81393678,98.44790653,HG
-96.65999269,116.5200457,-19.86005303,51.54876011,-12.32846752,98.43723633,HG
-110.6451314,104.7392514,5.905880034,40.90539284,-13.86734848,98.4265673,HG
-119.8369271,88.45542208,31.381505,28.8796726,-15.38327168,98.41589944,HG
-123.8367994,68.36865396,55.46814548,16.19937585,-16.82450615,98.40523275,HG
-122.4617144,45.29435883,77.16735557,4.245439012,-18.14865711,98.39456723,HG
-121.6478679,40.99234833,80.65551956,2.62E-09,-18.35746865,98.39267047,HG
-121.6478679,40.99234833,80.65551957,1.48E-09,-18.35746865,98.39267047,HG
-113.9719537,15.85558076,98.11637291,-13.99136998,-19.4290376,98.38200633,HG
-101.404122,-9.948592401,111.3527144,-26.86388487,-20.2842775,98.37134335,HG
-84.42565201,-35.26402114,119.6896731,-38.23792796,-20.86255311,98.36068153,HG
-63.78069644,-58.99726964,122.7779661,-48.40630386,-21.13725608,98.35002087,HG
-41.62762251,-79.10175158,120.7293741,-55.82392094,-21.09724403,98.33990606,HG
-41.62762251,-79.10175158,120.7293741,-55.82392095,-21.09724403,98.33990606,HG
-16.54213593,-96.87946792,113.4216038,-59.79648923,-20.73190459,98.32924766,HG
9.265417261,-110.4124047,101.1469875,-62.3835681,-20.03764639,98.3185904,HG
34.72615649,-119.1318081,84.40565165,-62.55241603,-19.02580296,98.30793429,HG
58.49673039,-122.4667837,63.9700533,-59.11716823,-17.69057688,98.29727932,HG
78.64325483,-120.7684258,42.125171,-53.6768291,-16.20236506,98.28724729,HG
78.64325483,-120.7684258,42.125171,-53.6768291,-16.20236506,98.28724729,HG
96.68812778,-113.8190889,17.13096109,-45.41804164,-14.4023683,98.27659454,HG
110.5300256,-101.8731697,-8.656855901,-35.04019373,-12.4242187,98.26594292,HG
119.5274296,-85.42220207,-34.10522752,-23.41294843,-10.31780789,98.25529244,HG
123.3225123,-65.21186613,-58.11064615,-10.70655583,-8.147659703,98.24464309,HG
122.442347,-46.64947371,-75.79287325,3.55E-09,-6.380366573,98.23600761,HG
122.442347,-46.6494737,-75.79287325,4.21E-09,-6.380366573,98.23600761,HG
116.5471917,-21.92888173,-94.61830995,11.34445005,-4.244108626,98.22536032,HG
105.5553124,3.778107398,-109.3334198,25.62119981,-2.214433295,98.21471416,HG
89.95998957,29.38612824,-119.3461178,36.9086723,-0.340410302,98.20406913,HG
70.44113088,53.77107337,-124.2122043,46.55461293,1.327442886,98.19342524,HG
51.60674452,72.53228889,-124.1390334,53.13959398,2.538489612,98.18448129,HG
51.60674452,72.53228889,-124.1390334,53.13959398,2.538489612,98.18448129,HG
27.1820593,91.96195653,-119.1440158,58.6692354,3.725631528,98.1738395,HG
1.554516334,107.4414615,-108.9959778,61.44201453,4.613694891,98.16319885,HG
-24.15438536,118.3054527,-94.15106731,61.52604835,5.190813272,98.15255935,HG
-48.84135047,124.0903103,-75.24895978,59.02689496,5.455917151,98.141921,HG
-67.36069286,124.8249526,-57.46425969,54.24724091,5.441690139,98.13328456,HG
-67.36069286,124.8249526,-57.46425969,54.24724091,5.441690139,98.13328456,HG
-87.47420365,120.8772934,-33.40308976,47.12778405,5.165235866,98.1226483,HG
-103.8060547,111.7335159,-7.927461164,37.45182241,4.626768024,98.1120132,HG
-115.646461,97.78467102,17.86178999,26.50224213,3.860455505,98.10137925,HG
-122.4967176,79.61028968,42.88642794,15.37067627,2.903439466,98.09074646,HG
-123.9778423,58.78920562,65.18863669,1.11E-09,1.851241186,98.08045887,HG
-123.9778423,58.78920562,65.1886367,7.64E-10,1.851241186,98.08045887,HG
-120.2650061,34.81263679,85.45236933,-13.22954595,0.672598892,98.06982838,HG
-111.3446615,9.376837741,101.9678238,-26.31620949,-0.545309156,98.05919904,HG
-97.59468103,-16.42749101,114.022172,-37.91135452,-1.754870789,98.04857087,HG
-79.58174598,-41.46427426,121.0460202,-49.01638872,-2.906606958,98.03794386,HG
-58.15614038,-64.61169743,122.7678378,-57.8320134,-3.953176925,98.02731802,HG
-57.90878698,-64.84787675,122.7566637,-57.8962287,-3.963830143,98.02720332,HG
-57.90878697,-64.84787675,122.7566637,-57.8962287,-3.963830143,98.02720332,HG
-33.93959025,-85.12330248,119.0628927,-63.80389138,-4.878417571,98.01657865,HG
-8.504542708,-101.6355627,110.1401054,-67.19799195,-5.629150652,98.00595514,HG
17.28713742,-113.6801946,96.39305722,-67.70929391,-6.199618938,97.99533278,HG
42.30343553,-120.7164172,78.41298164,-65.57657986,-6.578166823,97.98471159,HG
65.48279261,-122.4564844,56.97369181,-60.31495385,-6.769682352,97.97409154,HG
68.29474062,-122.2843468,53.98960622,-59.51808068,-6.780739636,97.97271664,HG
68.29474062,-122.2843468,53.98960622,-59.51808068,-6.780739636,97.97271664,HG
88.17216532,-117.9518356,29.77967029,-51.38947726,-6.771591146,97.9620979,HG
104.1883881,-108.4377775,4.249389402,-41.21692248,-6.605921372,97.9514803,HG
115.6651157,-94.15639386,-21.50872183,-29.2226736,-6.313803374,97.94086386,HG
122.0864311,-75.72750282,-46.35892827,-16.2181887,-5.928763048,97.93024856,HG
123.2075695,-53.97421825,-69.23335128,-2.639089307,-5.494071902,97.91963441,HG
122.9236692,-50.65978342,-72.26388578,6.40E-10,-5.42991606,97.91812896,HG
122.9236692,-50.65978342,-72.26388579,1.57E-09,-5.42991606,97.91812896,HG
117.8773449,-26.18425385,-91.69309104,14.4535373,-4.984298386,97.90751612,HG
110.1540232,-5.724633456,-104.4293898,25.19690427,-4.658084141,97.89903237,HG
96.00720298,20.28248731,-116.2896903,38.44355144,-4.315844199,97.8883396,HG
77.66825461,45.39634662,-123.0646012,49.68446011,-4.094930192,97.877648,HG
55.90075635,68.54875785,-124.4495142,58.30139309,-4.028255976,97.86695757,HG
48.32055003,75.40614288,-123.7266929,60.85865846,-4.044605076,97.86352617,HG
48.32055003,75.40614288,-123.7266929,60.85865846,-4.044605076,97.86352617,HG
23.46126788,94.46357685,-117.9248447,66.91270575,-4.225915954,97.85283728,HG
-2.434869296,109.3943775,-106.9595082,69.59349067,-4.61746349,97.84214956,HG
-28.24367994,119.5427577,-91.29907777,69.56979079,-5.228973817,97.83146302,HG
-52.81223594,124.4622625,-71.65002656,66.67688704,-6.058234863,97.82077764,HG
-75.06331557,123.9419803,-48.87866476,61.06288515,-7.093542665,97.81009345,HG
-77.39102302,123.5169426,-46.12591956,60.07262624,-7.224052444,97.80887799,HG
-77.39102302,123.5169426,-46.12591956,60.07262624,-7.224052444,97.80887799,HG
-95.924183,116.9740045,-21.04982146,51.80341802,-8.464515072,97.7981951,HG
-110.2078692,105.3061522,4.901716948,41.01438107,-9.851563104,97.7875134,HG
-119.6443669,89.04230934,30.60205758,28.82415059,-11.34707832,97.77683287,HG
-123.8173928,68.89183735,54.92555546,16.01863552,-12.90521332,97.76615353,HG
-122.4892305,45.72735243,76.76187804,1.170293002,-14.46908909,97.75547537,HG
-122.1024042,43.52412457,78.57827968,-8.42E-10,-14.60830292,97.75450985,HG
-122.1024042,43.52412457,78.57827968,-1.51E-09,-14.60830292,97.75450985,HG
-114.9322588,18.3117635,96.62049529,-13.61960962,-16.11286452,97.74383298,HG
-102.6913197,-7.680960563,110.3722802,-26.78029403,-17.51283972,97.73315728,HG
-85.92594686,-33.2940817,119.2200286,-38.23485539,-18.75229816,97.72248277,HG
-65.34234245,-57.36344797,122.7057904,-48.83135812,-19.7680197,97.71180943,HG
-41.93327291,-78.81421383,120.7474867,-56.53821674,-20.52155002,97.70113726,HG
-41.77355845,-78.9432393,120.7167978,-56.57518469,-20.52553822,97.70106793,HG
-41.77355845,-78.9432393,120.7167978,-56.57518469,-20.52553822,97.70106793,HG
-16.50037855,-96.87257184,113.3729504,-61.60969569,-20.99034624,97.69039694,HG
9.490863375,-110.4538403,100.9629769,-64.01229855,-21.12757941,97.67972712,HG
35.05244866,-119.1085079,84.05605925,-63.46715698,-20.92650365,97.66905847,HG
59.04214173,-122.4350132,63.39287148,-60.3648238,-20.37715988,97.65839098,HG
79.26946538,-120.5798735,41.31040815,-54.53925341,-19.55179227,97.64834872,HG
79.26946538,-120.5798735,41.31040815,-54.53925341,-19.55179227,97.64834872,HG
97.30823745,-113.3820821,16.07384467,-46.30433132,-18.36158233,97.63768347,HG
111.0425459,-101.1257464,-9.916799423,-35.98502426,-16.87992739,97.62701938,HG
119.8705026,-84.34424744,-35.52625515,-24.30885597,-15.14483887,97.61635643,HG
123.4085008,-63.73712959,-59.67137119,-12.18549732,-13.19844583,97.60569464,HG
122.3051538,-45.85507151,-76.45008228,1.68E-09,-11.58806869,97.59746591,HG
122.3051538,-45.85507151,-76.45008228,2.32E-09,-11.58806869,97.59746591,HG
116.177949,-20.93709119,-95.24085782,11.85163357,-9.424418412,97.58680614,HG
104.8985084,5.006094203,-109.9046026,24.83495976,-7.211910878,97.57614752,HG
88.97752963,30.78216261,-119.7596922,36.4288646,-5.022236121,97.56549003,HG
69.0875299,55.29996364,-124.3874935,46.26097367,-2.910315309,97.55483369,HG
50.99399375,73.09870953,-124.0927033,52.2795308,-1.336324918,97.54633683,HG
50.99399375,73.09870953,-124.0927033,52.2795308,-1.336324918,97.54633683,HG
26.33578834,92.55099893,-118.8867873,57.73166353,0.470183241,97.53568255,HG
0.487964389,108.0011442,-108.4891086,60.75703569,2.046320655,97.52502941,HG
-25.4031249,118.7433672,-93.34024229,61.0921387,3.350786291,97.51437743,HG
-50.19303968,124.2950888,-74.10204916,58.10397178,4.354182962,97.5037266,HG
-69.22621839,124.7141922,-55.48797382,53.58904055,4.941984494,97.49483148,HG
-69.22621839,124.7141922,-55.48797382,53.58904055,4.941984494,97.49483148,HG
-89.188605,120.2600119,-31.07140688,46.10427436,5.353483353,97.48418277,HG
-105.2321813,110.5517086,-5.319527317,36.35202415,5.445759948,97.47353522,HG
-116.6532561,96.01663679,20.63661927,25.2920606,5.234195826,97.46288884,HG
-122.9563694,77.26242816,45.69394122,14.33861765,4.741282909,97.45224362,HG
-124.0358689,59.67880734,64.35706159,6.19E-10,4.165696856,97.44365575,HG
-124.0358689,59.67880734,64.35706159,1.11E-10,4.165696856,97.44365575,HG
-120.468358,35.5851569,84.88320114,-12.33538886,3.263578812,97.43301265,HG
-111.6090204,9.979822038,101.6291984,-25.51466159,2.200467841,97.42237071,HG
-97.84211213,-16.02210039,113.8642125,-37.2711732,1.025783667,97.41172995,HG
-79.73948751,-41.26718014,121.0066676,-48.23080037,-0.208657382,97.40109037,HG
-58.15430246,-64.60766405,122.7619665,-57.02725503,-1.442516896,97.39045195,HG
-58.12465594,-64.63598555,122.7606415,-57.03540641,-1.444084469,97.39043828,HG
-58.12465594,-64.63598555,122.7606415,-57.03540641,-1.44408447,97.39043828,HG
-33.98204192,-85.07866464,119.0607066,-62.99624404,-2.633632321,97.37980104,HG
-8.348216465,-101.7080041,110.0562206,-66.34745471,-3.731707395,97.36916498,HG
17.63969865,-113.7946445,96.15494585,-66.80674575,-4.699207737,97.35853009,HG
42.82498382,-120.7908247,77.96584084,-64.61350877,-5.502904283,97.34789636,HG
66.12133353,-122.4049768,56.28364322,-59.13971196,-6.12542179,97.33726381,HG
67.3070505,-122.3346204,55.02756986,-58.80574747,-6.153535081,97.33668881,HG
67.3070505,-122.3346204,55.02756986,-58.80574747,-6.153535081,97.33668881,HG
87.47500663,-118.190853,30.71584639,-50.86020156,-6.56861169,97.32605748,HG
103.7593766,-108.774023,5.014646341,-40.60534073,-6.786540486,97.31542732,HG
115.4506617,-94.50101748,-20.9496442,-28.59997712,-6.818222887,97.30479832,HG
122.0167568,-75.99849417,-46.01826268,-15.58921276,-6.680789744,97.29417048,HG
123.193416,-54.0687923,-69.12462371,-0.822170914,-6.405896727,97.2835438,HG
123.0837699,-52.63204868,-70.45172121,9.33E-10,-6.384777996,97.28289127,HG
123.0837699,-52.63204868,-70.45172121,1.62E-09,-6.384777996,97.28289127,HG
118.4544668,-28.15760245,-90.29686437,13.86781174,-5.998327556,97.27226582,HG
108.5935875,-2.391956789,-106.2016308,27.65635883,-5.553123134,97.26164152,HG
93.91354645,23.5307598,-117.4443063,39.87214179,-5.091514589,97.25101838,HG
75.07587402,48.53341803,-123.609292,50.64562203,-4.662719811,97.2403964,HG
52.85060887,71.36014548,-124.2107543,59.60490712,-4.305035956,97.22977557,HG
49.67355175,74.21782956,-123.8913813,60.45248054,-4.265991322,97.22834618,HG
49.67355175,74.21782956,-123.8913813,60.45248054,-4.265991322,97.22834618,HG
24.94310752,93.46614677,-118.4092543,66.98938269,-4.050580143,97.21772666,HG
-0.933520659,108.6622608,-107.7287401,69.72591845,-3.995311947,97.20710831,HG
-26.78889316,119.1218397,-92.33294655,70.37608564,-4.13046773,97.19649111,HG
-51.44550959,124.3318974,-72.88638783,67.01023929,-4.477731943,97.18587508,HG
-73.85630738,124.1238635,-50.26755608,61.43566161,-5.047547498,97.17526021,HG
-76.38584742,123.7161751,-47.33032768,60.54432039,-5.132903133,97.17396417,HG
-76.38584742,123.7161751,-47.33032768,60.54432039,-5.132903133,97.17396417,HG
-95.10207473,117.4313685,-22.32929378,51.75006508,-5.953768311,97.16335061,HG
-109.6302007,106.018646,3.611554673,42.19559027,-6.985529764,97.15273822,HG
-119.3040747,89.95568364,29.34839109,28.99185792,-8.207345998,97.142127,HG
-123.7293232,69.98206956,53.74725368,15.60110452,-9.586442366,97.13151694,HG
-122.7068218,46.97285468,75.73396716,1.633255743,-11.08276516,97.12090807,HG
-122.3042114,44.62169495,77.68251641,2.02E-10,-11.23133761,97.11988373,HG
-122.3042114,44.62169495,77.68251641,-6.40E-10,-11.23133761,97.11988373,HG
-115.3652754,19.43944881,95.92582656,-13.95531115,-12.80384068,97.10927613,HG
-103.3345791,-6.532453842,109.8670329,-27.11025168,-14.38325138,97.09866972,HG
-86.7550972,-32.16737604,118.9224732,-38.94416186,-15.91783018,97.08806447,HG
-66.35176575,-56.34191104,122.6936768,-48.66276178,-17.35161678,97.0774604,HG
-43.00328529,-77.95921957,120.9625049,-56.8214551,-18.62119882,97.0668575,HG
-41.9547596,-78.81213368,120.7668933,-57.11430622,-18.67084282,97.06640317,HG
-41.95475959,-78.81213368,120.7668933,-57.11430622,-18.67084282,97.06640317,HG
-16.70966401,-96.74205634,113.4517203,-61.93350182,-19.71378676,97.05580149,HG
9.288833792,-110.3716308,101.0827971,-64.63731878,-20.50218744,97.04520098,HG
34.87511975,-119.0822905,84.20717078,-64.23578764,-20.99450994,97.03460163,HG
58.86953106,-122.4242906,63.55475951,-61.22276887,-21.14544747,97.02400344,HG
80.04370593,-120.3845618,40.34085586,-55.33408915,-20.96212234,97.01352606,HG
80.04370593,-120.3845618,40.34085586,-55.33408915,-20.96212234,97.01352606,HG
97.93060992,-112.9864368,15.05582688,-47.0346823,-20.42932345,97.00293017,HG
111.4947947,-100.5424629,-10.95233181,-36.82515429,-19.55394591,96.99233542,HG
120.0760741,-83.57933843,-36.49673568,-24.44385463,-18.34273159,96.98174183,HG
123.3590848,-62.88217669,-60.47690808,-11.5445307,-16.83976094,96.97114938,HG
121.81918,-42.84349438,-78.97568558,1.28E-09,-15.3447599,96.96207051,HG
121.81918,-42.84349438,-78.97568558,1.94E-09,-15.3447599,96.96207051,HG
115.0343856,-17.70231074,-97.33207489,12.32903171,-13.40678547,96.95148018,HG
103.1283022,8.278484327,-111.4067865,26.63789178,-11.30590432,96.94089099,HG
86.66065118,33.9287854,-120.5894366,37.52920943,-9.110505645,96.93030293,HG
66.3578785,58.15122111,-124.5090996,46.78149265,-6.88297641,96.919716,HG
47.66336618,75.99419225,-123.6575584,52.89024272,-5.094593422,96.91112894,HG
47.66336618,75.99419225,-123.6575584,52.89024272,-5.094593422,96.91112894,HG
22.77258386,94.95835424,-117.7309381,58.22327872,-2.972368467,96.90054408,HG
-3.146759578,109.7752746,-106.628515,60.72186104,-0.994026545,96.88996034,HG
-28.94307573,119.8046633,-90.86158755,60.48484854,0.784885773,96.87937775,HG
-53.49252434,124.611447,-71.11892265,57.66290344,2.319603144,96.8687963,HG
-70.20546916,124.6244358,-54.41896666,53.05018194,3.271814269,96.86095648,HG
-70.20546916,124.6244358,-54.41896666,53.05018194,3.271814269,96.86095648,HG
-90.00643598,119.9239008,-29.9174648,45.83201041,4.290748051,96.85037702,HG
-105.8552816,109.9884893,-4.133207724,36.02564706,4.987925874,96.83979871,HG
-117.0529066,95.24992317,21.80298345,24.97434188,5.356998805,96.82922154,HG
-123.1138977,76.3324508,46.7814469,13.9782248,5.403420922,96.81864553,HG
-124.0021643,58.732966,65.26919833,1.61E-10,5.21370278,96.81015917,HG
-124.0021643,58.732966,65.26919833,-3.64E-10,5.21370278,96.81015917,HG
-120.2156421,34.55828682,85.65735527,-12.33517327,4.72509142,96.79958524,HG
-111.1474705,8.914707613,102.2327629,-25.42338772,3.98946574,96.78901248,HG
-97.19240081,-17.07835672,114.2707575,-37.08787929,3.049018104,96.77844088,HG
-78.93005876,-42.26854537,121.1986041,-47.83707499,1.949484994,96.76787044,HG
-57.90892679,-64.85598582,122.7649126,-56.35838688,0.788904775,96.75761559,HG
-57.90892679,-64.85598582,122.7649126,-56.35838688,0.788904775,96.75761559,HG
-33.74774324,-85.26518092,119.0129242,-62.32359434,-0.456022686,96.74704745,HG
-8.104317219,-101.8547624,109.9590797,-65.60515881,-1.69696779,96.73648048,HG
17.8818319,-113.8954654,96.01363355,-66.03178319,-2.882257997,96.72591467,HG
43.05352518,-120.8402809,77.78675572,-63.85537214,-3.964277417,96.71535003,HG
66.22071519,-122.4170142,56.19629904,-57.97556535,-4.907189162,96.70484561,HG
66.22071519,-122.4170142,56.19629904,-57.97556535,-4.907189162,96.70484561,HG
86.54138793,-118.533831,31.99244303,-50.66171411,-5.678298687,96.69428329,HG
103.048247,-109.3792514,6.331004405,-40.39940611,-6.263015131,96.68372212,HG
114.9730016,-95.33607041,-19.63693115,-28.90419037,-6.644830059,96.67316212,HG
121.8125421,-77.01725544,-44.79528669,-15.24747699,-6.829138747,96.66260327,HG
123.25367,-55.25090486,-68.00276516,-1.328069802,-6.825036713,96.65204557,HG
123.1102667,-53.16788819,-69.9423785,-1.04E-09,-6.815462713,96.65110342,HG
123.1102667,-53.16788819,-69.9423785,-2.85E-10,-6.815462713,96.65110342,HG
118.6141894,-28.7287674,-89.88542197,14.0987217,-6.632765739,96.64054697,HG
108.860705,-2.977439855,-105.8832651,27.71337205,-6.316105665,96.62999168,HG
94.2872679,22.9622654,-117.2495333,40.13626484,-5.905287127,96.61943754,HG
75.53416916,47.95639566,-123.4905648,50.86107213,-5.443786701,96.60888455,HG
53.39870196,70.86931406,-124.268016,59.82943162,-4.973515544,96.59833271,HG
51.24528793,72.82248874,-124.0677767,60.43568042,-4.932190117,96.59736831,HG
51.24528793,72.82248874,-124.0677767,60.43568042,-4.932190117,96.59736831,HG
26.61144429,92.31886083,-118.9303051,65.96544464,-4.513720186,96.58681772,HG
0.775569673,107.8072622,-108.5828319,69.43391961,-4.187904971,96.57626827,HG
-25.12017157,118.6007927,-93.48062108,70.08952533,-3.996791318,96.56571998,HG
-49.98807751,124.2331255,-74.24504796,69.32142437,-3.976329862,96.55517284,HG
-67.52150105,124.7603273,-57.23882623,62.96950011,-4.096742926,96.54706448,HG
-75.60770455,123.8650985,-48.25739399,60.89471012,-4.202617497,96.54306234,HG
-75.60770456,123.8650985,-48.25739399,60.89471012,-4.202617497,96.54306234,HG
-90.45764755,119.6585169,-29.20086939,54.27564555,-4.515938456,96.53495501,HG
-106.2541564,109.50989,-3.255733579,44.25963237,-5.129648905,96.52435863,HG
-117.2791516,94.48250095,22.79665066,31.5465192,-5.975460545,96.51376343,HG
-123.1736495,75.40980152,47.76384802,19.15475725,-7.030209891,96.5031694,HG
-123.4822444,52.9437537,70.53849074,4.802546807,-8.282675885,96.49257655,HG
-122.3535781,44.71889775,77.63468036,-6.53E-11,-8.747280793,96.48896581,HG
-122.3535781,44.71889775,77.63468036,-7.90E-10,-8.747280793,96.48896581,HG
-115.3947652,19.42694894,95.96781625,-14.43926635,-10.20436691,96.47837453,HG
-103.2897202,-6.676762518,109.9664827,-27.73831898,-11.76099694,96.46778443,HG
-86.59543419,-32.43027641,119.0257106,-39.7117891,-13.36576301,96.4571955,HG
-66.04807314,-56.69767884,122.745752,-49.53227313,-14.96377575,96.44660776,HG
-42.54090684,-78.36866425,120.9095711,-57.62611799,-16.49079678,96.43602119,HG
-42.51904342,-78.38645848,120.9055019,-57.63226045,-16.49209838,96.43601177,HG
-42.51904342,-78.38645848,120.9055019,-57.63226045,-16.49209838,96.43601177,HG
-17.17995518,-96.47783655,113.6577917,-62.33638299,-17.88353496,96.42542638,HG
8.946958853,-110.2410772,101.2941184,-65.29983698,-19.09626311,96.41484216,HG
34.66667927,-119.0372439,84.37056468,-65.1108346,-20.07228619,96.40425912,HG
58.80336215,-122.4181418,63.61477963,-61.84640414,-20.75417197,96.39367724,HG
80.0949231,-120.3522046,40.25728153,-55.73592479,-21.11600032,96.38319737,HG
80.0949231,-120.3522046,40.25728152,-55.73592479,-21.11600032,96.38319737,HG
98.0394616,-112.8819552,14.84249362,-48.17293104,-21.14311323,96.37261781,HG
111.5941368,-100.3067371,-11.28739962,-36.88323587,-20.81033022,96.36203941,HG
120.1492722,-83.20115884,-36.94811333,-24.82241588,-20.11759057,96.35146217,HG
123.33221,-62.32945838,-61.00275159,-11.79999801,-19.07869495,96.34088608,HG
121.5756747,-41.75735386,-79.81832087,1.04E-09,-17.90204769,96.33165661,HG
121.5756747,-41.75735386,-79.81832088,1.62E-09,-17.90204768,96.33165661,HG
114.5083121,-16.43008068,-98.07823141,13.64411882,-16.28954806,96.32108267,HG
102.2984037,9.683296394,-111.9817001,26.14105399,-14.42700897,96.31050988,HG
85.51257118,35.42401518,-120.9365864,37.42861559,-12.37353525,96.29993822,HG
64.8905753,59.65677172,-124.547347,46.84556437,-10.1886609,96.28936771,HG
47.17175114,76.33226445,-123.5040156,53.00306127,-8.474319216,96.281314,HG
47.17175114,76.33226445,-123.5040156,53.00306127,-8.474319216,96.281314,HG
30.48875246,89.57583878,-120.0645912,56.66227108,-6.954415079,96.27421897,HG
13.19923532,100.9537262,-114.1529615,59.49804812,-5.449444971,96.26712444,HG
-11.83208896,113.6635815,-101.8314926,61.56424287,-3.370039811,96.25701154,HG
-36.38013618,121.7721604,-85.39202418,60.40148495,-1.419677819,96.24689969,HG
-59.48058735,124.9656848,-65.48509745,57.31705942,0.356886201,96.23678888,HG
-71.54936742,124.5141717,-52.96480429,52.72811744,1.266403263,96.23105609,HG
-71.54936742,124.5141717,-52.96480429,52.72811744,1.266403263,96.23105609,HG
-90.45568351,119.7781989,-29.32251536,45.75386814,2.675015801,96.22094692,HG
-105.6983627,110.2142354,-4.515872705,36.44661387,3.810785947,96.2108388,HG
-116.6407751,96.19480063,20.44597445,25.75029534,4.650490381,96.20073174,HG
-122.8504565,78.28710807,44.56334846,14.57665855,5.184809438,96.19062572,HG
-123.9950761,57.2212,66.77387612,0.584606452,5.40274508,96.18052077,HG
-123.928683,56.21771424,67.71096872,9.95E-10,5.4055305,96.18006892,HG
-123.928683,56.21771424,67.71096872,3.04E-10,5.4055305,96.18006892,HG
-119.8318859,32.78912386,87.042762,-12.85869143,5.316471697,96.16996507,HG
-110.8587627,8.073786245,102.7849764,-25.19130713,4.950489842,96.15986229,HG
-97.37275938,-16.93224403,114.3050034,-36.2943976,4.336148263,96.14976058,HG
-79.89328741,-41.20267431,121.0959617,-46.69420216,3.505881714,96.13965993,HG
-59.19489926,-63.70873871,122.903638,-55.17054992,2.511316071,96.12956035,HG
-58.02358694,-64.83295498,122.8565419,-55.48947307,2.454650261,96.12902633,HG
-58.02358694,-64.83295498,122.8565419,-55.48947307,2.454650261,96.12902633,HG
-34.81367521,-84.54448114,119.3581564,-61.230909,1.331971327,96.11892788,HG
-10.19742895,-100.7434677,110.9408967,-64.61636918,0.139728504,96.1088305,HG
14.82061245,-112.7798538,97.9592414,-65.331862,-1.072595073,96.09873419,HG
39.20991731,-120.1482604,80.93834312,-63.5902084,-2.255715558,96.08863895,HG
62.00609114,-122.5708725,60.56478135,-58.51421245,-3.370451753,96.07854479,HG
66.23464299,-122.4420462,56.20740323,-57.46803416,-3.577590597,96.07654765,HG
66.234643,-122.4420462,56.20740323,-57.46803416,-3.577590597,96.07654765,HG
85.85898773,-118.7993736,32.94038589,-50.21567955,-4.551825671,96.06645477,HG
101.9529178,-110.2551644,8.302246621,-40.59021783,-5.375454923,96.05636296,HG
113.8677962,-97.15687602,-16.71092014,-29.36969707,-6.027733653,96.04627221,HG
121.1036433,-80.03625936,-41.0673839,-17.10531528,-6.493043142,96.03618253,HG
123.3902558,-59.58714309,-63.80311275,-3.104704102,-6.772543039,96.02609391,HG
123.1792545,-54.33194329,-68.84731124,2.32E-09,-6.809677697,96.02369843,HG
123.1792545,-54.33194328,-68.84731124,3.03E-09,-6.809677697,96.02369843,HG
119.2018935,-30.94267714,-88.2592164,13.52809328,-6.861187122,96.01361112,HG
110.3455822,-6.253260601,-104.0923216,26.44560277,-6.748375517,96.00352487,HG
96.96566502,18.75925976,-115.7249248,38.35795976,-6.497740629,95.99343968,HG
79.63396817,43.01201362,-122.6459818,48.80015777,-6.138272081,95.98335555,HG
58.92358606,65.63570467,-124.5592907,57.9967893,-5.702615446,95.97327248,HG
51.6126898,72.47383201,-124.0865218,60.12338615,-5.552640093,95.96997159,HG
51.6126898,72.47383201,-124.0865218,60.12338615,-5.552640092,95.96997159,HG
27.97100214,91.36633239,-119.3373345,66.6493928,-5.092320907,95.95988991,HG
3.139194311,106.5822036,-109.7213979,69.39935452,-4.658114847,95.94980929,HG
-21.81359971,117.4541687,-95.64056901,70.4333568,-4.294378467,95.93972973,HG
-45.85959336,123.6045144,-77.74492108,67.89399472,-4.043682035,95.92965122,HG
-68.07656373,124.756712,-56.68014822,63.18737518,-3.938047742,95.91957376,HG
-74.48892941,124.0650839,-49.5761545,61.21611401,-3.939937172,95.91642582,HG
-74.48892941,124.0650839,-49.5761545,61.21611401,-3.939937172,95.91642582,HG
-92.90742957,118.5947574,-25.68732785,52.71795663,-4.070414463,95.90634975,HG
-107.5292497,108.3343296,-0.805079977,42.77614595,-4.403992148,95.89627475,HG
-117.7772898,93.6958281,24.08146169,31.12610988,-4.951420826,95.88620081,HG
-123.2388697,75.27569345,47.9631763,18.76706035,-5.714102573,95.87612793,HG
-123.6272016,53.79265481,69.83454683,4.549942293,-6.685734595,95.86605613,HG
-122.611146,45.94768752,76.66345852,2.59E-09,-7.059312954,95.86262157,HG
-122.611146,45.94768752,76.66345852,1.87E-09,-7.059312954,95.86262157,HG
-116.3052227,21.83455724,94.47066548,-13.43913474,-8.273779817,95.85255119,HG
-105.2614166,-3.125345569,108.3867621,-26.19040093,-9.637388845,95.84248189,HG
-89.92669773,-27.89532347,117.8220212,-38.06317237,-11.10934112,95.83241365,HG
-70.91056891,-51.51527654,122.4258455,-48.17213158,-12.65322578,95.82234649,HG
-49.027066,-72.93890392,121.9659699,-56.80848844,-14.20569735,95.81228039,HG
-43.19190597,-77.85952258,121.0514286,-58.2752011,-14.59022216,95.80975791,HG
-43.19190597,-77.85952258,121.0514286,-58.2752011,-14.59022216,95.80975791,HG
-18.96152117,-95.39166535,114.3531865,-63.49446731,-16.09134565,95.79969316,HG
6.013293131,-108.9529607,102.9396675,-66.29899331,-17.48290192,95.78962948,HG
30.75318031,-118.030498,87.27731771,-65.82047096,-18.72285431,95.77956687,HG
54.20144991,-122.2130224,68.01157254,-63.22546547,-19.75169184,95.76950532,HG
75.42731512,-121.3457934,45.91847832,-58.37467682,-20.53242407,95.75944484,HG
79.69798819,-120.4733062,40.775318,-56.48896422,-20.66365783,95.75722784,HG
79.69798819,-120.4733062,40.775318,-56.48896422,-20.66365783,95.75722784,HG
97.05144782,-113.5273568,16.47590896,-48.60492234,-21.09620185,95.74716865,HG
110.401892,-101.8853845,-8.516507561,-38.52984414,-21.20772016,95.73711053,HG
119.2311522,-86.0293167,-33.20183555,-27.12378052,-20.98916215,95.72705346,HG
123.180538,-66.60376752,-56.57677044,-14.87199152,-20.43702062,95.71699745,HG
122.0501314,-44.39716356,-77.65296784,-1.592406716,-19.54892574,95.70694248,HG
121.5741962,-41.58405574,-79.99014044,5.52E-10,-19.42074171,95.70573544,HG
121.5741962,-41.58405574,-79.99014044,1.25E-09,-19.42074171,95.70573544,HG
114.8643229,-17.35106757,-97.51325537,12.67085212,-18.1898531,95.69568165,HG
103.4502722,7.633530336,-111.0838025,24.75221845,-16.68245147,95.6856289,HG
87.79104004,32.37309642,-120.1641365,35.51301601,-14.93663366,95.67557719,HG
68.52551803,55.78957368,-124.3150917,45.60400317,-12.99508448,95.66552652,HG
46.41795977,77.05562735,-123.4735871,52.71628479,-10.91443123,95.65547689,HG
45.74850167,77.62428522,-123.3727869,52.90641344,-10.85295447,95.65518733,HG
45.74850167,77.62428522,-123.3727869,52.90641344,-10.85295447,95.65518733,HG
21.72088475,95.6346044,-117.3554892,58.04337005,-8.694295984,95.64513876,HG
-3.226707232,109.8091271,-106.5824199,60.69313487,-6.515466797,95.63509123,HG
-28.06518951,119.5542747,-91.48908514,60.86707167,-4.37846511,95.62504473,HG
-51.82001253,124.4865045,-72.66649196,59.34967191,-2.335775694,95.61499927,HG
-72.92350311,124.3368883,-51.41338516,52.81533968,-0.501810782,95.60516678,HG
-72.92350311,124.3368883,-51.41338516,52.81533968,-0.501810782,95.60516678,HG
-91.60397928,119.2656415,-27.66166225,45.44935581,1.17623421,95.59512337,HG
-106.5651324,109.3755298,-2.810397411,36.10915194,2.609958773,95.58508101,HG
-117.1954052,95.06628081,22.12912442,25.46050647,3.766979392,95.57503969,HG
-123.0704123,76.89887143,46.17154089,14.89609234,4.627257188,95.56499941,HG
-123.8478877,55.6577289,68.19015879,0.139743146,5.162069821,95.55496018,HG
-123.8288531,55.41257825,68.41627487,8.64E-10,5.166225591,95.55485109,HG
-123.8288531,55.41257825,68.41627488,1.84E-10,5.166225591,95.55485109,HG
-119.5543498,31.92403778,87.63031203,-12.8815992,5.391819822,95.54481292,HG
-110.4118858,7.179580692,103.2323051,-25.16456696,5.314914715,95.53477581,HG
-96.77305887,-17.81737419,114.5904331,-36.26383994,4.955666451,95.52473976,HG
-79.16542864,-42.03986701,121.2052957,-46.50021912,4.338989992,95.51470476,HG
-58.36705315,-64.46629821,122.8333514,-54.91934689,3.510335237,95.50467082,HG
-57.47044147,-65.32055797,122.7909994,-55.19039793,3.472730462,95.50426611,HG
-57.47044147,-65.32055797,122.7909994,-55.19039793,3.472730462,95.50426611,HG
-34.2178658,-84.958082,119.1759478,-60.87758366,2.465350482,95.49423328,HG
-9.580265156,-101.0682649,110.6485301,-64.17278565,1.335637848,95.48420151,HG
15.43469355,-113.002431,97.56773742,-64.8050104,0.134634592,95.47417081,HG
39.79601576,-120.2569237,80.46090795,-63.01650947,-1.085852851,95.46414117,HG
62.53437223,-122.5587152,60.02434293,-58.17243104,-2.280426488,95.4541126,HG
66.24619346,-122.4384267,56.19223329,-57.18525981,-2.481669603,95.45237112,HG
66.24619346,-122.4384267,56.19223329,-57.18525981,-2.481669603,95.45237112,HG
85.87836535,-118.8036659,32.92530054,-49.65358996,-3.584612297,95.4423438,HG
101.9773565,-110.267133,8.289776467,-40.32887545,-4.565122231,95.43231754,HG
113.9106012,-97.1756094,-16.73499175,-29.28269831,-5.396745262,95.42229234,HG
121.1399642,-80.04819378,-41.09177043,-16.34956548,-6.04797099,95.4122682,HG
123.4199216,-59.60979596,-63.81012564,-3.161813741,-6.512906664,95.40224512,HG
123.2276117,-54.66641769,-68.56119397,1.68E-09,-6.589304374,95.40000664,HG
123.2276117,-54.66641769,-68.56119397,2.42E-09,-6.589304374,95.40000664,HG
119.3368717,-31.30417064,-88.03270105,13.53902774,-6.821801455,95.38998485,HG
110.5455592,-6.62508619,-103.920473,26.52364741,-6.867250683,95.37996412,HG
97.22590491,18.37765702,-115.6035619,38.56229033,-6.746929109,95.36994444,HG
79.91864399,42.68845852,-122.6071025,49.07154733,-6.486429701,95.35992581,HG
59.35338136,65.2716936,-124.625075,57.78763288,-6.116300453,95.34990823,HG
53.05505824,71.21628425,-124.2713425,60.68457039,-5.996527655,95.3470841,HG
53.05505824,71.21628425,-124.2713425,60.68457039,-5.996527655,95.3470841,HG
29.46990567,90.32326709,-119.7931728,65.74176283,-5.541333055,95.33706787,HG
4.712512779,105.7692267,-110.4817395,69.28808757,-5.073392646,95.32705268,HG
-20.26304217,116.9495422,-96.68650002,69.80420608,-4.633961772,95.31703854,HG
-44.43776874,123.4134807,-78.97571198,67.9004793,-4.267078097,95.30702544,HG
-66.77002088,124.8329975,-58.06297666,63.00605589,-4.012992264,95.2970134,HG
-74.02333265,124.1339208,-50.1105881,60.84686761,-3.957691432,95.29349735,HG
-74.02333265,124.1339208,-50.1105881,60.84686761,-3.957691432,95.29349735,HG
-92.51414054,118.7799282,-26.26578768,52.6513851,-3.914335909,95.28348672,HG
-107.2304525,108.6253861,-1.394933589,42.71566993,-4.059668522,95.27347715,HG
-117.5986703,94.08623551,23.51243477,31.33922294,-4.412730256,95.26346863,HG
-123.2089273,75.71659514,47.49233221,20.43385716,-4.986131859,95.25346117,HG
-123.6509727,54.32267698,69.32829568,4.426666956,-5.775910192,95.24345476,HG
-122.7346603,46.8862693,75.84839103,-2.78E-09,-6.077470056,95.24021788,HG
-122.7346603,46.8862693,75.84839103,-3.51E-09,-6.077470056,95.24021788,HG
-116.6192128,22.81384728,93.80536548,-13.68958982,-7.140809881,95.23021287,HG
-105.7567016,-2.125503313,107.8822049,-26.47818937,-8.382390245,95.22020893,HG
-90.58475871,-26.9481735,117.5329322,-37.92564876,-9.774045335,95.21020605,HG
-71.68285183,-50.61448645,122.2973383,-48.27134792,-11.27458402,95.20020424,HG
-49.91032278,-72.12601296,122.0363357,-56.78716647,-12.82916239,95.19020349,HG
-42.76428508,-78.17185562,120.9361407,-58.73191529,-13.31203985,95.1871328,HG
-42.76428508,-78.17185562,120.9361407,-58.73191529,-13.31203985,95.1871328,HG
-18.51409373,-95.65055652,114.1646503,-63.93777463,-14.87532557,95.17713345,HG
6.457639208,-109.1382606,102.6806214,-66.42123454,-16.37031429,95.16713516,HG
31.17949541,-118.125011,86.9455156,-66.46537142,-17.75311314,95.15713793,HG
54.60781301,-122.2360734,67.6282604,-63.69305395,-18.96569106,95.14714176,HG
75.79511949,-121.2782834,45.4831639,-58.48494148,-19.95878083,95.13714665,HG
79.61657364,-120.4938901,40.87731645,-56.88097613,-20.12113482,95.13517197,HG
79.61657365,-120.4938901,40.87731645,-56.88097612,-20.12113482,95.13517197,HG
96.98516004,-113.5716936,16.58653356,-48.80737409,-20.79765745,95.12517813,HG
110.3603717,-101.9561003,-8.404271358,-38.88700673,-21.16894891,95.11518535,HG
119.2161901,-86.12243183,-33.09375825,-27.48480291,-21.2158445,95.10519362,HG
123.1937854,-66.71527909,-56.47850626,-15.23407488,-20.92632177,95.09520293,HG
122.1114235,-44.55097766,-77.56044585,-3.054109048,-20.29312486,95.08521329,HG
121.440886,-40.65240153,-80.78848451,-1.59E-09,-20.15521886,95.08355422,HG
121.440886,-40.65240152,-80.78848451,-6.61E-10,-20.15521886,95.08355422,HG
114.5119812,-16.33840673,-98.17357451,13.29500447,-19.13282296,95.07356579,HG
102.9178791,8.650157996,-111.5680371,25.24650508,-17.81117605,95.06357841,HG
87.09625191,33.34840683,-120.4446587,36.16969123,-16.21673116,95.05359206,HG
67.69814023,56.74850395,-124.4466442,45.44156818,-14.3936656,95.04360674,HG
45.55065344,77.84384355,-123.394497,52.85818112,-12.39565777,95.03362245,HG
44.28822225,78.90284321,-123.1910655,53.40365445,-12.2827475,95.0330834,HG
44.28822224,78.90284321,-123.1910655,53.40365445,-12.2827475,95.0330834,HG
20.11257931,96.70045823,-116.8130375,58.13146509,-10.1398705,95.0231002,HG
-4.847287845,110.5887015,-105.7414136,61.0257608,-7.949668719,95.01311803,HG
-29.63298806,120.0137141,-90.38072604,60.6421123,-5.760917113,95.00313688,HG
-53.2320853,124.5928248,-71.36073948,58.03677001,-3.635699592,94.99315677,HG
-74.71066056,124.1387105,-49.42804994,53.7930203,-1.627461739,94.98317768,HG
-75.35686448,124.0367944,-48.67992996,53.29413568,-1.565475638,94.98285427,HG
-75.35686448,124.0367944,-48.67992996,53.29413568,-1.565475638,94.98285427,HG
-93.56783407,118.3351897,-24.76735566,45.10649724,0.243536376,94.97287625,HG
-105.140486,110.6611801,-5.520694099,37.51392114,1.498410683,94.96516232,HG
-116.5127916,96.30820019,20.20459146,26.38519,2.924832306,94.95488041,HG
-122.8576088,77.83438471,45.02322408,14.14000202,4.046219047,94.9445996,HG
-123.9021524,56.01357445,67.88857794,2.130408439,4.842570959,94.9343199,HG
-123.6992827,53.65052293,70.04875972,-8.64E-10,4.903289702,94.93327709,HG
-123.6992827,53.65052293,70.04875972,-1.91E-09,4.903289702,94.93327709,HG
-118.7712544,29.28010153,89.49115284,-13.68266563,5.315270747,94.92299861,HG
-108.7573624,3.694091146,105.0632713,-26.37814226,5.400887044,94.91272123,HG
-94.02912036,-21.99985344,116.0289738,-37.87412186,5.167830604,94.90244497,HG
-75.24076306,-46.67453193,121.915295,-48.04294072,4.645830774,94.89216983,HG
-57.09966229,-65.6671766,122.7668389,-54.92729858,4.01727559,94.88363434,HG
-57.09966229,-65.6671766,122.7668389,-54.92729858,4.01727559,94.88363434,HG
-33.08637287,-85.78052253,118.8668954,-60.51538323,3.070435823,94.87336125,HG
-7.642238686,-102.1371725,109.7794112,-63.96954712,1.960866399,94.86308928,HG
18.12391193,-114.015211,95.89129902,-64.47744225,0.744275935,94.85281843,HG
43.07462804,-120.8616815,77.78705343,-62.04622869,-0.520977807,94.8425487,HG
66.14447699,-122.4239862,56.27950922,-56.94152485,-1.77921599,94.8322801,HG
66.2837236,-122.4162545,56.13253091,-56.90033119,-1.787135429,94.83221441,HG
66.2837236,-122.4162545,56.13253091,-56.90033119,-1.787135429,94.83221441,HG
86.44546681,-118.5776704,32.13220364,-49.27236317,-2.984889463,94.82194694,HG
102.8561079,-109.551434,6.695326099,-39.68507935,-4.077128076,94.81168059,HG
114.7574928,-95.69570157,-19.0617912,-27.56335526,-5.017973734,94.80141536,HG
121.6733816,-77.64370773,-44.02967386,-14.66270012,-5.781989168,94.79115125,HG
123.2971099,-56.17131363,-67.12579631,-0.992193127,-6.348318163,94.78088826,HG
123.2119217,-54.75242763,-68.45949405,-4.24E-10,-6.375135763,94.78025547,HG
123.2119217,-54.75242763,-68.45949405,3.94E-10,-6.375135763,94.78025547,HG
119.1402851,-30.65972496,-88.48056016,13.87586777,-6.72234716,94.76999366,HG
109.8781999,-5.194047493,-104.6841524,27.28326274,-6.863131765,94.75973297,HG
95.83445353,20.55262718,-116.3870807,39.55759885,-6.814501984,94.74947339,HG
77.61550123,45.47260218,-123.0881034,50.14731243,-6.601462893,94.73921492,HG
56.04171514,68.43382154,-124.4755367,58.78192915,-6.254545148,94.72895755,HG
52.70886,71.51765326,-124.2265133,60.42650799,-6.195404218,94.72748578,HG
52.70886,71.51765326,-124.2265133,60.42650799,-6.195404218,94.72748578,HG
28.3410331,91.1043636,-119.4453967,65.8180759,-5.742966798,94.71722968,HG
2.789420772,106.7688085,-109.5582293,69.23917377,-5.255746521,94.70697469,HG
-22.91327457,117.8589599,-94.94568528,69.51138497,-4.778308225,94.69672081,HG
-47.64991841,123.9014885,-76.25157013,67.14543498,-4.36092239,94.68646803,HG
-70.251715,124.5494109,-54.29769589,62.32706909,-4.049948664,94.67621635,HG
-73.7241137,124.1581829,-50.43406918,61.0652438,-4.012053911,94.67453489,HG
-73.7241137,124.1581829,-50.43406918,61.0652438,-4.012053911,94.67453489,HG
-92.79812578,118.6343538,-25.83622799,52.14729721,-3.879101085,94.66428451,HG
-107.8182485,108.011989,-0.193740525,41.94476063,-3.937762883,94.65403524,HG
-118.1855912,92.75596535,25.42962582,29.80329727,-4.213141598,94.64378707,HG
-123.4503138,73.52561873,49.92469503,16.90156077,-4.720983364,94.63354002,HG
-123.3162104,51.11745024,72.19876012,2.429158569,-5.468605508,94.62329409,HG
-122.7496925,46.98160828,75.76808423,-1.39E-10,-5.621667205,94.62151254,HG
-122.7496925,46.98160828,75.76808423,-8.59E-10,-5.621667205,94.62151254,HG
-116.3987122,22.18006178,94.21865042,-14.01086661,-6.634126539,94.61126792,HG
-105.0110164,-3.541428642,108.552445,-27.20995468,-7.853426234,94.60102442,HG
-89.07974512,-29.0687131,118.1484582,-38.91451955,-9.24807325,94.59078204,HG
-69.25619127,-53.27442614,122.5306174,-49.42632277,-10.77635811,94.58054078,HG
-46.48984488,-75.07826559,121.5681105,-57.87208769,-12.3796649,94.57030065,HG
-43.47238588,-77.59364449,121.0660304,-58.63064234,-12.58396112,94.56901927,HG
-43.47238588,-77.59364449,121.0660304,-58.63064234,-12.58396112,94.56901927,HG
-18.50507782,-95.65432584,114.1594037,-64.01307343,-14.21878883,94.5587804,HG
7.232085609,-109.4833366,102.251251,-66.54691021,-15.80621288,94.54854266,HG
32.67003531,-118.5255301,85.85549476,-66.70425206,-17.29561198,94.53830603,HG
56.67064918,-122.3476245,65.67697533,-63.26296568,-18.61844003,94.52807053,HG
78.18133989,-120.7861713,42.60483146,-57.04928411,-19.71707586,94.51783615,HG
79.80514875,-120.4235902,40.61844142,-56.49250587,-19.79502947,94.51699424,HG
79.80514875,-120.4235902,40.61844142,-56.49250587,-19.79502947,94.51699424,HG
97.59257104,-113.1749802,15.58240912,-48.46207723,-20.60144743,94.50676107,HG
111.1261937,-100.9419295,-10.18426419,-38.02286926,-21.09178671,94.49652901,HG
119.8244064,-84.27764623,-35.5467602,-26.20184096,-21.23842373,94.48629806,HG
123.3160024,-63.89584665,-59.42015575,-13.54602753,-21.02518626,94.47606822,HG
121.6461604,-41.99627688,-79.64988349,-8.64E-12,-20.47714964,94.46640004,HG
121.6461604,-41.99627688,-79.6498835,6.16E-10,-20.47714964,94.46640004,HG
114.7506251,-17.05580572,-97.69481937,12.83391273,-19.55074123,94.45617234,HG
102.8559424,8.69980751,-111.5557499,25.27352816,-18.28547759,94.44594574,HG
86.49038251,34.13037397,-120.6207565,36.57656512,-16.71624708,94.43572024,HG
66.3350885,58.14264862,-124.4777371,46.68337854,-14.88081988,94.42549582,HG
45.29192636,77.99455829,-123.2864846,53.60266467,-13.01262357,94.41612548,HG
45.29192635,77.99455829,-123.2864846,53.60266467,-13.01262357,94.41612548,HG
20.47553363,96.43848562,-116.9140192,57.27968074,-10.83454863,94.40590315,HG
-5.262007466,110.7701137,-105.5081062,60.64008449,-8.569764005,94.3956819,HG
-30.76294985,120.3005123,-89.53756247,60.73144832,-6.288329282,94.38546174,HG
-54.95778752,124.6872202,-69.72943273,57.68503881,-4.060236837,94.37524267,HG
-73.98939765,124.1569591,-50.16756148,52.94731134,-2.2289655,94.36641383,HG
-73.98939765,124.1569591,-50.16756148,52.94731134,-2.228965499,94.36641383,HG
-92.99346092,118.5829999,-25.58953899,45.68786477,-0.275857184,94.35619678,HG
-107.9802557,107.8999128,0.080342913,35.5347643,1.45050476,94.34598082,HG
-118.3083357,92.59370396,25.7146317,23.53070117,2.902884931,94.33576595,HG
-123.5002871,73.3270968,50.1731903,10.93525884,4.041780876,94.32555217,HG
-123.6945519,54.27803363,69.41651829,1.54E-09,4.753683692,94.31680355,HG
-123.6945519,54.27803363,69.41651829,9.06E-10,4.753683692,94.31680355,HG
-118.9684295,29.97514025,88.99328922,-13.39852648,5.266358997,94.30659181,HG
-109.083346,4.40505108,104.6782949,-26.04599813,5.437195806,94.29638118,HG
-94.47181131,-21.31790063,115.7897119,-37.74525313,5.280138463,94.28617165,HG
-75.71229987,-46.06423386,121.7765337,-47.1925587,4.811960848,94.27596323,HG
-56.59986443,-66.11593387,122.7157983,-54.45584865,4.196719764,94.26698168,HG
-56.59986443,-66.11593387,122.7157983,-54.45584865,4.196719764,94.26698168,HG
-32.54130873,-86.17932942,118.7206382,-60.85691766,3.277430852,94.25677535,HG
-7.082648013,-102.441607,109.524255,-63.82918525,2.183161174,94.24657013,HG
18.67743078,-114.2195433,95.54211251,-64.29464035,0.970209121,94.23636603,HG
43.60181672,-120.9594921,77.35767539,-61.83494795,-0.302364007,94.22616305,HG
66.26367633,-122.4278429,56.16416658,-56.79396975,-1.555763992,94.21612869,HG
66.26367633,-122.4278429,56.16416658,-56.79396974,-1.555763992,94.21612869,HG
86.43350461,-118.6040394,32.17053479,-49.25505602,-2.777990261,94.20592792,HG
102.8514503,-109.5823254,6.730875029,-39.61161726,-3.900991866,94.19572827,HG
114.7568627,-95.73244083,-19.02442189,-27.49077672,-4.875241232,94.18552973,HG
121.6814191,-77.6867157,-43.99470344,-14.61519077,-5.674534201,94.1753323,HG
123.314288,-56.21911471,-67.09517327,-0.958300971,-6.275280965,94.16513599,HG
123.233306,-54.85831444,-68.37499153,2.39E-10,-6.302948458,94.1645328,HG
123.233306,-54.85831444,-68.37499153,1.06E-09,-6.302948458,94.1645328,HG
119.1837797,-30.77390293,-88.40987673,13.88006875,-6.682002245,94.15433765,HG
109.9427604,-5.311481601,-104.6312788,27.27265774,-6.850205403,94.14414362,HG
95.91782037,20.43657612,-116.3543965,39.53989445,-6.823301147,94.13395069,HG
77.71463451,45.36215742,-123.0767919,50.12176337,-6.625535013,94.12375886,HG
56.15157429,68.33380385,-124.4853781,58.76511492,-6.287005526,94.11356813,HG
52.81110739,71.42830158,-124.239409,60.40794267,-6.228463026,94.11210183,HG
52.81110739,71.42830158,-124.239409,60.40794267,-6.228463026,94.11210183,HG
28.45135808,91.02819199,-119.4795501,65.80402307,-5.77724437,94.10191236,HG
2.901727768,106.7091094,-109.6108372,69.22489647,-5.285206363,94.09172399,HG
-22.80265391,117.8176173,-95.01496338,69.51078096,-4.798056282,94.08153672,HG
-47.54463738,123.8791255,-76.33448817,67.16667482,-4.367245292,94.07135055,HG
-70.30234583,124.6332655,-54.3309197,63.25721234,-4.039785413,94.06116547,HG
-73.50687255,124.2490202,-50.74214764,60.10046819,-4.001847268,94.05960553,HG
-73.50687255,124.2490202,-50.74214764,60.10046819,-4.001847268,94.05960553,HG
-88.56952009,120.4152175,-31.84569743,54.89266545,-3.869191372,94.05170299,HG
-98.90263655,115.2237073,-16.32107077,48.72508923,-3.842012666,94.04548244,HG
-110.1617388,105.4108436,4.750895187,39.52446722,-3.926413911,94.03714997,HG
-119.6020927,89.38547547,30.21661721,27.34584917,-4.231855752,94.02698078,HG
-123.8277714,69.51294766,54.31482377,13.96660307,-4.774913528,94.01681269,HG
-122.7244573,46.68052615,76.04393117,1.69E-09,-5.559277255,94.00665867,HG
-122.7244573,46.68052615,76.04393117,1.08E-09,-5.559277255,94.00665867,HG
-116.310966,21.89774033,94.41322571,-13.8701464,-6.571876828,93.99649279,HG
-104.8883689,-3.797033131,108.685402,-27.08463881,-7.795204031,93.98632802,HG
-88.93920003,-29.26043497,118.199635,-39.28860066,-9.194016752,93.97616436,HG
-69.13348654,-53.43702457,122.5705111,-49.42765275,-10.73236265,93.96600182,HG
-46.36270911,-75.21912632,121.5818354,-57.77735208,-12.35061194,93.95584039,HG
-44.09117737,-77.11681906,121.2079964,-58.34169701,-12.50552216,93.95488047,HG
-44.09117736,-77.11681906,121.2079964,-58.34169701,-12.50552217,93.95488047,HG
-19.1908826,-95.23239416,114.4232768,-63.95476922,-14.14989475,93.94472026,HG
6.518402874,-109.1754917,102.6570888,-66.80608037,-15.75320979,93.93456116,HG
31.9430201,-118.3403482,86.39732812,-66.08770122,-17.25473817,93.92440318,HG
55.95920751,-122.3183633,66.35915574,-63.0792239,-18.58874326,93.91424631,HG
77.53947133,-120.9492313,43.40975999,-57.42999652,-19.70079354,93.90409054,HG
79.83400304,-120.4307797,40.59677661,-56.47698456,-19.81048923,93.90291165,HG
79.83400304,-120.4307796,40.59677661,-56.47698456,-19.81048923,93.90291165,HG
97.60858935,-113.1718269,15.56323753,-48.25156781,-20.61711028,93.89275713,HG
111.1205339,-100.9516376,-10.16889636,-37.77309455,-21.09927299,93.88260371,HG
119.8112842,-84.3070594,-35.50422485,-25.91830756,-21.23305686,93.87245139,HG
123.3063601,-63.95224417,-59.35411593,-13.26331477,-21.00148339,93.86230016,HG
121.4560588,-40.76845437,-80.68760439,-0.520028784,-20.40040724,93.85215004,HG
121.32669,-40.10028227,-81.22640773,6.02E-09,-20.37778711,93.85187027,HG
121.32669,-40.10028227,-81.22640774,6.98E-09,-20.37778711,93.85187027,HG
113.9828049,-15.06619023,-98.91661469,13.85416621,-19.38328145,93.84172126,HG
101.7460786,10.67044219,-112.4165208,26.42552901,-18.06475861,93.83157334,HG
85.07518182,36.00095433,-121.0761362,37.59284612,-16.43887476,93.8214265,HG
64.70306984,59.84160134,-124.5446712,46.92288261,-14.55694234,93.81128075,HG
44.4521805,78.6784546,-123.1306351,53.809771,-12.73285085,93.80236003,HG
44.4521805,78.6784546,-123.1306351,53.809771,-12.73285085,93.80236003,HG
19.58347856,96.99743715,-116.5809157,58.98272095,-10.52009056,93.7922163,HG
-6.118208279,111.1340063,-105.0157981,61.21221782,-8.233533516,93.78207364,HG
-31.58023663,120.5205939,-88.94035722,60.76698096,-5.939351953,93.77193206,HG
-55.70247493,124.7506975,-69.04822261,57.77667504,-3.707731028,93.76179155,HG
-73.92542024,124.1559608,-50.23054052,53.26754865,-1.951699715,93.7533752,HG
-73.92542024,124.1559608,-50.23054052,53.26754865,-1.951699715,93.7533752,HG
-92.92430503,118.6183196,-25.69401461,45.17783945,-0.010419453,93.74323666,HG
-107.9194008,107.9824429,-0.063042108,35.42104508,1.694815234,93.7330992,HG
-118.2602684,92.72790886,25.53235955,24.01523132,3.11612696,93.72296283,HG
-123.507119,73.50786035,49.99925867,11.79670194,4.221110293,93.71282754,HG
-123.7902646,55.18174565,68.60851897,2.20E-09,4.875667324,93.70444439,HG
-123.7902646,55.18174565,68.60851897,1.59E-09,4.875667324,93.70444439,HG
-119.2685626,30.9781451,88.29041754,-12.91978408,5.349228131,93.69431109,HG
-109.6029326,5.469643609,104.133289,-25.94019522,5.479541911,93.68417888,HG
-95.20010821,-20.22887781,115.428986,-37.11567709,5.279894798,93.67404777,HG
-76.66711641,-45.01433002,121.6814464,-46.84156009,4.776050033,93.66391775,HG
-57.8787779,-64.88746506,122.766243,-54.4504216,4.122779433,93.65512759,HG
-57.8787779,-64.88746506,122.766243,-54.4504216,4.122779433,93.65512759,HG
-34.00110689,-85.12096022,119.1220671,-60.72855666,3.176010742,93.64499963,HG
-8.616663934,-101.6061385,110.2228024,-63.67693067,2.051771334,93.63487278,HG
17.11614409,-113.6427932,96.52664906,-64.29063277,0.818029017,93.62474704,HG
42.10172765,-120.7154392,78.6137116,-62.03090128,-0.468677875,93.6146224,HG
65.26005046,-122.4914081,57.23135766,-56.66944769,-1.751767635,93.60449887,HG
65.89340553,-122.4620107,56.56860515,-56.5065524,-1.78811148,93.60420486,HG
65.89340553,-122.4620107,56.56860515,-56.50655239,-1.78811148,93.60420486,HG
86.08249766,-118.7247303,32.64223261,-49.34213274,-3.000684539,93.59408246,HG
102.5504125,-109.8089289,7.258516442,-39.39243977,-4.103555392,93.58396118,HG
114.5480725,-96.08270495,-18.46536751,-28.16105154,-5.050074069,93.573841,HG
121.5813326,-78.13666188,-43.44467072,-14.7563225,-5.814328599,93.56372192,HG
123.3300688,-56.76099455,-66.56907422,-1.143911309,-6.371601687,93.55360394,HG
123.2362646,-54.97949373,-68.25677088,2.18E-09,-6.405414955,93.55281817,HG
123.2362646,-54.97949373,-68.25677088,2.93E-09,-6.405414955,93.55281817,HG
119.2212642,-30.9355673,-88.28569694,13.83448005,-6.733604221,93.54270138,HG
110.0253518,-5.509023078,-104.5163288,27.22650632,-6.850475254,93.53258568,HG
96.05317479,20.21044609,-116.2636209,39.49424426,-6.774586096,93.52247107,HG
77.90669863,45.11859143,-123.0252901,50.09978313,-6.533183353,93.51235756,HG
56.39924734,68.08837443,-124.4876218,58.78501374,-6.159579824,93.50224514,HG
52.7250912,71.49535553,-124.2204467,60.55648538,-6.090363474,93.50064217,HG
52.72509119,71.49535553,-124.2204467,60.55648538,-6.090363474,93.50064217,HG
28.3906134,91.06213257,-119.452746,65.88454463,-5.615908144,93.49053101,HG
2.870093498,106.7171477,-109.5872412,69.3147141,-5.114380362,93.48042094,HG
-22.80334587,117.8100777,-95.00673185,69.61367599,-4.632985207,93.47031195,HG
-47.51648124,123.8673556,-76.35087432,67.31188611,-4.223668486,93.46020406,HG
-70.24880417,124.6282485,-54.37944431,63.46993153,-3.933389379,93.45009726,HG
-73.68609236,124.2152004,-50.52910802,60.11104134,-3.900467011,93.44843497,HG
-73.68609236,124.2152004,-50.52910802,60.11104134,-3.900467011,93.44843497,HG
-88.77903501,120.3301217,-31.55108673,54.88024165,-3.810239944,93.440556,HG
-101.6313217,113.3622666,-11.73094494,47.07556036,-3.839968624,93.4326777,HG
-113.8550346,100.5533834,13.30165124,35.9102584,-4.065446864,93.42285978,HG
-121.4264695,83.70286486,37.72360464,23.85059482,-4.513940802,93.41304291,HG
-124.0754499,63.45732092,60.61812893,11.40676806,-5.194000951,93.40322707,HG
-122.8873446,47.7662862,75.12105837,2.11E-09,-5.803255265,93.39637775,HG
-122.8873446,47.7662862,75.12105837,1.44E-09,-5.803255265,93.39637775,HG
-116.9564133,23.76190533,93.194508,-12.90326544,-6.857148589,93.38656368,HG
-106.2644962,-1.176497796,107.4409939,-25.74482366,-8.105462832,93.37675064,HG
-91.2451802,-26.01788286,117.2630631,-37.49251218,-9.514021233,93.36693866,HG
-72.48656687,-49.75253528,122.2391022,-47.90486841,-11.04275132,93.35712771,HG
-50.79253608,-71.38483467,122.1773708,-56.34847063,-12.63759165,93.34731781,HG
-43.29644191,-77.76954922,121.0659911,-58.50961004,-13.15783609,93.34415006,HG
-43.29644191,-77.76954922,121.0659911,-58.50961004,-13.15783609,93.34415006,HG
-19.0654751,-95.32775192,114.393227,-63.727035,-14.76335435,93.33434154,HG
5.915201183,-108.9135512,102.99835,-66.51856867,-16.30156052,93.32453407,HG
30.6564715,-118.0079206,87.35144914,-66.17338339,-17.72180247,93.31472764,HG
54.12079587,-122.2167525,68.09595659,-63.40870746,-18.96166529,93.30492226,HG
75.36003132,-121.3799472,46.0199159,-58.14023784,-19.97203036,93.29511792,HG
79.22261657,-120.591735,41.36911838,-56.66245506,-20.13685746,93.29316954,HG
79.22261657,-120.591735,41.36911838,-56.66245506,-20.13685746,93.29316954,HG
96.68179167,-113.7755531,17.09376146,-48.79594198,-20.81771512,93.28336644,HG
110.1411449,-102.2408438,-7.900301106,-38.71578232,-21.17291368,93.27356437,HG
119.0900706,-86.47735003,-32.61272061,-27.30444126,-21.18748792,93.26376334,HG
123.1614253,-67.12420271,-56.03722259,-15.06798925,-20.84859471,93.25396334,HG
122.1701609,-44.9940021,-77.17615882,-2.817596265,-20.15079036,93.24416436,HG
121.5699608,-41.39348835,-80.1764725,-3.21E-10,-20.01282909,93.24266045,HG
121.5699608,-41.39348835,-80.1764725,6.09E-10,-20.01282909,93.24266045,HG
114.7905395,-17.11640876,-97.67413075,13.25215743,-18.91562065,93.23286265,HG
103.3286939,7.873986852,-111.2026808,25.25196315,-17.50964879,93.22306587,HG
87.62095242,32.60276531,-120.2237177,36.20152625,-15.82575701,93.2132701,HG
68.31369542,56.06162757,-124.375323,45.50587035,-13.91266703,93.20347534,HG
46.2278888,77.24206968,-123.4699585,52.97116667,-11.82884138,93.1936816,HG
44.81749021,78.43283568,-123.2503259,53.56678451,-11.69754452,93.19308986,HG
44.81749021,78.43283568,-123.2503259,53.56678451,-11.69754452,93.19308986,HG
20.66705224,96.32018093,-116.9872332,58.28082877,-9.479651218,93.18329719,HG
-4.292752632,110.3064552,-106.0137026,61.16946766,-7.22850209,93.17350552,HG
-29.10029167,119.8388313,-90.73853966,60.8350624,-4.998376766,93.16371487,HG
-52.74282171,124.5294869,-71.78666519,58.24263005,-2.854540372,93.15392522,HG
-74.28435422,124.1888493,-49.90449512,53.93303909,-0.853246489,93.14413658,HG
-75.04159923,124.073077,-49.03147778,53.35976362,-0.781650629,93.14376594,HG
-75.04159923,124.073077,-49.03147778,53.35976362,-0.781650629,93.14376594,HG
-93.31384,118.4431514,-25.12931144,45.3049431,0.99173324,93.13397835,HG
-104.597095,111.1181985,-6.521103534,37.94710575,2.163138915,93.12666014,HG
-116.1626419,96.94010626,19.2225356,26.86240026,3.511168088,93.11657568,HG
-122.7129626,78.61015904,44.10280352,14.66655101,4.529434717,93.10649229,HG
-123.9618292,56.89561385,67.06621538,2.755169254,5.200578555,93.09640999,HG
-123.7222003,53.84846629,69.873734,-1.46E-09,5.261473551,93.09508472,HG
-123.7222003,53.84846629,69.873734,-2.48E-09,5.261473551,93.09508472,HG
-118.8463722,29.48862678,89.35774538,-13.68142989,5.522355978,93.08500365,HG
-108.8745774,3.905263751,104.9693137,-26.38638003,5.44707332,93.07492367,HG
-94.18338777,-21.79679902,115.9801868,-37.90031824,5.051623637,93.06484479,HG
-75.42305135,-46.48902383,121.9120752,-48.07509369,4.372981528,93.054767,HG
-57.13411869,-65.66033436,122.7944531,-55.04600859,3.616612273,93.04632253,HG
-57.13411869,-65.66033436,122.7944531,-55.04600859,3.616612272,93.04632253,HG
-33.11895314,-85.78056367,118.8995168,-60.67196264,2.54153147,93.03624676,HG
-7.671469113,-102.1432913,109.8147604,-64.10312294,1.32912342,93.0261721,HG
18.09851785,-114.0253631,95.92684524,-64.59691081,0.040504627,93.01609854,HG
43.05426251,-120.8775,77.82323754,-62.16110146,-1.261675213,93.00602608,HG
66.12891678,-122.4428768,56.31395998,-57.03733265,-2.520572532,92.99595472,HG
66.21693411,-122.4380014,56.22106725,-57.01149638,-2.52550743,92.99591403,HG
66.21693411,-122.4380014,56.22106725,-57.01149638,-2.52550743,92.99591403,HG
86.3905023,-118.6125297,32.22202739,-49.36960412,-3.687364495,92.98584378,HG
102.8137064,-109.6006287,6.786922293,-39.72781357,-4.709005037,92.97577463,HG
114.7394372,-95.74398086,-18.99545635,-27.2730277,-5.551407598,92.96570658,HG
121.6534746,-77.69694331,-43.9565313,-14.38482776,-6.186261938,92.95563963,HG
123.2836932,-56.22378818,-67.05990501,-1.430438167,-6.607736441,92.94557377,HG
123.1726564,-54.31057294,-68.86208344,-1.45E-09,-6.631850025,92.94473439,HG
123.1726564,-54.31057294,-68.86208344,-5.85E-10,-6.631850025,92.94473439,HG
118.9981058,-30.17781802,-88.82028778,14.06773721,-6.820315154,92.93466972,HG
109.6333489,-4.691961816,-104.9413871,27.44237729,-6.802545921,92.92460613,HG
95.49671662,21.05214935,-116.548866,39.72428949,-6.60583399,92.91454364,HG
77.19830283,45.94588616,-123.144189,50.31369782,-6.264483448,92.90448223,HG
55.55852963,68.85977223,-124.4183019,58.97901391,-5.818653217,92.89442191,HG
52.28862742,71.87233544,-124.1609629,60.55374551,-5.74976454,92.89300854,HG
52.28862742,71.87233545,-124.1609629,60.55374551,-5.74976454,92.89300854,HG
27.88858709,91.40018519,-119.2887723,65.90755328,-5.241579642,92.88294946,HG
2.320052618,106.9902634,-109.310316,69.35394951,-4.741807671,92.87289146,HG
-23.37794337,117.9932355,-94.61529217,69.6172654,-4.29911889,92.86283454,HG
-48.08747038,123.9375593,-75.85008891,67.29809146,-3.964919895,92.85277871,HG
-70.78139724,124.5658041,-53.78440686,63.40161783,-3.784266082,92.84272397,HG
-74.34914291,124.1124109,-49.763268,60.02580019,-3.77213644,92.84100427,HG
-74.34914291,124.1124109,-49.763268,60.02580019,-3.77213644,92.84100427,HG
-89.57584814,120.0153306,-30.4394825,54.53353135,-3.794616009,92.83305583,HG
-102.4606254,112.7421879,-10.28156254,46.58989024,-3.955736844,92.82510807,HG
-114.7352649,99.20372481,15.53154009,35.23901404,-4.374867397,92.81503819,HG
-122.0379054,81.40096119,40.6369442,22.48414649,-5.042391444,92.80496941,HG
-124.0567773,60.0871421,63.96963523,9.734178724,-5.957142253,92.79490173,HG
-122.9473109,48.03623415,74.91107679,-9.54E-10,-6.519471769,92.78971344,HG
-122.9473109,48.03623414,74.91107679,-1.74E-09,-6.519471769,92.78971344,HG
-116.7851193,23.23811747,93.5470018,-13.16289734,-7.771404554,92.77964743,HG
-105.5748986,-2.516570006,108.0914686,-26.19066897,-9.205351429,92.76958252,HG
-89.78306164,-28.10974414,117.8928058,-38.16400296,-10.77619456,92.75951872,HG
-70.07125473,-52.43477518,122.5060299,-48.65071238,-12.43188989,92.74945603,HG
-47.33559212,-74.40384026,121.7394324,-56.94658631,-14.10631004,92.73939444,HG
-43.3065157,-77.77310819,121.0796239,-58.03716363,-14.38301608,92.73771314,HG
-43.3065157,-77.77310819,121.0796239,-58.03716363,-14.38301608,92.73771314,HG
-18.27882324,-95.81875475,114.097578,-63.85748078,-16.00208625,92.72765284,HG
7.529142601,-109.643719,102.1145764,-65.86280931,-17.50214433,92.71759366,HG
32.98915866,-118.6253324,85.6361737,-65.517909,-18.81560202,92.70753557,HG
56.99849713,-122.388018,65.38952087,-62.38794839,-19.88631747,92.69747859,HG
78.49878127,-120.7556922,42.25691096,-56.84232091,-20.65943683,92.68742271,HG
79.85407194,-120.4493775,40.59530552,-56.27688481,-20.70103431,92.68673685,HG
79.85407194,-120.4493775,40.59530551,-56.27688481,-20.70103431,92.68673685,HG
97.66893717,-113.1448338,15.47589663,-47.52948946,-21.11586338,92.67668214,HG
111.1996655,-100.8615591,-10.33810642,-37.23782621,-21.16098517,92.66662853,HG
119.8738173,-84.12825164,-35.74556561,-25.35324897,-20.8237926,92.656576,HG
123.2976688,-63.67585916,-59.62180961,-12.73777212,-20.09981344,92.64652456,HG
121.7998567,-42.92599449,-78.87386217,1.09E-09,-19.13830796,92.63752963,HG
121.7998567,-42.92599448,-78.87386217,1.74E-09,-19.13830796,92.63752963,HG
115.07289,-17.97518318,-97.09770683,12.83566176,-17.73335719,92.62748024,HG
103.3242174,7.821924859,-111.1461422,25.52756113,-16.02341661,92.61743192,HG
87.05535182,33.33997879,-120.3953306,36.68366257,-14.05752406,92.60738467,HG
66.99703015,57.4264844,-124.4235146,46.28959248,-11.89995207,92.59733849,HG
47.24364475,76.31339549,-123.5570402,53.30852519,-9.92216437,92.58867915,HG
47.24364475,76.3133955,-123.5570402,53.30852519,-9.92216437,92.58867915,HG
22.51355919,95.07259776,-117.586157,57.79713475,-7.584894709,92.57863496,HG
-3.236783367,109.7757994,-106.5390161,60.9978622,-5.255584225,92.56859184,HG
-28.85104525,119.7317143,-90.88066909,60.8308598,-3.012081893,92.55854979,HG
-53.27543011,124.5708987,-71.29546864,58.6088038,-0.916328106,92.5485088,HG
-71.94670872,124.4146144,-52.4679057,52.82808983,0.667566247,92.54009442,HG
-71.94670872,124.4146144,-52.4679057,52.82808983,0.667566247,92.54009442,HG
-91.33809413,119.3359719,-27.99787772,45.80908134,2.315611825,92.53005541,HG
-106.7768117,109.1176981,-2.340886414,35.92713678,3.657717119,92.52001747,HG
-117.587346,94.19793554,23.3894105,24.89856545,4.661884239,92.5099806,HG
-123.3095514,75.20574051,48.10381084,13.80842079,5.311981272,92.49994482,HG
-123.9332572,57.01007989,66.92317727,6.00E-10,5.567836503,92.4916357,HG
-123.9332572,57.01007989,66.92317728,-2.78E-10,5.567836503,92.4916357,HG
-119.8007761,32.8629296,86.93784654,-12.32203263,5.55977373,92.48160191,HG
-110.4784865,7.335900524,103.142586,-25.36971528,5.222608307,92.4715692,HG
-96.35727454,-18.46665036,114.8239249,-36.78997296,4.588426276,92.46153759,HG
-78.02534115,-43.4187884,121.4441296,-47.13849189,3.698216269,92.45150707,HG
-57.57780268,-65.22742483,122.8052275,-55.28656594,2.676158029,92.44201794,HG
-57.57780268,-65.22742483,122.8052275,-55.28656594,2.676158029,92.44201794,HG
-33.55890402,-85.46726749,119.0261715,-60.85409078,1.458096633,92.43198956,HG
-8.078741586,-101.9169597,109.9957013,-64.49958352,0.157039194,92.42196228,HG
17.73449002,-113.8839775,96.14948749,-64.97792359,-1.161674163,92.4119361,HG
42.74924394,-120.8253926,78.07614865,-62.88273203,-2.437036276,92.40191102,HG
65.90401641,-122.460288,56.55627156,-57.47895875,-3.618919373,92.39188704,HG
65.99978974,-122.455434,56.45564423,-57.45270425,-3.623813784,92.39184315,HG
65.99978975,-122.455434,56.45564423,-57.45270425,-3.623813784,92.39184315,HG
86.24100353,-118.67401,32.43300647,-49.82765783,-4.659283895,92.38182027,HG
102.7122125,-109.6734095,6.96119705,-39.95549828,-5.514136778,92.37179849,HG
114.7054247,-95.84359357,-18.86183109,-28.4261173,-6.164219834,92.3617778,HG
121.6534577,-77.75747679,-43.8959809,-14.62036015,-6.589451702,92.3517582,HG
123.2875123,-56.26235478,-67.02515753,-0.995335337,-6.792037594,92.3417397,HG
123.1934555,-54.58994176,-68.60351375,-8.01E-10,-6.798153297,92.34101265,HG
123.1934555,-54.58994176,-68.60351375,-9.93E-11,-6.798153297,92.34101265,HG
119.0722696,-30.44006482,-88.63220483,13.83075121,-6.781353682,92.33099532,HG
109.736556,-4.915518701,-104.8210373,27.23559128,-6.579275439,92.32097906,HG
95.60842905,20.87634192,-116.484771,39.565196,-6.229929207,92.31096389,HG
77.29875036,45.82178339,-123.1205338,50.24781478,-5.776924098,92.30094981,HG
55.6318759,68.78549904,-124.4173749,59.05389334,-5.268986599,92.2909368,HG
51.81422241,72.29477748,-124.1089999,60.80435109,-5.183499518,92.28929916,HG
51.81422241,72.29477748,-124.1089999,60.80435109,-5.183499518,92.28929916,HG
27.33382341,91.78220693,-119.1160303,66.00907185,-4.675910644,92.27928741,HG
1.704351912,107.2997264,-109.0040783,69.45208992,-4.234078026,92.26927675,HG
-24.02765045,118.1999875,-94.17233707,69.68717811,-3.906002619,92.25926716,HG
-48.73875544,124.0129579,-75.27420249,67.36957906,-3.738854161,92.24925866,HG
-71.39566059,124.4830373,-53.08737672,63.50683591,-3.771689132,92.23925125,HG
-75.20805771,123.9643366,-48.7562789,59.83265292,-3.802252702,92.23741656,HG
-75.20805771,123.9643366,-48.7562789,59.83265292,-3.802252702,92.23741656,HG
-90.32402357,119.691975,-29.36795144,54.35769234,-4.025661325,92.22951641,HG
-103.0718096,112.2452212,-9.173411607,46.37185728,-4.403090365,92.22161695,HG
-115.1445681,98.50523649,16.63933157,34.74832342,-5.107725307,92.21161635,HG
-122.2069838,80.55107901,41.65590477,22.24031114,-6.057592617,92.20161685,HG
-123.9961374,59.11538209,64.88075535,9.585580521,-7.241075017,92.19161844,HG
-122.760995,46.87765983,75.88333518,5.22E-10,-7.93799682,92.18640465,HG
-122.760995,46.87765982,75.88333518,-2.60E-10,-7.93799682,92.18640465,HG
-116.3570272,22.02155268,94.33547449,-13.32924473,-9.405525701,92.17640791,HG
-104.9213816,-3.741598265,108.6629799,-26.28297927,-11.00445964,92.16641227,HG
-88.93595202,-29.28990449,118.2258565,-38.12253016,-12.67763676,92.15641773,HG
-69.07257909,-53.51895936,122.5915385,-48.58301379,-14.36367085,92.1464243,HG
-46.22967065,-75.34650576,121.5761764,-56.92812835,-15.99077061,92.13643196,HG
-42.74444465,-78.2326306,120.9770752,-57.90791179,-16.21581571,92.13499237,HG
-42.74444465,-78.2326306,120.9770752,-57.90791179,-16.21581571,92.13499237,HG
-17.70096012,-96.19002381,113.8909839,-63.5658999,-17.69951294,92.12500129,HG
8.102383295,-109.9127539,101.8103706,-65.47910569,-18.98745782,92.1150113,HG
33.53516637,-118.7731944,85.23802801,-65.04120352,-20.0145548,92.10502241,HG
57.49054621,-122.4154252,64.92487902,-61.81334418,-20.73526674,92.09503461,HG
78.93022407,-120.6779577,41.74773359,-55.9609731,-21.10920205,92.08504789,HG
79.20906915,-120.6131577,41.40408853,-55.84679306,-21.11140094,92.08490689,HG
79.20906915,-120.6131577,41.40408853,-55.84679306,-21.11140094,92.08490689,HG
97.13994318,-113.4875917,16.34764854,-47.50317373,-21.1030644,92.07492128,HG
110.8231733,-101.369196,-9.453977242,-37.18182765,-20.70512206,92.06493675,HG
119.6680945,-84.78359322,-34.88450124,-25.37774312,-19.91923999,92.05495329,HG
123.2774954,-64.45375251,-58.82374288,-12.74788816,-18.75912281,92.04497091,HG
121.553662,-41.29008504,-80.263577,-1.43E-09,-17.2672705,92.03501204,HG
121.553662,-41.29008503,-80.263577,-1.05E-09,-17.2672705,92.03501204,HG
114.4408249,-16.26589727,-98.17492759,13.93207216,-15.45847918,92.02503179,HG
102.3794251,9.539974078,-111.9193992,26.43280146,-13.41606136,92.01505261,HG
85.83515966,34.97972777,-120.8148874,37.58948767,-11.19315431,92.00507449,HG
65.53678584,58.96473558,-124.5015214,46.92338271,-8.862835984,91.99509743,HG
48.11488107,75.50640835,-123.6212894,53.23413451,-7.063574699,91.98750517,HG
48.11488107,75.50640835,-123.6212894,53.23413451,-7.063574699,91.98750517,HG
23.42460367,94.47550984,-117.9001135,58.31923085,-4.726446507,91.97752998,HG
-2.292053222,109.3125098,-107.0204565,61.00352981,-2.490958355,91.96755584,HG
-27.93129852,119.461457,-91.53015849,60.88671727,-0.424936677,91.95758277,HG
-52.38176125,124.4689635,-72.08720226,58.24186535,1.409940412,91.94761076,HG
-74.61547334,124.1237582,-49.50828487,54.00575643,2.966044753,91.93763981,HG
-74.74791008,124.1034317,-49.35552163,53.89084709,2.974904356,91.93757583,HG
-74.74791008,124.1034317,-49.35552163,53.89084709,2.974904356,91.93757583,HG
-78.04558573,123.4387871,-45.39320142,49.7111903,3.188283069,91.93592135,HG
-81.37572051,122.7273162,-41.35159571,51.05345499,3.409920998,91.93426689,HG
-84.57050845,121.8341968,-37.26368832,48.14647251,3.617019203,91.93261246,HG
-88.66303812,120.4379685,-31.77493042,47.11431631,3.878640854,91.93041707,HG
-94.77400511,117.6950481,-22.92104303,43.74214788,4.259029505,91.92692936,HG
-104.1821329,111.4481568,-7.266023844,37.73900858,4.81597245,91.92085897,HG
-115.9137205,97.40676854,18.50695194,26.35028232,5.436159146,91.91090089,HG
-122.6075736,79.14867684,43.45889672,14.21705372,5.688561179,91.90094388,HG
-123.8805022,57.47285434,66.40764782,1.038350755,5.574915718,91.89098796,HG
-123.7152486,54.68543325,69.02981532,-4.74E-09,5.544453882,91.88978129,HG
-123.7152486,54.68543325,69.02981532,-5.22E-09,5.544453882,91.88978129,HG
-121.1795689,38.11949441,83.06007451,-10.83580643,5.269561104,91.88289151,HG
-116.0025177,20.69643909,95.30607858,-19.30343759,4.835257575,91.87600224,HG
-108.4332928,2.875992727,105.5573,-28.13718288,4.275866452,91.8691135,HG
-93.42995797,-23.02955848,116.4595165,-39.40787151,3.26718222,91.85908789,HG
-74.27871137,-47.85233606,122.1310474,-49.59581714,2.078619157,91.84906338,HG
-56.18637464,-66.63734732,122.823722,-55.91382161,1.03653167,91.84081446,HG
-56.18637464,-66.63734732,122.823722,-55.91382161,1.03653167,91.84081446,HG
-31.8586956,-86.80257651,118.6612721,-62.43715372,-0.305006438,91.83079197,HG
-6.175099331,-103.0475356,109.222635,-65.27314917,-1.634160273,91.82077059,HG
19.77142017,-114.7105513,94.93913112,-65.49939837,-2.898320237,91.81075031,HG
44.81870478,-121.2536467,76.43494188,-63.15256508,-4.040035265,91.80073114,HG
65.87653299,-122.5352022,56.6586692,-58.13198964,-4.937241242,91.79163628,HG
65.87653299,-122.5352022,56.6586692,-58.13198964,-4.937241242,91.79163628,HG
86.23842507,-118.736426,32.49800094,-50.41337394,-5.734025792,91.78161921,HG
102.7878614,-109.6584662,6.870604785,-40.40008582,-6.312851714,91.77160324,HG
114.7980551,-95.69586517,-19.10218997,-28.74782925,-6.664827073,91.76158837,HG
121.7417736,-77.46650457,-44.27526904,-15.80574951,-6.793904359,91.7515746,HG
123.231293,-55.7574547,-67.4738383,-1.302172648,-6.705536258,91.74156191,HG
123.0987685,-53.6583601,-69.44040842,-2.17E-10,-6.688719782,91.74065877,HG
123.0987685,-53.6583601,-69.44040842,5.16E-10,-6.688719782,91.74065877,HG
118.691941,-29.27190634,-89.42003463,13.89655939,-6.415500478,91.73064728,HG
109.0413257,-3.555346151,-105.4859795,27.34328371,-6.009031786,91.72063688,HG
94.56777524,22.38166333,-116.9494386,39.55837874,-5.518143621,91.71062756,HG
75.93261447,47.3384205,-123.271035,50.45249533,-4.995953179,91.70061933,HG
53.83021076,70.33789504,-124.1681058,59.29419366,-4.493925061,91.69061219,HG
50.69152845,73.18186368,-123.8733921,60.19050589,-4.432427545,91.68927633,HG
50.69152845,73.18186368,-123.8733921,60.19050589,-4.432427545,91.68927633,HG
26.04911684,92.5752799,-118.6243967,66.2355673,-4.03071564,91.67927043,HG
0.219874046,107.9673549,-108.187229,69.4950202,-3.768980601,91.66926561,HG
-25.61753352,118.6234443,-93.00591075,69.71394792,-3.692831218,91.65926188,HG
-50.41569326,124.1733873,-73.75769402,67.89256057,-3.83721484,91.64925924,HG
-72.89056916,124.1659908,-51.27542168,61.4098154,-4.230287442,91.6392577,HG
-76.08143106,123.6896632,-47.60823213,60.38351945,-4.313228638,91.63772718,HG
-76.08143106,123.6896632,-47.60823212,60.38351945,-4.313228638,91.63772718,HG
-94.8457701,117.5013792,-22.65560913,51.91453243,-5.003888729,91.6277269,HG
-109.4341137,106.1837403,3.250373373,41.28469313,-5.949142813,91.61772772,HG
-119.2161136,90.23358936,28.9825242,29.09634004,-7.132025313,91.60772964,HG
-123.7663588,70.35262901,53.4137298,16.13850732,-8.522127253,91.59773267,HG
-122.8838342,47.37975734,75.50407689,4.016227595,-10.08248876,91.5877368,HG
-122.2071641,43.39350691,78.81365721,8.55E-10,-10.34807514,91.58609485,HG
-122.2071641,43.39350691,78.81365722,-3.09E-10,-10.34807514,91.58609485,HG
-114.9776696,18.18763339,96.79003623,-14.25544033,-12.01759143,91.57610027,HG
-102.7529868,-7.776504323,110.5294912,-27.42786503,-13.72860066,91.56610679,HG
-86.00047455,-33.34771813,119.3481927,-39.11117979,-15.40671926,91.55611443,HG
-65.46360519,-57.4055065,122.8691117,-49.45478438,-16.98388631,91.54612317,HG
-42.84733766,-78.23072251,121.0780602,-57.19232391,-18.3454853,91.53645353,HG
-42.84733766,-78.23072251,121.0780602,-57.19232391,-18.3454853,91.53645353,HG
-17.64953895,-96.29538268,113.9449216,-61.55968147,-19.52195906,91.52646444,HG
8.323307217,-110.0837005,101.7603933,-64.3222507,-20.41172444,91.51647645,HG
33.86995068,-118.9065624,85.0366117,-64.63851731,-20.94746783,91.50648956,HG
57.96639997,-122.4969724,64.53057241,-60.86377832,-21.1250808,91.49650376,HG
78.70131093,-120.7814562,42.08014524,-55.21266526,-20.91628955,91.4869004,HG
78.70131093,-120.7814562,42.08014524,-55.21266526,-20.91628955,91.4869004,HG
96.83168947,-113.7318234,16.90013394,-46.89897207,-20.30696965,91.47691673,HG
110.6655127,-101.6075115,-9.058001179,-36.88092038,-19.30269621,91.46693415,HG
119.6147381,-84.95038158,-34.6643565,-24.58072817,-17.93196635,91.45695264,HG
123.2737033,-64.49782956,-58.77587377,-11.47855165,-16.23335004,91.44697221,HG
121.987437,-44.21987405,-77.76756299,-1.16E-09,-14.51781598,91.43825397,HG
121.987437,-44.21987405,-77.767563,-4.97E-10,-14.51781598,91.43825397,HG
115.4890724,-19.17674267,-96.31232975,12.47976397,-12.35341576,91.42827554,HG
103.8589302,6.766517754,-110.625448,26.556239,-10.03484778,91.41829819,HG
87.64023825,32.44483706,-120.0850753,37.50618098,-7.645033058,91.40832189,HG
67.5463117,56.75619927,-124.302511,46.93976133,-5.260356162,91.39834667,HG
48.26540838,75.3494208,-123.6148292,53.33297038,-3.31373272,91.38995449,HG
48.26540838,75.3494208,-123.6148292,53.33297038,-3.31373272,91.38995449,HG
23.43841431,94.398485,-117.8368993,58.56029903,-1.13985713,91.37998123,HG
-2.445898154,109.3302543,-106.8843561,61.14634927,0.819862638,91.37000904,HG
-28.23987847,119.4974587,-91.25758023,60.9141786,2.506167618,91.36003791,HG
-52.81931879,124.4595949,-71.64027613,58.07018795,3.873719376,91.35006786,HG
-70.11137086,124.553143,-54.4417721,53.31157746,4.67905603,91.3424389,HG
-70.11137086,124.553143,-54.4417721,53.31157746,4.67905603,91.3424389,HG
-89.91297817,119.8951071,-29.98212892,46.16196812,5.403781285,91.33247075,HG
-105.7834345,110.00818,-4.22474557,36.25154684,5.753980014,91.32250369,HG
-117.0121921,95.32267835,21.68951374,25.13873472,5.736973729,91.31253771,HG
-123.1174625,76.46695799,46.65050451,13.80093764,5.375331931,91.30257282,HG
-124.0377136,58.5565407,65.48117287,-1.09E-10,4.846623884,91.29442827,HG
-124.0377136,58.5565407,65.48117287,-1.09E-09,4.846623884,91.29442827,HG
-120.2361513,34.39535141,85.84079991,-12.4878744,3.95955011,91.28446537,HG
-111.1651559,8.770449703,102.3947062,-25.72459115,2.860589649,91.27450357,HG
-97.20836474,-17.19906109,114.4074258,-37.30735958,1.609867957,91.26454286,HG
-78.95620743,-42.36590056,121.322108,-48.04179078,0.271705321,91.25458325,HG
-58.27232462,-64.6271394,122.899464,-56.41117585,-1.021224178,91.24505926,HG
-58.27232462,-64.6271394,122.899464,-56.41117585,-1.021224178,91.24505926,HG
-34.16102043,-85.06632184,119.2273423,-62.35699051,-2.332238667,91.2351018,HG
-8.55346322,-101.705903,110.2593662,-65.79911025,-3.543368246,91.22514544,HG
17.41396524,-113.812977,96.39901173,-66.31058198,-4.604068267,91.21519019,HG
42.58928809,-120.8415026,78.25221452,-64.16466985,-5.47325923,91.20523602,HG
65.88511475,-122.4998314,56.61471668,-58.79185013,-6.127898394,91.19528295,HG
66.64793058,-122.4581446,55.81021401,-58.58037653,-6.146493176,91.19493723,HG
66.64793058,-122.4581446,55.81021401,-58.58037653,-6.146493176,91.19493723,HG
86.89615155,-118.4712292,31.57507765,-50.72134971,-6.561203555,91.18498529,HG
103.295033,-109.216216,5.921182927,-40.68074141,-6.745986529,91.17503444,HG
115.1128192,-95.0888495,-20.02396971,-29.038716,-6.713654441,91.16508467,HG
121.8532621,-76.73949094,-45.11377111,-16.3407199,-6.494912463,91.15513599,HG
123.1910552,-54.91338677,-68.27766839,-1.410235202,-6.123585862,91.14518839,HG
123.0240698,-52.60446872,-70.41960108,8.06E-10,-6.080174706,91.14420542,HG
123.0240698,-52.60446872,-70.41960108,1.53E-09,-6.080174706,91.14420542,HG
118.3819508,-28.13691806,-90.24503269,13.91100907,-5.598576067,91.13425901,HG
108.5101198,-2.388500556,-106.1216193,27.38863956,-5.07339216,91.12431368,HG
93.83889072,23.53001363,-117.3689043,39.61269745,-4.561478247,91.11436943,HG
74.97856185,48.4571909,-123.4357528,50.873135,-4.118058812,91.10442627,HG
52.83308462,71.26546766,-124.0985523,59.63674812,-3.801835271,91.09448418,HG
49.11485955,74.58711507,-123.7019746,60.72499614,-3.766751665,91.0929252,HG
49.11485955,74.58711508,-123.7019746,60.72499614,-3.766751665,91.0929252,HG
24.34282352,93.76922614,-118.1120497,67.08247757,-3.655355887,91.08298436,HG
-1.51627868,108.8452235,-107.3289448,69.47673468,-3.763329012,91.07304461,HG
-27.32130378,119.1953738,-91.87407002,69.32605055,-4.116902714,91.06310595,HG
-52.01035375,124.3932269,-72.38287312,67.28806779,-4.731936875,91.05316838,HG
-74.28995619,123.9944666,-49.70451042,60.91643783,-5.610897991,91.0432319,HG
-77.06419734,123.5343944,-46.4701971,60.00436847,-5.74844875,91.04189771,HG
-77.06419734,123.5343944,-46.4701971,60.00436847,-5.74844875,91.04189771,HG
-95.64301824,117.0881394,-21.44512112,51.5158494,-6.905513044,91.03196247,HG
-110.0115557,105.5327455,4.478810267,40.8607028,-8.276318586,91.02202833,HG
-119.5471861,89.37436217,30.17282397,28.68118984,-9.819784382,91.01209529,HG
-123.835871,69.32449892,54.51137213,15.74677516,-11.48341821,91.00216334,HG
-122.690184,46.23133271,76.45885134,3.535949228,-13.2124486,90.99223249,HG
-122.0585808,42.68261312,79.37596772,7.44E-10,-13.46189372,90.99078494,HG
-122.0585808,42.68261312,79.37596772,-4.20E-10,-13.46189372,90.99078494,HG
-114.670214,17.43391883,97.2362952,-14.21124163,-15.15427883,90.98085535,HG
-102.3013357,-8.535011035,110.8363468,-27.28899954,-16.76129988,90.97092687,HG
-85.42341326,-34.07757948,119.5009927,-38.85992562,-18.20234876,90.96099948,HG
-64.79093901,-58.05710983,122.8480488,-49.12913258,-19.40948599,90.95107319,HG
-43.01415436,-78.06924415,121.0833985,-56.16003985,-20.27865621,90.94183782,HG
-43.01415436,-78.06924416,121.0833985,-56.16003985,-20.27865621,90.94183782,HG
-17.83359322,-96.15444154,113.9880348,-61.15512982,-20.87961775,90.93191363,HG
8.132993028,-109.9664972,101.8335042,-63.68141807,-21.10928858,90.92199054,HG
33.73434214,-118.8869064,85.15256424,-63.17225947,-20.94206497,90.91206852,HG
57.82876796,-122.4791759,64.65040794,-59.74661599,-20.35889202,90.90214759,HG
77.66885795,-120.9837258,43.31486783,-54.57422927,-19.47362152,90.89304967,HG
77.66885795,-120.9837258,43.31486782,-54.57422927,-19.47362152,90.89304967,HG
95.99724766,-114.2092421,18.21199443,-46.89680204,-18.15050682,90.88313079,HG
110.093886,-102.3465562,-7.747329734,-36.4278639,-16.48737215,90.87321298,HG
119.3053391,-85.93185337,-33.37348572,-25.17329223,-14.53694369,90.86329624,HG
123.2385239,-65.6126616,-57.62586232,-11.1237833,-12.34821728,90.85338056,HG
122.2970272,-46.15390389,-76.14312335,1.34E-09,-10.38304133,90.8450031,HG
122.2970272,-46.15390389,-76.14312335,2.09E-09,-10.38304133,90.8450031,HG
116.2216853,-21.24234693,-94.97933835,11.98492218,-7.980004338,90.83508937,HG
105.0073287,4.673512158,-109.6808409,25.18070866,-5.567017889,90.8251767,HG
89.12733836,30.43197153,-119.5593099,37.64905232,-3.225643314,90.8152651,HG
69.30865834,54.88786107,-124.1965194,46.77635577,-1.03553643,90.80535455,HG
49.60655965,74.21334789,-123.8199075,53.0643777,0.689581151,90.79676759,HG
49.60655965,74.21334789,-123.8199075,53.0643777,0.689581151,90.79676759,HG
24.88096498,93.4584911,-118.3394561,58.70575537,2.421735153,90.78685902,HG
-0.977431123,108.6412468,-107.6638157,61.33512072,3.834729628,90.77695153,HG
-26.80643914,119.087916,-92.28147684,61.21860123,4.891205876,90.7670451,HG
-51.48264521,124.3476365,-72.8649913,58.44183288,5.572320587,90.75713974,HG
-68.88820636,124.6788407,-55.79063439,53.78582734,5.83155304,90.74955929,HG
-68.88820636,124.6788407,-55.79063439,53.78582734,5.83155304,90.74955929,HG
-88.89356979,120.3215747,-31.42800487,46.48747224,5.842344749,90.73965584,HG
-105.0038106,110.7178347,-5.714024087,36.67101795,5.502315518,90.72975347,HG
-116.5079495,96.28481214,20.22313733,25.51216966,4.847090321,90.71985218,HG
-122.9100114,77.64040924,45.26960218,14.01209234,3.922298483,90.70995198,HG
-124.0552606,59.21408447,64.84117614,6.50E-10,2.976515894,90.70157888,HG
-124.0552606,59.21408447,64.84117614,-2.75E-10,2.976515894,90.70157888,HG
-120.4041842,35.1084997,85.29568447,-12.69042487,1.717154562,90.6916807,HG
-111.4741284,9.508658473,101.9654699,-25.9801043,0.370256552,90.68178361,HG
-97.64406817,-16.46814552,114.1122137,-37.661862,-0.998230587,90.67188761,HG
-79.49996683,-41.67022417,121.170191,-48.61178679,-2.322491733,90.6619927,HG
-58.31273538,-64.5562836,122.869019,-57.27981216,-3.517021764,90.65227872,HG
-58.31273537,-64.5562836,122.869019,-57.27981216,-3.517021765,90.65227872,HG
-34.20493348,-85.00303416,119.2079676,-63.24934947,-4.583436972,90.64238598,HG
-8.60008254,-101.6504603,110.2505429,-66.73187588,-5.456466839,90.63249433,HG
17.36708754,-113.7669665,96.39987894,-67.26922568,-6.109072344,90.62260376,HG
42.54401147,-120.805439,78.26142749,-65.13152067,-6.525857299,90.61271428,HG
65.84327113,-122.4741463,56.63087518,-59.81075334,-6.711301757,90.60282588,HG
67.50947451,-122.3751247,54.86565024,-59.34557777,-6.715992982,90.60207367,HG
67.50947451,-122.3751247,54.86565024,-59.34557777,-6.715992982,90.60207367,HG
87.62269344,-118.1725434,30.54984997,-51.64768194,-6.666237813,90.59218644,HG
103.8506463,-108.7150717,4.864425439,-41.22629681,-6.428772998,90.58230027,HG
115.486084,-94.41102432,-21.07505964,-29.24914783,-6.04341437,90.57241519,HG
122.0240449,-75.8919686,-46.13207626,-16.11611332,-5.559683702,90.56253118,HG
123.1798541,-53.94168133,-69.23817278,-2.819129705,-5.031771019,90.55264824,HG
122.8973218,-50.68725526,-72.21006649,5.58E-10,-4.95782615,90.55127415,HG
122.8973218,-50.68725526,-72.21006649,1.55E-09,-4.95782615,90.55127415,HG
117.7747508,-26.08834867,-91.68640214,13.89794224,-4.447520792,90.54139244,HG
107.5044379,-0.282679546,-107.2217584,27.60743849,-4.022013912,90.5315118,HG
92.46841707,25.58388418,-118.0523012,39.89841885,-3.732203552,90.52163223,HG
73.34105017,50.38830376,-123.7293539,50.47647693,-3.626531449,90.51175374,HG
50.93519643,73.00698733,-123.9421838,59.23965343,-3.745073033,90.50187633,HG
47.3535135,76.1509822,-123.5044957,60.30410804,-3.784017247,90.50039236,HG
47.3535135,76.1509822,-123.5044957,60.30410804,-3.784017247,90.50039236,HG
22.46972024,95.06359166,-117.5333119,66.22492904,-4.19137676,90.49051619,HG
-3.422158661,109.7905494,-106.3683908,68.95003167,-4.865902723,90.48064111,HG
-29.19482761,119.7751924,-90.58036481,69.12450354,-5.803058028,90.47076711,HG
-53.67311577,124.483647,-70.81053118,65.86404575,-6.987153225,90.4608942,HG
-75.80533844,123.7715212,-47.96618279,60.1545127,-8.385597803,90.45102237,HG
-78.35627007,123.2912661,-44.934996,59.21034219,-8.573921783,90.44978706,HG
-78.35627007,123.2912661,-44.934996,59.21034219,-8.573921783,90.44978706,HG
-96.69468302,116.5118129,-19.81712988,50.42515605,-10.16236052,90.43991647,HG
-110.7811807,104.6493339,6.131846835,40.71797591,-11.85733721,90.43004696,HG
-120.0286411,88.19422532,31.83441575,29.83537957,-13.60539547,90.42017856,HG
-123.9043608,67.92910481,55.97525602,14.27934494,-15.30141339,90.41031124,HG
-122.3779425,44.70857612,77.66936633,0.692366513,-16.9071782,90.40044502,HG
-122.1753707,43.59058426,78.58478642,-2.10E-09,-16.97690543,90.399994,HG
-122.1753707,43.59058426,78.58478642,-2.87E-09,-16.97690543,90.399994,HG
-115.0266799,18.37507873,96.65160117,-13.13367763,-18.40271213,90.39012892,HG
-102.8274258,-7.586928045,110.4143538,-27.13850502,-19.58312131,90.38026493,HG
-86.09445122,-33.1577194,119.2521706,-38.26093375,-20.4560842,90.37040202,HG
-65.5861436,-57.23630741,122.822451,-47.80391734,-20.98425764,90.3605402,HG
-44.06133229,-77.18607882,121.2474111,-55.33386175,-21.12187519,90.35143854,HG
-44.06133229,-77.18607882,121.2474111,-55.33386175,-21.12187519,90.35143854,HG
-18.94373192,-95.43734442,114.3810763,-60.00549508,-20.87917648,90.34157879,HG
7.015058952,-109.4511693,102.4361104,-62.84451175,-20.22707013,90.33172011,HG
32.6561104,-118.5919325,85.93582208,-62.57049647,-19.17367618,90.3218625,HG
56.81258502,-122.4403306,65.62774558,-59.66409024,-17.7451726,90.31200595,HG
76.19446561,-121.2701685,45.07570285,-54.14817876,-16.18895349,90.30326282,HG
76.19446561,-121.2701685,45.07570285,-54.14817876,-16.18895349,90.30326282,HG
94.80336175,-114.8744131,20.07105135,-46.2756522,-14.17481821,90.29340827,HG
109.2257593,-103.3678648,-5.857894503,-36.12052183,-11.9441222,90.28355478,HG
118.8265026,-87.2515994,-31.57490323,-24.58269991,-9.570177901,90.27370234,HG
123.1973277,-67.2166847,-55.98064296,-12.42436896,-7.128945667,90.26385095,HG
122.6616948,-48.78414001,-73.87755484,-4.99E-11,-5.169156962,90.25589913,HG
122.6616948,-48.78414001,-73.87755484,4.96E-10,-5.169156962,90.25589913,HG
117.1740323,-24.06921879,-93.10481352,12.18399243,-2.831133567,90.24604965,HG
106.5053358,1.789796194,-108.295132,24.96354118,-0.650089864,90.23620121,HG
91.1292833,27.62527848,-118.7545618,36.54008922,1.298924744,90.22635383,HG
71.73019011,52.26947885,-123.999669,46.55072446,2.952331295,90.21650751,HG
52.26009087,71.88831754,-124.1484084,53.30353491,4.118714579,90.20797815,HG
52.26009087,71.88831754,-124.1484084,53.30353491,4.118714579,90.20797815,HG
27.72712035,91.52316426,-119.2502846,58.37931181,5.114401381,90.19813381,HG
1.934889082,107.2038851,-109.1387742,61.69949326,5.728983799,90.18829054,HG
-23.96145175,118.2142507,-94.25279899,62.06685536,5.95763061,90.17844834,HG
-48.85711909,124.0837785,-75.22665936,60.06812183,5.814543718,90.16860721,HG
-66.60126594,124.8566303,-58.2553644,53.91382606,5.463491608,90.16100862,HG
-66.60126594,124.8566303,-58.2553644,53.91382605,5.463491608,90.16100862,HG
-86.9531646,121.0522413,-34.09907672,47.25626293,4.738860777,90.1511694,HG
-103.5162426,111.9888305,-8.472587871,37.58183627,3.757366758,90.14133127,HG
-115.5325856,98.03604078,17.49654482,26.54248028,2.576781508,90.13149421,HG
-122.4906918,79.79631252,42.69437929,15.00853204,1.259749563,90.12165825,HG
-124.0344937,58.99126772,65.04322603,7.08E-10,-0.057917972,90.11220241,HG
-124.0344937,58.99126772,65.04322603,2.91E-10,-0.057917972,90.11220241,HG
-120.3303477,34.86670828,85.46363941,-13.47322861,-1.427602032,90.10236857,HG
-111.3447385,9.255938101,102.0888004,-26.63144054,-2.730434244,90.09253582,HG
-97.46652527,-16.71929604,114.1858213,-38.44682406,-3.90972108,90.08270415,HG
-79.27879648,-41.90738409,121.1861806,-49.59213606,-4.914611035,90.07287357,HG
-57.88491185,-64.93234764,122.8172595,-58.23042911,-5.699713247,90.06314878,HG
-57.88491185,-64.93234764,122.8172595,-58.23042911,-5.699713247,90.06314878,HG
-33.74263642,-85.32484502,119.0674814,-63.69646426,-6.268057712,90.05332035,HG
-8.120565916,-101.8870734,110.0076393,-67.71111835,-6.594804447,90.04349299,HG
17.84196841,-113.9143296,96.07236118,-68.25825754,-6.691408129,90.03366671,HG
43.01350545,-120.8784431,77.86493763,-65.88150756,-6.578308554,90.0238415,HG
66.24457238,-122.4207615,56.1761891,-60.86825659,-6.281879877,90.01401736,HG
68.92113619,-122.2327686,53.31163242,-60.09287083,-6.235241322,90.01280957,HG
68.92113619,-122.2327686,53.31163241,-60.09287083,-6.235241322,90.01280957,HG
88.80801551,-117.6810559,28.87304038,-52.02895458,-5.795144038,90.00298663,HG
104.7525897,-107.8892611,3.136671378,-41.69643152,-5.280659802,89.99316475,HG
116.0660711,-93.28947303,-22.77659809,-29.63653343,-4.750261546,89.98334395,HG
122.256956,-74.52517048,-47.73178557,-16.44731889,-4.263991138,89.97352421,HG
123.0611404,-52.39555549,-70.66558489,-3.188203741,-3.879341607,89.96370554,HG
122.6861504,-48.78113115,-73.90501922,1.53E-09,-3.833100974,89.96220184,HG
122.6861504,-48.78113115,-73.90501922,2.54E-09,-3.833100974,89.96220184,HG
117.1324675,-24.03236729,-93.10010026,13.74208429,-3.633344553,89.9523844,HG
106.4652577,1.816527686,-108.2817853,27.44306241,-3.642815015,89.94256803,HG
91.07575563,27.63904166,-118.7147973,39.64951492,-3.894869542,89.93275273,HG
71.65542908,52.3091712,-123.9646003,50.08161738,-4.410300976,89.92293851,HG
49.03114552,74.70889419,-123.7400397,58.65341402,-5.198293577,89.91312537,HG
45.40075471,77.83308186,-123.2338366,59.74647284,-5.340190023,89.91164145,HG
45.40075471,77.83308186,-123.2338366,59.74647284,-5.340190023,89.91164145,HG
20.39751219,96.41474397,-116.8122562,65.38655956,-6.425394464,89.90182955,HG
-5.531553117,110.8072534,-105.2757003,68.08830139,-7.745357469,89.89201873,HG
-31.24241427,120.3756309,-89.1332166,68.07947055,-9.26086668,89.882209,HG
-55.56698751,124.647847,-69.08085954,64.77710053,-10.91708806,89.87240035,HG
-77.46453263,123.4938545,-46.02932184,58.97075175,-12.65430132,89.86259279,HG
-79.1713918,123.140815,-43.96942324,58.33600763,-12.80288913,89.86176361,HG
-79.1713918,123.140815,-43.96942324,58.33600763,-12.80288913,89.86176361,HG
-97.34895358,116.1472564,-18.79830286,49.67663691,-14.55066885,89.85195723,HG
-111.2515553,104.092274,7.159281253,39.77433753,-16.22950282,89.84215193,HG
-120.2405716,87.47683673,32.76373484,26.89883573,-17.76274218,89.83234772,HG
-123.9494048,67.06412561,56.88527919,13.74702807,-19.08227559,89.82254459,HG
-122.210334,43.74664329,78.46369073,0.119789979,-20.12332466,89.81274255,HG
-122.1773729,43.57231138,78.60506157,2.71E-10,-20.12936878,89.81267278,HG
-122.1773729,43.57231138,78.60506157,-5.84E-10,-20.12936878,89.81267278,HG
-115.0332724,18.37108044,96.66219199,-13.8776178,-20.83448562,89.80287182,HG
-102.7978441,-7.618373694,110.4162178,-26.09748925,-21.15962101,89.79307193,HG
-86.06553377,-33.18555424,119.251088,-38.40032906,-21.07659744,89.78327312,HG
-65.55464461,-57.24202947,122.7966741,-48.11295675,-20.5767051,89.77347537,HG
-44.17631219,-77.07955369,121.2558659,-54.99048289,-19.75419626,89.76448769,HG
-44.17631218,-77.0795537,121.2558659,-54.99048289,-19.75419626,89.76448769,HG
-19.05028425,-95.35393741,114.4042217,-60.19051382,-18.47629014,89.75469198,HG
6.904583159,-109.3820532,102.47747,-62.51570412,-16.84182626,89.74489732,HG
32.54122956,-118.5340608,85.99283123,-62.01065395,-14.8995866,89.73510371,HG
56.74098713,-122.4163103,65.67532318,-58.75506309,-12.71366833,89.72531115,HG
75.08127088,-121.422606,46.34133511,-53.96075925,-10.74411477,89.71709763,HG
75.08127088,-121.422606,46.34133511,-53.96075925,-10.74411477,89.71709763,HG
93.93337923,-115.3278283,21.39444907,-46.02810213,-8.303958272,89.70730699,HG
108.5861425,-104.0744201,-4.511722372,-35.78252257,-5.846101913,89.6975174,HG
118.446746,-88.18165308,-30.26509294,-24.08349606,-3.451566304,89.68772886,HG
123.0777111,-68.34426871,-54.73344242,-11.54779156,-1.200008005,89.67794136,HG
122.7545734,-49.87232245,-72.8822509,-2.06E-09,0.468079727,89.66997059,HG
122.7545734,-49.87232245,-72.8822509,-1.51E-09,0.468079727,89.66997059,HG
117.5585828,-25.20323814,-92.35534463,13.18627058,2.281395871,89.660185,HG
107.1069716,0.627178771,-107.7341503,25.47320196,3.763771238,89.65040045,HG
91.92890554,26.48297529,-118.4118808,37.11359053,4.884296542,89.64061696,HG
72.67818415,51.2368346,-123.9150188,46.82732706,5.619913143,89.63083453,HG
54.33334,70.01487069,-124.3482107,53.58195925,5.927093162,89.62277509,HG
54.33334,70.01487069,-124.3482107,53.58195925,5.927093162,89.62277509,HG
29.95771373,89.96730985,-119.9250236,58.91678109,5.950380973,89.6129946,HG
4.230372177,106.0275915,-110.2579636,62.27603249,5.612250139,89.60321517,HG
-21.70245751,117.4717143,-95.7692568,62.67419167,4.949659335,89.59343682,HG
-46.70159193,123.7689766,-77.06738469,59.58515022,4.008387509,89.58365955,HG
-66.97392619,124.8457459,-57.87181971,55.07167974,3.006834916,89.57507702,HG
-66.9739262,124.8457459,-57.87181971,55.07167974,3.006834916,89.57507702,HG
-87.2795103,120.9640423,-33.68453199,47.94944894,1.722164506,89.56530177,HG
-103.757849,111.8045738,-8.046724811,38.10969891,0.351039112,89.5555276,HG
-115.7177538,97.77340526,17.9443485,27.12403626,-1.041539378,89.54575451,HG
-122.5159315,79.4668629,43.04906862,13.04856912,-2.372987507,89.5359825,HG
-124.0013807,58.52219703,65.47918364,-5.72E-10,-3.556113842,89.52655117,HG
-124.0013807,58.52219703,65.47918364,-1.26E-09,-3.556113842,89.52655117,HG
-120.1910368,34.35711066,85.83392617,-13.81806093,-4.622253374,89.51678128,HG
-111.0977709,8.719212601,102.3785583,-26.81973929,-5.488399207,89.50701246,HG
-97.10991931,-17.29648575,114.4064051,-38.34363725,-6.132500525,89.49724472,HG
-78.80958753,-42.41535135,121.2249389,-50.67552244,-6.514608032,89.48747804,HG
-57.14472151,-65.57576929,122.7204908,-59.17726289,-6.664595568,89.47771244,HG
-55.905484,-66.74264132,122.6481253,-59.56728932,-6.666834901,89.47719244,HG
-55.905484,-66.74264133,122.6481253,-59.56728932,-6.666834901,89.47719244,HG
-31.58350969,-86.86594312,118.4494528,-65.49076778,-6.596145161,89.46742796,HG
-5.906470456,-103.0557854,108.9622558,-68.76754983,-6.33164178,89.45766454,HG
20.01795399,-114.68295,94.66499601,-68.51942193,-5.92721637,89.44790218,HG
45.07888137,-121.1673778,76.08849644,-66.87791211,-5.424660144,89.43814089,HG
68.10879938,-122.2636977,54.1548983,-61.49665025,-4.890532275,89.42838065,HG
70.86982769,-121.9992386,51.12941094,-60.68015419,-4.821825345,89.42712503,HG
70.86982769,-121.9992386,51.12941094,-60.68015419,-4.821825345,89.42712503,HG
90.43748648,-116.962873,26.52538653,-52.2222436,-4.322793045,89.41736599,HG
105.9903244,-106.7225429,0.732218457,-41.96939432,-3.919254479,89.40760801,HG
116.9078647,-91.72341122,-25.18445351,-30.74747485,-3.665488671,89.3978511,HG
122.5146417,-72.53611431,-49.97852738,-16.68894904,-3.61190683,89.38809525,HG
122.765128,-50.21084223,-72.55428579,-2.098246998,-3.795653482,89.37834046,HG
122.2730982,-46.18772624,-76.08537192,1.37E-09,-3.851985021,89.37669679,HG
122.2730982,-46.18772624,-76.08537192,2.01E-09,-3.851985021,89.37669679,HG
116.2303657,-21.27106228,-94.95930343,14.337154,-4.343499124,89.36694325,HG
105.020245,4.625987423,-109.6462324,27.58049476,-5.109267227,89.35719078,HG
89.16891211,30.37673266,-119.5456448,39.71834045,-6.142096712,89.34743939,HG
69.36751299,54.8506562,-124.2181692,49.95649154,-7.420543893,89.33768907,HG
46.4626088,76.95306868,-123.4156775,58.03732704,-8.909887289,89.32793982,HG
43.57578955,79.38044105,-122.9562306,58.92486818,-9.098580473,89.32677699,HG
43.57578955,79.38044105,-122.9562306,58.92486818,-9.098580473,89.32677699,HG
18.46451519,97.6728861,-116.1374013,64.41335108,-10.75731489,89.31702895,HG
-7.487247192,111.7215141,-104.234267,66.94186587,-12.50729585,89.307282,HG
-33.11194866,120.8807899,-87.76884128,66.89543875,-14.2741607,89.29753612,HG
-57.32716992,124.7816539,-67.45448394,63.02446958,-15.9928173,89.28779132,HG
-78.97303921,123.2155247,-44.24248551,57.21615446,-17.57153522,89.27805827,HG
-78.97303921,123.2155247,-44.24248551,57.21615446,-17.57153522,89.27805827,HG
-97.17772818,116.275998,-19.0982698,48.97852208,-18.9474512,89.26831563,HG
-111.1186193,104.2611449,6.857474477,38.52419699,-20.05264968,89.25857406,HG
-120.1753485,87.70204427,32.47330427,26.5919503,-20.82759132,89.24883357,HG
-123.956832,67.32441667,56.6324153,13.81340534,-21.22882337,89.23909415,HG
-122.479879,45.29069645,77.18918256,1.95E-09,-21.22606121,89.22986664,HG
-122.479879,45.29069645,77.18918256,1.33E-09,-21.22606121,89.22986664,HG
-115.693326,20.19599735,95.49732864,-13.06021975,-20.81152234,89.22012928,HG
-103.8175225,-5.756871417,109.5743939,-25.65955005,-19.9767233,89.21039298,HG
-87.38541827,-31.41071352,118.7961318,-37.04704574,-18.74137957,89.20065774,HG
-67.12698822,-55.59530938,122.7222976,-46.58462389,-17.13573591,89.19092354,HG
-47.27332359,-74.46058188,121.7339055,-53.9684898,-15.49189956,89.18256144,HG
-47.27332358,-74.46058188,121.7339055,-53.9684898,-15.49189956,89.18256144,HG
-22.34721599,-93.21490418,115.5621202,-58.53056779,-13.34193781,89.17282919,HG
3.569725095,-107.8390141,104.269289,-61.6353949,-11.00122347,89.16309797,HG
29.31950482,-117.6585132,88.33900834,-61.60554901,-8.549447863,89.1533678,HG
53.80391351,-122.2612444,68.45733086,-59.34081662,-6.067136592,89.14363866,HG
72.66298436,-121.8112589,49.14827457,-53.06251045,-4.008521631,89.13538252,HG
72.66298436,-121.8112589,49.14827457,-53.06251045,-4.00852163,89.13538252,HG
91.91335132,-116.3269807,24.41362936,-45.99811291,-1.705589591,89.1256553,HG
107.1077295,-105.6684875,-1.439241977,-35.9033282,0.391974153,89.11592913,HG
117.5736298,-90.29870868,-27.27492117,-24.63120752,2.217578162,89.10620399,HG
122.8632384,-70.87975695,-51.98348149,-13.03847844,3.720329429,89.0964799,HG
123.10697,-52.87370657,-70.23326344,1.89E-09,4.654263514,89.08864728,HG
123.10697,-52.87370657,-70.23326345,2.56E-09,4.654263515,89.08864728,HG
118.5367025,-28.44176469,-90.09493783,12.5525527,5.466925835,89.07892509,HG
108.7400159,-2.696115384,-106.0439005,25.23653371,5.884744591,89.06920395,HG
94.13844089,23.22524347,-117.3636844,36.87194188,5.913008696,89.05948387,HG
75.34359181,48.18578856,-123.5293804,47.05911039,5.570654166,89.04976485,HG
55.62820486,68.83075021,-124.4589551,54.47367498,4.984071568,89.04104435,HG
55.62820486,68.83075021,-124.4589551,54.47367498,4.984071568,89.04104435,HG
31.35167028,88.98177179,-120.3334421,60.31307584,4.064621263,89.03132736,HG
5.665573767,105.283559,-110.9491327,63.28095592,2.92215396,89.02161144,HG
-20.28964948,116.9806373,-96.6909878,63.52532613,1.623108628,89.01189658,HG
-45.3472698,123.5705107,-78.22324087,61.13940598,0.243922605,89.00218281,HG
-66.80419291,124.867244,-58.06305104,56.5865777,-1.047150354,88.99319547,HG
-66.80419291,124.867244,-58.06305104,56.5865777,-1.047150354,88.99319547,HG
-87.12836514,121.0277905,-33.89942533,48.71009905,-2.386824157,88.98348376,HG
-103.638917,111.9013205,-8.262403462,38.74051653,-3.616273295,88.97377312,HG
-115.5949516,97.89840191,17.69654965,27.06871159,-4.679762989,88.96406355,HG
-122.4806254,79.63181328,42.8488121,14.27696592,-5.539617854,88.95435505,HG
-123.9557882,58.01634532,65.93944289,6.56E-11,-6.159097168,88.94469573,HG
-123.9557882,58.01634532,65.9394429,-5.23E-10,-6.159097169,88.94469573,HG
-120.0163003,33.80386859,86.21243173,-13.91123231,-6.540629119,88.93498936,HG
-110.803875,8.155526886,102.6483482,-27.28365556,-6.682741943,88.92528405,HG
-96.72352014,-17.80722406,114.5307442,-39.47817063,-6.604891469,88.91557979,HG
-78.40945133,-42.89411585,121.3035672,-50.11571876,-6.335363412,88.9058766,HG
-56.57804852,-66.1056076,122.6836561,-59.26943535,-5.919609317,88.89617446,HG
-54.28967629,-68.2320789,122.5217552,-59.92529108,-5.872605919,88.89522104,HG
-54.28967629,-68.2320789,122.5217552,-59.92529108,-5.872605919,88.89522104,HG
-29.86070329,-88.06279132,117.9234946,-65.95894624,-5.359776487,88.88552006,HG
-4.112091723,-103.9864742,108.0985659,-69.41093944,-4.821889658,88.87582013,HG
21.78871555,-115.2489884,93.46027286,-69.82420459,-4.3191595,88.86612125,HG
46.7741965,-121.4403632,74.66616675,-67.8320264,-3.91425533,88.85642343,HG
69.58363193,-122.1089931,52.52536117,-61.97481948,-3.662468209,88.84672666,HG
73.4227532,-121.6518558,48.2291026,-60.77005319,-3.637376021,88.84497055,HG
73.4227532,-121.6518558,48.2291026,-60.77005319,-3.637376021,88.84497055,HG
92.54255132,-115.9640493,23.42149794,-52.37253582,-3.630769789,88.83527504,HG
107.554457,-105.1102026,-2.444254459,-41.79786091,-3.871427828,88.82558058,HG
117.8118435,-89.56720166,-28.24464185,-29.61561838,-4.382048176,88.81588718,HG
122.8668192,-70.01877513,-52.84804412,-16.58052861,-5.170795718,88.80619485,HG
122.4536225,-47.30274378,-75.15087868,-1.995528305,-6.232092571,88.79650358,HG
121.9488202,-43.8539722,-78.094848,1.80E-09,-6.404604772,88.79511574,HG
121.9488202,-43.8539722,-78.09484801,2.51E-09,-6.404604772,88.79511574,HG
115.3952722,-18.79870626,-96.59656595,13.96342144,-7.743748096,88.7854257,HG
103.67033,7.180172756,-110.8505028,27.45643961,-9.290443698,88.77573672,HG
87.33576251,32.81204378,-120.1478063,38.68441011,-10.97520674,88.76604882,HG
67.42161733,56.86976225,-124.2913796,49.98402056,-12.70656417,88.756362,HG
60.31124132,64.25449554,-124.5657369,52.82439397,-13.31049622,88.75332739,HG
53.07937516,71.12814802,-124.2075232,54.94973888,-13.87055337,88.75029288,HG
45.5971653,77.71676398,-123.3139293,57.22204792,-14.431046,88.74725849,HG
42.46910561,80.3215114,-122.790617,58.08472687,-14.65850146,88.74601261,HG
42.46910561,80.3215114,-122.790617,58.08472687,-14.65850146,88.74601261,HG
32.95130252,87.75112049,-120.702423,60.36922758,-15.33149204,88.74229488,HG
12.63685494,101.2791879,-113.9160428,63.92996708,-16.67074175,88.73459683,HG
-12.9194836,114.0964067,-101.1769231,65.92245392,-18.17978755,88.72507851,HG
-37.92585665,122.1144792,-84.18862253,65.25568802,-19.4637805,88.71556122,HG
-61.31161617,124.9926921,-63.68107591,62.51483224,-20.45834319,88.70604496,HG
-77.97646442,123.5121391,-45.53567468,56.17860315,-21.0044637,88.69855169,HG
-77.97646442,123.5121391,-45.53567468,56.17860315,-21.0044637,88.69855169,HG
-96.09880615,116.9953378,-20.89653169,48.30419067,-21.35876604,88.68903727,HG
-110.162353,105.562859,4.599493951,38.40570636,-21.31634695,88.67952387,HG
-119.5513541,89.6814211,29.86993296,27.03406131,-20.85904623,88.67001149,HG
-123.8796504,70.01523459,53.86441583,14.87243698,-19.99269236,88.66050012,HG
-122.8788544,47.43485684,75.44399759,0.796904354,-18.71921551,88.65098977,HG
-122.6578027,46.03883609,76.61896665,3.23E-09,-18.63324453,88.65043279,HG
-122.6578027,46.03883609,76.61896665,2.52E-09,-18.63324453,88.65043279,HG
-116.1734821,21.39729739,94.77618472,-13.05363756,-16.99167049,88.6409235,HG
-104.7596998,-4.099079169,108.8587789,-25.41764354,-15.04807643,88.63141521,HG
-88.89781062,-29.3799561,118.2777667,-36.49373608,-12.86459347,88.62190792,HG
-69.27875326,-53.32238268,122.6011359,-46.07253602,-10.51648141,88.61240163,HG
-49.08681229,-72.90846794,121.9952802,-53.43161611,-8.320223894,88.60387379,HG
-49.08681229,-72.90846794,121.9952802,-53.43161611,-8.320223894,88.60387379,HG
-24.71060262,-91.64716644,116.3577691,-58.11146523,-5.874543235,88.5943694,HG
0.725228032,-106.4618736,105.7366456,-61.31553515,-3.494065041,88.58486599,HG
26.11666693,-116.6891594,90.57249244,-61.5697993,-1.260846578,88.57536359,HG
50.41384192,-121.9112315,71.49738961,-59.74254676,0.757955221,88.56586219,HG
71.32573378,-121.9487088,50.62297506,-53.21056406,2.397063451,88.55688448,HG
71.32573378,-121.9487088,50.62297505,-53.21056406,2.397063451,88.55688448,HG
90.50653269,-116.9289198,26.4223871,-45.90808455,3.816605308,88.54738502,HG
105.8230516,-106.8792077,1.05615602,-36.16363515,4.872989601,88.53788658,HG
116.6222867,-92.22127197,-24.40101469,-25.20288638,5.545969116,88.52838914,HG
122.4503918,-73.55958267,-48.89080909,-14.13765761,5.831923182,88.51889272,HG
123.2084466,-54.61358672,-68.59485984,2.91E-09,5.767577028,88.5105873,HG
123.2084466,-54.61358672,-68.59485984,3.40E-09,5.767577028,88.5105873,HG
119.1669311,-30.75017827,-88.41675285,12.4690377,5.368004445,88.50109279,HG
110.0437522,-5.522536765,-104.5212154,25.35870671,4.657422303,88.49159931,HG
96.21556263,20.00076706,-116.2163297,36.76374881,3.68567376,88.48210685,HG
78.24879163,44.73221596,-122.9810076,47.18966873,2.510636155,88.47261541,HG
57.15982972,67.39369548,-124.5535252,55.59674268,1.218420031,88.46321064,HG
57.15982972,67.39369548,-124.5535252,55.59674268,1.218420031,88.46321064,HG
33.44438271,87.4691578,-120.9135405,61.28227715,-0.150195777,88.45372126,HG
8.268895432,103.8717323,-112.1406277,65.4840571,-1.517525423,88.44423291,HG
-17.28548679,115.8897095,-98.60422269,65.37222237,-2.817383963,88.43474559,HG
-42.06971039,123.0309076,-80.96119725,63.65207169,-3.983794394,88.4252593,HG
-65.0980205,124.9907154,-59.89269495,59.14849421,-4.979995988,88.41577404,HG
-67.34456751,124.8923366,-57.54776907,58.23905883,-5.072661622,88.41479375,HG
-67.34456751,124.8923366,-57.54776907,58.23905883,-5.072661622,88.41479375,HG
-87.29574582,121.0171692,-33.72142338,50.12389438,-5.838556571,88.40530962,HG
-103.5290354,112.0573202,-8.528284871,40.28944601,-6.369307307,88.39582652,HG
-115.3718946,98.374403,16.99749158,28.68592372,-6.661849838,88.38634443,HG
-122.3048387,80.55470299,41.75013569,16.06139028,-6.722272363,88.37686336,HG
-124.0808392,59.36620595,64.71463325,2.560504861,-6.579880682,88.36738331,HG
-123.8699258,55.86323569,68.00669008,4.03E-10,-6.539389723,88.36592749,HG
-123.8699258,55.86323569,68.00669008,-4.46E-10,-6.539389723,88.36592749,HG
-119.5127824,31.86820175,87.64458069,-14.09616974,-6.193699701,88.35644861,HG
-110.1112509,6.602721905,103.508529,-27.22265497,-5.731661745,88.34697075,HG
-96.02922047,-18.89661135,114.9258318,-39.41291174,-5.204077374,88.33749389,HG
-77.87356089,-43.54645299,121.4200139,-50.06620814,-4.670857615,88.32801805,HG
-56.38686778,-66.33331467,122.7201824,-58.80398752,-4.191134771,88.31854321,HG
-51.28237895,-70.9850485,122.2674275,-60.2467739,-4.097696414,88.31644715,HG
-51.28237895,-70.9850485,122.2674275,-60.2467739,-4.097696414,88.31644715,HG
-27.04696023,-90.02775001,117.0747102,-66.60189662,-3.762469243,88.30697355,HG
-6.815748507,-102.5202925,109.336041,-69.65819502,-3.619855308,88.2994182,HG
18.32291444,-114.0029341,95.68001965,-70.27756655,-3.632588211,88.2900807,HG
42.70120459,-120.7250368,78.0238322,-68.68033153,-3.883123653,88.2807442,HG
65.32623541,-122.4036986,57.0774632,-64.88831847,-4.392862839,88.27140868,HG
75.26369173,-121.3664139,46.1027222,-59.51046257,-4.732209377,88.26691814,HG
75.26369173,-121.3664139,46.10272219,-59.51046257,-4.732209378,88.26691814,HG
93.50012682,-115.4572782,21.95715137,-52.22025773,-5.632858553,88.2575841,HG
107.8765301,-104.7412185,-3.135311649,-42.06213453,-6.78222066,88.24825105,HG
117.7659534,-89.63078176,-28.13517164,-30.59298522,-8.1525706,88.238919,HG
122.7738771,-70.75219587,-52.02168127,-18.43265335,-9.704309188,88.22958795,HG
122.63975,-48.88390088,-73.75584909,-3.939453249,-11.38037813,88.22025791,HG
121.6418787,-42.09293127,-79.54894746,-3.81E-10,-11.88370407,88.21754724,HG
121.6418787,-42.09293127,-79.54894746,3.28E-10,-11.88370407,88.21754724,HG
114.9857553,-17.72527767,-97.26047766,13.48827219,-13.63482531,88.20821849,HG
103.55456,7.416114185,-110.9706742,25.97503127,-15.36067802,88.19889074,HG
87.81693293,32.31893658,-120.1358695,37.06744205,-16.99553164,88.18956399,HG
68.39761021,55.9328832,-124.3304934,47.40375154,-18.46208226,88.18023825,HG
46.16292648,77.25404942,-123.4169759,55.53420026,-19.69141505,88.1709135,HG
43.03855895,79.86763242,-122.9061914,56.297204,-19.83369588,88.16967511,HG
43.03855895,79.86763242,-122.9061914,56.297204,-19.83369588,88.16967511,HG
18.6770324,97.59333555,-116.270368,61.40812192,-20.73491291,88.16035149,HG
-6.467899553,111.3210966,-104.8531971,63.83416084,-21.28698602,88.15102887,HG
-31.3735521,120.484933,-89.11138093,63.54872842,-21.45466498,88.14170723,HG
-54.97664821,124.7024769,-69.72582866,60.87634183,-21.21654849,88.13238658,HG
-76.3337344,123.8106596,-47.47692524,55.87165193,-20.57062249,88.12306692,HG
-78.3351168,123.4275723,-45.09245549,54.99920921,-20.48052644,88.12211765,HG
-78.3351168,123.4275723,-45.09245549,54.9992092,-20.48052644,88.12211765,HG
-96.18550308,116.9531875,-20.76768442,48.20308529,-19.39737159,88.11279905,HG
-110.0851454,105.6821171,4.403028345,38.63238813,-17.94657284,88.10348144,HG
-119.3752315,90.09024848,29.284983,25.66467763,-16.16632267,88.09416479,HG
-123.7698182,70.81289973,52.9569185,13.36067005,-14.11800308,88.0848491,HG
-123.0576793,48.65592046,74.4017588,0.432408692,-11.86732646,88.07553439,HG
-122.9525046,47.95093367,75.00157097,-9.08E-10,-11.79644534,88.0752536,HG
-122.9525046,47.95093367,75.00157097,-1.66E-09,-11.79644534,88.0752536,HG
-117.0043147,23.77770695,93.22660777,-12.95456205,-9.412922018,88.06593987,HG
-106.2244008,-1.323332229,107.5477331,-25.19550722,-6.983319145,88.05662711,HG
-91.06075202,-26.32118817,117.3819402,-36.3053264,-4.587320467,88.04731531,HG
-72.14031477,-50.18631721,122.326632,-45.81076836,-2.302942125,88.03800447,HG
-50.26229281,-71.8946125,122.1569053,-53.59064463,-0.20849934,88.0286946,HG
-49.71533815,-72.3752106,122.0905488,-53.7964203,-0.161558536,88.02847491,HG
-49.71533815,-72.3752106,122.0905488,-53.7964203,-0.161558536,88.02847491,HG
-25.68220292,-91.0051738,116.6873767,-58.58817696,1.68254726,88.01916602,HG
-0.637053065,-105.7999718,106.4370249,-61.43153934,3.21648962,88.00985811,HG
24.42860497,-116.1661043,91.73749937,-61.41096738,4.405121836,88.00055116,HG
48.4746135,-121.6776301,73.20301657,-58.95327613,5.22296498,87.9912452,HG
70.52990727,-122.1082961,51.57838882,-54.53828958,5.660866976,87.98194021,HG
71.48088963,-122.00179,50.52090039,-53.90107297,5.671558409,87.98151079,HG
71.48088963,-122.00179,50.52090039,-53.90107297,5.671558409,87.98151079,HG
90.36302469,-117.0355085,26.67248378,-45.32510993,5.708068764,87.97220683,HG
101.8461786,-110.3322181,8.486039551,-38.64636225,5.513821986,87.96542504,HG
114.1129469,-96.79286444,-17.32008242,-27.47720268,4.948662967,87.95588914,HG
121.4097022,-78.99440646,-42.41529577,-15.16249978,4.087245525,87.94635427,HG
123.4247227,-57.69188667,-65.73283608,-2.794119586,2.985998168,87.93682045,HG
123.2715619,-54.51087138,-68.76069051,1.60E-09,2.818544517,87.93549634,HG
123.2715619,-54.51087138,-68.76069052,2.59E-09,2.818544517,87.93549634,HG
119.1031555,-30.35781519,-88.7453403,14.24396231,1.527355445,87.92596371,HG
109.7774548,-4.847385435,-104.9300694,26.87624314,0.150563235,87.91643212,HG
95.65561794,20.93128486,-116.5869028,38.6681188,-1.242390689,87.90690158,HG
77.35810245,45.86555778,-123.2236602,48.6361628,-2.583512174,87.89737209,HG
57.90214014,66.71767269,-124.6198128,57.09323342,-3.69362968,87.88877312,HG
57.90214014,66.71767269,-124.6198128,57.09323342,-3.69362968,87.88877312,HG
33.99510001,87.06396252,-121.0590625,62.72048428,-4.761743604,87.87924561,HG
8.577536819,103.7016841,-112.2792209,66.56926372,-5.627870888,87.86971915,HG
-17.23003227,115.8858435,-98.65581124,67.28035385,-6.260268195,87.86019373,HG
-42.28763517,123.053988,-80.76635279,65.17078706,-6.641206371,87.85066934,HG
-65.52374626,124.9363505,-59.41260424,60.16407849,-6.780602388,87.84114599,HG
-68.24849657,124.7844608,-56.53596421,59.40872591,-6.780766917,87.8399556,HG
-68.24849657,124.7844608,-56.53596421,59.40872591,-6.780766917,87.8399556,HG
-88.23772427,120.6234413,-32.38571703,51.56054726,-6.669854779,87.83043341,HG
-104.3869482,111.2616275,-6.874679262,41.45900682,-6.369160614,87.82091225,HG
-116.012744,97.11571424,18.89702974,29.63240157,-5.926648468,87.81139212,HG
-122.6139091,78.79849931,43.81540975,16.6536023,-5.397184934,87.80187302,HG
-123.9104354,57.08232206,66.82811336,3.425207873,-4.841024646,87.79235494,HG
-123.5722325,53.05761958,70.51461293,-5.40E-10,-4.746062427,87.79070678,HG
-123.5722325,53.05761957,70.51461293,-1.50E-09,-4.746062427,87.79070678,HG
-118.490613,28.60974399,89.88086899,-13.60593154,-4.235917394,87.78118991,HG
-108.3245038,2.981879392,105.3426244,-27.2364267,-3.838820947,87.77167407,HG
-93.44945474,-22.72228455,116.1717393,-39.45526962,-3.607779244,87.76215925,HG
-74.52409265,-47.39484008,121.9189327,-50.02525319,-3.591212303,87.75264546,HG
-52.34263974,-69.93832454,122.2809643,-58.67984153,-3.82719812,87.74313271,HG
-47.33534741,-74.33479405,121.6701415,-60.17901794,-3.911666491,87.74112133,HG
-47.33534741,-74.33479405,121.6701415,-60.17901794,-3.911666491,87.74112133,HG
-22.57225676,-93.00606769,115.5783245,-65.97332112,-4.481445595,87.73160983,HG
3.161520842,-107.5800908,104.4185699,-68.63711775,-5.333535345,87.72209936,HG
28.75393982,-117.4280268,88.67408702,-68.71421644,-6.457018442,87.71258994,HG
53.06105265,-122.0761078,69.01505517,-65.50545391,-7.823866388,87.70308156,HG
75.05035497,-121.3728668,46.32251184,-59.86007048,-9.391438779,87.69357423,HG
78.12754827,-120.786201,42.65865277,-58.72436078,-9.644485875,87.69212768,HG
78.12754828,-120.786201,42.65865277,-58.72436078,-9.644485875,87.69212768,HG
96.27542804,-113.9544266,17.67899861,-49.9792319,-11.37625118,87.68262155,HG
110.2131766,-102.1113476,-8.101828943,-40.29354532,-13.17510328,87.67311647,HG
119.3695141,-85.74671325,-33.62280089,-29.30411064,-14.97761354,87.66361243,HG
123.2326312,-65.61553235,-57.6170989,-14.13718748,-16.67359049,87.65410944,HG
121.7603837,-42.56692733,-79.19345636,-0.667882447,-18.2171712,87.6446075,HG
121.5659741,-41.47887544,-80.08709862,3.31E-09,-18.28119121,87.64418153,HG
121.5659741,-41.47887544,-80.08709862,4.07E-09,-18.28119121,87.64418153,HG
114.5476594,-16.45141994,-98.09623949,13.05302177,-19.57814703,87.63468068,HG
102.5372021,9.335160697,-111.8723628,26.88711073,-20.56776462,87.62518087,HG
86.03534274,34.76533119,-120.8006739,38.00192952,-21.19147649,87.6156821,HG
65.78215341,58.75649409,-124.5386475,47.51832186,-21.41962884,87.60618436,HG
43.90605916,79.18344782,-123.089507,55.18191282,-21.23541908,87.5971872,HG
43.90605916,79.18344782,-123.089507,55.18191282,-21.23541908,87.5971872,HG
18.98695145,97.40889592,-116.3958474,59.93537971,-20.61808715,87.58769146,HG
-6.792045603,111.471199,-104.6791534,62.74185484,-19.57834154,87.57819674,HG
-32.29525709,120.7420247,-88.4467676,62.50061724,-18.14199471,87.56870304,HG
-56.37810031,124.7972669,-68.41916662,59.70796489,-16.35266958,87.55921036,HG
-76.07022192,123.8323275,-47.76210562,54.27474341,-14.47772048,87.55064861,HG
-76.07022192,123.8323275,-47.76210562,54.27474341,-14.47772048,87.55064861,HG
-94.71577016,117.7004557,-22.98468559,46.46755639,-12.18888818,87.54115785,HG
-109.2618656,106.5060872,2.755778382,36.47204081,-9.752254265,87.53166809,HG
-119.0758665,90.73033965,28.34552689,25.09383457,-7.252808227,87.52217933,HG
-123.7411478,71.04209949,52.69904829,13.22101968,-4.774791938,87.51269158,HG
-123.3116251,51.08523445,72.2263907,1.20E-09,-2.681313487,87.50431429,HG
-123.3116251,51.08523445,72.2263907,7.11E-10,-2.681313487,87.50431429,HG
-117.8622521,26.5383381,91.32391399,-12.40111359,-0.493733506,87.49482844,HG
-107.2866183,0.852097294,106.434521,-25.15523406,1.442771557,87.48534359,HG
-92.06297894,-24.82037097,116.8833499,-36.62997467,3.061926454,87.47585976,HG
-72.82080883,-49.3624057,122.1832145,-46.52140952,4.315379034,87.46637694,HG
-52.97530742,-69.41690783,122.3922152,-53.62347186,5.100683577,87.45791539,HG
-52.97530742,-69.41690783,122.3922152,-53.62347186,5.100683577,87.45791539,HG
-28.60349827,-88.9553794,117.5588777,-59.18503527,5.598429043,87.4484345,HG
-2.988515118,-104.5901414,107.5786565,-61.9265663,5.697356481,87.43895463,HG
22.71567475,-115.5983158,92.88264101,-62.70376917,5.416310927,87.42947579,HG
47.46525963,-121.53193,74.06667036,-59.26608891,4.789283679,87.41999799,HG
67.5473132,-122.3329835,54.78567029,-54.71362107,3.996174662,87.41165398,HG
67.5473132,-122.3329835,54.78567029,-54.71362107,3.996174662,87.41165398,HG
87.54204912,-118.1927062,30.65065709,-47.15255276,2.876022884,87.40217812,HG
103.7230522,-108.8627067,5.139654514,-37.15055593,1.58806698,87.39270331,HG
115.380135,-94.75199517,-20.62813982,-25.54381229,0.207076638,87.38322953,HG
122.0030008,-76.42701962,-45.57598122,-12.29704864,-1.201271179,87.37375679,HG
123.378762,-56.75312434,-66.62563765,5.56E-10,-2.438255934,87.3651195,HG
123.378762,-56.75312434,-66.62563765,1.26E-09,-2.438255934,87.3651195,HG
119.7660588,-32.82253982,-86.94351902,13.27599082,-3.685916328,87.35564875,HG
110.9329194,-7.389408246,-103.5435111,26.46437687,-4.772927528,87.34617904,HG
97.25238226,18.44599147,-115.6983737,38.06037962,-5.655711386,87.33671036,HG
79.2924364,43.4779311,-122.7703675,49.51369723,-6.286548265,87.32724272,HG
57.94123534,66.64679076,-124.5880261,58.40015726,-6.669958174,87.3177761,HG
55.99553697,68.49704968,-124.4925867,59.06191048,-6.691333157,87.31697505,HG
55.99553697,68.49704968,-124.4925867,59.06191048,-6.691333157,87.31697505,HG
31.90113032,88.60163988,-120.5027702,65.18692433,-6.814926165,87.30750955,HG
6.425968584,104.8668104,-111.292779,68.44971192,-6.706040565,87.29804508,HG
-19.34373581,116.6502182,-97.3064824,68.34121438,-6.407588384,87.28858164,HG
-44.31522908,123.3804322,-79.06520309,66.8014862,-5.956189628,87.27911921,HG
-67.34697774,124.8051992,-57.45822144,61.61713317,-5.41541903,87.26965781,HG
-70.88806051,124.5114176,-53.62335713,60.61420497,-5.320621888,87.26809761,HG
-70.88806051,124.5114176,-53.62335713,60.61420497,-5.320621888,87.26809761,HG
-90.44637164,119.6882654,-29.24189373,52.27618704,-4.751694659,87.25863739,HG
-106.0681088,109.714234,-3.646125116,42.19649767,-4.228397247,87.2491782,HG
-117.1423938,95.02831771,22.11407612,30.90411788,-3.81322291,87.23972003,HG
-123.0046182,76.16452699,46.84009121,17.08441475,-3.562880181,87.23026288,HG
-123.571122,54.14143354,69.42968845,2.923545722,-3.531319424,87.22080675,HG
-122.907802,48.45745693,74.45034504,1.50E-09,-3.560317118,87.21853572,HG
-122.907802,48.45745693,74.45034505,8.41E-10,-3.560317118,87.21853572,HG
-116.8876109,23.70570364,93.18190722,-14.42073486,-3.8468296,87.20908087,HG
-105.7661955,-2.021242151,107.7874377,-27.51258148,-4.415302134,87.19962704,HG
-90.06092587,-27.60910327,117.6700291,-39.57184367,-5.269590786,87.19017425,HG
-70.44786114,-51.9501023,122.3979634,-49.77701678,-6.398266135,87.18072249,HG
-47.75554875,-73.97349702,121.7290458,-57.87349796,-7.775236659,87.17127176,HG
-44.45512317,-76.76047841,121.2156016,-58.87906609,-7.980965753,87.16997291,HG
-44.45512317,-76.76047841,121.2156016,-58.87906609,-7.980965753,87.16997291,HG
-19.52268766,-94.98288032,114.505568,-64.3849092,-9.580974024,87.16052337,HG
6.252109107,-109.0255773,102.7734682,-66.86996794,-11.31852523,87.15107487,HG
31.73209175,-118.2559245,86.52383273,-66.82163219,-13.1218692,87.14162741,HG
55.83718756,-122.2984988,66.46131126,-63.36864519,-14.92033613,87.13218099,HG
77.49507021,-120.9666464,43.47157622,-57.38608892,-16.62976804,87.12273561,HG
78.690493,-120.7102306,42.01973762,-56.93607381,-16.72685253,87.12216934,HG
78.690493,-120.7102306,42.01973762,-56.93607381,-16.72685253,87.12216934,HG
96.72489823,-113.7319916,17.00709336,-48.7241861,-18.25470072,87.11272507,HG
110.5354918,-101.7575377,-8.777954142,-38.26856588,-19.53483465,87.10328183,HG
119.5242595,-85.29954953,-34.22471001,-26.3883254,-20.501709,87.09383962,HG
123.3059797,-65.07245134,-58.23352831,-13.6786195,-21.10224028,87.08439845,HG
121.7163456,-41.92580592,-79.79053964,-0.993898334,-21.29967522,87.0749583,HG
121.4958292,-40.72395111,-80.77187813,8.55E-10,-21.2970371,87.07448906,HG
121.4958292,-40.72395111,-80.77187813,1.87E-09,-21.2970371,87.07448906,HG
114.2733987,-15.68348578,-98.58991289,14.09411431,-21.01447139,87.06504998,HG
102.1148706,10.11519521,-112.2300658,26.76585563,-20.31020851,87.05561193,HG
85.4895498,35.52441229,-121.0139621,38.03563064,-19.17751563,87.04617489,HG
65.12938527,59.45587263,-124.5852579,47.41066367,-17.65354609,87.03673886,HG
44.99711721,78.26443223,-123.2615494,54.440865,-16.03276071,87.02849765,HG
44.99711721,78.26443224,-123.2615494,54.440865,-16.03276071,87.02849765,HG
20.10399308,96.70248828,-116.8064814,59.56776445,-13.91226395,87.0190635,HG
-5.655768094,110.9494237,-105.2936556,61.94881871,-11.57513666,87.00963036,HG
-31.19000758,120.4308429,-89.24083528,61.56258598,-9.105433405,87.00019821,HG
-55.39006292,124.7324764,-69.3424135,58.54440245,-6.591020684,86.99076707,HG
-75.09134794,123.9974692,-48.90612123,53.80138064,-4.368386733,86.98230603,HG
-75.09134794,123.9974692,-48.90612123,53.80138064,-4.368386733,86.98230603,HG
-93.89850864,118.1128927,-24.21438406,45.61824359,-2.01851032,86.97287678,HG
-108.6612045,107.1511433,1.510061168,35.54138444,0.129627033,86.96344853,HG
-118.7059174,91.57927851,27.12663887,24.00324077,2.000312058,86.95402128,HG
-123.6092899,72.07426267,51.53502727,11.60196571,3.537551219,86.94459504,HG
-123.3886734,51.57258879,71.81608456,-5.96E-10,4.609234076,86.93600823,HG
-123.3886734,51.57258879,71.81608456,-8.19E-10,4.609234076,86.93600823,HG
-118.0243779,27.04221429,90.98216358,-14.08431768,5.396055029,86.92658392,HG
-107.5520835,1.368131915,106.1839516,-26.78489285,5.776268924,86.91716063,HG
-92.41225092,-24.31026379,116.7225147,-38.12430057,5.754793273,86.90773835,HG
-73.26469432,-48.88849983,122.1531942,-47.72241843,5.359397753,86.8983171,HG
-62.41436273,-60.43952937,122.8538921,-52.48081223,5.031476059,86.89359976,HG
-62.41436273,-60.43952937,122.8538921,-52.48081223,5.031476059,86.89359976,HG
-55.4208211,-67.18438146,122.6052026,-54.47808239,4.790599363,86.890715,HG
-55.4208211,-67.18438146,122.6052026,-54.47808239,4.790599363,86.890715,HG
-48.20334684,-73.66241349,121.8657603,-56.44910284,4.523751183,86.88783034,HG
-37.28859851,-82.57958166,119.8681802,-59.19613262,4.088286362,86.88360034,HG
-11.84835522,-99.73983063,111.5881859,-62.85164398,2.94874875,86.87413483,HG
14.10919645,-112.4705112,98.36131473,-63.33612562,1.636587904,86.86467037,HG
39.44019199,-120.1688241,80.72863214,-61.39056289,0.225193717,86.85520694,HG
63.01388826,-122.5680083,59.55412003,-57.79195428,-1.200181094,86.84574457,HG
65.66852664,-122.4942055,56.82567888,-56.51024736,-1.367474443,86.84461034,HG
65.66852664,-122.4942055,56.82567888,-56.51024736,-1.367474443,86.84461034,HG
86.03347227,-118.8217131,32.78824084,-48.94625152,-2.719858936,86.83514913,HG
102.6398768,-109.8553847,7.215507866,-39.01902394,-3.952610068,86.82568896,HG
114.7234437,-96.01884864,-18.70459502,-27.47315296,-5.001895221,86.81622984,HG
121.7673927,-77.90875931,-43.85863341,-14.79520525,-5.830543746,86.80677175,HG
123.4197358,-56.30276286,-67.11697294,-0.112214958,-6.406657744,86.79731471,HG
123.4098155,-56.09593105,-67.31388447,-7.71E-11,-6.410623413,86.79722979,HG
123.4098155,-56.09593105,-67.31388447,5.61E-10,-6.410623413,86.79722979,HG
119.5942609,-31.98378292,-87.61047797,13.6019249,-6.725026763,86.78777379,HG
110.5123028,-6.395901546,-104.1164012,26.85301116,-6.791395471,86.77831882,HG
96.57487046,19.51836737,-116.0932378,39.23789818,-6.632090527,86.76886488,HG
78.38063273,44.65044419,-123.0310769,49.79609662,-6.286469806,86.75941196,HG
56.72592094,67.93586525,-124.6617862,57.17469479,-5.807179368,86.74996007,HG
54.3024429,70.17983151,-124.4822744,58.78142031,-5.747840651,86.74897398,HG
54.3024429,70.17983151,-124.4822744,58.78142031,-5.747840651,86.74897398,HG
38.29966889,83.70481692,-122.0044858,64.42425191,-5.361302174,86.74270344,HG
21.58342657,95.728977,-117.3124036,67.53370078,-4.97520947,86.73643336,HG
4.438066176,105.9024441,-110.3405103,69.45313904,-4.594009751,86.73016373,HG
-20.96735697,117.1719122,-96.20455525,70.00831258,-4.085148843,86.72089613,HG
-45.50168398,123.4987498,-77.99706585,67.8015747,-3.693581989,86.71162952,HG
-68.10314396,124.679944,-56.57680006,64.13078715,-3.477957992,86.7023639,HG
-75.30256001,123.8873897,-48.58482972,59.94326255,-3.452514815,86.6991563,HG
-75.30256001,123.8873897,-48.58482972,59.94326255,-3.452514815,86.6991563,HG
-93.82070612,118.0662661,-24.24555996,52.2705194,-3.541282258,86.68989201,HG
-108.4049638,107.3018166,1.103147244,41.73631689,-3.893481402,86.68062871,HG
-118.4152396,92.05250895,26.36273065,29.93800264,-4.524958538,86.67136641,HG
-123.4416381,72.95943806,50.48220003,17.31120852,-5.436432906,86.6621051,HG
-123.2700308,50.79423932,72.47579146,5.530400156,-6.616323526,86.65284479,HG
-122.4650588,45.32403001,77.1410288,-5.27E-10,-6.923307583,86.65069474,HG
-122.4650588,45.32403,77.1410288,-1.65E-09,-6.923307583,86.65069474,HG
-115.8313127,20.74911203,95.08220072,-13.4873049,-8.379489479,86.64143566,HG
-104.3691497,-4.652717472,109.0218671,-26.58229771,-10.01122104,86.63217759,HG
-88.49372785,-29.8078795,118.3016074,-38.18427537,-11.75699766,86.62292053,HG
-68.89179279,-53.64226687,122.5340597,-48.42625235,-13.54535707,86.61366447,HG
-46.36738279,-75.18889632,121.5562791,-56.158027,-15.30847477,86.60440942,HG
-43.31522713,-77.73235108,121.0475782,-57.0752124,-15.52737346,86.6032218,HG
-43.31522713,-77.73235109,121.0475782,-57.0752124,-15.52737346,86.6032218,HG
-18.67481748,-95.55225927,114.2270768,-62.35736671,-17.15716597,86.59396788,HG
6.737667494,-109.2838691,102.5462016,-64.80215207,-18.5915687,86.58471497,HG
31.85094226,-118.3345656,86.48362331,-64.71632967,-19.75803045,86.57546305,HG
55.61929323,-122.3396954,66.72040217,-61.47720903,-20.5997922,86.56621214,HG
77.01519305,-121.1148182,44.09962515,-55.86812039,-21.06270854,86.55696222,HG
78.22610537,-120.8667086,42.64060325,-55.4421795,-21.07721251,86.55639601,HG
78.22610537,-120.8667086,42.64060325,-55.4421795,-21.07721251,86.55639601,HG
96.13330563,-114.161157,18.02785141,-47.3897472,-21.10383843,86.54714713,HG
109.9680353,-102.5807842,-7.387251035,-37.69959314,-20.70165751,86.53789925,HG
119.167209,-86.5969974,-32.57021158,-26.58736577,-19.8734277,86.52865235,HG
123.2333413,-66.90613753,-56.32720374,-12.91738772,-18.61939779,86.51940643,HG
122.1326962,-44.41891656,-77.7137796,2.29E-09,-17.00520954,86.51019432,HG
122.1326962,-44.41891656,-77.7137796,2.95E-09,-17.00520954,86.51019432,HG
115.8666094,-19.92804134,-95.93856809,13.11013144,-15.06396673,86.50095033,HG
104.6891123,5.464833781,-110.1539461,25.25924303,-12.86457734,86.49170732,HG
89.06378652,30.71226295,-119.7760495,36.13234766,-10.48084996,86.48246528,HG
69.6151952,54.65582003,-124.2710152,46.19902302,-7.992322019,86.47322419,HG
48.09860086,75.61721575,-123.7158166,53.31296154,-5.593350389,86.46430245,HG
48.09860085,75.61721575,-123.7158166,53.31296154,-5.593350388,86.46430245,HG
23.78262249,94.27796192,-118.0605844,59.28877744,-3.175095465,86.45506327,HG
-1.55859124,108.9870756,-107.4284843,61.43841103,-0.912681344,86.44582504,HG
-26.8629777,119.173482,-92.3105043,61.8705943,1.120158351,86.43658779,HG
-51.01117247,124.3084735,-73.297301,58.48664773,2.849479189,86.42735151,HG
-71.9934087,124.3911602,-52.3977515,53.48199682,4.172428427,86.41857826,HG
-71.9934087,124.3911602,-52.3977515,53.48199682,4.172428427,86.41857826,HG
-91.11268792,119.4066113,-28.29392342,45.70071249,5.191971118,86.40934388,HG
-106.4007944,109.4246187,-3.023824302,36.31973543,5.810672149,86.40011047,HG
-117.2260134,94.86095163,22.36506175,26.10693451,6.027828419,86.39087805,HG
-123.0267991,76.31685411,46.70994494,12.099585,5.848676573,86.38164661,HG
-123.7962059,56.07232928,67.72387661,3.19E-10,5.362656835,86.37300478,HG
-123.7962059,56.07232928,67.72387661,-3.60E-10,5.362656835,86.37300478,HG
-119.5707404,32.22671063,87.34402972,-13.21801798,4.543503157,86.36377526,HG
-110.3003245,7.058830724,103.2414938,-25.59786864,3.468996912,86.35454673,HG
-96.35597697,-18.36573395,114.7217109,-37.74609193,2.204101046,86.34531921,HG
-78.36881523,-42.93985353,121.3086688,-48.0377342,0.827637134,86.33609268,HG
-57.36992045,-65.38374997,122.7536704,-56.17017641,-0.574263025,86.32698838,HG
-57.36992045,-65.38374997,122.7536704,-56.17017641,-0.574263025,86.32698838,HG
-33.6964975,-85.34067109,119.0371686,-60.70226173,-1.966724433,86.31776384,HG
-8.627830026,-101.5927402,110.2205702,-65.2535548,-3.256960878,86.30854029,HG
16.80504729,-113.5253604,96.72031308,-65.82635577,-4.397282437,86.29931774,HG
41.5152037,-120.6103129,79.09510916,-63.63277521,-5.338054963,86.29009619,HG
64.45046776,-122.5375352,58.08706742,-58.98414594,-6.045341758,86.28087563,HG
66.37096998,-122.4393447,56.06837469,-58.31652808,-6.094612512,86.28005255,HG
66.37096998,-122.4393447,56.06837469,-58.31652808,-6.094612512,86.28005255,HG
86.31053218,-118.6954214,32.38488926,-50.70083517,-6.535014461,86.27083307,HG
102.5593726,-109.8622809,7.302908305,-40.91112898,-6.720551988,86.26161458,HG
114.4670384,-96.33897907,-18.12805933,-29.42437403,-6.672884238,86.25239707,HG
121.5298184,-78.69182202,-42.83799642,-16.78722594,-6.421743757,86.24318055,HG
123.4296497,-57.68552289,-65.74412678,-3.605891492,-6.007683505,86.23396501,HG
123.175152,-53.57546072,-69.59969132,2.42E-09,-5.915639546,86.23231175,HG
123.175152,-53.57546072,-69.59969132,3.79E-09,-5.915639546,86.23231175,HG
118.9372986,-29.72789377,-89.20940481,13.11140558,-5.382453912,86.22309737,HG
109.6312582,-4.566251455,-105.0650068,26.53151234,-4.809451327,86.21388396,HG
95.68425291,20.83688983,-116.5211427,38.72937477,-4.264124538,86.20467154,HG
77.67916894,45.41607847,-123.0952474,49.36430165,-3.809359253,86.19546009,HG
56.39277602,68.09490317,-124.4876792,58.27975084,-3.504877739,86.18624962,HG
49.24514564,74.60704506,-123.8521907,61.05033238,-3.448902984,86.18339657,HG
49.24514563,74.60704506,-123.8521907,61.05033238,-3.448902984,86.18339657,HG
24.9736674,93.43175606,-118.4054235,66.28805157,-3.417461869,86.17418739,HG
-0.329338569,108.3399447,-108.0106062,69.1131596,-3.639454124,86.1649792,HG
-25.6385345,118.7214375,-93.082903,69.24506571,-4.138148284,86.15577199,HG
-49.88575455,124.1425988,-74.25684425,66.91797772,-4.921670766,86.14656577,HG
-72.00776412,124.322504,-52.3147399,61.30148757,-5.982867371,86.13736055,HG
-77.61917749,123.4515361,-45.83235861,59.50635912,-6.321997643,86.13482143,HG
-77.61917749,123.4515361,-45.83235861,59.50635912,-6.321997643,86.13482143,HG
-95.74291127,117.0367825,-21.29387127,51.00818799,-7.699085251,86.12561748,HG
-109.8192118,105.7253427,4.093869105,40.89958211,-9.273462557,86.11641452,HG
-119.277881,89.99257396,29.285307,29.42317502,-10.99190049,86.10721256,HG
-123.7216845,70.47401213,53.24767233,18.11377493,-12.79326037,86.0980116,HG
-122.8577496,48.05516876,74.80258089,2.096111721,-14.57407839,86.08881164,HG
-122.2598405,44.36432723,77.89551332,1.25E-10,-14.847578,86.08738313,HG
-122.2598405,44.36432723,77.89551332,-5.74E-10,-14.847578,86.08738313,HG
-115.4734104,19.72769369,95.7457167,-13.44827785,-16.54138814,86.07818433,HG
-103.8208641,-5.68254718,109.5034113,-25.99209899,-18.06315633,86.06898652,HG
-87.78681717,-30.817658,118.6044752,-37.0974536,-19.34360258,86.05978971,HG
-68.0257739,-54.59886534,122.6246392,-47.39849461,-20.3089398,86.05059389,HG
-45.4278371,-75.99676389,121.424601,-55.32611534,-20.90555657,86.04139907,HG
-44.69474031,-76.60861584,121.3033562,-55.50357018,-20.91744315,86.04111574,HG
-44.69474031,-76.60861584,121.3033561,-55.50357018,-20.91744315,86.04111574,HG
-20.13648341,-94.64745963,114.783943,-60.77310764,-21.09846919,86.03192193,HG
5.267028089,-108.6405401,103.3735121,-63.08574067,-20.84948369,86.0227291,HG
30.44374648,-117.979399,87.53565251,-62.72182493,-20.15960898,86.01353725,HG
54.3048381,-122.2745914,67.96975335,-59.95861303,-19.04502263,86.00434637,HG
75.87323193,-121.3523124,45.47908048,-54.88857014,-17.53599251,85.99515647,HG
76.60478111,-121.2172867,44.61250561,-54.55659278,-17.47340975,85.99481915,HG
76.60478111,-121.2172867,44.61250561,-54.55659278,-17.47340975,85.99481915,HG
94.80970506,-114.9289426,20.11923749,-46.30829685,-15.60666469,85.98563024,HG
108.9960375,-103.7274883,-5.268549197,-36.48799944,-13.45654789,85.9764423,HG
118.5639515,-88.09100799,-30.47294355,-25.07914565,-11.09877092,85.96725532,HG
123.1151361,-68.67776742,-54.43736864,-12.73762125,-8.615872588,85.95806929,HG
122.4604531,-46.28815073,-76.17230238,-0.306905831,-6.092230559,85.94888423,HG
122.4057841,-45.90695378,-76.49883033,1.79E-09,-6.051700725,85.94873538,HG
122.4057841,-45.90695378,-76.49883033,2.77E-09,-6.051700725,85.94873538,HG
116.4092631,-21.51660944,-94.89265368,13.45317124,-3.588796808,85.93955129,HG
105.5280024,3.848543769,-109.3765461,26.08019807,-1.263261376,85.93036816,HG
90.16779388,29.10043617,-119.2682301,37.09501093,0.842565322,85.92118599,HG
70.98345418,53.18147783,-124.164932,46.59381535,2.661524584,85.91200478,HG
51.60528475,72.54151292,-124.1467977,53.46082467,3.975764651,85.90394462,HG
51.60528475,72.54151292,-124.1467977,53.46082467,3.975764651,85.90394462,HG
27.53792125,91.70660738,-119.2445286,58.51159418,5.112834538,85.89476523,HG
2.280394152,107.0615296,-109.3419237,61.58551258,5.84819353,85.88558681,HG
-23.08849702,117.9430635,-94.85456653,61.87227458,6.173426132,85.87640936,HG
-47.51899376,123.9004156,-76.38142188,59.77720145,6.100006585,85.8672329,HG
-68.41301435,124.7413185,-56.3283042,53.91167301,5.694473666,85.85870049,HG
-68.41301435,124.7413185,-56.3283042,53.91167301,5.694473666,85.85870049,HG
-88.10353945,120.6285161,-32.52497667,46.61239726,4.943111104,85.84952592,HG
-104.092447,111.4735569,-7.381109863,37.11524945,3.917815254,85.84035234,HG
-115.6982695,97.65614699,18.04212248,26.16615137,2.683532869,85.83117976,HG
-122.4423812,79.74709521,42.69528599,14.65472252,1.309142356,85.82200816,HG
-123.9781801,58.95784502,65.02033508,-1.18E-09,-0.091724274,85.81301454,HG
-123.9781801,58.95784502,65.02033508,-1.61E-09,-0.091724274,85.81301454,HG
-120.4000616,35.34906623,85.05099538,-13.23782716,-1.510885509,85.80384492,HG
-111.7490923,10.29545942,101.4536329,-26.13145769,-2.849564856,85.79467628,HG
-98.38708352,-15.14965699,113.5367405,-37.82068589,-4.047347589,85.78550864,HG
-80.85681427,-39.90636522,120.7631795,-48.88775538,-5.05178275,85.77634199,HG
-59.94152868,-62.90248507,122.8440137,-57.71697804,-5.824658192,85.76717633,HG
-57.69743843,-65.06191471,122.7593531,-58.44512508,-5.887879955,85.76626239,HG
-57.69743843,-65.06191471,122.7593531,-58.44512508,-5.887879956,85.76626239,HG
-34.05710757,-85.04675812,119.1038657,-64.66248268,-6.388938277,85.75709781,HG
-8.988965284,-101.3878891,110.3768544,-67.76995228,-6.636094648,85.74793422,HG
16.45837287,-113.3830815,96.92470866,-68.34024355,-6.639827879,85.7387716,HG
41.1728848,-120.5230322,79.35014741,-66.51018371,-6.428859695,85.72960996,HG
64.14874284,-122.5247408,58.37599798,-62.24909631,-6.046587264,85.7204493,HG
68.80904021,-122.2448914,53.43585116,-60.34095782,-5.942949451,85.71845223,HG
68.80904021,-122.2448914,53.43585116,-60.34095782,-5.942949451,85.71845223,HG
88.3611007,-117.90296,29.54185927,-52.66204732,-5.42391398,85.70929275,HG
104.1377811,-108.5050477,4.367266625,-42.62996794,-4.856176455,85.70013425,HG
115.5047978,-94.47397034,-21.03082743,-30.96719753,-4.307401223,85.69097672,HG
121.9822008,-76.39870126,-45.58349954,-18.20560245,-3.842002455,85.68182017,HG
123.304544,-55.02724531,-68.27729871,-5.259769102,-3.520451465,85.67266459,HG
122.7163217,-48.60141606,-74.11490565,-2.70E-09,-3.464280495,85.67010906,HG
122.7163217,-48.60141605,-74.11490565,-1.81E-09,-3.464280495,85.67010906,HG
117.3079495,-24.3599769,-92.94797261,13.05613986,-3.405616308,85.66095473,HG
106.9699656,0.939655182,-107.9096208,26.45327677,-3.598294958,85.65180138,HG
92.08885273,26.25416522,-118.3430179,38.38082508,-4.06854591,85.64264901,HG
73.30181865,50.51827437,-123.820093,48.6636582,-4.826681349,85.63349762,HG
51.37626813,72.68555339,-124.0618215,57.12627733,-5.868932517,85.62434722,HG
44.62464227,78.53838286,-123.1630251,59.21598444,-6.217536246,85.62171274,HG
44.62464227,78.53838286,-123.1630251,59.21598444,-6.217536246,85.62171274,HG
20.09526006,96.65172733,-116.7469874,64.80992608,-7.584696834,85.61256361,HG
-5.297488686,110.7293605,-105.4318718,67.22670202,-9.15837813,85.60341547,HG
-30.47047883,120.1614322,-89.69095341,67.32143956,-10.88069914,85.59426833,HG
-54.39882535,124.5805857,-70.1817603,63.75062475,-12.69037713,85.58512218,HG
-76.00730195,123.7600264,-47.7527245,58.31076502,-14.50108222,85.57597703,HG
-78.68776963,123.2442288,-44.55645914,57.31840406,-14.74050624,85.57474543,HG
-78.68776963,123.2442288,-44.55645914,57.31840406,-14.74050624,85.57474543,HG
-96.61519515,116.5634363,-19.94824117,49.17132001,-16.46415513,85.56560141,HG
-110.4681339,105.0085778,5.459556029,39.42957511,-18.02222314,85.55645837,HG
-119.6911738,89.04937722,30.64179662,28.47111821,-19.34824556,85.54731633,HG
-123.7832186,69.37163059,54.41158797,14.24365215,-20.34274894,85.53817527,HG
-122.6945476,46.81369879,75.88084877,1.102480965,-20.98163995,85.5290352,HG
-122.3927592,44.99753702,77.39522218,5.42E-10,-21.01328184,85.52833801,HG
-122.3927592,44.99753701,77.39522218,-2.04E-10,-21.01328184,85.52833801,HG
-115.7444612,20.39789365,95.3465675,-13.32525149,-21.21248454,85.519199,HG
-104.2097226,-5.008554675,109.2182773,-25.85122906,-20.97305384,85.51006096,HG
-88.28083075,-30.15685998,118.4376907,-37.11660397,-20.29132329,85.50092389,HG
-68.62872988,-53.98986402,122.6185939,-46.5704971,-19.18007358,85.49178779,HG
-46.08735366,-75.4538314,121.5411851,-54.56223431,-17.66126211,85.48265265,HG
-45.53124248,-75.92356736,121.4548098,-54.7395737,-17.62149226,85.48243861,HG
-45.53124247,-75.92356736,121.4548098,-54.7395737,-17.62149226,85.48243861,HG
-21.00645765,-94.10623539,115.112693,-59.76056831,-15.74859945,85.47330446,HG
4.383660049,-108.249165,103.865505,-62.02165635,-13.58853995,85.46417126,HG
29.61075206,-117.7639621,88.15321,-62.32958988,-11.20861536,85.45503902,HG
53.50855295,-122.2274018,68.71884885,-59.16889954,-8.711085156,85.44590773,HG
75.21065205,-121.5148612,46.30420916,-54.63584662,-6.168078213,85.43677739,HG
75.68124676,-121.4337233,45.75247651,-54.32842728,-6.108892821,85.43656411,HG
75.68124676,-121.4337233,45.7524765,-54.32842728,-6.10889282,85.43656411,HG
94.02369904,-115.3478151,21.32411604,-45.14014934,-3.624780463,85.42743475,HG
105.5692202,-107.2489493,1.679729114,-37.92402181,-1.791046553,85.42036233,HG
116.5522715,-92.54887544,-24.00339605,-26.64690259,0.41077566,85.41111803,HG
122.4777082,-73.78686278,-48.6908454,-14.32824153,2.327221333,85.4018747,HG
123.0901676,-51.7571271,-71.33304048,-2.023767351,3.899665497,85.39263236,HG
122.8429334,-49.33483221,-73.50810119,5.55E-12,4.039447264,85.39167728,HG
122.8429334,-49.33483221,-73.50810119,9.79E-10,4.039447264,85.39167728,HG
117.5033559,-24.8342771,-92.66907879,13.51819647,5.16780777,85.38243603,HG
107.0982784,0.788843247,-107.8871217,26.20534431,5.881323203,85.37319577,HG
92.02922458,26.43153817,-118.4607627,37.60130295,6.16852949,85.3639565,HG
72.95802626,50.99065451,-123.9486808,47.21791982,6.045666379,85.35471824,HG
55.30767788,69.16939753,-124.4770754,54.08966803,5.668046345,85.34731026,HG
55.30767788,69.16939753,-124.4770754,54.08966803,5.668046345,85.34731026,HG
31.21047876,89.1071751,-120.3176539,59.52408577,4.89532595,85.3380738,HG
5.736759015,105.2518303,-110.9885893,62.86002814,3.840694431,85.32883835,HG
-20.00099886,116.8885686,-96.8875697,63.26758479,2.574023084,85.31960392,HG
-44.85940187,123.4900448,-78.6306429,61.3748136,1.174793818,85.31037049,HG
-66.15057424,124.8917148,-58.74114056,55.93028533,-0.174659286,85.30184995,HG
-66.15057424,124.8917148,-58.74114056,55.93028533,-0.174659286,85.30184995,HG
-86.42039359,121.2456516,-34.82525799,48.30725984,-1.614294513,85.29261847,HG
-102.9635275,112.4020502,-9.43852271,38.74826267,-2.965864778,85.28338801,HG
-115.0616988,98.73746732,16.32423153,27.47420713,-4.166260107,85.27415855,HG
-122.159931,80.83208033,41.32785068,14.21141287,-5.159625469,85.2649301,HG
-123.9924104,59.48290533,64.50950506,0.447419599,-5.915328998,85.25570266,HG
-123.9591375,58.74745036,65.21168712,-3.93E-10,-5.934931667,85.25540566,HG
-123.9591375,58.74745036,65.21168713,-1.11E-09,-5.934931667,85.25540566,HG
-120.2439188,34.81117057,85.43274818,-13.8823398,-6.419153353,85.24617925,HG
-111.3451152,9.411590982,101.9335242,-26.76830804,-6.644980232,85.23695385,HG
-97.59582507,-16.33307818,113.9289033,-39.19053455,-6.616778388,85.22772945,HG
-79.64758993,-41.34832975,120.9959197,-50.08882914,-6.379945456,85.21850605,HG
-58.26373938,-64.47952092,122.7432603,-59.1513443,-5.96832191,85.20928364,HG
-54.79135905,-67.74177659,122.5331356,-60.16762749,-5.894025067,85.20789298,HG
-54.79135905,-67.74177659,122.5331356,-60.16762749,-5.894025067,85.20789298,HG
-30.59038674,-87.53580257,118.1261893,-65.97796283,-5.358040532,85.19867171,HG
-5.088103487,-103.4727394,108.5608429,-69.33919764,-4.783006782,85.18945144,HG
20.60535545,-114.8587289,94.25337343,-70.12815908,-4.237424912,85.18023216,HG
45.45145695,-121.219431,75.76797403,-67.13737765,-3.787202693,85.17101387,HG
68.24790311,-122.245702,53.99779887,-62.09577578,-3.50013145,85.16179658,HG
73.51005167,-121.659208,48.14915635,-60.39485521,-3.460263926,85.15949642,HG
73.51005167,-121.659208,48.14915635,-60.39485521,-3.460263926,85.15949642,HG
92.48679427,-116.0401366,23.55334235,-52.41364264,-3.450240603,85.15028037,HG
107.4180598,-105.3236532,-2.094406604,-41.91340334,-3.707930452,85.14106532,HG
117.6824391,-89.989464,-27.69297512,-29.89872211,-4.257229566,85.13185127,HG
122.8360213,-70.69926521,-52.13675612,-16.98046647,-5.105532541,85.12263823,HG
122.6587825,-48.26832421,-74.39045828,-4.417159353,-6.244482487,85.11342619,HG
121.9489743,-43.36957391,-78.57940041,8.57E-10,-6.510856866,85.11153364,HG
121.9489743,-43.36957391,-78.57940041,1.88E-09,-6.510856866,85.11153364,HG
115.2987058,-18.48547112,-96.81323468,13.65125193,-7.95745975,85.10232282,HG
103.6846484,7.237084051,-110.9217324,26.91259299,-9.606135608,85.09311301,HG
87.55056108,32.70187583,-120.2524369,38.62034181,-11.39638083,85.08390421,HG
67.60859911,56.79034243,-124.3989415,48.87408893,-13.25216443,85.07469643,HG
44.70145697,78.49830858,-123.1997656,56.60014448,-15.09966518,85.06548966,HG
42.93863405,79.9603511,-122.8989851,57.12845836,-15.23120135,85.06481702,HG
42.93863405,79.9603511,-122.8989851,57.12845836,-15.23120135,85.06481702,HG
17.99706546,98.0087148,-116.0057803,62.60166971,-16.96299257,85.05561134,HG
-7.745272205,111.8699811,-104.1247089,64.93903532,-18.50750008,85.04640667,HG
-33.17341665,120.9383427,-87.76492604,64.53371239,-19.78544887,85.03720301,HG
-57.15939932,124.7857157,-67.62631641,61.34532887,-20.71904168,85.02800036,HG
-78.48862341,123.3264269,-44.83780352,55.59990951,-21.25763851,85.01888924,HG
-78.48862342,123.3264269,-44.83780352,55.59990951,-21.25763851,85.01888924,HG
-96.65472352,116.5859802,-19.93125666,47.48969622,-21.37014195,85.00968858,HG
-110.6523572,104.8419927,5.81036458,37.41819684,-21.02826406,85.00048891,HG
-119.8418713,88.60934655,31.23252475,26.2509713,-20.22428017,84.99129023,HG
-123.8511632,68.55038,55.30078325,12.38057779,-18.97720973,84.98209254,HG
-122.7407266,47.07654136,75.66418526,7.43E-10,-17.4413234,84.97346439,HG
-122.7407266,47.07654136,75.66418526,6.31E-11,-17.4413234,84.97346439,HG
-116.419725,22.28347248,94.13625255,-13.1620052,-15.46621283,84.9642686,HG
-105.061828,-3.434538344,108.4963664,-25.62566139,-13.20890217,84.95507378,HG
-89.15278512,-28.98447254,118.1372577,-36.80784193,-10.75016883,84.94587993,HG
-69.3432317,-53.17176253,122.5149942,-46.77247088,-8.175654092,84.93668706,HG
-48.8165156,-73.09108703,121.9076026,-53.27291576,-5.83922056,84.92834423,HG
-48.8165156,-73.09108703,121.9076026,-53.27291576,-5.83922056,84.92834423,HG
-24.19462971,-91.97985789,116.1744876,-59.33360507,-3.332172396,84.9191532,HG
1.47204581,-106.8220612,105.3500154,-61.6741862,-0.988745657,84.90996315,HG
27.08354939,-117.0090715,89.92552213,-61.73199458,1.110511645,84.90077407,HG
51.49203175,-122.009813,70.5177813,-58.03293779,2.887744981,84.89158597,HG
71.40389932,-121.9796664,50.57576706,-53.18462481,4.158450428,84.88337839,HG
71.40389932,-121.9796664,50.57576706,-53.18462481,4.158450428,84.88337839,HG
90.74091457,-116.9009211,26.16000657,-45.9444022,5.197425756,84.87419215,HG
106.1289006,-106.6915455,0.562644906,-36.21775517,5.808757241,84.86500689,HG
116.9375045,-91.81075393,-25.12675058,-25.24091214,5.996450805,84.85582262,HG
122.6016367,-72.87838051,-49.72325624,-11.4436853,5.769449134,84.84663935,HG
123.2188889,-53.78973717,-69.42915169,2.78E-09,5.271506023,84.83866047,HG
123.2188889,-53.78973717,-69.42915169,3.46E-09,5.271506023,84.83866047,HG
118.9342184,-29.63958395,-89.29463448,13.27478561,4.398037266,84.82947906,HG
109.4771796,-4.141356009,-105.3358235,25.94627263,3.262488907,84.82029865,HG
95.25289736,21.61756375,-116.8704611,36.88431926,1.936406027,84.81111926,HG
76.8496498,46.4517391,-123.3013889,48.26360695,0.503752999,84.80194087,HG
57.37534906,67.20946294,-124.584812,55.99818968,-0.808388059,84.793646,HG
57.37534906,67.20946294,-124.584812,55.99818968,-0.808388059,84.793646,HG
33.44968265,87.46889826,-120.9185809,62.37981463,-2.22463233,84.78446953,HG
8.055314743,103.9867609,-112.0420756,65.34777757,-3.527515873,84.77529406,HG
-17.71170952,116.0469685,-98.335259,65.80517189,-4.657061014,84.76611959,HG
-42.7056685,123.1169386,-80.41127012,63.78866158,-5.562491624,84.75694613,HG
-65.8745451,124.9031935,-59.02864838,59.18483019,-6.217760569,84.74777367,HG
-66.87472389,124.8532166,-57.9784927,58.79689344,-6.240620911,84.74735114,HG
-66.87472389,124.8532166,-57.9784927,58.79689344,-6.240620911,84.74735114,HG
-87.03088343,121.0340427,-34.0031593,50.8332744,-6.616056679,84.73817972,HG
-103.4295203,112.0170857,-8.587565385,41.02710003,-6.730813683,84.7290093,HG
-115.3568196,98.1981348,17.15868483,29.38175782,-6.606878481,84.71983987,HG
-122.3037486,80.17455214,42.1291965,16.53097472,-6.282813121,84.71067143,HG
-123.9445691,58.74397575,65.20059331,3.181467572,-5.806961515,84.70150398,HG
-123.6864281,55.18248729,68.50394081,2.49E-09,-5.720913512,84.70010476,HG
-123.6864281,55.18248729,68.50394081,1.50E-09,-5.720913512,84.70010476,HG
-119.1756595,30.95316559,88.22249394,-13.46242881,-5.150724754,84.69093844,HG
-109.4869593,5.432349246,104.0546101,-26.98336467,-4.567983304,84.68177311,HG
-95.06847502,-20.27056767,115.3390427,-39.26613984,-4.045464879,84.67260877,HG
-76.53991491,-45.04863322,121.5885481,-49.91269745,-3.650342977,84.66344542,HG
-54.72052823,-67.78872265,122.5092509,-58.78070906,-3.444070514,84.65428305,HG
-49.20232217,-72.74149711,121.9438193,-60.92102544,-3.428561046,84.65213289,HG
-49.20232217,-72.74149711,121.9438193,-60.92102544,-3.428561046,84.65213289,HG
-24.566608,-91.68987451,116.2564825,-66.22407912,-3.524371339,84.64297175,HG
1.080517195,-106.5890047,105.5084875,-68.96352886,-3.903760424,84.6338116,HG
26.67671815,-116.8167761,90.1400579,-68.95797745,-4.584381634,84.62465245,HG
51.11150921,-121.9327008,70.82119159,-66.42153686,-5.565833484,84.6154943,HG
73.30727019,-121.6715497,48.36427948,-60.25365012,-6.831436036,84.60633715,HG
77.58101524,-120.9375061,43.35649089,-58.89806071,-7.128708078,84.60441724,HG
77.58101524,-120.9375061,43.35649089,-58.89806071,-7.128708078,84.60441724,HG
95.80032105,-114.2680063,18.46768522,-50.57719706,-8.682817364,84.5952613,HG
109.8526203,-102.5941751,-7.25844526,-40.12175285,-10.41580845,84.58610637,HG
119.1377324,-86.41532781,-32.72240458,-28.45166022,-12.26097367,84.57695245,HG
123.2575146,-66.40562889,-56.85188573,-16.81110218,-14.14571009,84.56779954,HG
121.941422,-43.49846588,-78.4429561,-0.80869486,-15.95514277,84.55864763,HG
121.6932583,-42.04692844,-79.64632991,3.49E-10,-16.06113593,84.55809794,HG
121.6932583,-42.04692843,-79.64632991,1.04E-09,-16.06113593,84.55809794,HG
114.8067095,-17.09965086,-97.70705864,13.5246294,-17.73034018,84.5489471,HG
102.9315508,8.63905627,-111.570607,26.25067401,-19.17016935,84.53979727,HG
86.57744548,34.06717803,-120.6446235,37.47593574,-20.307139,84.53064844,HG
66.43097481,58.07279809,-124.5037729,47.80842479,-21.07027748,84.52150061,HG
44.44375534,78.73280918,-123.1765645,55.35016175,-21.40514383,84.51274421,HG
44.44375534,78.73280918,-123.1765645,55.35016175,-21.40514383,84.51274421,HG
19.58933721,97.0323464,-116.6216836,60.14790131,-21.31862718,84.50359832,HG
-6.137200113,111.163727,-105.0265269,63.06752434,-20.76260119,84.49445342,HG
-31.61055668,120.5363889,-88.92583227,62.75643955,-19.75204637,84.4853095,HG
-55.71855183,124.723329,-69.00477722,59.89521867,-18.3094081,84.47616657,HG
-76.48971743,123.7380917,-47.24837424,54.37902668,-16.57818526,84.46745251,HG
-76.48971743,123.7380917,-47.24837423,54.37902668,-16.57818526,84.46745251,HG
-95.02874572,117.5099756,-22.4812299,46.32311632,-14.44741595,84.45831147,HG
-109.4644524,106.2406478,3.22380462,36.40775158,-12.07241552,84.44917139,HG
-119.17408,90.41614822,28.75793178,24.98792429,-9.54098348,84.44003229,HG
-123.7448848,70.70624515,53.03863963,13.00014385,-6.944647805,84.43089415,HG
-123.2541616,50.77677581,72.47738582,-2.74E-09,-4.68266105,84.4228346,HG
-123.2541616,50.77677581,72.47738583,-3.24E-09,-4.68266105,84.4228346,HG
-117.7513466,26.24969944,91.50164719,-12.45062101,-2.242919033,84.41369827,HG
-107.1439572,0.601754698,106.5422025,-25.15436011,-0.006011397,84.40456291,HG
-91.90914979,-25.02121818,116.930368,-36.58490718,1.943971163,84.39542852,HG
-72.70746639,-49.48365135,122.1911177,-46.52934166,3.539363627,84.3862951,HG
-52.06765141,-70.23777669,122.3054281,-53.57114418,4.667285779,84.37784285,HG
-52.06765141,-70.23777669,122.3054281,-53.57114418,4.667285779,84.37784285,HG
-27.68176993,-89.60007234,117.2818423,-58.78400154,5.470919342,84.36871132,HG
-2.08672187,-105.050902,107.1376239,-61.84856793,5.843848741,84.35958076,HG
23.58761932,-115.8966189,92.30899958,-62.05911542,5.794623554,84.35045119,HG
48.21913587,-121.6402408,73.42110494,-58.99497507,5.350000627,84.34132261,HG
68.06517605,-122.3083445,54.24316845,-54.40935647,4.677843591,84.33334398,HG
68.06517605,-122.3083445,54.24316845,-54.40935647,4.677843591,84.33334398,HG
87.95243196,-118.0595509,30.10711892,-46.64209029,3.639228253,84.32421726,HG
104.0144953,-108.6344457,4.619950455,-36.86469353,2.379669121,84.31509155,HG
115.5557165,-94.4478624,-21.10785415,-25.41133243,0.978851046,84.30596683,HG
122.0816691,-76.11202771,-45.96964137,-12.9625096,-0.482714542,84.29684312,HG
123.3129632,-54.39918601,-68.91377714,-0.487775452,-1.929351805,84.28772041,HG
123.2783934,-53.89063632,-69.38775709,-6.09E-10,-1.960059393,84.28751931,HG
123.2783934,-53.89063632,-69.38775709,5.19E-10,-1.960059394,84.28751931,HG
118.9692468,-29.75682096,-89.21242586,14.75061241,-3.294297957,84.27839762,HG
109.53896,-4.268409505,-105.2705505,27.90076807,-4.475100078,84.26927693,HG
95.33792364,21.45548926,-116.7934129,39.91510868,-5.441216561,84.26015723,HG
76.99278743,46.31192966,-123.3047171,50.1494202,-6.160352177,84.25103853,HG
57.12798532,67.46190075,-124.5898861,58.60027054,-6.582636428,84.24265312,HG
57.12798531,67.46190075,-124.5898861,58.60027054,-6.582636428,84.24265312,HG
33.18883008,87.65911896,-120.847949,64.33855778,-6.782955211,84.23353633,HG
7.785398835,104.1273726,-111.9127714,68.1352979,-6.733199537,84.22442052,HG
-17.96985616,116.1375327,-98.16767655,68.87583791,-6.464002173,84.2153057,HG
-42.92868775,123.1424925,-80.21380472,66.99723168,-6.020169258,84.20619185,HG
-66.0736442,124.8607936,-58.78714939,61.8675052,-5.461911584,84.197079,HG
-70.72330939,124.5233877,-53.80007835,60.56339545,-5.332718649,84.19511315,HG
-70.72330939,124.5233877,-53.80007834,60.56339545,-5.332718649,84.19511315,HG
-90.2703808,119.740682,-29.47030116,52.39530381,-4.728381583,84.18600149,HG
-105.9029379,109.8217378,-3.918799894,42.38443294,-4.164427565,84.1768908,HG
-116.9703976,95.19514205,21.77525559,30.65247169,-3.710263242,84.1677811,HG
-123.0008471,76.47441677,46.52643032,18.56059437,-3.429658539,84.15867237,HG
-123.5803752,54.44713679,69.13323843,3.341172736,-3.380527882,84.14956463,HG
-122.8950657,48.40562799,74.48943771,4.94E-11,-3.41023022,84.14722482,HG
-122.8950657,48.40562799,74.48943771,-6.37E-10,-3.41023022,84.14722482,HG
-116.8708907,23.71459077,93.15629996,-13.92496639,-3.706842133,84.13811833,HG
-105.7763263,-1.97871997,107.7550463,-27.16225323,-4.306194943,84.12901282,HG
-90.11064927,-27.53715645,117.6478057,-39.03181381,-5.211746879,84.1199083,HG
-70.51585441,-51.8428759,122.3587303,-49.44434307,-6.411207223,84.11080478,HG
-47.91198642,-73.82263143,121.7346179,-57.59022639,-7.86530531,84.10170226,HG
-44.41632479,-76.77390102,121.1902258,-58.57692469,-8.096429458,84.1003763,HG
-44.41632479,-76.77390102,121.1902258,-58.57692469,-8.096429458,84.1003763,HG
-19.5146915,-94.98419543,114.4988869,-63.94013214,-9.787205991,84.09127492,HG
6.213589397,-109.0135059,102.7999165,-66.38576921,-11.60967296,84.08217455,HG
31.67737815,-118.255719,86.57834087,-65.82224478,-13.48989323,84.07307517,HG
55.73196912,-122.3058907,66.57392157,-62.80132212,-15.3358598,84.0639768,HG
77.37181702,-121.0024438,43.63062677,-57.40210936,-17.0667163,84.05487943,HG
78.54803148,-120.7552238,42.20719231,-56.84908378,-17.16205634,84.05434156,HG
78.54803148,-120.7552238,42.2071923,-56.84908378,-17.16205634,84.05434156,HG
96.5866579,-113.8484695,17.26181161,-48.76464811,-18.67200617,84.04524525,HG
110.4293441,-101.9448458,-8.484498233,-37.8281133,-19.8942204,84.03614994,HG
119.473191,-85.56963327,-33.90355773,-25.80516109,-20.75888549,84.02705562,HG
123.3134486,-65.4045082,-57.90894044,-12.79041192,-21.21007858,84.01796229,HG
121.8788655,-43.17259434,-78.70627114,-4.88E-10,-21.20528046,84.00918736,HG
121.8788655,-43.17259434,-78.70627114,1.30E-10,-21.20528046,84.00918736,HG
117.8444496,-25.97371162,-91.87073803,9.980144033,-20.94961594,84.00283252,HG
111.2248879,-8.117173682,-103.1077142,18.56114471,-20.4517271,83.99647816,HG
99.29467234,15.03736002,-114.3320324,29.44036481,-19.48830653,83.98831688,HG
83.85170623,37.71911454,-121.5708208,39.43476483,-18.17106186,83.98015638,HG
65.46852154,59.07890082,-124.5474224,48.7141879,-16.5362921,83.97199666,HG
46.01137774,77.43820099,-123.4495787,55.2112934,-14.76041699,83.96428679,HG
46.01137774,77.43820099,-123.4495787,55.2112934,-14.76041699,83.96428679,HG
23.84862063,94.27859973,-118.1272204,59.32234247,-12.67401262,83.95612858,HG
0.814559448,107.8532099,-108.6677693,61.87065931,-10.42913084,83.94797114,HG
-22.2551626,117.7001854,-95.44502283,62.23152277,-8.10402461,83.93981448,HG
-44.56299485,123.4761513,-78.91315647,60.40114155,-5.767922984,83.93165859,HG
-65.33688397,124.9831201,-59.64623617,56.65337219,-3.490998932,83.92350348,HG
-72.26007983,124.3838817,-52.12380189,53.09163367,-2.7009227,83.92054614,HG
-72.26007984,124.3838817,-52.12380189,53.09163367,-2.7009227,83.92054614,HG
-89.83460695,120.0477948,-30.21318789,46.96584889,-0.608866049,83.91239208,HG
-104.1818166,111.4922683,-7.310451707,38.89962851,1.259272704,83.90423879,HG
-114.91774,99.09075726,15.8269827,29.06863029,2.865177919,83.89608628,HG
-121.6444048,83.26344695,38.38095783,18.34076966,4.165220475,83.88793455,HG
-124.1349977,64.55932734,59.57567032,7.321972444,5.13199453,83.87978361,HG
-123.7620214,54.57496144,69.18705991,8.77E-10,5.474754282,83.87580354,HG
-123.7620214,54.57496144,69.18705991,1.35E-10,5.474754282,83.87580354,HG
-119.7900739,32.83103609,86.95903776,-11.35233521,5.912821468,83.86765376,HG
-111.6593138,9.988880915,101.6704329,-22.87599824,6.003626329,83.85950477,HG
-99.63066221,-13.16254447,112.7932067,-33.48484201,5.761227433,83.85135658,HG
-84.12813306,-35.8173088,119.9454419,-42.83331929,5.215319167,83.84320918,HG
-65.67747333,-57.17600944,122.8534828,-51.07369532,4.402745792,83.83506258,HG
-55.97839872,-66.74169547,122.7200942,-54.22858592,3.93659284,83.8311435,HG
-55.97839872,-66.74169548,122.7200942,-54.22858592,3.93659284,83.8311435,HG
-34.38611346,-84.84153593,119.2276494,-60.99088208,2.822973099,83.82299808,HG
-11.63000314,-99.91452984,111.544533,-63.20498171,1.580876355,83.81485346,HG
11.52912576,-111.4464225,99.91729677,-64.1668247,0.264852809,83.80670965,HG
34.26480716,-119.0430417,84.77823456,-63.09501338,-1.061790139,83.79856663,HG
55.81028298,-122.4350809,66.62479792,-59.00850263,-2.346584473,83.79042442,HG
65.82232301,-122.5064523,56.68412928,-56.58946612,-2.95059163,83.78637999,HG
65.82232301,-122.5064523,56.68412928,-56.58946612,-2.95059163,83.78637999,HG
84.16094304,-119.4260521,35.26510908,-49.99183685,-4.069794659,83.77823898,HG
99.53858579,-112.1243297,12.58574395,-41.4452093,-5.025401124,83.77009877,HG
111.4330117,-100.8606271,-10.57238465,-31.53505414,-5.789063014,83.76195936,HG
119.399847,-86.03299709,-33.36684994,-20.86067876,-6.335264126,83.75382074,HG
123.1858477,-68.13005437,-55.05579329,-7.904378233,-6.662795724,83.74568292,HG
123.3314309,-55.18366507,-68.14776581,1.11E-09,-6.757405972,83.74040489,HG
123.3314309,-55.18366507,-68.14776581,1.82E-09,-6.757405972,83.74040489,HG
120.0001499,-33.6754256,-86.32472432,12.33323346,-6.733690445,83.73226837,HG
112.4588675,-10.94735987,-101.5115076,24.39146742,-6.524135437,83.72413264,HG
100.9757252,12.21202877,-113.187754,35.60675409,-6.162763239,83.71599771,HG
85.95982954,34.95603166,-120.9158612,45.83053315,-5.688817771,83.70786355,HG
67.87841345,56.57011698,-124.4485304,54.7794263,-5.148961228,83.69973019,HG
51.80531625,72.36091603,-124.1662323,60.52808942,-4.709369947,83.6932649,HG
51.80531625,72.36091603,-124.1662323,60.52808942,-4.709369947,83.6932649,HG
29.98951572,89.96782216,-119.9573379,66.03938693,-4.186538206,83.68513294,HG
7.110700439,104.4722099,-111.5829104,69.12876796,-3.744728119,83.67700177,HG
-16.03351479,115.3715103,-99.33799552,70.22267892,-3.432629996,83.66887139,HG
-38.65689524,122.2899382,-83.63304296,69.54834139,-3.292855128,83.6607418,HG
-59.85368143,124.8969562,-65.04327482,64.85050984,-3.362733539,83.65261299,HG
-76.16434075,123.7680682,-47.6037275,60.31015941,-3.601676571,83.6457631,HG
-76.16434075,123.7680682,-47.6037275,60.31015941,-3.601676571,83.6457631,HG
-93.03580163,118.4821992,-25.44639756,52.79761646,-4.112569396,83.63763576,HG
-106.6684848,109.0948534,-2.426368559,43.72807208,-4.873899269,83.62950921,HG
-116.5846535,95.9306043,20.65404922,33.62322499,-5.877822309,83.62138346,HG
-122.4043165,79.42719588,42.97712064,21.16501755,-7.10492833,83.6132585,HG
-123.9586554,60.21443981,63.74421557,8.855791409,-8.517938512,83.60513435,HG
-122.3371504,44.72985633,77.60729404,1.56E-09,-9.653777112,83.59916611,HG
-122.3371504,44.72985633,77.60729404,8.52E-10,-9.653777112,83.59916611,HG
-116.4465615,22.39441402,94.05214746,-11.47153379,-11.29054275,83.59104334,HG
-106.4831425,-0.691771609,107.1749141,-23.24037939,-12.98065489,83.58292139,HG
-92.79436901,-23.70008333,116.4944523,-35.17999205,-14.65776865,83.57480023,HG
-75.88288206,-45.82846842,121.7113505,-44.72975107,-16.25885387,83.56667988,HG
-56.31253368,-66.3358351,122.6483688,-52.48182603,-17.72575493,83.55856034,HG
-44.4420153,-76.81176636,121.2537817,-56.29158428,-18.45786567,83.55401093,HG
-44.4420153,-76.81176636,121.2537817,-56.29158428,-18.45786567,83.55401093,HG
-22.1393435,-93.35648651,115.49583,-60.96134999,-19.58863861,83.54589263,HG
0.927574624,-106.571132,105.6435574,-63.62881964,-20.42961569,83.53777513,HG
23.95424733,-116.0202835,92.06603616,-63.9897437,-20.94460088,83.52965842,HG
46.13744444,-121.3708423,75.23339791,-62.09065376,-21.10168926,83.5215425,HG
66.6824437,-122.4219103,55.73946663,-58.35437098,-20.87829255,83.51342738,HG
75.86137259,-121.3662522,45.50487965,-55.11700412,-20.63257455,83.5094987,HG
75.86137259,-121.3662522,45.50487965,-55.11700412,-20.63257455,83.5094987,HG
92.69333424,-116.0436693,23.35033505,-48.22837702,-19.84626972,83.50138473,HG
106.2861337,-106.6070645,0.320930796,-39.50969167,-18.69369422,83.49327155,HG
116.1504452,-93.40171543,-22.74872982,-29.46252912,-17.20606507,83.48515914,HG
121.9460707,-76.88540139,-45.0606693,-18.44481846,-15.42442777,83.47704751,HG
123.4738367,-57.63039177,-65.84344493,-6.964334302,-13.40066446,83.46893665,HG
122.6123481,-47.82963228,-74.78271583,-1.30E-09,-12.37601978,83.4651204,HG
122.6123481,-47.82963228,-74.78271583,-2.15E-10,-12.37601978,83.4651204,HG
117.8436888,-25.78009036,-92.06359841,11.34441152,-10.1113017,83.45701067,HG
108.8742824,-2.813252814,-106.0610296,22.29508903,-7.764068354,83.44890171,HG
96.09724803,20.29670793,-116.393956,32.97537303,-5.410940436,83.44079351,HG
79.94644303,42.74289342,-122.6893364,42.25832939,-3.122795802,83.43268609,HG
60.98358734,63.74978008,-124.7333674,50.02144433,-0.967734897,83.42457943,HG
50.53052385,73.56906193,-124.0995858,53.53133567,0.048771755,83.42048019,HG
50.53052385,73.56906193,-124.0995858,53.53133567,0.048771755,83.42048019,HG
28.61424896,91.0023894,-119.6166384,58.45121729,1.880670927,83.4123747,HG
5.692894644,105.304715,-110.9976097,61.25050439,3.434866293,83.40426997,HG
-17.43998491,115.9655476,-98.52556268,61.86935982,4.671569746,83.39616603,HG
-39.97934075,122.6188781,-82.63953735,60.39237059,5.564909374,83.38806286,HG
-61.15315932,125.0340409,-63.88088155,57.14608095,6.102159947,83.37996047,HG
-69.56849782,124.7278606,-55.15936282,53.2014217,6.219565277,83.37649967,HG
-69.56849782,124.7278606,-55.15936282,53.2014217,6.219565277,83.37649967,HG
-87.44862107,120.9288716,-33.48025051,47.3194014,6.24377734,83.3683984,HG
-102.3144294,112.9698652,-10.65543575,38.99718694,5.93856605,83.36029792,HG
-113.5796237,101.0711518,12.50847189,29.06762483,5.327242698,83.35219823,HG
-120.9037433,85.71885556,35.18488773,18.13602895,4.462090166,83.34409934,HG
-124.0107614,67.38556905,56.62519238,6.937266255,3.384248103,83.33600124,HG
-123.991881,58.17624254,65.81563846,9.12E-10,2.838423323,83.33228592,HG
-123.991881,58.17624254,65.81563846,1.30E-10,2.838423323,83.33228592,HG
-120.7699508,36.70889067,84.06106016,-11.87552697,1.560211322,83.32418898,HG
-113.349946,14.00163794,99.3483081,-23.62589922,0.218965595,83.31609284,HG
-101.9735412,-9.153867624,111.1274089,-34.55428183,-1.124600402,83.3079975,HG
-87.04094206,-31.95331673,118.9942588,-44.23084125,-2.413539272,83.29990295,HG
-69.06158981,-53.5901533,122.6517431,-53.1510905,-3.593814325,83.29180921,HG
-58.14827412,-64.67426762,122.8225417,-57.07559632,-4.176794655,83.28737261,HG
-58.14827412,-64.67426762,122.8225417,-57.07559632,-4.176794656,83.28737261,HG
-36.74281752,-83.05878462,119.8016021,-61.60781612,-5.107355487,83.2792801,HG
-14.08098457,-98.47143437,112.5524189,-65.89724283,-5.831500167,83.27118837,HG
9.059955626,-110.3963874,101.3364318,-67.54710274,-6.33609436,83.26309744,HG
31.89503033,-118.4328205,86.53779019,-66.3021392,-6.618955466,83.2550073,HG
53.58394275,-122.2733357,68.68939293,-63.15887902,-6.682321867,83.24691795,HG
67.4170168,-122.4047742,54.98775737,-59.73245306,-6.608832802,83.24136915,HG
67.4170168,-122.4047742,54.98775737,-59.73245306,-6.608832802,83.24136915,HG
85.5247264,-118.9738603,33.44913394,-53.17812507,-6.355934983,83.23328112,HG
100.642491,-111.338213,10.69572199,-44.3840167,-5.960671628,83.22519388,HG
112.2081679,-99.77142242,-12.43674545,-34.55655147,-5.466023678,83.21710741,HG
119.8434436,-84.64507529,-35.19836832,-22.49724622,-4.920889526,83.20902173,HG
123.2802151,-66.53541484,-56.74480027,-10.19457914,-4.381211957,83.20093683,HG
122.8401745,-49.71787196,-73.12230251,-1.98E-09,-3.974981476,83.19424775,HG
122.8401745,-49.71787196,-73.12230251,-1.26E-09,-3.974981476,83.19424775,HG
118.3926172,-27.81820488,-90.57441236,12.07168184,-3.579402939,83.18616428,HG
109.7889377,-4.91598845,-104.8729492,24.02559385,-3.331786875,83.17808158,HG
97.33562335,18.24768507,-115.5833084,35.04573405,-3.272059324,83.16999968,HG
81.42412545,40.76769231,-122.1918178,45.38046576,-3.435634219,83.16191856,HG
62.71394939,61.88292343,-124.5968728,53.82242539,-3.840078152,83.15383822,HG
45.8692227,77.50976343,-123.3789861,59.8333902,-4.353827472,83.14728583,HG
45.86922269,77.50976343,-123.3789861,59.8333902,-4.353827472,83.14728583,HG
23.66099774,94.30761237,-117.9686101,65.09045086,-5.216690979,83.13920693,HG
0.648111422,107.8507992,-108.4989106,67.17935791,-6.314498988,83.13112882,HG
-22.43614584,117.6808518,-95.24470598,68.50348739,-7.629179059,83.1230515,HG
-44.70808401,123.3896618,-78.68157781,65.70435917,-9.116823558,83.11497499,HG
-65.44466351,124.8452115,-59.40054801,61.4139587,-10.7349381,83.10689927,HG
-78.9196552,123.2114002,-44.291745,57.46536143,-11.94167681,83.10111936,HG
-78.9196552,123.2114002,-44.291745,57.46536143,-11.94167681,83.10111936,HG
-95.3392614,117.2952125,-21.95595114,50.36066753,-13.6474738,83.09304502,HG
-108.4416341,107.3096536,1.13198052,41.31578958,-15.32124548,83.08497147,HG
-117.7720726,93.59719421,24.17487839,31.59667595,-16.89946048,83.07689872,HG
-122.9394773,76.66860948,46.27086784,18.60368078,-18.29649731,83.06882676,HG
-123.8455427,57.08817439,66.75736834,6.73702309,-19.47673645,83.0607556,HG
-122.5448789,45.79854349,76.74633537,-5.63E-09,-19.99225436,83.0564536,HG
-122.5448789,45.79854349,76.74633537,-6.32E-09,-19.99225436,83.0564536,HG
-116.8684843,23.51934369,93.34914057,-12.00894151,-20.72652015,83.04838366,HG
-107.1013256,0.460158636,106.641167,-23.5912026,-21.11280392,83.04031451,HG
-93.59824112,-22.5762617,116.1745028,-34.22050311,-21.12813368,83.03224614,HG
-76.82891524,-44.78624978,121.615165,-43.47930644,-20.75838366,83.02417855,HG
-57.37344452,-65.40315395,122.7765985,-50.99620867,-20.00456441,83.01611174,HG
-46.95096364,-74.78057601,121.7315396,-54.80514965,-19.48836831,83.01211425,HG
-46.95096364,-74.78057601,121.7315396,-54.80514965,-19.48836831,83.01211425,HG
-24.77714432,-91.65175126,116.4288956,-59.52135218,-18.18265358,83.0040486,HG
-1.757285086,-105.2788194,107.0361045,-62.33107825,-16.55614547,82.99598372,HG
21.3189861,-115.1840641,93.86507796,-62.80164444,-14.6517854,82.98791961,HG
43.64706486,-121.0256614,77.37859651,-61.08468672,-12.52744384,82.97985627,HG
64.41370858,-122.5792641,58.16555555,-57.49572699,-10.24988779,82.97179369,HG
73.55578063,-121.7987255,48.24294482,-54.4826926,-9.129415274,82.96796198,HG
73.55578063,-121.7987255,48.24294482,-54.4826926,-9.129415274,82.96796198,HG
90.76827551,-116.9809281,26.21265255,-47.64519388,-6.748612986,82.95990053,HG
104.7962359,-108.044625,3.248389126,-39.02728513,-4.396136831,82.95183984,HG
115.1502714,-95.28478976,-19.86548167,-29.08429309,-2.140526456,82.94377992,HG
121.4725387,-79.15043254,-42.32210611,-18.26834815,-0.049965245,82.93572076,HG
123.5439359,-60.19307837,-63.35085754,-7.382508468,1.816596542,82.92766236,HG
123.0064322,-50.56415544,-72.44227681,-2.49E-09,2.591854288,82.92389819,HG
123.0064322,-50.56415543,-72.44227681,-1.73E-09,2.591854288,82.92389819,HG
118.7016424,-28.70946584,-89.99217656,11.24180226,4.028009357,82.91584093,HG
110.260571,-5.81488124,-104.4456897,22.68292287,5.132496946,82.90778443,HG
97.94826863,17.32620486,-115.2744735,33.20432215,5.880801156,82.89972871,HG
82.2001273,39.90840661,-122.1085339,42.51049191,6.266473896,82.89167377,HG
63.54962777,61.13549578,-124.6851236,50.53336625,6.292503527,82.88361961,HG
53.77905669,70.60533744,-124.3843941,53.82295214,6.18400286,82.87975764,HG
53.77905669,70.60533744,-124.3843941,53.82295214,6.184002859,82.87975764,HG
32.09297124,88.48517733,-120.5781486,59.08074159,5.723817558,82.87170464,HG
9.274475379,103.3099961,-112.5844714,62.04590879,4.978065478,82.86365242,HG
-13.87535892,114.5558603,-100.6805014,63.02887083,3.994028153,82.855601,HG
-36.54635236,121.8426404,-85.29628809,61.89594137,2.82827282,82.84755037,HG
-57.9710391,124.9106008,-66.9395617,57.61276259,1.535643473,82.83950053,HG
-66.95703746,124.8749087,-57.9178712,55.42764438,0.932921083,82.83589257,HG
-66.95703746,124.8749087,-57.9178712,55.42764438,0.932921083,82.83589257,HG
-85.22613988,121.6800302,-36.4538903,48.79696326,-0.425953997,82.82784388,HG
-100.5173373,114.2686336,-13.75129623,40.23737276,-1.755924798,82.81979599,HG
-112.3117744,102.904174,9.40760041,30.36827782,-3.003312931,82.81174889,HG
-120.1626349,87.96509737,32.19753755,19.11516417,-4.114972191,82.80370258,HG
-123.8456082,70.00382164,53.84178659,6.570945534,-5.055773485,82.79565706,HG
-124.0153635,58.91373988,65.10162358,-1.31E-09,-5.491057314,82.79117679,HG
-124.0153635,58.91373988,65.10162359,-2.01E-09,-5.491057315,82.79117679,HG
-120.9641381,37.51038242,83.45375564,-12.42071457,-6.105592359,82.7831325,HG
-113.691037,14.83747619,98.85356078,-24.31702929,-6.494289971,82.77508899,HG
-102.4540625,-8.318726877,110.7727894,-35.46722873,-6.660456419,82.76704627,HG
-87.63490004,-31.16704618,118.8019462,-45.31706516,-6.618879954,82.75900433,HG
-69.7400993,-52.83081654,122.5709158,-54.80371852,-6.382914143,82.75096317,HG
-54.52531233,-68.05959701,122.5849093,-59.95917066,-6.107139351,82.74485514,HG
-54.52531233,-68.05959701,122.5849093,-59.95917066,-6.107139351,82.74485514,HG
-32.85816791,-85.94965086,118.8078188,-65.86670196,-5.645873093,82.73681535,HG
-10.04886537,-100.7921784,110.8410437,-68.98845917,-5.117220628,82.72877634,HG
13.10706484,-112.0749297,98.9678649,-70.1546475,-4.57449647,82.7207381,HG
35.82099094,-119.4095807,83.58858973,-69.4612694,-4.071145089,82.71270064,HG
57.19076644,-122.4517128,65.26094634,-65.19565175,-3.660700447,82.70466396,HG
73.52257649,-121.7173547,48.19477823,-60.74897068,-3.42609777,82.6979695,HG
73.52257649,-121.7173547,48.19477823,-60.74897068,-3.42609777,82.6979695,HG
90.71838165,-116.8991688,26.18078719,-53.34198655,-3.310524136,82.68993424,HG
104.7334037,-107.9511287,3.217725032,-44.09714258,-3.409137298,82.68189976,HG
115.0765376,-95.18647694,-19.89006067,-33.78455666,-3.74734526,82.67386607,HG
121.4078366,-79.04578547,-42.36205111,-23.10264714,-4.339377344,82.66583316,HG
123.3940994,-60.05177803,-63.34232142,-9.656275128,-5.189828313,82.65780104,HG
121.9754058,-43.76918898,-78.20621678,2.48E-09,-6.018219562,82.65153629,HG
121.9754058,-43.76918897,-78.20621678,3.25E-09,-6.018219562,82.65153629,HG
116.3553338,-21.5131837,-94.84215014,12.39599876,-7.281555031,82.64350557,HG
106.6509843,1.539824309,-108.1908086,24.12769427,-8.736283019,82.63547564,HG
93.2022883,24.58911851,-117.7914068,34.79982309,-10.33856159,82.62744651,HG
76.45967995,46.81698059,-123.2766605,44.72452488,-12.03356727,82.61941817,HG
57.05527748,67.42998846,-124.4852659,52.98931956,-13.75637436,82.61139063,HG
42.85042525,80.01065698,-122.8610822,57.41544471,-14.89920377,82.60600399,HG
42.85042525,80.01065698,-122.8610822,57.41544471,-14.89920377,82.60600399,HG
20.50101585,96.40434246,-116.9053583,62.067872,-16.5312404,82.59797777,HG
-2.582219587,109.4582036,-106.875984,64.60934006,-18.01711069,82.58995235,HG
-25.58700092,118.7256898,-93.13868889,64.86758919,-19.29486552,82.58192772,HG
-47.71209859,123.8828133,-76.17071473,62.87398668,-20.30756572,82.57390388,HG
-68.16668935,124.7386632,-56.57197386,58.97080551,-21.00258913,82.56588082,HG
-77.43098336,123.572518,-46.14153461,55.69708233,-21.22029792,82.56192819,HG
-77.43098336,123.572518,-46.14153461,55.69708233,-21.22029792,82.56192819,HG
-94.11306694,118.0043709,-23.89130392,48.57397282,-21.37838458,82.5539063,HG
-107.5137093,108.3584304,-0.844721037,39.701226,-21.15106909,82.5458852,HG
-117.1661952,94.96078074,22.20541445,29.54220751,-20.53227286,82.53786486,HG
-122.7371738,78.28102082,44.456153,18.48727571,-19.53246079,82.52984531,HG
-124.0109967,58.91365968,65.09733704,7.080171606,-18.17220451,82.52182652,HG
-123.1814411,50.1068331,73.07460798,2.12E-09,-17.48678282,82.51845131,HG
-123.1814411,50.1068331,73.07460798,1.40E-09,-17.48678282,82.51845131,HG
-118.4072941,28.05374489,90.35354921,-11.09329347,-15.69748644,82.51043361,HG
-109.4163412,5.082525263,104.333816,-22.019877,-13.64497477,82.50241667,HG
-96.6234822,-18.02427973,114.6477619,-32.79491879,-11.41119236,82.49440049,HG
-80.4583069,-40.46441153,120.9227184,-42.12971137,-9.062354422,82.48638507,HG
-61.48464714,-61.46119772,122.9458449,-49.95767066,-6.672075756,82.47837041,HG
-50.7929173,-71.42015746,122.2130748,-53.54487508,-5.447319482,82.47422787,HG
-50.7929173,-71.42015746,122.2130748,-53.54487508,-5.447319482,82.47422787,HG
-46.38102954,-75.31892755,121.6999571,-54.97982954,-4.959290829,82.47257688,HG
-41.90933571,-78.98838903,120.8977247,-55.86925893,-4.479118581,82.47092592,HG
-37.37295183,-82.58785658,119.9608084,-57.08007658,-4.001806658,82.469275,HG
-31.84435211,-86.72779124,118.5721433,-58.14526805,-3.435165814,82.46728856,HG
-23.80445324,-92.3395325,116.1439857,-59.42560704,-2.637394434,82.46444228,HG
-8.516002701,-101.700984,110.2169867,-61.37431267,-1.202720614,82.45911582,HG
16.94491662,-113.6288457,96.68392905,-62.13127325,0.964077745,82.45029489,HG
41.67827641,-120.7011691,79.02289273,-60.36867937,2.8115125,82.4414749,HG
64.65517345,-122.6252947,57.97012128,-56.29777565,4.282565986,82.43265582,HG
71.03421775,-122.1622358,51.12801806,-53.50745333,4.640909299,82.43001484,HG
71.03421775,-122.1622358,51.12801806,-53.50745333,4.640909299,82.43001484,HG
90.23075185,-117.2442263,27.01347449,-46.16040582,5.554974838,82.42119698,HG
105.6068729,-107.3396402,1.732767327,-36.42665867,6.029088823,82.41238005,HG
116.4967504,-92.83455459,-23.66219585,-25.21225316,6.066649513,82.40356407,HG
122.4486507,-74.34715269,-48.10149802,-13.1650974,5.695331596,82.39474903,HG
123.2080905,-52.63051381,-70.57757665,-1.659645726,4.957036443,82.38593494,HG
123.0635017,-51.0333333,-72.03016838,1.53E-09,4.894126076,82.38532388,HG
123.0635017,-51.03333329,-72.03016838,2.74E-09,4.894126076,82.38532388,HG
118.1688427,-26.959517,-91.20932567,14.6271099,3.833801932,82.37651081,HG
108.309967,-1.68346526,-106.6265017,27.65211847,2.550456167,82.36769869,HG
93.8421276,23.71336591,-117.5554935,39.021764,1.122119051,82.35888753,HG
75.38856563,48.16095838,-123.549524,48.79739368,-0.367108498,82.35007732,HG
57.95433273,66.62687131,-124.581204,56.03726912,-1.566469838,82.34290897,HG
57.95433273,66.62687131,-124.581204,56.03726912,-1.566469838,82.34290897,HG
34.3637559,86.73310326,-121.0968592,61.78724014,-2.954996131,82.33410049,HG
9.298639591,103.2275761,-112.5262157,65.43999836,-4.19159902,82.32529297,HG
-16.17340334,115.3991432,-99.22573987,66.17403799,-5.218574779,82.31648641,HG
-40.97557702,122.7174568,-81.74187978,64.02652093,-5.994688495,82.30768079,HG
-64.03439808,124.8815402,-60.84714212,59.4469348,-6.496778479,82.29887613,HG
-66.60815346,124.7843488,-58.1761953,58.7057975,-6.537214567,82.29783103,HG
-66.60815346,124.7843488,-58.1761953,58.7057975,-6.537214567,82.29783103,HG
-86.59482927,121.0915953,-34.496766,52.3690374,-6.733550658,82.28902742,HG
-102.9267404,112.3236872,-9.396946753,42.28199676,-6.673595382,82.28022475,HG
-114.8951258,98.83294482,16.06218101,30.09580164,-6.388931138,82.27142302,HG
-122.0136812,81.20817641,40.80550477,17.17403649,-5.932376058,82.26262223,HG
-123.9636985,60.17151705,63.79218148,3.763940674,-5.362923682,82.25382238,HG
-123.5735944,54.14381968,69.42977476,2.84E-09,-5.200004128,82.25149071,HG
-123.5735944,54.14381968,69.42977477,2.12E-09,-5.200004128,82.25149071,HG
-118.9297463,30.12124211,88.80850422,-13.7040687,-4.591895421,82.24269204,HG
-109.2322032,4.877527029,104.3546762,-26.77594613,-4.032578313,82.23389431,HG
-94.9225596,-20.52591045,115.44847,-38.87653309,-3.595649462,82.22509751,HG
-76.60192396,-45.01590987,121.6178338,-49.37734812,-3.345901625,82.21630165,HG
-55.05771144,-67.52235535,122.5800668,-58.12475038,-3.338425121,82.20750673,HG
-48.25939811,-73.61031181,121.8697099,-60.57841667,-3.388376176,82.20493751,HG
-48.25939811,-73.61031181,121.8697099,-60.57841667,-3.388376176,82.20493751,HG
-23.86537067,-92.21786244,116.0832331,-65.71517419,-3.753148012,82.1961438,HG
1.499793848,-106.8570126,105.3572188,-68.42426456,-4.428241222,82.18735105,HG
26.79633729,-116.9222902,90.12595289,-68.4188303,-5.414772319,82.17855924,HG
50.9542988,-121.9919425,71.03764374,-65.90508286,-6.693622859,82.16976838,HG
72.92028856,-121.8088396,48.88855107,-60.14343262,-8.226682714,82.16097848,HG
78.0551621,-120.9228531,42.86769103,-58.51734854,-8.65196373,82.15874069,HG
78.0551621,-120.9228531,42.86769103,-58.51734854,-8.651963731,82.15874069,HG
96.01461702,-114.2475137,18.2328967,-49.89757142,-10.42494238,82.14995199,HG
109.8808583,-102.6818539,-7.199004425,-39.74439394,-12.30480876,82.14116424,HG
119.0916476,-86.71518543,-32.37646222,-28.17047755,-14.21310231,82.13237746,HG
123.2583818,-67.00123422,-56.25714755,-16.4641446,-16.06580755,82.12359162,HG
122.1176767,-44.42033013,-77.6973466,-0.997410528,-17.7448231,82.11480675,HG
121.8245174,-42.6440264,-79.180491,1.65E-09,-17.86236245,82.11415204,HG
121.8245174,-42.6440264,-79.180491,2.34E-09,-17.86236245,82.11415204,HG
115.1577314,-18.01716552,-97.14056586,13.27040746,-19.29060341,82.10536819,HG
103.6027991,7.417742242,-111.0205414,25.84663184,-20.39389717,82.09658529,HG
87.64411868,32.59734046,-120.2414591,37.00065884,-21.10927534,82.08780334,HG
67.93870053,56.44560008,-124.3843006,47.28561812,-21.38115367,82.07902234,HG
45.36307577,77.93044818,-123.2935239,55.18509374,-21.1824712,82.07024227,HG
45.32686618,77.96090824,-123.2877744,55.19482939,-21.18178215,82.0702289,HG
45.32686618,77.96090824,-123.2877744,55.19482939,-21.18178215,82.0702289,HG
20.81325145,96.20322981,-117.0164813,60.03991042,-20.50818016,82.06144977,HG
-4.606318575,110.4173329,-105.8110144,63.40146708,-19.36641888,82.05267157,HG
-29.85657583,119.9935646,-90.13698877,62.80538848,-17.78860504,82.0438943,HG
-53.82818392,124.5388114,-70.71062743,60.08320024,-15.83851171,82.03511795,HG
-75.56564731,123.8634272,-48.29777991,55.20785528,-13.57908284,82.02634252,HG
-76.42917067,123.7000491,-47.27087843,54.34933201,-13.47408335,82.02595518,HG
-76.42917067,123.7000491,-47.27087843,54.34933201,-13.47408335,82.02595518,HG
-94.77801405,117.5788374,-22.80082331,46.15578937,-10.98549616,82.01718071,HG
-109.1343792,106.5318841,2.602495049,36.3444448,-8.375833934,82.00840715,HG
-118.877232,91.01885929,27.85837274,24.94552862,-5.745239645,81.9996345,HG
-123.6023077,71.69814931,51.90415841,12.58532869,-3.193961643,81.99086277,HG
-123.1140109,49.37355306,73.74045779,0.127689209,-0.815007459,81.98209196,HG
-123.092376,49.21440327,73.87797272,-1.95E-10,-0.799765936,81.98203257,HG
-123.092376,49.21440327,73.87797272,-1.17E-09,-0.799765936,81.98203257,HG
-117.2969932,24.84645539,92.45053785,-13.50219189,1.305730424,81.97326268,HG
-106.5893253,-0.528185999,107.1175113,-26.14699869,3.079020477,81.96449371,HG
-91.37179148,-25.83179319,117.2035847,-37.22598889,4.458634848,81.95572566,HG
-72.29429303,-49.99953385,122.2938269,-46.7537504,5.409250883,81.94695854,HG
-53.16168824,-69.29872554,122.4604138,-53.64606401,5.871356397,81.93933095,HG
-53.16168824,-69.29872554,122.4604138,-53.64606401,5.871356397,81.93933095,HG
-29.14052954,-88.63186306,117.7723926,-58.85359099,5.988916591,81.93056557,HG
-3.883911165,-104.1766217,108.0605328,-61.92647244,5.688180511,81.92180113,HG
21.5279912,-115.2615124,93.73352123,-62.20088759,5.010888515,81.91303764,HG
45.99595611,-121.3970913,75.40113518,-60.1088862,4.016305375,81.90427508,HG
66.91288819,-122.4640111,55.55112293,-54.6620624,2.873645522,81.89618231,HG
66.91288819,-122.4640111,55.55112293,-54.6620624,2.873645522,81.89618231,HG
86.77101117,-118.5737373,31.80272616,-47.12340727,1.476843465,81.88742158,HG
102.948682,-109.616215,6.667532929,-37.67188532,-0.006606793,81.8786618,HG
114.7583661,-95.9652068,-18.79315927,-26.59982914,-1.492452815,81.86990298,HG
121.7092975,-78.18779155,-43.52150592,-14.68784741,-2.904009536,81.8611451,HG
123.4369943,-57.0578654,-66.37912887,-0.137375085,-4.154686471,81.85238818,HG
123.4276972,-56.82783984,-66.59985734,1.03E-10,-4.166535142,81.85229898,HG
123.4276972,-56.82783984,-66.59985734,8.04E-10,-4.166535142,81.85229898,HG
119.8916958,-33.2098436,-86.68185221,13.43052119,-5.212646938,81.84354302,HG
111.2676857,-8.137131879,-103.1305538,26.45232117,-6.008586657,81.83478799,HG
97.91983623,17.33494949,-115.2547857,38.36583223,-6.53118384,81.82603391,HG
80.40227686,42.15016175,-122.5524386,48.55146655,-6.777471583,81.81728077,HG
59.44074428,65.17423654,-124.6149808,58.22082928,-6.745614973,81.80852857,HG
55.81959258,68.64633726,-124.4659298,59.18892963,-6.718682836,81.80712196,HG
55.81959257,68.64633726,-124.4659298,59.18892963,-6.718682836,81.80712196,HG
32.05564228,88.44654607,-120.5021883,65.60701143,-6.426683752,81.79837084,HG
6.910483158,104.558164,-111.4686472,68.89687739,-5.957896674,81.78962065,HG
-18.54235562,116.2955945,-97.75323886,69.70434199,-5.374612268,81.7808714,HG
-43.25234796,123.174024,-79.921676,68.05962551,-4.74658218,81.77212308,HG
-66.05768879,124.8014611,-58.74377229,62.70800901,-4.1454278,81.76337568,HG
-72.58970524,124.2535978,-51.66389258,60.81002291,-3.977837104,81.76067719,HG
-72.58970524,124.2535978,-51.66389258,60.81002291,-3.977837104,81.76067719,HG
-91.61903035,119.0912292,-27.47219888,52.6246676,-3.528514669,81.75193102,HG
-106.7670006,108.9346878,-2.167687179,42.66479906,-3.271082264,81.74318577,HG
-117.4148619,94.21242505,23.20243684,31.13037303,-3.260077171,81.73444147,HG
-123.1165198,75.5293535,47.58716628,19.41944448,-3.536918567,81.72569809,HG
-123.5034701,53.65743135,69.84603871,4.088413525,-4.129355314,81.71695566,HG
-122.5601282,46.22742198,76.33270622,5.77E-10,-4.382088456,81.71417749,HG
-122.5601282,46.22742198,76.33270622,-1.20E-10,-4.382088456,81.71417749,HG
-116.1749177,21.69247777,94.4824399,-13.76745232,-5.38534685,81.7054363,HG
-104.8659949,-3.731937943,108.5979329,-26.62172333,-6.683097918,81.69669605,HG
-89.1269635,-28.95344382,118.0804073,-38.10058757,-8.234003601,81.68795676,HG
-69.59232543,-52.89787645,122.4902019,-48.39753862,-9.981997328,81.67921841,HG
-47.15098942,-74.52710952,121.6780989,-56.34458402,-11.84843982,81.67048102,HG
-44.29773581,-76.92633757,121.2240734,-57.0958432,-12.07734795,81.66943166,HG
-44.29773581,-76.92633757,121.2240734,-57.0958432,-12.07734795,81.66943166,HG
-19.68694669,-94.92494976,114.6118964,-62.43536658,-13.98561539,81.66069533,HG
5.742840345,-108.8465165,103.1036762,-65.18001713,-15.8321737,81.65195995,HG
30.91724445,-118.1036073,87.18636287,-64.7244906,-17.52565571,81.64322553,HG
54.75948754,-122.3086945,67.54920692,-62.24237218,-18.97699345,81.63449205,HG
76.3097153,-121.2806558,44.97094048,-55.85398041,-20.11401814,81.62575953,HG
77.89437147,-120.9706689,43.07629748,-55.37845797,-20.18787842,81.6250647,HG
77.89437147,-120.9706689,43.07629748,-55.37845797,-20.18787842,81.6250647,HG
95.88538603,-114.342137,18.45675096,-47.18848448,-20.8987913,81.61633319,HG
109.7967299,-102.8209912,-6.975738756,-37.2141069,-21.16573293,81.60760262,HG
119.0540028,-86.89128601,-32.16271676,-25.76285756,-20.96120829,81.59887298,HG
123.2600277,-67.23040983,-56.02961792,-13.25203623,-20.27493367,81.59014427,HG
122.3379643,-45.67512298,-76.66284137,4.77E-09,-19.16704386,81.58179225,HG
122.3379643,-45.67512298,-76.66284137,5.34E-09,-19.16704386,81.58179225,HG
116.3203545,-21.23072618,-95.08962828,12.95171548,-17.58957152,81.57306535,HG
105.3645807,4.163375124,-109.5279558,25.38293758,-15.63031923,81.56433936,HG
89.9329612,29.43744486,-119.3704061,36.56728152,-13.36098388,81.55561429,HG
70.66865652,53.54056185,-124.2092184,46.06574385,-10.86613508,81.54689013,HG
48.37027833,75.37452546,-123.7448038,53.97622296,-8.236866998,81.53816688,HG
48.02068758,75.67846651,-123.6991541,54.06104683,-8.197408102,81.53803689,HG
48.02068757,75.67846651,-123.6991541,54.06104683,-8.197408102,81.53803689,HG
23.69662562,94.31351877,-118.0101444,59.68230268,-5.556255008,81.52931456,HG
-1.676910155,109.0251707,-107.3482606,62.09285824,-2.98774971,81.52059314,HG
-26.98897784,119.1690381,-92.18006022,62.18184139,-0.596602474,81.51187263,HG
-51.19625071,124.3286334,-73.13238266,59.92690578,1.533435296,81.50315303,HG
-72.35742413,124.3142002,-51.9567761,53.75001635,3.250195742,81.49478431,HG
-72.35742413,124.3142002,-51.95677609,53.75001635,3.250195742,81.49478431,HG
-91.42481721,119.2181506,-27.79333342,46.17069963,4.654189653,81.48606651,HG
-106.6369554,109.1239624,-2.487007042,36.49723622,5.624960682,81.47734962,HG
-117.3473068,94.4553781,22.89192871,25.42048575,6.1448303,81.46863366,HG
-123.1108787,75.82372129,47.28715739,13.92467004,6.218728834,81.45991864,HG
-123.7612238,55.85299562,67.90822817,3.25E-09,5.906210544,81.45190583,HG
-123.7612238,55.85299562,67.90822818,2.75E-09,5.906210544,81.45190583,HG
-119.4874357,31.99029532,87.49714038,-12.65785312,5.209535979,81.4431926,HG
-110.1566067,6.788813516,103.3677932,-25.31783476,4.190004901,81.43448031,HG
-96.17712702,-18.65086186,114.8279889,-36.83323468,2.924251361,81.42576896,HG
-78.11409349,-43.25814446,121.3722379,-47.2759504,1.491308523,81.41705855,HG
-57.97723211,-64.81560206,122.7928342,-55.21406239,0.064554191,81.40881454,HG
-57.9772321,-64.81560206,122.7928342,-55.21406239,0.064554191,81.40881454,HG
-34.34161671,-84.85787739,119.1994941,-60.70676025,-1.438044457,81.40010597,HG
-9.252631475,-101.2699513,110.5225828,-64.29441634,-2.858274984,81.39139835,HG
16.21057878,-113.3225167,97.11193788,-65.26324508,-4.119937574,81.38269168,HG
40.97666864,-120.5324151,79.55574645,-63.15358014,-5.168006084,81.37398594,HG
63.99547834,-122.588936,58.59345763,-58.37280829,-5.960131161,81.36528115,HG
65.95804875,-122.5056082,56.54755947,-57.80151465,-6.017277762,81.36449228,HG
65.95804875,-122.5056082,56.54755947,-57.80151465,-6.017277763,81.36449228,HG
85.97212235,-118.8499683,32.87784596,-50.35163746,-6.505400925,81.3557885,HG
102.3174048,-110.1024332,7.785028415,-40.67546596,-6.708577849,81.34708567,HG
114.319341,-96.64355055,-17.67579045,-29.28856679,-6.64691054,81.33838376,HG
121.4725432,-79.04241836,-42.4301248,-16.6997101,-6.355849383,81.32968279,HG
123.4501763,-58.05118378,-65.39899248,-3.61651841,-5.883608529,81.32098274,HG
123.2029522,-53.67563484,-69.52731736,3.20E-09,-5.774737322,81.31931787,HG
123.2029522,-53.67563484,-69.52731736,4.11E-09,-5.774737322,81.31931787,HG
118.9695965,-29.80696249,-89.16263403,13.24092484,-5.175129408,81.31061892,HG
109.6600284,-4.618152806,-105.0418756,26.52367927,-4.543262806,81.3019209,HG
95.69785975,20.81310844,-116.5109682,38.65777605,-3.957798107,81.2932238,HG
77.66916039,45.41666601,-123.0858264,49.22858351,-3.492336223,81.28452763,HG
56.32631198,68.167969,-124.494281,57.83226887,-3.214261659,81.27583239,HG
48.83331793,74.96510711,-123.798425,60.2964993,-3.174654482,81.27301095,HG
48.83331793,74.96510711,-123.798425,60.2964993,-3.174654482,81.27301095,HG
24.52564301,93.7173069,-118.2429499,65.81763165,-3.232811286,81.26431693,HG
-0.819986053,108.5636518,-107.7436658,68.70064331,-3.588980286,81.25562385,HG
-26.14433782,118.8563782,-92.71204041,68.80735695,-4.263218512,81.2469317,HG
-50.38099085,124.1711706,-73.79017974,66.34555142,-5.255328049,81.23824049,HG
-72.48904641,124.2370118,-51.74796536,60.34872865,-6.547953232,81.22955022,HG
-78.07718627,123.3327945,-45.25560824,58.58814769,-6.950916264,81.22715312,HG
-78.07718627,123.3327945,-45.25560824,58.58814769,-6.950916265,81.22715312,HG
-96.12570454,116.7879812,-20.66227662,50.37842612,-8.560892196,81.21846406,HG
-110.1071312,105.3421085,4.765022689,39.93693221,-10.35162294,81.20977594,HG
-119.4344674,89.48047307,29.9539943,28.07606812,-12.24765162,81.20108876,HG
-123.7165813,69.87467531,53.84190597,15.39380214,-14.16347544,81.19240254,HG
-122.7753897,47.33932287,75.4360668,2.889560002,-16.0111768,81.18371726,HG
-122.2182349,43.99644659,78.22178829,-5.97E-10,-16.25794034,81.1824979,HG
-122.2182349,43.99644659,78.22178829,-1.62E-09,-16.25794034,81.1824979,HG
-115.3174315,19.31265889,96.00477264,-13.63060672,-17.89760302,81.1738137,HG
-103.5808224,-6.130714997,109.7115374,-26.42639621,-19.27537503,81.16513045,HG
-87.45691156,-31.26948043,118.726392,-37.75965004,-20.30694464,81.15644813,HG
-67.63711066,-55.04407996,122.6811906,-47.22148264,-20.93123191,81.14776675,HG
-46.25378403,-75.33143314,121.5852172,-54.97027421,-21.09772215,81.13956393,HG
-46.25378403,-75.33143314,121.5852172,-54.97027421,-21.09772215,81.13956393,HG
-21.77207998,-93.61571557,115.3877955,-59.93804538,-20.80417133,81.13088435,HG
3.637809788,-107.9036065,104.2657968,-62.81707967,-20.02589387,81.12220571,HG
28.88532062,-117.5731084,88.68778783,-62.75891486,-18.77750257,81.11352798,HG
52.899231,-122.1935541,69.29432307,-59.8672102,-17.09233217,81.10485116,HG
74.64595491,-121.5898843,46.94392944,-54.51630621,-15.03759781,81.09617526,HG
74.8581119,-121.5551803,46.69706842,-54.44685395,-15.0142264,81.09608444,HG
74.8581119,-121.5551803,46.69706842,-54.44685395,-15.0142264,81.09608444,HG
93.41954068,-115.7187123,22.29917161,-45.83708998,-12.66447419,81.08740946,HG
107.9945173,-104.9086424,-3.085874895,-36.75986757,-10.10721568,81.07873537,HG
117.9629577,-89.61093582,-28.35202184,-25.7867409,-7.449267806,81.07006219,HG
123.0140114,-70.48841788,-52.52559349,-13.75927434,-4.78912897,81.06138992,HG
122.6841522,-48.24966775,-74.43448442,-0.043853516,-2.227971907,81.05271854,HG
122.6747003,-48.17333238,-74.50136789,6.37E-10,-2.219906362,81.05269031,HG
122.6747003,-48.17333238,-74.50136789,1.34E-09,-2.219906362,81.05269031,HG
117.1977796,-23.88656073,-93.31121883,12.98798889,0.133695795,81.04401985,HG
106.7446168,1.460971559,-108.2055884,25.31859725,2.198301056,81.03535029,HG
91.75785713,26.80207936,-118.5599365,36.4844795,3.903137021,81.02668164,HG
72.87651717,51.03342264,-123.9099398,46.36529695,5.190053548,81.0180139,HG
51.84471335,72.31141911,-124.1561325,53.49543042,6.007107773,81.00971878,HG
51.84471335,72.31141911,-124.1561325,53.49543042,6.007107773,81.00971878,HG
27.7721662,91.52388903,-119.2960552,58.84554489,6.407828374,81.00105284,HG
2.489883397,106.933123,-109.4230064,61.8247477,6.362367963,80.99238783,HG
-22.90986484,117.8619242,-94.95205934,62.05774087,5.900416561,80.98372375,HG
-47.34130466,123.8167321,-76.47542744,59.47675034,5.068884325,80.9750606,HG
-67.76166701,124.761379,-56.99971195,54.38670247,4.059901766,80.96722607,HG
-67.76166701,124.761379,-56.99971195,54.38670247,4.059901766,80.96722607,HG
-87.57382848,120.7998632,-33.22603477,46.8498663,2.727352288,80.95856471,HG
-103.6955369,111.7746928,-8.079155861,37.35741596,1.250583363,80.94990428,HG
-115.4404552,98.0640819,17.37637328,26.26370473,-0.28237863,80.9412448,HG
-122.3222305,80.24041019,42.08182035,14.34426043,-1.788400209,80.93258625,HG
-124.0262908,60.42583167,63.60045914,1.38E-11,-3.098450527,80.92446061,HG
-124.0262908,60.42583167,63.60045914,-5.76E-10,-3.098450527,80.92446061,HG
-120.7903019,36.94705184,83.84325002,-12.6900798,-4.319149908,80.91580389,HG
-112.4499369,11.92556771,100.5243692,-25.74204207,-5.315463258,80.9071481,HG
-99.3640426,-13.55090267,112.9149453,-37.80153298,-6.045418149,80.89849325,HG
-82.07141171,-38.42816166,120.4995734,-48.07750204,-6.493264166,80.88983933,HG
-61.28672234,-61.5859307,122.872653,-57.71509284,-6.64704074,80.88118634,HG
-56.9892783,-65.74704456,122.7363229,-58.94124468,-6.646405199,80.87952855,HG
-56.9892783,-65.74704456,122.7363229,-58.94124468,-6.646405199,80.87952855,HG
-33.27153082,-85.63898519,118.910516,-65.36122023,-6.497682196,80.87087666,HG
-8.150488646,-101.8591111,110.0095998,-68.70665303,-6.136302006,80.86222569,HG
17.3089366,-113.7217678,96.41283115,-69.51893324,-5.619534536,80.85357565,HG
42.0535709,-120.7357451,78.68217417,-67.84562323,-5.015131837,80.84492652,HG
64.92141702,-122.5040196,57.5826026,-62.66454951,-4.39389827,80.83627832,HG
71.40079361,-122.0087283,50.60793474,-60.79666833,-4.214228228,80.83364245,HG
71.40079361,-122.0087283,50.60793473,-60.79666833,-4.214228228,80.83364245,HG
90.53683916,-117.00341,26.46657084,-52.66121919,-3.694449269,80.82499545,HG
105.8136417,-106.9937425,1.180100825,-42.73300349,-3.334703522,80.81634936,HG
116.6068439,-92.40205227,-24.20479159,-31.20564302,-3.197626128,80.8077042,HG
122.4640939,-73.82914829,-48.63494565,-19.41286518,-3.333768203,80.79905996,HG
123.014566,-52.04139934,-70.9731667,-4.219178795,-3.781302911,80.79041665,HG
122.0973247,-44.47487585,-77.62244884,1.17E-11,-3.993859728,80.78761316,HG
122.0973247,-44.47487585,-77.62244884,7.13E-10,-3.993859728,80.78761316,HG
115.8332442,-19.97162985,-95.86161436,13.76884575,-4.865280614,80.77897109,HG
104.6376074,5.444667834,-110.0822752,26.63952321,-6.049626766,80.77032994,HG
88.99782789,30.68419199,-119.6820199,38.16038647,-7.513948092,80.76168973,HG
69.54546296,54.67128461,-124.2167476,48.48261141,-9.208869749,80.75305047,HG
47.16448583,76.3666133,-123.5310991,56.58555828,-11.06009854,80.74441214,HG
43.55448896,79.40704803,-122.961537,57.56314441,-11.35112194,80.74309864,HG
43.55448896,79.40704803,-122.961537,57.56314441,-11.35112195,80.74309864,HG
18.92795901,97.38582611,-116.3137851,62.71840172,-13.29099054,80.7344614,HG
-6.505231593,111.2782391,-104.7730075,65.16703272,-15.20488905,80.7258251,HG
-31.69160938,120.4999592,-88.8083498,64.6253922,-17.00199196,80.71718974,HG
-55.52693676,124.6550731,-69.12813632,61.67844076,-18.583189,80.70855532,HG
-77.03544173,123.5798868,-46.54444506,56.38656935,-19.86881919,80.69992184,HG
-78.11048782,123.3693692,-45.25888142,55.91002961,-19.92711866,80.69945385,HG
-78.11048782,123.3693692,-45.25888142,55.91002961,-19.92711866,80.69945385,HG
-96.16547068,116.8342807,-20.66880997,47.18421517,-20.8171199,80.69082135,HG
-110.1539585,105.3953772,4.758581257,37.60176169,-21.27054235,80.68218978,HG
-119.4916533,89.52176116,29.96989211,25.93557634,-21.24954808,80.67355914,HG
-123.7370883,69.87081759,53.86627068,12.55857034,-20.72582459,80.66492942,HG
-122.8994366,48.08757949,74.81185712,-2.12E-09,-19.76261325,80.65656268,HG
-122.8994366,48.08757949,74.81185712,-2.96E-09,-19.76261325,80.65656268,HG
-116.9257574,23.69146491,93.23429247,-13.02755752,-18.31616518,80.64793476,HG
-105.9866375,-1.706083835,107.6927214,-25.48804436,-16.45233208,80.63930775,HG
-90.5746636,-26.97444777,117.5491114,-36.77188937,-14.24606131,80.63068164,HG
-71.33497576,-51.06012018,122.3950959,-46.34754582,-11.78063165,80.62205643,HG
-49.07015405,-72.95995874,122.0301128,-53.88327705,-9.150790531,80.61343212,HG
-47.6965727,-74.14603214,121.8426048,-54.33323422,-8.994298067,80.61292807,HG
-47.69657269,-74.14603214,121.8426048,-54.33323422,-8.994298066,80.61292807,HG
-23.28340304,-92.62544281,115.9088459,-59.86084715,-6.304946325,80.60430471,HG
2.103695645,-107.170141,105.0664454,-62.23015456,-3.671502619,80.59568224,HG
27.38909366,-117.117982,89.72888832,-62.01788837,-1.194385378,80.58706068,HG
51.50930884,-122.0629784,70.55366958,-59.20995337,1.033410039,80.57844001,HG
73.4618261,-121.7984018,48.33657566,-54.3365717,2.93413199,80.56982025,HG
73.88388125,-121.7360302,47.85214895,-54.07276348,2.969240952,80.56964239,HG
73.88388125,-121.7360302,47.85214895,-54.07276348,2.969240952,80.56964239,HG
92.56276045,-116.0902678,23.52750732,-45.36758516,4.455864624,80.56102356,HG
104.2450306,-108.4520652,4.207034583,-37.80454177,5.302881437,80.55445643,HG
115.692306,-94.17263399,-21.51967203,-26.36697899,6.010082957,80.54573419,HG
122.1189733,-75.75847055,-46.36050276,-14.85793523,6.247445029,80.53701289,HG
123.1936678,-53.94661148,-69.24705635,-1.810323722,6.026112943,80.52829253,HG
122.9725031,-51.09273645,-71.87976664,9.04E-10,5.9725238,80.52721677,HG
122.9725031,-51.09273645,-71.87976664,1.66E-09,5.9725238,80.52721677,HG
118.1093615,-26.76543484,-91.34392668,14.20197463,5.306686306,80.51849748,HG
108.0603915,-1.16737823,-106.8930132,26.94458556,4.29126986,80.50977914,HG
93.31946219,24.524354,-117.8438162,38.59737948,3.013269048,80.50106175,HG
74.51252567,49.21400113,-123.7265268,48.34498307,1.557179209,80.49234532,HG
57.65293453,66.95629337,-124.6092279,55.25468209,0.365067792,80.48559413,HG
57.65293453,66.95629337,-124.6092279,55.25468209,0.365067792,80.48559413,HG
33.73979589,87.24730787,-120.9871038,61.02672967,-1.176240734,80.4768794,HG
8.343226582,103.8186414,-112.1618679,64.62179186,-2.645138327,80.46816563,HG
-17.43030309,115.9384122,-98.50810909,65.26023574,-3.962079864,80.45945282,HG
-42.45414002,123.0635795,-80.60943951,63.08467967,-5.060757243,80.45074096,HG
-65.64777138,124.9055882,-59.25781678,58.13860312,-5.896865287,80.44203005,HG
-66.34838247,124.8736472,-58.52526478,57.94452831,-5.918794002,80.4417513,HG
-66.34838247,124.8736472,-58.52526478,57.94452831,-5.918794002,80.4417513,HG
-86.60113427,121.1784451,-34.57731078,50.79922528,-6.456226611,80.43304137,HG
-103.112705,112.280808,-9.168102967,40.93683975,-6.699574702,80.42433239,HG
-115.1366519,98.5585941,16.57805779,29.80436432,-6.660946908,80.41562436,HG
-122.192223,80.592421,41.59980195,15.9616769,-6.381686228,80.40691726,HG
-123.9482997,59.19506426,64.75323548,2.373160853,-5.912575741,80.39821111,HG
-123.7104442,55.368898,68.3415462,-1.34E-09,-5.819968666,80.39676726,HG
-123.7104442,55.368898,68.3415462,-2.07E-09,-5.819968666,80.39676726,HG
-119.2237423,31.12829093,88.09545135,-13.80352979,-5.216477879,80.3880622,HG
-109.5664769,5.600906694,103.9655702,-27.1497871,-4.579544524,80.37935808,HG
-95.16759543,-20.11836243,115.2859579,-39.36418342,-3.990882873,80.37065489,HG
-76.65110954,-44.91639095,121.5675005,-49.95652951,-3.529257542,80.36195263,HG
-54.80700103,-67.73778157,122.5447826,-58.51343365,-3.266164549,80.35325132,HG
-49.02387247,-72.91629719,121.9401697,-60.35602576,-3.239377476,80.35110968,HG
-49.02387247,-72.91629719,121.9401697,-60.35602576,-3.239377476,80.35110968,HG
-24.38792588,-91.81155851,116.1994844,-65.92166275,-3.308514892,80.34240954,HG
1.28096025,-106.6920143,105.4110541,-68.76643244,-3.689370976,80.33371035,HG
26.8837832,-116.8836286,89.99984538,-68.76382921,-4.403066897,80.3250121,HG
51.31488458,-121.9564175,70.64153292,-66.12523524,-5.448625959,80.3163148,HG
73.48611698,-121.6533087,48.16719173,-60.17483753,-6.80352466,80.30761845,HG
77.65603435,-120.926929,43.27089466,-58.84117724,-7.115571199,80.30584095,HG
77.65603435,-120.926929,43.27089466,-58.84117723,-7.115571199,80.30584095,HG
95.88015664,-114.2357058,18.35554912,-50.11282888,-8.783244732,80.29714575,HG
109.9165219,-102.5328721,-7.383649813,-39.75587479,-10.63560229,80.28845152,HG
119.1803558,-86.32575665,-32.85459914,-27.96452231,-12.59460998,80.27975824,HG
123.2725452,-66.298306,-56.97423917,-16.04749915,-14.57222651,80.27106592,HG
121.9264452,-43.35020666,-78.57623855,-0.417364534,-16.4469666,80.26237457,HG
121.8009882,-42.60910204,-79.19188616,6.78E-10,-16.50240171,80.26210805,HG
121.8009882,-42.60910204,-79.19188616,1.38E-09,-16.50240171,80.26210805,HG
115.0295938,-17.68067993,-97.34891383,13.47333598,-18.19260063,80.25341768,HG
103.2540483,8.066884946,-111.3209333,26.21690113,-19.60092497,80.24472826,HG
86.9817361,33.52565275,-120.5073888,37.50087295,-20.64627582,80.2360398,HG
66.8996628,57.58459015,-124.484253,47.77301714,-21.25598513,80.22735229,HG
45.52202819,77.83228933,-123.3543175,55.11400403,-21.38994897,80.21924428,HG
45.52202819,77.83228933,-123.3543175,55.11400403,-21.38994897,80.21924428,HG
20.71650354,96.29789014,-117.0143937,60.37641013,-21.04664195,80.21055858,HG
-5.011260633,110.6502442,-105.6389836,62.86220004,-20.19749671,80.20187383,HG
-30.53859031,120.2377853,-89.69919499,62.67125381,-18.85663039,80.19319,HG
-54.73944148,124.6555893,-69.91614781,59.78941848,-17.07501337,80.1845071,HG
-75.713464,123.8658979,-48.15243395,54.71601083,-15.01615046,80.17619816,HG
-75.713464,123.8658979,-48.15243395,54.71601083,-15.01615046,80.17619816,HG
-94.39249746,117.8349326,-23.4424351,46.66258628,-12.58125891,80.16751706,HG
-109.0003505,106.73755,2.262800468,36.64040173,-9.948410445,80.15883687,HG
-118.8879175,91.06054274,27.82737477,25.10796475,-7.228133615,80.1501576,HG
-123.6349309,71.4825297,52.15240116,12.58499975,-4.530524881,80.14147925,HG
-123.0650315,49.03897723,74.02605425,3.66E-11,-1.982554249,80.13287459,HG
-123.0650315,49.03897723,74.02605425,-4.03E-10,-1.982554249,80.13287459,HG
-117.1204373,24.35282188,92.76761541,-13.64028789,0.347231496,80.12419805,HG
-106.1474462,-1.342154264,107.4896004,-26.38268811,2.359010316,80.11552244,HG
-90.57456302,-26.9263836,117.5009466,-37.5430468,3.977141006,80.10684775,HG
-71.08237075,-51.29729978,122.3796705,-47.08884948,5.152660444,80.09817398,HG
-52.68596024,-69.67874215,122.3647024,-53.65877656,5.764858756,80.09104008,HG
-52.68596023,-69.67874215,122.3647024,-53.65877656,5.764858756,80.09104008,HG
-28.32529422,-89.15272891,117.4780231,-58.83246433,6.075027517,80.08236802,HG
-2.736866526,-104.7196922,107.4565588,-61.83231641,5.926840001,80.07369689,HG
22.9604613,-115.6917938,92.73133253,-61.96370069,5.35801247,80.0650267,HG
47.63586147,-121.5611585,73.925297,-59.36147298,4.424466522,80.05635746,HG
67.27706105,-122.3816784,55.10461736,-54.41003254,3.389011965,80.04889423,HG
67.27706105,-122.3816784,55.10461736,-54.41003254,3.389011965,80.04889423,HG
87.29545331,-118.3202284,31.02477509,-46.71012353,1.991440654,80.04022676,HG
103.5211412,-109.0762817,5.555140503,-37.1058341,0.472275169,80.03156024,HG
115.2461097,-95.0459408,-20.2001689,-25.83611138,-1.074976585,80.02289467,HG
121.9718567,-76.8288008,-45.14305587,-13.715793,-2.563567777,80.01423005,HG
123.4438725,-57.49549951,-65.94837294,-4.27E-10,-3.775138283,80.00642505,HG
123.4438725,-57.49549951,-65.94837295,1.04E-10,-3.775138283,80.00642505,HG
119.9969837,-33.64524302,-86.35174067,13.2237211,-4.926970324,79.99776225,HG
111.338943,-8.282369566,-103.0565735,26.46457698,-5.823511139,79.98910039,HG
97.83661373,17.49648708,-115.3331008,38.48964403,-6.431984077,79.98043947,HG
80.06865895,42.59303528,-122.6616942,48.77000048,-6.744096762,79.9717795,HG
58.78551208,65.84925302,-124.6347651,58.39218988,-6.756587637,79.96312046,HG
56.26168917,68.26556638,-124.5272556,59.09373154,-6.741884553,79.96216298,HG
56.26168917,68.26556639,-124.5272556,59.09373154,-6.741884553,79.96216298,HG
32.23835661,88.3485637,-120.5869203,65.54976312,-6.477606499,79.95350498,HG
6.789967379,104.6617526,-111.45172,68.88866214,-6.013487365,79.94484792,HG
-18.96761469,116.4905181,-97.52290342,69.64847099,-5.415697443,79.9361918,HG
-43.94473303,123.3357285,-79.39099544,67.83832647,-4.760124574,79.9275366,HG
-66.94515378,124.7966623,-57.85150848,62.42461102,-4.124956493,79.91888233,HG
-72.48996325,124.3051457,-51.81518242,60.78893083,-3.974458396,79.91663773,HG
-72.48996325,124.3051457,-51.81518241,60.78893083,-3.974458396,79.91663773,HG
-91.74669387,119.0729345,-27.32624063,52.58807801,-3.486694319,79.90798463,HG
-107.0178923,108.7240155,-1.706123194,42.31520867,-3.198479408,79.89933247,HG
-117.6573599,93.70746436,23.94989558,30.3972769,-3.170964085,79.89068125,HG
-123.2059767,74.67527574,48.53070094,17.50005269,-3.449790584,79.88203096,HG
-123.4270022,52.43839312,70.9886091,4.677967032,-4.06199701,79.87338162,HG
-122.6956172,46.9070027,75.78861453,-3.41E-10,-4.253391703,79.87136735,HG
-122.6956172,46.9070027,75.78861453,-1.29E-09,-4.253391703,79.87136735,HG
-116.2895675,22.07357397,94.21599354,-13.42497419,-5.28242525,79.86271917,HG
-104.8878196,-3.648044805,108.5358644,-26.66378352,-6.62270679,79.85407194,HG
-88.9361135,-29.16276893,118.0988824,-38.37950458,-8.232629928,79.84542565,HG
-69.13478755,-53.36748494,122.5022725,-48.25571516,-10.04886275,79.83678032,HG
-46.32093693,-75.19832406,121.519261,-56.33584685,-11.99179877,79.82813595,HG
-43.81981985,-77.28857025,121.1083901,-57.06765393,-12.19671493,79.82723794,HG
-43.81981985,-77.28857025,121.1083901,-57.06765393,-12.19671493,79.82723794,HG
-18.88425186,-95.39657988,114.2808317,-62.37964566,-14.16722815,79.81859462,HG
6.868692762,-109.3205147,102.4518219,-64.76870799,-16.06337362,79.80995225,HG
32.3179922,-118.4516279,86.13363574,-64.38898625,-17.78405384,79.80131083,HG
56.34045807,-122.3635209,66.02306288,-61.12696541,-19.22747611,79.79267037,HG
77.34155505,-121.0351168,43.69356172,-55.48941892,-20.28897748,79.78427538,HG
77.34155506,-121.0351168,43.69356172,-55.48941892,-20.28897748,79.78427538,HG
95.62577258,-114.4406448,18.81487223,-47.30395457,-20.96019918,79.77563678,HG
109.7549808,-102.8255597,-6.929421064,-37.25788479,-21.15413284,79.76699912,HG
119.0859976,-86.69451457,-32.391483,-26.03707495,-20.83520172,79.75836239,HG
123.2554727,-66.71458244,-56.54089022,-11.93586478,-20.00588454,79.7497266,HG
122.3996606,-46.20291281,-76.19674776,8.36E-10,-18.83232392,79.74195187,HG
122.3996606,-46.2029128,-76.19674777,1.60E-09,-18.83232392,79.74195187,HG
116.406137,-21.49549381,-94.91064324,12.49637946,-17.10218124,79.73331782,HG
105.3511968,4.207370782,-109.5585676,25.40143403,-14.9832137,79.7246847,HG
89.70948811,29.76135804,-119.4708461,36.57350163,-12.55793533,79.71605248,HG
70.1300738,54.11987872,-124.2499525,46.88859544,-9.918764273,79.70742118,HG
48.36718995,75.40227941,-123.7694694,54.40406823,-7.284234877,79.69909797,HG
48.36718995,75.40227941,-123.7694694,54.40406823,-7.284234877,79.69909797,HG
23.73874246,94.30737313,-118.0461156,59.60933055,-4.564038025,79.69046845,HG
-1.942052652,109.1856688,-107.2436162,62.1624585,-1.963796575,79.68183984,HG
-27.57233991,119.3951824,-91.82284252,62.40843428,0.414068851,79.67321215,HG
-51.97073397,124.4044526,-72.43371864,58.94893967,2.466569332,79.66458536,HG
-72.81342438,124.2814863,-51.46806192,53.85429426,4.037037111,79.65651252,HG
-72.81342438,124.2814863,-51.46806192,53.85429426,4.037037111,79.65651252,HG
-92.01421008,118.979855,-26.96564494,45.99881956,5.285157541,79.64788752,HG
-107.2454601,108.573196,-1.327735868,36.20801424,6.060524409,79.63926344,HG
-117.8497346,93.50021002,24.34952458,25.46107005,6.355452101,79.63064028,HG
-123.2898629,74.37424478,48.91561816,11.24109016,6.176762899,79.62201806,HG
-123.7442582,55.70285104,68.04140721,1.48E-09,5.696627219,79.61471482,HG
-123.7442582,55.70285104,68.04140721,7.19E-10,5.696627218,79.61471482,HG
-119.3449143,31.50196159,87.84295275,-13.09471715,4.786528062,79.60609433,HG
-109.7766915,5.978367638,103.7983238,-25.74002458,3.57554209,79.59747479,HG
-95.45431674,-19.73920208,115.1935188,-37.54144062,2.152144462,79.58885619,HG
-76.97584817,-44.59410858,121.5699568,-47.82606817,0.602445293,79.58023854,HG
-58.35162085,-64.428896,122.7805169,-55.38107398,-0.751074105,79.57280765,HG
-58.35162085,-64.428896,122.7805169,-55.38107398,-0.751074105,79.57280765,HG
-34.45087735,-84.74610403,119.1969814,-61.3982495,-2.266692565,79.56419177,HG
-9.05909106,-101.3465846,110.4056757,-64.75327504,-3.646091128,79.55557683,HG
16.71955605,-113.4875152,96.7679592,-65.40351106,-4.816780683,79.54696284,HG
41.7465209,-120.6462022,78.89968134,-63.35211913,-5.724729579,79.53834979,HG
64.96473158,-122.5204325,57.55570096,-58.70042399,-6.341516205,79.52973768,HG
65.95131519,-122.4745389,56.52322375,-58.34406493,-6.361324919,79.5293474,HG
65.9513152,-122.4745389,56.52322375,-58.34406493,-6.361324919,79.5293474,HG
86.17066472,-118.7368549,32.56619018,-50.61017457,-6.658794242,79.52073626,HG
102.6413876,-109.7934008,7.152013198,-40.87913013,-6.665559609,79.51212607,HG
114.6448207,-96.0347926,-18.61002806,-29.34149438,-6.414758323,79.5035168,HG
121.6670066,-78.05766762,-43.609339,-16.57746749,-5.958881085,79.49490846,HG
123.4104513,-56.62900194,-66.78144932,-3.30277574,-5.364735468,79.48630105,HG
123.1355336,-52.43326285,-70.70227079,1.01E-09,-5.246430283,79.48473455,HG
123.1355336,-52.43326285,-70.70227079,1.90E-09,-5.246430283,79.48473455,HG
118.4795447,-28.14116571,-90.338379,13.4372879,-4.583402366,79.47612823,HG
108.710932,-2.597476342,-106.1134557,26.92307643,-3.960623072,79.46752284,HG
94.20434792,23.1132051,-117.317553,39.04387908,-3.455976521,79.45891838,HG
75.59896995,47.87796192,-123.4769319,49.59185767,-3.14540211,79.45031484,HG
53.71606398,70.58222398,-124.298288,58.43745004,-3.093227935,79.44171224,HG
47.57468185,76.05393492,-123.6286168,60.62484759,-3.128342817,79.43947491,HG
47.57468185,76.05393492,-123.6286168,60.62484759,-3.128342817,79.43947491,HG
22.86188211,94.84511297,-117.7069951,65.37375765,-3.468527133,79.43087348,HG
-2.822174576,109.5551217,-106.7329471,68.28141835,-4.14671713,79.42227298,HG
-28.40255036,119.5637416,-91.16119128,68.13090048,-5.164888133,79.41367343,HG
-52.7690855,124.4402779,-71.67119243,65.41000747,-6.50122775,79.40507481,HG
-74.83792232,123.9336053,-49.09568299,59.36683739,-8.112169702,79.39647715,HG
-78.49648985,123.2708513,-44.7743614,58.14611593,-8.427403418,79.39493004,HG
-78.49648986,123.2708513,-44.7743614,58.14611593,-8.427403419,79.39493004,HG
-96.66841843,116.5097419,-19.84132349,49.54892,-10.27907247,79.38633349,HG
-110.6448547,104.7403558,5.904498867,38.9958854,-12.24245518,79.37773789,HG
-119.83199,88.47426795,31.35772203,26.9585063,-14.22476707,79.36914324,HG
-123.8337258,68.41671043,55.41701535,14.12829596,-16.12561042,79.36054953,HG
-122.4793824,45.42141964,77.0579628,1.464799337,-17.84744045,79.35195678,HG
-122.1842551,43.74634947,78.43790567,-1.24E-09,-17.95642356,79.35136169,HG
-122.1842551,43.74634947,78.43790567,-2.30E-09,-17.95642356,79.35136169,HG
-115.110898,18.7485229,96.36237511,-14.23462,-19.3588112,79.34276994,HG
-103.0930582,-7.011025306,110.1040835,-27.04098514,-20.39691789,79.33417914,HG
-86.60280902,-32.41719686,119.0200059,-38.44367696,-20.99125722,79.32558928,HG
-66.36454759,-56.37440974,122.7389573,-47.90638328,-21.09688786,79.31700035,HG
-47.33600097,-74.39646395,121.7324649,-54.89360773,-20.78845143,79.30987255,HG
-47.33600097,-74.39646395,121.7324649,-54.89360773,-20.78845143,79.30987255,HG
-22.60997833,-93.04854171,115.65852,-59.91698917,-19.94224249,79.30128532,HG
3.09571605,-107.6255339,104.5298179,-62.80849906,-18.59996561,79.292699,HG
28.65836047,-117.4820093,88.82364881,-62.7279471,-16.80494986,79.2841136,HG
52.9468989,-122.1726013,69.2257024,-60.10410408,-14.6240431,79.27552911,HG
74.92649414,-121.510732,46.58423785,-54.40485295,-12.14527215,79.26694553,HG
75.32760917,-121.4446251,46.11701589,-54.31208341,-12.09440535,79.26677796,HG
75.32760917,-121.4446251,46.11701589,-54.31208341,-12.09440535,79.26677796,HG
94.00593551,-115.3518478,21.34591227,-45.99296214,-9.411163093,79.2581953,HG
108.561175,-104.2050711,-4.356103904,-36.15516324,-6.650922703,79.24961354,HG
118.3978067,-88.48078807,-29.91701866,-24.58261256,-3.921526451,79.24103269,HG
123.0881259,-68.86417882,-54.22394705,-12.10135539,-1.335907836,79.23245274,HG
122.5840611,-47.42337858,-75.16068254,4.17E-10,0.890402594,79.22431781,HG
122.5840611,-47.42337858,-75.16068254,8.40E-10,0.890402594,79.22431781,HG
116.8289854,-22.79270648,-94.03627894,13.66278709,2.904568304,79.21573962,HG
106.0145839,2.889066053,-108.90365,26.19745819,4.516806957,79.20716235,HG
90.58129287,28.49515511,-119.076448,37.5028068,5.670856627,79.198586,HG
71.2039611,52.92361001,-124.1275711,47.06170176,6.341927746,79.19001056,HG
52.99506626,71.27384406,-124.2689103,53.67801475,6.526566272,79.18299951,HG
52.99506626,71.27384406,-124.2689103,53.67801475,6.526566272,79.18299951,HG
28.70049172,90.88089893,-119.5813907,58.93658982,6.328163627,79.17442576,HG
3.137402131,106.6097802,-109.7471823,61.98291333,5.703333774,79.16585294,HG
-22.57685861,117.7656033,-95.18874466,62.15636911,4.713524757,79.15728105,HG
-47.30519969,123.8441246,-76.53892494,59.8915644,3.437870395,79.14871011,HG
-66.81179654,124.8419869,-58.03019037,54.78933749,2.190030132,79.14141909,HG
-66.81179654,124.8419869,-58.03019037,54.78933749,2.190030131,79.14141909,HG
-86.99135292,121.0343121,-34.0429592,47.12657215,0.625208683,79.13284988,HG
-103.4169829,112.0330025,-8.61601953,37.57958109,-0.958318569,79.12428162,HG
-115.3710996,98.22121069,17.14988893,26.30781457,-2.468834326,79.11571431,HG
-122.3466138,80.19182257,42.15479126,14.08011842,-3.827375137,79.10714793,HG
-124.0160887,59.83204234,64.18404639,-3.88E-10,-4.904840873,79.09899653,HG
-124.0160887,59.83204234,64.1840464,-9.02E-10,-4.904840873,79.09899653,HG
-120.5568451,35.97633124,84.58051391,-13.44472749,-5.776779854,79.09043198,HG
-111.8838731,10.61145534,101.2724178,-26.68885394,-6.350709747,79.08186837,HG
-98.36901788,-15.16650675,113.5355246,-38.78251923,-6.619964762,79.07330569,HG
-80.59072516,-40.25909063,120.8498158,-49.18843615,-6.602003345,79.06474394,HG
-59.2982462,-63.50769731,122.8059435,-58.72947426,-6.320766775,79.05618311,HG
-55.82567112,-66.81409347,122.6397646,-59.68480865,-6.26007845,79.05488381,HG
-55.82567112,-66.81409347,122.6397646,-59.68480865,-6.26007845,79.05488381,HG
-31.71729286,-86.74785226,118.4651451,-65.58667001,-5.763372535,79.04632405,HG
-6.230768594,-102.8776026,109.1083712,-69.17441086,-5.150554871,79.03776521,HG
19.51486235,-114.4945651,94.97970272,-69.88838186,-4.502315453,79.02920729,HG
44.42848581,-121.1076034,76.67911763,-68.1759107,-3.902263961,79.02065029,HG
67.32263029,-122.3328315,55.01020122,-62.47221267,-3.432816304,79.01209421,HG
73.24616347,-121.7223739,48.47621045,-60.71030418,-3.335675325,79.00970571,HG
73.24616347,-121.7223739,48.47621045,-60.71030418,-3.335675325,79.00970571,HG
92.26934741,-116.1544825,23.88513509,-52.25686521,-3.143124143,79.00115081,HG
107.2640121,-105.4957896,-1.76822256,-42.00155066,-3.234405366,78.99259684,HG
117.6010564,-90.20785317,-27.39320327,-30.18172979,-3.649431397,78.9840438,HG
122.8396996,-70.93989982,-51.89979974,-18.10386785,-4.408662102,78.97549169,HG
122.6299034,-48.48900944,-74.140894,-2.68033722,-5.513164694,78.96694051,HG
121.9244943,-43.5138508,-78.4106435,3.36E-09,-5.782831935,78.96515412,HG
121.9244943,-43.5138508,-78.4106435,4.04E-09,-5.782831935,78.96515412,HG
115.3519751,-18.65523396,-96.69674116,13.73620968,-7.255039669,78.95660408,HG
103.7506978,7.088291033,-110.8389888,26.69771065,-8.982299842,78.94805498,HG
87.6335104,32.57827878,-120.2117892,38.20036908,-10.89022242,78.93950682,HG
67.6725405,56.7061052,-124.3786457,48.4530166,-12.89183881,78.9309596,HG
44.78706627,78.40155959,-123.1886259,56.5029598,-14.88328641,78.92241334,HG
43.38836762,79.56341424,-122.9517819,56.89828898,-14.99633123,78.92191842,HG
43.38836762,79.56341424,-122.9517819,56.89828898,-14.99633123,78.92191842,HG
18.45451029,97.70349347,-116.1580038,62.20156883,-16.87261336,78.91337315,HG
-7.296760487,111.660074,-104.3633135,64.39858892,-18.53299081,78.90482882,HG
-32.75786844,120.8113964,-88.05352792,63.70723914,-19.88045357,78.89628543,HG
-56.7886486,124.7606398,-67.97199123,60.64205303,-20.8285929,78.88774298,HG
-77.02191227,123.6099061,-46.58799386,55.65088023,-21.29996877,78.87977631,HG
-77.02191227,123.6099061,-46.58799386,55.65088023,-21.29996877,78.87977631,HG
-95.46960104,117.2525026,-21.78290155,47.19229746,-21.3190403,78.87123565,HG
-109.7916528,105.8482575,3.943395368,37.13460872,-20.81374651,78.86269592,HG
-119.3614509,89.90279867,29.45865225,25.46085351,-19.7891681,78.8541571,HG
-123.7699363,70.10533873,53.66459758,12.82476447,-18.27616781,78.8456192,HG
-122.82817,47.50248149,75.32568847,2.14E-09,-16.34164784,78.83714631,HG
-122.82817,47.50248149,75.32568847,1.69E-09,-16.34164784,78.83714631,HG
-116.5819069,22.70008852,93.88181834,-13.91498156,-14.0326846,78.82861021,HG
-105.2921552,-3.015634447,108.3077897,-26.35164547,-11.46127908,78.82007501,HG
-89.44372434,-28.5532752,117.9969995,-37.65675573,-8.731810182,78.81154071,HG
-69.72591255,-52.80561237,122.5315249,-47.21728996,-5.959059234,78.80300731,HG
-48.60285659,-73.32296771,121.9258243,-54.34945518,-3.435851623,78.79505557,HG
-48.60285659,-73.32296771,121.9258243,-54.34945518,-3.435851623,78.79505557,HG
-23.95250918,-92.15730108,116.1098103,-59.63821884,-0.906197065,78.78652391,HG
1.734618385,-106.9637881,105.2291697,-62.07187169,1.348014518,78.77799314,HG
27.33149216,-117.0715884,89.74009624,-61.79668269,3.23788135,78.76946328,HG
51.73587004,-122.052856,70.316986,-58.86745732,4.699078552,78.76093433,HG
72.88814634,-121.821573,48.93342662,-53.89911921,5.651515016,78.75281875,HG
72.88814634,-121.821573,48.93342661,-53.89911921,5.651515016,78.75281875,HG
91.95908792,-116.3423506,24.38326266,-45.15569058,6.168465877,78.74429158,HG
107.0523097,-105.7797468,-1.27256288,-35.17539991,6.205166445,78.73576533,HG
117.4815041,-90.57065406,-26.91085005,-23.51777657,5.788689524,78.72724001,HG
122.8055897,-71.37807402,-51.42751569,-10.9595694,4.973106121,78.71871562,HG
123.2360161,-54.57176432,-68.6642518,7.79E-10,4.123778403,78.71222101,HG
123.2360161,-54.57176432,-68.6642518,1.19E-09,4.123778403,78.71222101,HG
119.1534242,-30.47917163,-88.67425253,13.47535548,2.789947669,78.70369826,HG
109.8496071,-4.999827262,-104.8497798,26.25178202,1.284140251,78.69517645,HG
95.77196226,20.74869602,-116.5206583,38.10011567,-0.293021407,78.68665557,HG
77.52223165,45.65615978,-123.1783914,48.19174004,-1.846623977,78.67813563,HG
58.21560722,66.40842734,-124.6240346,56.24443491,-3.147529074,78.67048575,HG
58.21560722,66.40842734,-124.6240346,56.24443491,-3.147529074,78.67048575,HG
34.3585092,86.78044772,-121.1389569,62.1823249,-4.415912386,78.66196758,HG
8.985968312,103.4556825,-112.4416508,65.92866751,-5.44230151,78.65345036,HG
-16.79111167,115.6955582,-98.90444658,66.69987753,-6.182126167,78.64493406,HG
-41.85522976,122.952554,-81.09732428,64.53893205,-6.613470861,78.63641869,HG
-65.09877878,124.9250016,-59.8262228,59.82238911,-6.740304443,78.62790424,HG
-67.11421211,124.8310207,-57.71680862,59.24200018,-6.736738432,78.62711882,HG
-67.11421211,124.8310207,-57.71680861,59.24200018,-6.736738432,78.62711882,HG
-87.24813036,120.9461858,-33.69805545,52.5101936,-6.562971492,78.61860538,HG
-103.61206,111.8716139,-8.259553888,42.38348571,-6.162795106,78.61009286,HG
-115.4726113,97.99331254,17.47929876,31.04514591,-5.598169377,78.60158125,HG
-122.3432243,79.89262814,42.45059616,17.25142136,-4.946308177,78.59307057,HG
-123.9097269,58.39115549,65.51857137,3.636462329,-4.292384669,78.58456079,HG
-123.4324607,52.4240539,71.00840684,-8.91E-11,-4.133809099,78.58237752,HG
-123.4324607,52.4240539,71.00840684,-8.11E-10,-4.133809099,78.58237752,HG
-118.2818088,27.96121427,90.32059451,-13.75902369,-3.597624436,78.5738689,HG
-107.9987781,2.349045724,105.6497324,-27.01782059,-3.245046607,78.5653612,HG
-93.04239452,-23.31378859,116.3561831,-39.08743056,-3.144367786,78.55685441,HG
-74.060235,-47.91576054,121.9759955,-49.47515964,-3.348101792,78.54834855,HG
-51.88607311,-70.35890338,122.2449765,-58.07484139,-3.889235522,78.53984361,HG
-46.24265323,-75.27741365,121.5200669,-60.02397895,-4.069628804,78.53782604,HG
-46.24265323,-75.27741365,121.5200669,-60.02397895,-4.069628804,78.53782604,HG
-21.4101315,-93.77551775,115.1856493,-64.95574993,-5.043997859,78.52932225,HG
4.305790485,-108.1314219,103.8256315,-67.4195936,-6.345882728,78.52081939,HG
29.82880138,-117.7433388,87.91453739,-67.10061622,-7.936975568,78.51231746,HG
54.05066935,-122.1962093,68.14553998,-64.19438298,-9.755055956,78.50381647,HG
75.88739669,-121.2502207,45.36282402,-58.49494513,-11.71756359,78.49531642,HG
78.41833737,-120.7629755,42.34463812,-57.3398123,-11.97030104,78.49425182,HG
78.41833737,-120.7629755,42.34463812,-57.3398123,-11.97030104,78.49425182,HG
96.49603587,-113.8771805,17.38114466,-48.63873039,-13.98624869,78.48575282,HG
110.3595219,-101.9884485,-8.371073379,-38.11264149,-15.93655192,78.47725477,HG
119.4218994,-85.61930776,-33.80259165,-26.10982038,-17.71883527,78.46875766,HG
123.2923284,-65.47782374,-57.81450468,-13.33120161,-19.23349188,78.46026148,HG
121.806013,-42.41931337,-79.38669964,-0.657921836,-20.39423519,78.45176623,HG
121.6733527,-41.6727627,-80.00059,2.99E-10,-20.42288039,78.45150406,HG
121.6733527,-41.67276269,-80.00059001,1.38E-09,-20.42288039,78.45150406,HG
114.6669716,-16.69895718,-97.96801438,14.374729,-21.11380346,78.44300977,HG
102.7137262,9.058713923,-111.7724401,27.13138599,-21.3258929,78.4345164,HG
86.27900165,34.47708189,-120.7560835,38.50036046,-21.01283553,78.42602395,HG
66.08582516,58.46099483,-124.54682,47.96872074,-20.17389425,78.41753242,HG
46.5731998,76.92745242,-123.5006522,55.00680696,-19.04816494,78.41029885,HG
46.5731998,76.92745242,-123.5006522,55.00680696,-19.04816494,78.41029885,HG
21.81912222,95.59150728,-117.4106295,60.1636402,-17.30890059,78.401809,HG
-3.887500735,110.1227763,-106.2352756,62.79629126,-15.16127018,78.39332004,HG
-29.44196324,119.9341492,-90.49218593,62.60892954,-12.69975633,78.38483199,HG
-53.73809515,124.5967116,-70.85861644,59.71973342,-10.02579244,78.37634483,HG
-75.58923935,123.9362031,-48.34696377,54.57049003,-7.270346825,78.36791997,HG
-75.58923935,123.9362031,-48.34696377,54.57049003,-7.270346825,78.36791997,HG
-94.27087176,117.910607,-23.63973525,46.02861015,-4.515519939,78.35943459,HG
-108.9176615,106.8538971,2.063764397,36.15077065,-1.892622702,78.3509501,HG
-118.8424944,91.207066,27.63542841,24.60026562,0.489104724,78.34246651,HG
-123.6301509,71.65522286,51.974928,12.07742143,2.537445622,78.33398381,HG
-123.2343881,50.38090222,72.85348588,4.90E-10,4.095982333,78.32598391,HG
-123.2343881,50.38090222,72.85348588,9.89E-11,4.095982333,78.32598391,HG
-117.6063996,25.78448966,91.82190998,-13.77991511,5.294581448,78.31750297,HG
-106.9072311,0.114803933,106.7924272,-26.34006517,6.007556447,78.30902294,HG
-91.57607627,-25.5064335,117.0825098,-37.69110496,6.226661986,78.30054382,HG
-72.28305837,-49.97512699,122.2581854,-47.26390219,5.975327153,78.29206562,HG
-55.02160409,-67.55300917,122.5746133,-53.7599339,5.479106948,78.2854603,HG
-55.02160409,-67.55300918,122.5746133,-53.7599339,5.479106948,78.2854603,HG
-30.83877049,-87.37658155,118.215352,-59.18014103,4.514497261,78.27698374,HG
-5.322859507,-103.3685441,108.6914036,-62.37191652,3.253873065,78.26850811,HG
20.41414673,-114.823564,94.40941726,-62.67707414,1.788630564,78.26003341,HG
45.23698935,-121.2278256,75.99083621,-60.53102482,0.21895535,78.25155965,HG
65.41879302,-122.4877141,57.06892111,-55.50191022,-1.169492509,78.24413846,HG
65.41879302,-122.4877141,57.06892111,-55.50191022,-1.169492509,78.24413846,HG
85.72207939,-118.8784289,33.15634952,-47.95017978,-2.676559987,78.23566644,HG
102.300092,-110.0633887,7.763296707,-38.42583585,-4.025230946,78.22719536,HG
114.4299213,-96.41885671,-18.01106456,-27.14913031,-5.146302591,78.2187252,HG
121.5952674,-78.52901926,-43.06624818,-14.81777026,-5.992357838,78.21025597,HG
123.4793773,-57.17104895,-66.30832834,-2.100422069,-6.533048158,78.20178767,HG
123.3659664,-54.99594123,-68.37002521,7.92E-10,-6.565294613,78.20098206,HG
123.3659664,-54.99594123,-68.37002521,1.89E-09,-6.565294613,78.20098206,HG
119.2770594,-30.922237,-88.35482237,14.18550039,-6.748205268,78.19251476,HG
112.9217909,-12.08864612,-100.8331448,24.5165008,-6.704027285,78.18623129,HG
99.92579114,13.98894351,-113.9147346,37.05774834,-6.412795293,78.17767149,HG
82.49931301,39.48522312,-121.9845361,48.25792931,-5.912829132,78.16911261,HG
61.38872368,63.30891361,-124.6976373,57.49133961,-5.277314518,78.16055467,HG
53.56002683,70.78985312,-124.3498799,60.36164613,-5.044026968,78.15765368,HG
53.56002682,70.78985312,-124.3498799,60.36164613,-5.044026968,78.15765368,HG
29.00741484,90.67282737,-119.6802422,66.06908909,-4.356153254,78.14909698,HG
3.177467199,106.5900482,-109.7675154,69.42619321,-3.738886785,78.14054122,HG
-22.81038781,117.8316908,-95.02130296,69.77901486,-3.276111382,78.13198638,HG
-47.80658066,123.9068491,-76.10026849,67.461238,-3.045245881,78.12343248,HG
-70.72834623,124.54707,-53.81872381,63.1552711,-3.108797812,78.11487951,HG
-75.94808146,123.834082,-47.8860005,59.58687418,-3.176354368,78.11275631,HG
-75.94808146,123.834082,-47.8860005,59.58687418,-3.176354368,78.11275631,HG
-94.73882138,117.6034029,-22.86458147,51.44723288,-3.668220186,78.10420452,HG
-109.3803573,106.2475789,3.132778393,40.93159191,-4.519110328,78.09565367,HG
-119.1720119,90.22435563,28.94765627,28.85118444,-5.720143747,78.08710376,HG
-123.6962642,70.25084919,53.44541504,15.88973769,-7.23654058,78.07855481,HG
-122.7504717,47.18745776,75.56301392,3.462024758,-9.014013557,78.0700068,HG
-122.1329483,43.55535257,78.57759573,1.04E-10,-9.294977126,78.06873366,HG
-122.1329483,43.55535257,78.57759573,-1.01E-09,-9.294977126,78.06873366,HG
-114.8944561,18.26177554,96.63268057,-14.2866363,-11.26144505,78.06018675,HG
-102.619641,-7.787789628,110.4074306,-27.37684809,-13.29825735,78.0516408,HG
-85.79207516,-33.43888292,119.2309581,-38.96518002,-15.29555643,78.0430958,HG
-65.16842704,-57.56181976,122.7302468,-48.53572675,-17.14586991,78.03455175,HG
-45.49411104,-75.9040385,121.3981495,-55.59371383,-18.50882053,78.02735062,HG
-45.49411104,-75.9040385,121.3981495,-55.59371383,-18.50882053,78.02735062,HG
-20.37597151,-94.45019093,114.8261624,-60.61641763,-19.80510217,78.01880833,HG
5.646952958,-108.7682407,103.1212877,-63.34475357,-20.68069771,78.01026698,HG
31.40996374,-118.2083756,86.7984119,-63.00653724,-21.06711441,78.00172658,HG
55.75973679,-122.3293657,66.56962892,-59.90323941,-20.91735702,77.99318711,HG
75.58735116,-121.3546232,45.76727209,-54.78676353,-20.31661592,77.98549893,HG
75.58735116,-121.3546232,45.76727209,-54.78676353,-20.31661592,77.98549893,HG
94.37632403,-115.1085217,20.73219764,-46.81686174,-19.14173665,77.97696122,HG
108.9716473,-103.7042385,-5.267408719,-36.47485033,-17.47103116,77.96842444,HG
118.7010658,-87.62795137,-31.07311444,-24.90059262,-15.36337948,77.95988857,HG
123.1490956,-67.61630768,-55.53278792,-12.34792761,-12.91132432,77.95135362,HG
122.5285839,-47.2042949,-75.32428895,8.86E-10,-10.52457818,77.94375727,HG
122.5285839,-47.2042949,-75.32428896,1.58E-09,-10.52457818,77.94375727,HG
116.6597234,-22.27452997,-94.38519342,13.32089826,-7.715291613,77.93522403,HG
105.6013995,3.697752492,-109.299152,25.88317,-4.891399954,77.9266917,HG
89.84553058,29.56547051,-119.4110011,37.22758261,-2.174581332,77.91816028,HG
70.08220788,54.19818396,-124.2803918,46.7860575,0.3223724,77.90962976,HG
50.42883042,73.59156238,-124.0203928,53.64642888,2.216832344,77.90225945,HG
50.42883042,73.59156238,-124.0203928,53.64642888,2.216832344,77.90225945,HG
25.67893228,92.99412743,-118.6730597,58.66606035,4.030794674,77.89373064,HG
-0.249565299,108.350401,-108.1008357,61.70598909,5.385650648,77.88520275,HG
-26.17920151,118.9523178,-92.77311632,61.73727917,6.238624502,77.87667578,HG
-50.98188882,124.3418584,-73.35996956,59.2451602,6.580228589,77.86814973,HG
-69.46554769,124.6641733,-55.19862564,53.46166119,6.485884343,77.86123316,HG
-69.46554769,124.6641733,-55.19862564,53.46166119,6.485884343,77.86123316,HG
-89.41994541,120.1191778,-30.6992324,46.06862446,5.954743559,77.85270881,HG
-105.4359339,110.3102129,-4.874278981,36.17878762,5.022503898,77.8441854,HG
-116.7885917,95.65833727,21.13025443,24.78670841,3.767828676,77.83566293,HG
-122.9859243,76.80785798,46.17806627,12.68607388,2.283468716,77.82714142,HG
-124.0069592,59.65140507,64.35555409,-2.66E-10,1.030262212,77.82046807,HG
-124.0069592,59.65140507,64.35555409,-8.61E-10,1.030262212,77.82046807,HG
-120.430242,35.50191902,84.92832294,-12.95578152,-0.601816076,77.81194824,HG
-111.5383538,9.831748378,101.7066054,-26.23869141,-2.177081261,77.80342936,HG
-97.70864882,-16.2256488,113.9342976,-38.18372502,-3.604407726,77.79491143,HG
-79.5436447,-41.49516245,121.0388071,-49.13746068,-4.803831658,77.78639444,HG
-58.76727468,-64.03482444,122.8020991,-57.48801402,-5.697832007,77.77821027,HG
-58.76727468,-64.03482444,122.8020991,-57.48801402,-5.697832007,77.77821027,HG
-34.63101948,-84.60353544,119.2345549,-63.74598522,-6.315020949,77.76969513,HG
-8.960584622,-101.381999,110.3425836,-67.44459049,-6.61209095,77.76118093,HG
17.0952082,-113.611694,96.51648585,-68.17983515,-6.601704109,77.75266765,HG
42.3810419,-120.7282774,78.34723547,-65.98552832,-6.318961002,77.74415531,HG
65.75170606,-122.4329735,56.68126748,-61.07067145,-5.825859831,77.7356439,HG
68.59584879,-122.2448505,53.64900174,-60.20517992,-5.749332273,77.73453657,HG
68.59584879,-122.2448505,53.64900174,-60.20517992,-5.749332273,77.73453657,HG
88.6031317,-117.7667836,29.16365186,-52.25433591,-5.110148547,77.72602621,HG
104.6586893,-108.0118707,3.353181367,-42.47821333,-4.432717656,77.71751676,HG
116.0839329,-93.40813149,-22.67580139,-31.08199466,-3.807371976,77.70900825,HG
122.2627411,-74.58451809,-47.67822305,-17.0218061,-3.322759524,77.70050066,HG
123.0423492,-52.41274504,-70.62960421,-3.245939748,-3.060813974,77.691994,HG
122.4508792,-47.06683291,-75.38404624,1.34E-09,-3.03971679,77.69008647,HG
122.4508792,-47.06683291,-75.38404624,2.06E-09,-3.03971679,77.69008647,HG
116.5552662,-22.11990448,-94.43536175,13.90058126,-3.137873224,77.68158095,HG
105.4632137,3.84986471,-109.3130784,27.16894942,-3.57950466,77.67307636,HG
89.67819803,29.70438079,-119.3825788,39.15620813,-4.383506725,77.66457271,HG
69.8988036,54.29868816,-124.1974918,49.32452882,-5.544220174,77.65606999,HG
46.981042,76.537691,-123.518733,57.33821109,-7.032662536,77.64756823,HG
43.84635608,79.1827151,-123.0290712,58.23757104,-7.24583683,77.64647034,HG
43.84635608,79.1827151,-123.0290712,58.23757105,-7.24583683,77.64647034,HG
18.65438499,97.57937731,-116.2337623,63.58010001,-9.032192096,77.63796964,HG
-7.380110842,111.6864955,-104.3063846,65.77531136,-11.00017456,77.62946989,HG
-33.09375252,120.8845245,-87.79077202,65.5196405,-13.05291673,77.62097109,HG
-57.35237012,124.7820644,-67.42969424,62.52892054,-15.08487208,77.61247323,HG
-78.16341316,123.384053,-45.22063987,55.92557143,-16.90573712,77.60437099,HG
-78.16341317,123.384053,-45.22063987,55.92557143,-16.90573712,77.60437099,HG
-96.57643106,116.6181804,-20.04174931,47.48788985,-18.57749189,77.59587499,HG
-110.7229708,104.733035,5.989935757,37.12471874,-19.91211714,77.58737994,HG
-119.9748493,88.25236766,31.72248167,25.30346015,-20.82265228,77.57888583,HG
-123.9305241,67.89550498,56.03501916,12.79428543,-21.24521863,77.57039265,HG
-123.0561646,49.12543669,73.93072793,-1.70E-09,-21.18078191,77.56348815,HG
-123.0561646,49.12543668,73.93072793,-2.27E-09,-21.18078191,77.56348815,HG
-117.0713351,24.16609065,92.90524444,-12.79274814,-20.60814759,77.55499666,HG
-105.9170142,-1.813426628,107.7304408,-25.70813665,-19.49520035,77.54650609,HG
-90.07339781,-27.66434962,117.7377474,-37.15012739,-17.87369512,77.53801644,HG
-70.23833918,-52.25699686,122.495336,-46.78204255,-15.8065478,77.52952769,HG
-49.3391735,-72.65627889,121.9954524,-54.56693494,-13.58799781,77.52176609,HG
-49.3391735,-72.65627889,121.9954524,-54.56693494,-13.58799781,77.52176609,HG
-24.47361981,-91.79619871,116.2698185,-59.40937968,-10.92145874,77.51327908,HG
1.48995669,-106.8338533,105.3438966,-62.5911228,-8.10268282,77.50479298,HG
27.37362373,-117.0783324,89.7047087,-62.62540715,-5.259130636,77.49630778,HG
52.05257617,-122.0890392,70.03646298,-60.14260081,-2.511564617,77.48782347,HG
74.47476924,-121.6311855,47.15641625,-56.53989848,0.030928521,77.47934008,HG
75.97783177,-121.3745358,45.39670408,-54.33646199,0.202669483,77.47871978,HG
75.97783177,-121.3745358,45.39670408,-54.33646199,0.202669483,77.47871978,HG
78.27155305,-120.828858,42.55730496,-49.27595695,0.46336479,77.47771218,HG
80.66027742,-120.2902551,39.6299777,-53.99002955,0.738891402,77.47670459,HG
83.56977593,-119.5092051,35.93942916,-49.46704485,1.076073502,77.47544827,HG
89.2508325,-117.5059757,28.25514322,-48.26454869,1.73736007,77.47285903,HG
96.9788837,-113.6439742,16.66509049,-43.77575892,2.650719022,77.46903322,HG
106.5198205,-106.2836928,-0.236127664,-36.91548183,3.807828196,77.46353029,HG
117.1582196,-91.27074661,-25.88747302,-25.36555026,5.188275619,77.45514849,HG
122.6865069,-72.21237828,-50.47412865,-13.2652024,6.074478054,77.44676757,HG
122.7980234,-49.94345803,-72.85456535,-0.033485996,6.443393592,77.43838756,HG
122.7905508,-49.86568538,-72.92486545,1.56E-10,6.443940066,77.43835965,HG
122.7905508,-49.86568537,-72.92486545,6.73E-10,6.443940066,77.43835965,HG
120.3135672,-34.90751888,-85.40604836,9.893877994,6.445645991,77.43313455,HG
115.6565145,-19.21963503,-96.43687942,16.97939151,6.245733032,77.4279098,HG
109.0609076,-3.199161146,-105.8617464,25.09753088,5.877715175,77.4226854,HG
94.53908157,22.75116251,-117.2902441,36.78110934,4.9610014,77.41423344,HG
75.8031324,47.75999314,-123.5631255,47.00249591,3.714350061,77.40578241,HG
56.20557911,68.33594443,-124.5415235,53.93959905,2.406034139,77.39822919,HG
56.20557911,68.33594443,-124.5415235,53.93959905,2.406034139,77.39822919,HG
32.01963135,88.62102319,-120.6406545,60.83550538,0.821044793,77.38977993,HG
6.344435632,105.0102748,-111.3547104,63.7086272,-0.807288539,77.38133161,HG
-19.61531424,116.8370029,-97.22168871,64.18604541,-2.36925334,77.37288422,HG
-44.73119637,123.5694253,-78.83822888,61.73514509,-3.777051439,77.36443778,HG
-66.60239369,124.9550032,-58.35260946,57.18621369,-4.889550058,77.35647593,HG
-66.60239369,124.9550032,-58.35260946,57.18621369,-4.889550059,77.35647593,HG
-86.9830742,121.1482468,-34.16517261,49.09595368,-5.80173154,77.3480313,HG
-103.5164713,112.0462941,-8.52982274,39.26870269,-6.39560369,77.33958759,HG
-115.5003752,98.06086669,17.43950854,27.60298826,-6.667883807,77.33114481,HG
-122.4075042,79.80770014,42.59980404,14.76614484,-6.635483825,77.32270296,HG
-123.9105624,58.10119468,65.80936769,1.40041691,-6.335029756,77.31426202,HG
-123.7953463,56.61910772,67.17623853,-2.62E-09,-6.304780122,77.31372385,HG
-123.7953463,56.61910772,67.17623853,-3.71E-09,-6.304780122,77.31372385,HG
-119.5233791,32.24530865,87.27807048,-14.17560611,-5.792518208,77.30528389,HG
-109.9701966,6.540395323,103.4298012,-27.42172876,-5.15319593,77.29684484,HG
-95.58160987,-19.40110319,114.9827131,-39.70240937,-4.477929916,77.28840671,HG
-76.98998044,-44.43142261,121.421403,-50.32605978,-3.857371754,77.2799695,HG
-55.00429127,-67.46675928,122.4710505,-58.91480611,-3.379885495,77.2715332,HG
-49.85440238,-72.1034951,121.9578975,-60.67388457,-3.302953578,77.26969394,HG
-49.85440238,-72.1034951,121.9578975,-60.67388457,-3.302953578,77.26969394,HG
-25.05754377,-91.27028899,116.3278328,-66.08612087,-3.108044366,77.26125876,HG
0.808906831,-106.3683385,105.5594316,-69.00795957,-3.215755371,77.2528245,HG
26.6296894,-116.7116122,90.08192283,-68.95313394,-3.668110937,77.24439116,HG
51.2677397,-121.8542963,70.58655656,-66.22289914,-4.483891659,77.23595875,HG
73.65690332,-121.5712062,47.91430292,-61.32811399,-5.658583973,77.22752727,HG
77.76997544,-120.8461628,43.0761874,-58.63268699,-5.934722358,77.22583792,HG
77.76997544,-120.8461628,43.0761874,-58.63268698,-5.934722358,77.22583792,HG
96.06933782,-114.019896,17.95055813,-50.01809536,-7.49332957,77.21740756,HG
110.1493227,-102.1416014,-8.007721303,-39.33826447,-9.306937027,77.20897814,HG
119.3490282,-85.69228676,-33.65674144,-27.15416655,-11.2945969,77.20054965,HG
123.2769831,-65.4041266,-57.87285646,-14.14334146,-13.36031923,77.1921221,HG
121.7600704,-42.15018397,-79.6098864,-1.475664043,-15.40127897,77.1836955,HG
121.4671111,-40.5465352,-80.9205759,6.86E-10,-15.53060717,77.18314265,HG
121.4671111,-40.5465352,-80.9205759,1.81E-09,-15.53060717,77.18314265,HG
114.1562422,-15.30288962,-98.8533526,14.58252562,-17.40094747,77.17471704,HG
101.841919,10.67385239,-112.5157714,27.52817377,-19.02031667,77.16629237,HG
85.00990775,36.23889774,-121.2488055,39.02058852,-20.27967324,77.15786863,HG
64.41301826,60.27157004,-124.6845883,48.50907163,-21.09924194,77.14944583,HG
46.4884496,77.09933245,-123.587782,55.10200185,-21.3860852,77.14294108,HG
46.4884496,77.09933245,-123.587782,55.10200185,-21.3860852,77.14294108,HG
21.53591492,95.84767094,-117.3835859,60.2018095,-21.27847098,77.13451991,HG
-4.387336014,110.4377349,-106.0503989,63.04318153,-20.62080652,77.12609965,HG
-30.13380105,120.2155228,-90.08172178,62.86239083,-19.42287824,77.11768031,HG
-54.55985489,124.7301945,-70.17033957,59.93933945,-17.7204515,77.10926187,HG
-75.1955614,124.0391915,-48.84363013,54.74463254,-15.74251138,77.10141496,HG
-75.1955614,124.0391915,-48.84363013,54.74463254,-15.74251138,77.10141496,HG
-94.11529426,118.0679608,-23.95266658,46.86708157,-13.28431242,77.09299826,HG
-108.9081988,106.9526022,1.955596599,36.83087338,-10.5826736,77.08458245,HG
-118.8873587,91.16899824,27.71836048,25.4982063,-7.755632788,77.07616753,HG
-123.7231866,71.41279471,52.31039192,13.66216574,-4.919864416,77.06775351,HG
-123.3996681,52.00247831,71.3971898,-1.43E-09,-2.594269038,77.06055393,HG
-123.3996681,52.00247831,71.3971898,-1.87E-09,-2.594269038,77.06055393,HG
-118.0562146,27.30418325,90.75203138,-12.31587787,-0.086819173,77.05214156,HG
-107.5292273,1.454398815,106.0748285,-24.97528174,2.095098597,77.04373009,HG
-92.27344337,-24.40361122,116.6770546,-36.44937608,3.865261694,77.03531951,HG
-72.95804459,-49.11198348,122.0700281,-46.39764371,5.159183294,77.02690984,HG
-51.9349604,-70.27464939,122.2096098,-53.56592398,5.912840242,77.01904374,HG
-51.9349604,-70.2746494,122.2096098,-53.56592398,5.912840242,77.01904374,HG
-27.31608739,-89.77287931,117.0889667,-58.86546423,6.215369375,77.01063583,HG
-1.487971033,-105.2750206,106.7629916,-61.7620721,6.022737456,77.00222884,HG
24.3941382,-116.0767808,91.68264256,-61.77640493,5.378761156,76.99382277,HG
49.2098763,-121.7131481,72.50327184,-59.12885987,4.350410895,76.98541763,HG
66.3273725,-122.3545243,56.02715184,-53.99124516,3.384127236,76.97914657,HG
66.3273725,-122.3545243,56.02715184,-53.99124516,3.384127236,76.97914657,HG
86.63687254,-118.4634503,31.82657778,-46.91633388,1.901963313,76.97074305,HG
103.1284701,-109.3062899,6.177819799,-37.14569564,0.300568844,76.96234046,HG
115.0586396,-95.26799417,-19.79064539,-25.80211865,-1.315263999,76.95393881,HG
121.9141838,-76.96609405,-44.94808976,-13.47893136,-2.84793987,76.94553809,HG
123.4434474,-57.67922,-65.76422739,1.19E-09,-4.065306699,76.93804078,HG
123.4434474,-57.67922,-65.76422739,1.75E-09,-4.065306699,76.93804078,HG
120.0101426,-33.65072786,-86.35941478,13.34866129,-5.2022892,76.92964182,HG
111.2782015,-8.081705319,-103.1964961,26.68424234,-6.048437015,76.92124378,HG
97.6251321,17.9042386,-115.5293707,38.80511843,-6.574213196,76.91284667,HG
79.64733726,43.17852789,-122.8258651,49.1848779,-6.777782936,76.90445047,HG
58.11505487,66.56757698,-124.6826318,58.76296337,-6.668005653,76.8960552,HG
56.28323543,68.31487783,-124.5981133,59.28008928,-6.647673628,76.89538818,HG
56.28323543,68.31487784,-124.5981133,59.28008928,-6.647673628,76.89538818,HG
32.06125788,88.5467884,-120.6080463,65.14718394,-6.265799784,76.88699389,HG
6.393954572,104.9471579,-111.3411125,68.95575223,-5.695794733,76.87860051,HG
-19.56770201,116.7768511,-97.20914907,69.71761543,-5.017652417,76.87020805,HG
-44.70429068,123.5293102,-78.8250195,67.88350246,-4.320610441,76.86181649,HG
-67.8101785,124.8100329,-56.99985444,62.3775163,-3.695236367,76.85342584,HG
-73.06537328,124.29652,-51.23114672,60.81510077,-3.563742283,76.85137027,HG
-73.06537328,124.29652,-51.23114672,60.81510077,-3.563742283,76.85137027,HG
-92.36390137,118.8524177,-26.48851637,52.49514471,-3.155349276,76.84298076,HG
-107.584333,108.2200663,-0.63573331,42.10350061,-3.006441445,76.83459216,HG
-118.0715339,92.8683421,25.20319184,30.06214258,-3.175241832,76.82620448,HG
-123.3649383,73.47467724,49.89026102,17.05282122,-3.699195093,76.81781771,HG
-123.2342593,50.88113192,72.35312742,4.097304105,-4.592306917,76.80943187,HG
-122.5268731,45.9590223,76.56785077,5.20E-10,-4.819576057,76.80771694,HG
-122.5268731,45.9590223,76.56785077,-4.34E-10,-4.819576057,76.80771694,HG
-115.8285456,20.85652368,94.97202193,-13.64409448,-6.138459355,76.79933221,HG
-104.0695643,-5.093639267,109.1632035,-26.86387752,-7.761225977,76.79094841,HG
-87.72231652,-30.76652131,118.4888378,-38.55366959,-9.623102067,76.78256555,HG
-67.51553035,-55.03345625,122.5489866,-48.34716401,-11.63752686,76.77418361,HG
-44.32047878,-76.81288012,121.1333589,-56.25648382,-13.70231726,76.76580262,HG
-44.16314093,-76.94322758,121.1063685,-56.3017793,-13.71555272,76.76574847,HG
-44.16314093,-76.94322759,121.1063685,-56.3017793,-13.71555272,76.76574847,HG
-19.04618405,-95.23165139,114.2778354,-61.44615459,-15.7128849,76.75736841,HG
6.918489837,-109.2799458,102.361456,-64.01170095,-17.5387527,76.74898929,HG
32.56788276,-118.4523703,85.88448749,-63.62276999,-19.08083324,76.74061109,HG
56.74432016,-122.3233275,65.57900729,-60.89796223,-20.23526933,76.73223383,HG
75.82086085,-121.2623203,45.44145943,-55.09367978,-20.87276888,76.72493899,HG
75.82086085,-121.2623203,45.44145943,-55.09367978,-20.87276888,76.72493899,HG
94.51643962,-114.9802829,20.46384331,-46.89429326,-21.1158087,76.71656345,HG
109.0385677,-103.5757319,-5.462835744,-36.85099919,-20.81191034,76.70818882,HG
118.7412768,-87.54474246,-31.19653436,-25.21361015,-19.95255664,76.6998151,HG
123.1736424,-67.59234249,-55.58129996,-12.74263992,-18.55561456,76.69144229,HG
122.5659574,-47.35359355,-75.21236382,3.67E-09,-16.91499226,76.68403289,HG
122.5659574,-47.35359355,-75.21236382,4.29E-09,-16.91499226,76.68403289,HG
116.7631337,-22.51341192,-94.24972175,13.10258526,-14.67014938,76.67566176,HG
105.8009943,3.377534093,-109.1785283,25.74491249,-12.10489103,76.66729152,HG
90.1581003,29.18030281,-119.3384031,37.11655742,-9.330590373,76.65892217,HG
70.51780615,53.77297749,-124.2907836,46.76764164,-6.468509893,76.65055371,HG
48.98390816,74.91628987,-123.900198,54.28738313,-3.790454769,76.6426258,HG
48.98390816,74.91628987,-123.900198,54.28738313,-3.790454769,76.6426258,HG
24.20918551,94.04422979,-118.2534153,59.1074095,-1.129437765,76.63425907,HG
-1.675736251,109.1024685,-107.4267322,62.16555001,1.264128008,76.62589322,HG
-27.4978427,119.4038875,-91.90604484,62.15540463,3.286519314,76.61752827,HG
-52.14192598,124.5068174,-72.36489138,59.68082553,4.864488468,76.60916421,HG
-71.34760132,124.5147884,-53.16718711,53.67012743,5.809731237,76.60203293,HG
-71.34760132,124.5147884,-53.16718711,53.67012743,5.809731237,76.60203293,HG
-90.93828157,119.5165342,-28.5782526,46.33072697,6.439026198,76.59367055,HG
-106.5384854,109.3066604,-2.768174991,36.23686988,6.5507138,76.58530907,HG
-117.4548793,94.32959212,23.12528713,24.82520108,6.173103985,76.57694851,HG
-123.2149971,75.23930643,47.97569064,12.78014946,5.360594916,76.56858887,HG
-123.8849406,57.56102494,66.32391563,1.88E-09,4.445922259,76.56190102,HG
-123.8849406,57.56102494,66.32391563,1.29E-09,4.445922259,76.56190102,HG
-119.8297469,33.29833534,86.53141155,-12.87108903,3.054268834,76.55354304,HG
-110.5140459,7.621199922,102.892846,-25.96652503,1.480829579,76.54518599,HG
-96.33328532,-18.34147043,114.6747558,-37.70459843,-0.168246221,76.53682986,HG
-77.89818053,-43.44884919,121.3470297,-48.40627463,-1.788425475,76.52847466,HG
-58.90468494,-63.85115262,122.7558376,-55.9810955,-3.103104257,76.52115235,HG
-58.90468494,-63.85115262,122.7558376,-55.9810955,-3.103104257,76.52115235,HG
-34.850788,-84.40063066,119.2514187,-61.68892729,-4.411361405,76.51279889,HG
-9.262244524,-101.1843274,110.4465719,-65.49007705,-5.453858244,76.50444636,HG
16.70388,-113.4283053,96.72442534,-66.60154398,-6.181051913,76.49609474,HG
41.94535779,-120.6265397,78.68118191,-64.41459649,-6.580968322,76.48774404,HG
65.30856184,-122.4431058,57.13454397,-59.49303707,-6.656579005,76.47939425,HG
66.65474006,-122.3729712,55.71823116,-59.12559433,-6.650854722,76.4788831,HG
66.65474006,-122.3729712,55.71823115,-59.12559433,-6.650854722,76.4788831,HG
86.92018584,-118.4038182,31.48363236,-51.50269133,-6.420022726,76.47053428,HG
103.3392603,-109.1627219,5.823461552,-41.78506917,-5.95742017,76.46218637,HG
115.2105105,-95.05050114,-20.1600094,-30.37598374,-5.336988542,76.45383936,HG
121.9101627,-76.63969675,-45.27046598,-16.41161419,-4.637868971,76.44549326,HG
123.2440856,-54.85346996,-68.3906156,-2.863396973,-3.964878432,76.43714806,HG
122.8149112,-49.82454745,-72.99036375,3.61E-10,-3.832094971,76.43536276,HG
122.8149112,-49.82454745,-72.99036375,1.05E-09,-3.832094971,76.43536276,HG
117.5739204,-25.1476824,-92.42623797,14.00687178,-3.309089138,76.42701866,HG
107.1128597,0.684595635,-107.7974553,27.15669093,-3.003783949,76.41867547,HG
91.91606263,26.54232705,-118.4583897,39.2261301,-2.986562267,76.41033319,HG
72.65055034,51.28709387,-123.9376442,49.56172811,-3.308469895,76.40199182,HG
50.17559635,73.79753923,-123.9731356,58.0676337,-3.997359589,76.39365137,HG
45.19565536,78.10375788,-123.2994132,59.69139259,-4.187431162,76.39192593,HG
45.19565536,78.10375788,-123.2994132,59.69139259,-4.187431162,76.39192593,HG
20.1290397,96.6637587,-116.7927984,64.58778458,-5.32328819,76.38358658,HG
-5.808211867,110.997396,-105.1891842,66.97099798,-6.793677742,76.37524816,HG
-31.50858167,120.4900733,-88.98149159,66.50240126,-8.546674933,76.36691066,HG
-55.83818951,124.7261538,-68.88796428,63.37548198,-10.50489029,76.3585741,HG
-77.69463158,123.4713678,-45.77673618,57.47329891,-12.57072693,76.35023846,HG
-79.0227342,123.2039829,-44.18124875,56.88873108,-12.70789277,76.34969201,HG
-79.0227342,123.2039829,-44.18124875,56.88873108,-12.70789277,76.34969201,HG
-97.23083905,116.2407811,-19.00994206,47.93991268,-14.77217271,76.34135737,HG
-111.1487873,104.1919234,6.956863824,37.35755504,-16.71309035,76.33302365,HG
-120.1781395,87.6002871,32.57785239,25.23907643,-18.4196476,76.32469086,HG
-123.9225054,67.19469,56.72781536,12.33515705,-19.78762661,76.31635899,HG
-122.5638929,45.99045338,76.57343954,-9.27E-10,-20.66075617,76.30875638,HG
-122.5638929,45.99045338,76.57343954,-1.26E-09,-20.66075617,76.30875638,HG
-115.9183116,20.92041063,94.99790101,-14.26433708,-21.1367364,76.30042627,HG
-104.1745907,-5.03305609,109.2076468,-26.92123002,-21.07300754,76.29209707,HG
-87.84646467,-30.70923924,118.5557039,-38.39354679,-20.44606353,76.28376878,HG
-67.65409285,-54.98445376,122.6385466,-47.96807751,-19.26766999,76.27544139,HG
-48.14088052,-73.64254904,121.7834296,-55.02442291,-17.85315035,76.26837331,HG
-48.14088052,-73.64254904,121.7834296,-55.02442291,-17.85315035,76.26837331,HG
-23.2436363,-92.59498114,115.8386174,-60.26327321,-15.77926424,76.26004757,HG
2.661189643,-107.3724609,104.7112713,-62.94165756,-13.32828723,76.25172272,HG
28.43836433,-117.3654125,88.92704816,-62.75413341,-10.61430089,76.24339875,HG
52.95405152,-122.1303245,69.17627301,-59.8180854,-7.756853171,76.23507566,HG
74.45311688,-121.5627908,47.10967393,-54.6934882,-4.975084227,76.22702737,HG
74.45311688,-121.5627908,47.10967392,-54.6934882,-4.975084227,76.22702737,HG
93.37761114,-115.6099743,22.23236312,-46.16525529,-2.210653529,76.21870602,HG
108.202141,-104.5279124,-3.674228535,-36.14768381,0.326432622,76.21038555,HG
118.2343111,-88.77610917,-29.45820193,-24.45951273,2.526956439,76.20206596,HG
123.044163,-69.05401767,-53.99014536,-11.80356519,4.305400014,76.19374727,HG
122.7224756,-48.78381537,-73.9386602,-3.74E-10,5.482328019,76.18632223,HG
122.7224756,-48.78381537,-73.9386602,4.26E-11,5.48232802,76.18632223,HG
117.236582,-24.04133089,-93.19525114,13.82606206,6.308433896,76.17800523,HG
106.5635617,1.825336946,-108.3888987,26.4166174,6.607493756,76.16968913,HG
91.17590013,27.66513763,-118.8410378,37.88690716,6.398628872,76.16137394,HG
71.75154177,52.34553095,-124.0970727,47.54162215,5.728976196,76.15305966,HG
55.10931877,69.36041897,-124.4697377,53.90273541,4.967347047,76.14685274,HG
55.10931877,69.36041897,-124.4697377,53.90273541,4.967347047,76.14685274,HG
30.77607338,89.43510669,-120.2111801,59.42692304,3.671891605,76.13854006,HG
5.066392972,105.6307817,-110.6971747,62.66006888,2.150198209,76.13022831,HG
-20.88313198,117.2235898,-96.34045779,62.95390911,0.509449947,76.12191747,HG
-45.90966013,123.683422,-77.7737619,60.77534688,-1.139669227,76.11360756,HG
-65.37670488,124.958088,-59.58138314,56.01212881,-2.457496925,76.10665528,HG
-65.37670488,124.958088,-59.58138314,56.01212881,-2.457496925,76.10665528,HG
-85.92791771,121.4523217,-35.52440398,48.43528012,-3.868504563,76.09834707,HG
-102.7099122,112.6510758,-9.94116359,38.86995093,-5.036574955,76.09003977,HG
-114.9784999,98.93545709,16.0430428,27.48114939,-5.90733132,76.08173339,HG
-122.2036251,80.90532624,41.29829885,14.95408322,-6.453644462,76.07342792,HG
-124.060679,59.35662959,64.70404942,1.826362731,-6.670109163,76.06512336,HG
-123.9517544,57.34978127,66.60197313,8.97E-10,-6.671594972,76.06440193,HG
-123.9517544,57.34978126,66.60197313,-1.45E-10,-6.671594972,76.06440193,HG
-119.7845253,33.05405749,86.73046779,-14.06913622,-6.540301509,76.05609836,HG
-113.2730646,13.94970765,99.32335695,-24.54859453,-6.280224593,76.04990222,HG
-100.1704722,-12.12571068,112.2961829,-37.16747148,-5.752400162,76.04157678,HG
-82.65286242,-37.59242513,120.2452876,-48.36438441,-5.098245091,76.03325225,HG
-61.47236248,-61.36079175,122.8331542,-57.57571522,-4.408382737,76.02492862,HG
-52.70014802,-69.65849665,122.3586447,-60.68853082,-4.15692573,76.02178206,HG
-52.70014802,-69.65849665,122.3586447,-60.68853082,-4.15692573,76.02178206,HG
-28.03896972,-89.32015966,117.3591294,-66.22842378,-3.572517156,76.01345968,HG
-2.167636253,-104.9665368,107.134173,-69.41572262,-3.175592031,76.0051382,HG
23.78952698,-115.9014488,92.11192187,-69.61010528,-3.042880907,75.99681764,HG
48.68477028,-121.6474939,72.96272367,-67.13327593,-3.23507138,75.98849798,HG
71.43938774,-121.9527218,50.51333402,-62.60057903,-3.791406205,75.98017924,HG
76.46120003,-121.184241,44.723041,-59.16890471,-3.982389053,75.978175,HG
76.46120003,-121.184241,44.72304099,-59.16890471,-3.982389053,75.978175,HG
95.04522289,-114.6616502,19.61642736,-50.93190734,-5.006551391,75.9698574,HG
106.8920685,-105.8032801,-1.08878841,-42.69945628,-6.078403502,75.96324164,HG
117.3272628,-90.62921458,-26.69804822,-30.83421664,-7.686634447,75.95502609,HG
122.6711504,-71.49340425,-51.17774615,-17.41637233,-9.54003961,75.94681144,HG
122.6787151,-49.20466373,-73.47405138,-3.658071542,-11.55533676,75.9385977,HG
121.6733811,-42.30601181,-79.36736931,3.51E-09,-12.15134423,75.93621504,HG
121.6733811,-42.30601181,-79.36736931,4.18E-09,-12.15134423,75.93621504,HG
114.9139555,-17.38205351,-97.53190203,14.31725043,-14.23727815,75.92800247,HG
103.0954091,8.338191362,-111.4336004,26.53053059,-16.23294662,75.91979081,HG
86.80719977,33.75331793,-120.5605177,38.20031115,-18.03703068,75.91158005,HG
66.7407586,57.76741179,-124.5081704,47.76729771,-19.5421024,75.9033702,HG
45.61420307,77.77503296,-123.389236,55.21378974,-20.58056665,75.89579601,HG
45.61420307,77.77503297,-123.389236,55.21378974,-20.58056665,75.89579601,HG
20.85054231,96.23293931,-117.0834816,60.36482289,-21.2521958,75.88758788,HG
-4.843508237,110.5929927,-105.7494844,63.16315516,-21.40386305,75.87938064,HG
-30.34419732,120.2195073,-89.87530998,63.01515506,-21.00310235,75.8711743,HG
-54.54765595,124.6799255,-70.13226953,59.92684619,-20.04429884,75.86296883,HG
-74.96898684,124.026837,-49.05785016,54.9284498,-18.67827964,75.85533275,HG
-74.96898684,124.026837,-49.05785016,54.9284498,-18.67827964,75.85533275,HG
-93.77275978,118.1978469,-24.42508713,47.32855271,-16.75377279,75.84712897,HG
-108.5426717,107.3090796,1.233592031,37.40717659,-14.4334278,75.83892606,HG
-118.6398126,91.82321149,26.81660108,26.26135406,-11.81488107,75.83072401,HG
-123.6352541,72.37288182,51.26237224,14.89512194,-9.005394118,75.82252282,HG
-123.1845783,50.07304465,73.11153361,1.31E-09,-6.17218232,75.81438264,HG
-123.1845783,50.07304465,73.11153361,1.01E-09,-6.17218232,75.81438264,HG
-117.5071236,25.4801485,92.02697513,-13.03948698,-3.380448939,75.80618317,HG
-106.755831,-0.164299863,106.9201308,-25.50401527,-0.777448655,75.79798456,HG
-91.39494137,-25.75230189,117.1472433,-36.75436775,1.527326669,75.78978681,HG
-72.08236513,-50.19113514,122.2735003,-46.23259885,3.443690897,75.78158992,HG
-51.200428,-70.98599885,122.1864268,-53.46582404,4.811389416,75.77393909,HG
-51.200428,-70.98599885,122.1864268,-53.46582404,4.811389416,75.77393909,HG
-26.77457532,-90.20452213,116.9790975,-58.57048407,5.789850386,75.7657439,HG
-1.171872291,-105.4885779,106.6604502,-61.56910057,6.250526515,75.75754958,HG
24.46599424,-116.1500758,91.68408159,-61.64268055,6.201973354,75.74935615,HG
49.05068646,-121.739233,72.68854654,-59.12496499,5.682259162,75.74116361,HG
67.88726162,-122.2988228,54.41156121,-53.63916812,4.93233586,75.7343486,HG
67.88726162,-122.2988228,54.41156121,-53.63916812,4.93233586,75.7343486,HG
87.7824077,-118.0864898,30.30408208,-46.32181976,3.724452656,75.72615769,HG
103.8764647,-108.7175782,4.84111351,-36.60423426,2.270581013,75.71796768,HG
115.4609598,-94.58557932,-20.87538053,-25.33780907,0.674033777,75.70977858,HG
122.0448714,-76.29880492,-45.74606645,-13.19066381,-0.960474866,75.70159037,HG
123.3420207,-54.60656267,-68.73545808,-1.240271529,-2.537961647,75.69340307,HG
123.2662099,-53.51261972,-69.75359018,1.16E-09,-2.607874285,75.69301354,HG
123.2662099,-53.51261972,-69.75359019,2.48E-09,-2.607874285,75.69301354,HG
118.8640939,-29.3855735,-89.47852039,15.14450695,-3.989326775,75.68482718,HG
112.4386455,-10.86850825,-101.5701373,25.16964077,-4.862784599,75.67886121,HG
100.4430095,13.15767737,-113.6006869,36.39807733,-5.756212565,75.6712307,HG
84.66115363,36.73082646,-121.3919801,46.79737232,-6.374805773,75.66360098,HG
65.6736818,58.98097655,-124.6546584,55.33150116,-6.708463931,75.65597203,HG
57.64234851,67.01645531,-124.6588038,58.72855103,-6.759500664,75.65302914,HG
57.64234851,67.01645532,-124.6588038,58.72855103,-6.759500664,75.65302914,HG
35.41130562,86.03296095,-121.4442666,64.42267691,-6.709120778,75.64540126,HG
11.85247065,101.8549409,-113.7074115,68.17257012,-6.422457265,75.63777414,HG
-12.16779171,113.8898269,-101.7220352,69.37783831,-5.947070852,75.63014779,HG
-35.74506543,121.6879454,-85.94288002,68.19672411,-5.345115298,75.6225222,HG
-58.00474302,124.9598357,-66.95509269,64.85176408,-4.686875148,75.61489738,HG
-70.24209757,124.5912486,-54.34915104,60.01345853,-4.29282439,75.61032843,HG
-70.24209757,124.5912486,-54.34915103,60.01345853,-4.29282439,75.61032843,HG
-74.20891724,124.2170515,-50.00813426,60.77016748,-4.171455091,75.60882525,HG
-77.92067948,123.5373926,-45.61671313,58.22366741,-4.048718445,75.6073221,HG
-81.58054997,122.7328006,-41.15225064,57.457623,-3.931586731,75.60581898,HG
-85.81998778,121.4930404,-35.67305263,55.31263948,-3.794680906,75.60399911,HG
-92.31590958,118.9460505,-26.63014092,52.15117743,-3.588789292,75.60104779,HG
-104.956071,110.8097524,-5.853681374,43.77926346,-3.21630959,75.59440769,HG
-116.3894787,96.48302705,19.90645167,32.47084251,-2.979561388,75.58621603,HG
-122.7521284,77.98600629,44.76612207,19.54878832,-3.05018338,75.57802525,HG
-123.7270602,56.15792684,67.56913334,5.020238607,-3.474507977,75.56983536,HG
-122.4531969,45.25793576,77.19526115,-6.75E-09,-3.79090612,75.56603592,HG
-122.4531969,45.25793576,77.19526115,-7.41E-09,-3.79090612,75.56603592,HG
-115.7276962,20.28768558,95.44001064,-15.10611125,-4.756359572,75.55784734,HG
-103.953389,-5.473536328,109.4269254,-27.69140344,-6.075359317,75.54965965,HG
-87.67754801,-30.95044079,118.6279888,-39.35938367,-7.705512148,75.54147287,HG
-67.60351769,-55.02842514,122.6319428,-49.08278169,-9.578699873,75.53328699,HG
-44.58657466,-76.65983487,121.2464095,-56.74706803,-11.60823951,75.52510202,HG
-43.73567322,-77.36337908,121.0990523,-56.98978629,-11.68110604,75.52481417,HG
-43.73567322,-77.36337908,121.0990523,-56.98978629,-11.68110604,75.52481417,HG
-18.76929103,-95.45394043,114.2232315,-62.09574796,-13.75759032,75.51663013,HG
7.007699537,-109.3492568,102.3415573,-64.46345189,-15.77055336,75.50844701,HG
32.46751076,-118.4370784,85.96956762,-64.01215678,-17.60355172,75.50026478,HG
56.47740804,-122.3009699,65.82356182,-61.25866606,-19.1402707,75.49208346,HG
75.79448825,-121.2377963,45.44330809,-55.37585926,-20.18795331,75.48481786,HG
75.79448825,-121.2377963,45.44330809,-55.37585926,-20.18795331,75.48481786,HG
94.35688759,-115.004477,20.64758944,-47.25425298,-20.92242396,75.47663824,HG
108.8087081,-103.7205615,-5.08814658,-37.2742306,-21.13616586,75.4684595,HG
118.5171273,-87.8703357,-30.64679156,-25.7374603,-20.79395475,75.46028165,HG
123.0698346,-68.13674072,-54.93309384,-13.31631685,-19.89262909,75.45210468,HG
122.4439649,-47.07714121,-75.36682368,-2.21E-09,-18.56245406,75.44450925,HG
122.4439649,-47.07714121,-75.36682368,-1.67E-09,-18.56245406,75.44450925,HG
116.6463802,-22.40708495,-94.23929523,12.96102495,-16.66681975,75.43633397,HG
105.7654494,3.294589548,-109.060039,25.59045336,-14.36158874,75.42815955,HG
90.26965108,28.91338809,-119.1830392,36.92570174,-11.74523879,75.41998599,HG
70.82651919,53.351319,-124.1778382,46.56349052,-8.932368184,75.41181329,HG
48.91968729,74.91423502,-123.8339223,54.34496729,-6.125394515,75.40386844,HG
48.91968729,74.91423502,-123.8339223,54.34496729,-6.125394515,75.40386844,HG
24.33375666,93.91923528,-118.2529919,59.19427838,-3.305031023,75.39569744,HG
-1.355253405,108.9192006,-107.5639472,62.26643751,-0.660155644,75.38752729,HG
-26.99974415,119.2403619,-92.24061776,62.31320763,1.689910814,75.37935801,HG
-51.50735683,124.4466557,-72.93929891,59.89519473,3.652648578,75.37118959,HG
-72.85745476,124.3546597,-51.49720494,53.38478108,5.090675259,75.36337619,HG
-72.85745476,124.3546597,-51.49720494,53.38478108,5.090675259,75.36337619,HG
-92.06307953,119.0645845,-27.00150495,46.22837886,6.095100732,75.35520947,HG
-107.308443,108.6497601,-1.34131709,35.9812676,6.573755911,75.34704364,HG
-117.9041824,93.56783519,24.33634722,24.65746822,6.533814992,75.33887868,HG
-123.4022214,74.46446674,48.93775468,12.7240972,6.013138729,75.33071462,HG
-123.9221338,56.882786,67.03934778,-3.59E-11,5.291042781,75.32419856,HG
-123.9221338,56.882786,67.03934779,-6.27E-10,5.291042781,75.32419856,HG
-119.7562823,32.74722348,87.00905886,-12.76929382,4.076079096,75.3160361,HG
-110.4130604,7.241234197,103.1718262,-25.72492082,2.605393029,75.30787454,HG
-96.28342128,-18.52833853,114.8117598,-37.36642834,0.983794591,75.29971387,HG
-77.96785228,-43.44813411,121.4159864,-47.89096251,-0.681203693,75.29155411,HG
-58.95195913,-63.87253735,122.8244965,-55.36138512,-2.09997814,75.2843432,HG
-58.95195913,-63.87253735,122.8244965,-55.36138512,-2.09997814,75.2843432,HG
-35.07750508,-84.28123209,119.3587372,-61.10840142,-3.561890111,75.27618513,HG
-9.684719272,-100.9830838,110.6678031,-64.87564251,-4.796742002,75.26802795,HG
16.09831397,-113.2225902,97.12427622,-65.97226127,-5.739302236,75.25987168,HG
41.20017249,-120.5036698,79.30349734,-63.53008331,-6.361289606,75.25171629,HG
64.46024358,-122.4753251,58.01508155,-58.96866351,-6.644007237,75.24356179,HG
65.77808141,-122.4187624,56.64068095,-58.58876569,-6.650116709,75.24307143,HG
65.77808141,-122.4187624,56.64068095,-58.58876569,-6.650116709,75.24307143,HG
86.02936458,-118.6945954,32.66523083,-51.62588422,-6.597508736,75.23491787,HG
102.5323552,-109.7662023,7.23384717,-41.74706842,-6.271930992,75.22676519,HG
114.5424939,-96.00663598,-18.53585791,-30.52869991,-5.733764769,75.21861339,HG
121.5770983,-77.99851979,-43.57857856,-16.77373492,-5.065050705,75.21046246,HG
123.2864347,-56.56672877,-66.71970595,-3.141877357,-4.356669333,75.20231242,HG
122.9006613,-51.1589483,-71.74171302,5.63E-09,-4.1952606,75.20041038,HG
122.9006613,-51.1589483,-71.74171302,6.32E-09,-4.1952606,75.20041038,HG
118.0095734,-26.76368536,-91.24588808,13.51626272,-3.569950486,75.19226142,HG
107.9617929,-1.161987855,-106.7998051,26.75632674,-3.114113196,75.18411333,HG
93.20613964,24.54493908,-117.7510787,38.79307308,-2.908540695,75.17596612,HG
74.38295141,49.24127037,-123.6242218,49.17897094,-3.017465272,75.1678198,HG
52.31690601,71.82712565,-124.1440317,57.73608148,-3.484122578,75.15967436,HG
45.51239102,77.78993986,-123.3023309,60.03951382,-3.687601767,75.15734111,HG
45.51239101,77.78993986,-123.3023309,60.03951382,-3.687601768,75.15734111,HG
20.65865526,96.28821813,-116.9468734,64.87071017,-4.639750109,75.14919682,HG
-5.080540571,110.6370607,-105.5565201,67.25796239,-5.950070274,75.14105341,HG
-30.62015185,120.2314292,-89.61127735,66.85030508,-7.577931173,75.13291091,HG
-54.8499558,124.6566038,-69.80664796,63.84227396,-9.455952441,75.1247693,HG
-76.68789833,123.6752991,-46.9874008,58.06401793,-11.4943064,75.1166286,HG
-78.81912182,123.2667601,-44.44763832,57.08723988,-11.7152146,75.11577118,HG
-78.81912182,123.2667601,-44.44763831,57.08723988,-11.7152146,75.11577118,HG
-96.95881934,116.4405435,-19.48172415,48.29650646,-13.81142735,75.10763148,HG
-110.8865568,104.597416,6.2891408,37.75582828,-15.83655254,75.09949267,HG
-120.0104459,88.2597715,31.75067441,25.71932096,-17.67617994,75.09135476,HG
-123.936101,68.13603521,55.80006578,12.88507508,-19.21983167,75.08321775,HG
-122.4968124,45.08699553,77.40981687,0.079559897,-20.3717747,75.07508164,HG
-122.4807789,44.9942209,77.48655803,-6.52E-10,-20.37526512,75.07505043,HG
-122.4807789,44.9942209,77.48655803,-1.71E-09,-20.37526512,75.07505043,HG
-115.6567921,20.04489173,95.61190039,-14.46133097,-21.03032096,75.06691521,HG
-103.8586731,-5.725132748,109.5838058,-27.23227088,-21.16099689,75.05878088,HG
-87.55135078,-31.19444564,118.7457964,-38.63126775,-20.72424376,75.05064742,HG
-67.45303598,-55.26149985,122.7145358,-48.14926865,-19.72369962,75.04251484,HG
-48.55039213,-73.33941345,121.8898056,-55.0369378,-18.47753528,75.03577895,HG
-48.55039213,-73.33941345,121.8898056,-55.0369378,-18.47753528,75.03577895,HG
-23.86602595,-92.22320109,116.089227,-60.25722755,-16.54497926,75.02764795,HG
1.838830226,-107.0076284,105.1687982,-63.00531848,-14.19655785,75.01951782,HG
27.45064664,-117.0932203,89.64257362,-62.92469177,-11.54323743,75.01138854,HG
51.85933525,-122.0380392,70.17870395,-60.12521735,-8.70206594,75.00326012,HG
74.01901802,-121.6332706,47.61425255,-54.98348247,-5.799342357,74.99513255,HG
74.32500289,-121.5784333,47.2534304,-54.73135413,-5.755809103,74.99500866,HG
74.32500289,-121.5784333,47.2534304,-54.73135413,-5.755809102,74.99500866,HG
93.1443267,-115.705762,22.56143529,-46.42159405,-2.928131055,74.98688195,HG
107.9245024,-104.7757851,-3.148717349,-36.4653241,-0.298952142,74.97875611,HG
117.9929829,-89.23293308,-28.76004986,-24.89623286,2.018571566,74.97063112,HG
122.9227535,-69.75809517,-53.16465833,-12.3516367,3.931083276,74.96250699,HG
122.5883836,-47.92651498,-74.66186866,5.58E-10,5.331186727,74.95463722,HG
122.5883836,-47.92651498,-74.66186866,9.63E-10,5.331186727,74.95463722,HG
116.9466992,-23.30450814,-93.64219111,13.84554294,6.25844647,74.9465148,HG
106.2318696,2.386096863,-108.6179664,26.46494765,6.656141122,74.93839325,HG
90.87744478,28.02671082,-118.9041556,37.83749001,6.533696944,74.93027258,HG
71.55699897,52.50855278,-124.0655517,47.4368094,5.935220026,74.92215279,HG
54.6832825,69.71324203,-124.3965245,53.80955189,5.198639711,74.91596975,HG
54.6832825,69.71324203,-124.3965245,53.80955189,5.198639711,74.91596975,HG
30.50452404,89.59858965,-120.1031137,59.28349223,3.936858643,74.90785153,HG
4.978285949,105.6542874,-110.6325734,62.4652303,2.430139186,74.8997342,HG
-20.78211597,117.1730213,-96.39090531,62.76178483,0.786651822,74.89161777,HG
-45.64051768,123.6358598,-77.99534211,60.60445209,-0.881364231,74.88350223,HG
-65.49258375,124.9592204,-59.46663663,55.80789215,-2.259443027,74.87652994,HG
-65.49258375,124.9592204,-59.46663663,55.80789215,-2.259443027,74.87652994,HG
-85.8966132,121.4835823,-35.58696907,48.31106158,-3.705960163,74.86841607,HG
-102.5891688,112.7873722,-10.19820341,38.82876868,-4.91408606,74.86030308,HG
-114.8411837,99.24233459,15.59884915,27.55446525,-5.825998288,74.85219099,HG
-122.1297031,81.43235633,40.69734676,15.15030637,-6.410982308,74.84407978,HG
-124.1317391,60.1333994,63.99833967,2.120352355,-6.660667994,74.83596945,HG
-124.0175371,57.74237843,66.27515869,2.92E-10,-6.665620084,74.8351215,HG
-124.0175371,57.74237843,66.27515869,-7.16E-10,-6.665620084,74.8351215,HG
-119.998491,33.6642056,86.33428541,-13.89972368,-6.556233851,74.82701214,HG
-113.1382695,13.50316601,99.63510349,-24.85464387,-6.285753595,74.82057694,HG
-99.95164757,-12.57740065,112.5290482,-37.52480166,-5.751237343,74.81238442,HG
-82.35824175,-38.02713294,120.3853747,-48.66640492,-5.084488077,74.80419279,HG
-61.11579611,-61.76025582,122.8760519,-57.7873587,-4.380043748,74.79600205,HG
-52.65046229,-69.74586862,122.3963309,-60.79476243,-4.132409966,74.79301817,HG
-52.65046229,-69.74586862,122.3963309,-60.79476243,-4.132409966,74.79301817,HG
-27.97534532,-89.39535015,117.3706955,-66.31611309,-3.53446741,74.78482864,HG
-2.095253428,-105.0250753,107.1203288,-69.4778648,-3.129198449,74.77664001,HG
23.86528518,-115.9379083,92.07262307,-69.64861195,-2.996167652,74.76845227,HG
48.75691998,-121.6563348,72.89941479,-67.14692035,-3.198071557,74.76026543,HG
71.49666827,-121.9275918,50.43092353,-62.54933886,-3.774923479,74.75207948,HG
76.55922008,-121.1474072,44.58818717,-59.18774592,-3.974033321,74.75009072,HG
76.55922008,-121.1474072,44.58818717,-59.18774592,-3.974033321,74.75009072,HG
95.12423736,-114.590167,19.46592959,-50.86213479,-5.031415226,74.7419059,HG
109.4857507,-102.9286614,-6.55708933,-40.2010775,-6.450074424,74.73372199,HG
118.9638286,-86.63634049,-32.32748807,-28.03711797,-8.180310531,74.72553899,HG
123.151627,-66.44217305,-56.70945394,-15.0202568,-10.14669717,74.71735691,HG
121.8613855,-43.22107742,-78.64030808,-2.386195366,-12.25644905,74.70917574,HG
121.399299,-40.62528746,-80.77401152,-2.03E-10,-12.48290166,74.70830802,HG
121.399299,-40.62528746,-80.77401152,8.99E-10,-12.48290166,74.70830802,HG
114.0645764,-15.30485356,-98.75972287,14.51916698,-14.60400662,74.70012787,HG
101.6932418,10.7519647,-112.4452065,27.52805232,-16.62338711,74.69194863,HG
84.78168257,36.38751502,-121.1691976,39.06344098,-18.41401202,74.6837703,HG
64.08970556,60.47127568,-124.5609812,48.58112418,-19.86604311,74.67559288,HG
46.37764303,77.07389506,-123.4515381,55.08753595,-20.67907318,74.66937579,HG
46.37764303,77.07389506,-123.4515381,55.08753595,-20.67907318,74.66937579,HG
21.34429478,95.86679786,-117.2110926,60.25436,-21.30143191,74.66119997,HG
-4.658968185,110.4715308,-105.8125626,63.07559951,-21.37076621,74.65302504,HG
-30.4749507,120.2297112,-89.75476051,62.89306219,-20.8573134,74.64485101,HG
-54.95994462,124.6963456,-69.73640098,59.74496148,-19.76184865,74.63667787,HG
-74.80595737,124.046238,-49.24028059,54.89139257,-18.32125378,74.62937462,HG
-74.80595737,124.046238,-49.24028059,54.89139257,-18.32125378,74.62937462,HG
-93.8568476,118.168548,-24.31170038,46.99247382,-16.25419019,74.62120314,HG
-108.7608857,107.0959082,1.664977502,36.9791357,-13.79054442,74.61303254,HG
-118.8533079,91.32542442,27.5278835,25.35778016,-11.04352434,74.6048628,HG
-123.6918966,71.55588339,52.13601319,12.69411159,-8.139648874,74.59669394,HG
-123.1473631,49.2910717,73.85629145,-6.60E-10,-5.288155804,74.58874208,HG
-123.1473631,49.2910717,73.85629145,-1.16E-09,-5.288155804,74.58874208,HG
-117.16598,24.33205315,92.83392681,-13.57876618,-2.471176779,74.58057492,HG
-106.0309898,-1.653416451,107.6844063,-26.2659221,0.109280129,74.57240863,HG
-90.19935153,-27.51050341,117.7098549,-37.60731415,2.339519858,74.56424321,HG
-70.38048754,-52.09771955,122.4782071,-47.20020715,4.129564968,74.55607867,HG
-50.93942707,-71.23452675,122.1739538,-54.01015315,5.25391688,74.54910324,HG
-50.93942706,-71.23452675,122.1739538,-54.01015315,5.25391688,74.54910324,HG
-26.14925933,-90.667536,116.8167953,-59.08773218,6.079472501,74.54094033,HG
-0.21796255,-105.9876098,106.2055723,-61.71472634,6.353995812,74.53277831,HG
25.71050206,-116.5553111,90.84480901,-61.44906017,6.106168391,74.52461718,HG
50.48788447,-121.8984762,71.41059172,-58.46931818,5.38688007,74.51645695,HG
68.25270828,-122.2368237,53.98411538,-53.81456434,4.544395263,74.51010283,HG
68.25270828,-122.2368237,53.98411538,-53.81456434,4.544395263,74.51010283,HG
88.32969998,-117.8672567,29.53755673,-46.0350611,3.190226732,74.50194421,HG
104.4510243,-108.1792663,3.728242035,-36.05273825,1.619080272,74.49378649,HG
115.9265981,-93.64069778,-22.28590036,-24.36808392,-0.051715894,74.48562969,HG
122.2465131,-74.8896794,-47.35683368,-11.6488436,-1.7095792,74.47747379,HG
123.3401255,-56.8636828,-66.47644268,-2.57E-10,-2.987041259,74.47076179,HG
123.3401255,-56.86368279,-66.47644268,5.49E-10,-2.987041259,74.47076179,HG
119.7104609,-32.69284429,-87.01761657,13.89660465,-4.356730371,74.46260755,HG
110.7320479,-7.00497972,-103.7270682,27.20193932,-5.454444674,74.45445422,HG
96.82890956,19.04675339,-115.875663,39.44383182,-6.230809821,74.44630178,HG
78.61360858,44.31358174,-122.9271903,49.97155802,-6.663023443,74.43815025,HG
56.88401314,67.69259052,-124.5766037,58.2709934,-6.757454042,74.42999961,HG
55.83262141,68.68527473,-124.5178961,58.73379663,-6.75350841,74.42963091,HG
55.83262141,68.68527473,-124.5178961,58.73379663,-6.75350841,74.42963091,HG
31.48061201,88.89313768,-120.3737497,65.60738134,-6.516820727,74.42148121,HG
5.719901805,105.2456074,-110.9655092,68.84460451,-6.038018005,74.41333239,HG
-20.3070661,116.9751747,-96.6681086,69.37425785,-5.388246676,74.40518445,HG
-45.45161417,123.5758674,-78.12425323,67.02233887,-4.660999299,74.3970374,HG
-68.56526713,124.7249332,-56.15966607,62.19898763,-3.954692695,74.38889124,HG
-72.63639049,124.3270286,-51.69063808,60.77421101,-3.831538529,74.38735244,HG
-72.63639049,124.3270286,-51.69063808,60.77421101,-3.831538529,74.38735244,HG
-92.07392141,118.9676728,-26.89375137,52.23115392,-3.279305033,74.37920733,HG
-107.4181975,108.3945869,-0.976389374,42.01483464,-2.95858656,74.37106311,HG
-118.0114841,93.06191218,24.94957196,29.98561294,-2.94271039,74.36291978,HG
-123.3851717,73.65353315,49.73163857,16.99510508,-3.285467626,74.35477734,HG
-123.3047459,51.01535686,72.28938901,4.074741008,-4.015776086,74.3466358,HG
-122.6229548,46.21504714,76.40790767,-1.21E-09,-4.207914229,74.34501569,HG
-122.6229548,46.21504714,76.40790768,-2.18E-09,-4.207914229,74.34501569,HG
-115.9560574,21.05128377,94.90477368,-13.60647237,-5.401841364,74.33687523,HG
-104.1987747,-4.974818794,109.1735935,-26.86872515,-6.942349223,74.32873568,HG
-87.82104445,-30.72878056,118.549825,-38.56608295,-8.7699458,74.32059703,HG
-67.55865469,-55.0706524,122.6293071,-48.38553309,-10.79868557,74.31245929,HG
-44.29034799,-76.91223084,121.2025788,-56.24302022,-12.92401619,74.30432246,HG
-44.18981692,-76.99547677,121.1852937,-56.27165661,-12.9327844,74.30428898,HG
-44.18981692,-76.99547678,121.1852937,-56.27165661,-12.9327844,74.30428898,HG
-18.99236931,-95.33122242,114.3235917,-61.40889722,-15.0301308,74.29615307,HG
7.051868679,-109.3972461,102.3453774,-63.91328269,-16.98512094,74.28801806,HG
32.77091389,-118.5539601,85.78304617,-63.46974117,-18.67403228,74.27988397,HG
57.00028698,-122.375967,65.37568007,-60.61528264,-19.98109769,74.27175078,HG
75.26291339,-121.3906021,46.12768872,-55.08931397,-20.71914643,74.26499762,HG
75.26291339,-121.3906021,46.12768872,-55.08931397,-20.71914643,74.26499762,HG
94.1049546,-115.2142749,21.10932027,-46.97497757,-21.11412933,74.25686607,HG
108.7648959,-103.8760961,-4.888799792,-36.94536542,-20.9369167,74.24873542,HG
118.5858329,-87.8706638,-30.71516905,-25.31110228,-20.17074049,74.24060565,HG
123.1412395,-67.90284868,-55.23839083,-12.75839761,-18.83449372,74.23247676,HG
122.5933101,-47.90534991,-74.68796016,-4.46E-10,-17.22793092,74.22537354,HG
122.5933101,-47.90534991,-74.68796016,1.17E-10,-17.22793092,74.22537354,HG
116.8800846,-23.02360895,-93.85647567,12.94028671,-14.97111443,74.21724629,HG
105.970503,2.937384711,-108.9078877,25.70529179,-12.3606525,74.2091199,HG
90.34215766,28.82661209,-119.1687698,37.12584737,-9.515376711,74.20099438,HG
70.6838095,53.50964017,-124.1934497,46.82654905,-6.566611492,74.19286972,HG
49.04992146,74.79406396,-123.8439854,54.53514162,-3.795504065,74.18514702,HG
49.04992146,74.79406396,-123.8439854,54.53514162,-3.795504065,74.18514702,HG
24.18113733,94.00316797,-118.1843053,59.6719957,-1.043577232,74.17702404,HG
-1.777673385,109.0998459,-107.3221725,62.2576381,1.420620408,74.16890193,HG
-27.67601888,119.4136457,-91.73762686,62.03385506,3.491101201,74.16078068,HG
-52.38082189,124.4972046,-72.11638266,59.32699776,5.087880759,74.1526603,HG
-72.01076604,124.4109598,-52.4001938,53.47234226,6.039242182,74.14558876,HG
-72.01076604,124.4109598,-52.4001938,53.47234226,6.039242182,74.14558876,HG
-91.54915504,119.2312263,-27.68207128,45.92244126,6.618422465,74.13747003,HG
-107.0455666,108.8186968,-1.773130241,35.74378945,6.651991879,74.12935219,HG
-117.8088495,93.63060079,24.17824868,24.20973619,6.175325533,74.12123523,HG
-123.3695813,74.33515119,49.0344301,12.01485846,5.251945588,74.11311917,HG
-123.940018,57.87456343,66.06545458,-2.87E-09,4.327795133,74.10710358,HG
-123.940018,57.87456343,66.06545458,-3.49E-09,4.327795133,74.10710358,HG
-119.9431016,33.56410075,86.37900086,-12.8679699,2.844339604,74.09898909,HG
-110.6521188,7.819380998,102.8327378,-26.01987234,1.191068532,74.0908755,HG
-96.46184233,-18.22223642,114.6840788,-37.83495647,-0.516588467,74.08276282,HG
-78.00280248,-43.38826132,121.3910638,-48.36538454,-2.162902275,74.07465104,HG
-59.29721537,-63.54345964,122.840675,-56.09369299,-3.459771246,74.06766743,HG
-59.29721537,-63.54345965,122.840675,-56.09369299,-3.459771246,74.06766743,HG
-35.20150257,-84.19072853,119.3922311,-62.21185404,-4.735461487,74.05955733,HG
-9.549152552,-101.0659198,110.6150724,-65.97065766,-5.713097434,74.05144813,HG
16.51347922,-113.4026227,96.88914345,-66.74579206,-6.350603843,74.04333983,HG
41.81243307,-120.6374142,78.82498111,-64.92627598,-6.634633948,74.03523241,HG
65.2422124,-122.4678264,57.22561402,-59.92661481,-6.586145258,74.02712589,HG
67.25509981,-122.3610585,55.10595872,-59.52894602,-6.566671142,74.02638633,HG
67.25509981,-122.3610585,55.10595872,-59.52894601,-6.566671142,74.02638633,HG
87.49321394,-118.2080891,30.71487516,-51.25323378,-6.208430078,74.01828078,HG
103.8025836,-108.7551175,4.952533886,-41.47907129,-5.635885455,74.0101761,HG
115.4950919,-94.42132645,-21.0737654,-29.71996187,-4.93789706,74.00207231,HG
122.0515659,-75.84485112,-46.2067148,-16.81353598,-4.212779644,73.9939694,HG
123.1884884,-53.83868788,-69.34980052,-3.503604292,-3.561945916,73.98586736,HG
122.7764548,-49.88018828,-72.89626649,-9.32E-10,-3.466433951,73.98450861,HG
122.7764548,-49.88018828,-72.89626649,6.29E-11,-3.466433951,73.98450861,HG
117.5204402,-25.11476707,-92.40567313,13.55761832,-3.026628407,73.9764076,HG
107.007755,0.795500093,-107.8032551,26.72632737,-2.860559377,73.96830749,HG
91.73459639,26.72831041,-118.4629068,38.76429136,-3.033051026,73.96020826,HG
72.3745121,51.53007493,-123.904587,49.07455843,-3.58578559,73.95210991,HG
49.79331481,74.0746999,-123.8680147,57.520529,-4.532481638,73.94401247,HG
44.58706349,78.55530564,-123.1423691,59.23826142,-4.788197669,73.94226807,HG
44.58706349,78.55530564,-123.1423691,59.23826142,-4.788197669,73.94226807,HG
19.40842356,97.07767969,-116.4861033,64.05065177,-6.194023791,73.93417172,HG
-6.616522989,111.3250436,-104.7085206,66.3340916,-7.918046881,73.92607626,HG
-32.36845231,120.6866987,-88.31824639,65.76285945,-9.886972054,73.91798171,HG
-56.70393773,124.7488271,-68.0448894,62.51982955,-12.00229682,73.90988807,HG
-78.51612732,123.2896438,-44.77351646,56.51971977,-14.14659666,73.90179533,HG
-78.90690425,123.2090496,-44.30214539,56.33574449,-14.18766308,73.90163942,HG
-78.90690425,123.2090496,-44.30214539,56.33574449,-14.18766308,73.90163942,HG
-97.19170901,116.2601249,-19.06841591,47.30254798,-16.23878102,73.89354761,HG
-111.1655511,104.1889585,6.976592654,36.7329352,-18.06968924,73.8854567,HG
-120.2213477,87.54708576,32.67426195,24.59216439,-19.56535756,73.87736669,HG
-123.9590782,67.06958634,56.88949182,11.63390768,-20.62462684,73.86927758,HG
-122.8942856,48.02763152,74.86665408,4.02E-10,-21.10203352,73.86264203,HG
-122.8942856,48.02763151,74.86665408,-3.00E-10,-21.10203352,73.86264203,HG
-116.6966657,23.0039541,93.69271155,-13.61464244,-21.17735242,73.85455455,HG
-105.3103702,-2.999006703,108.3093769,-26.46022309,-20.6547772,73.84646795,HG
-89.26710776,-28.81540447,118.0825122,-38.03145136,-19.54422537,73.83838222,HG
-69.27362205,-53.3064132,122.5800353,-47.73517796,-17.88225718,73.83029737,HG
-48.54365698,-73.37331121,121.9169682,-54.8643076,-15.95862396,73.82299576,HG
-48.54365698,-73.37331122,121.9169682,-54.8643076,-15.95862396,73.82299576,HG
-23.60634439,-92.39545082,116.0017952,-60.50589237,-13.45428257,73.81491255,HG
2.381030476,-107.2806704,104.8996399,-63.05831324,-10.66469334,73.8068302,HG
28.23570547,-117.3377353,89.10202982,-62.94379913,-7.722733928,73.79874871,HG
52.83379568,-122.1448544,69.3110587,-59.96538042,-4.765254405,73.79066808,HG
74.41333045,-121.5863715,47.17304105,-54.73790264,-2.017163485,73.78284991,HG
74.41333045,-121.5863715,47.17304105,-54.73790264,-2.017163485,73.78284991,HG
93.39421471,-115.6090929,22.21487821,-46.13753434,0.571670482,73.77477096,HG
108.244679,-104.4725722,-3.772106857,-36.00127506,2.799229893,73.76669288,HG
118.271178,-88.6414351,-29.62974291,-24.22023577,4.570540799,73.75861566,HG
123.0401631,-68.82316242,-54.2170007,-11.48650688,5.822718248,73.75053931,HG
122.7770596,-49.62773724,-73.14932232,-2.64E-10,6.445353888,73.74372598,HG
122.7770596,-49.62773724,-73.14932232,1.96E-10,6.445353888,73.74372598,HG
117.466797,-24.86771619,-92.59908081,13.63010625,6.674782627,73.73565124,HG
106.9117615,1.059615219,-107.9713767,26.39020026,6.371391799,73.7275774,HG
91.59910737,26.99349258,-118.5926,37.96515228,5.59303535,73.71950444,HG
72.20485665,51.78912773,-123.9939844,47.70789738,4.419982969,73.71143237,HG
56.01021503,68.4744827,-124.4846977,54.04582229,3.37379553,73.70556244,HG
56.01021503,68.4744827,-124.4846977,54.04582229,3.37379553,73.70556244,HG
31.67751322,88.74357863,-120.4210918,59.72219016,1.762926084,73.69749193,HG
5.920801905,105.1383615,-111.0591634,63.07083975,0.056069289,73.68942231,HG
-20.11608269,116.9230233,-96.80694059,63.4707948,-1.630249165,73.6813536,HG
-45.26213532,123.5584718,-78.29633647,61.33490468,-3.185589652,73.67328578,HG
-65.40574876,124.9282054,-59.5224566,56.72452493,-4.355695534,73.6663291,HG
-65.40574876,124.9282054,-59.5224566,56.72452493,-4.355695534,73.6663291,HG
-86.01500176,121.4143091,-35.39930737,49.07250698,-5.442827076,73.65826296,HG
-102.8224905,112.5561784,-9.733687895,39.3669617,-6.198319559,73.6501977,HG
-115.0820517,98.7598032,16.32224851,27.82339873,-6.601863022,73.64213334,HG
-122.2544436,80.63479718,41.6196464,15.03989752,-6.663090442,73.63406985,HG
-124.027224,58.9753039,65.05192009,1.702524772,-6.419632741,73.62600726,HG
-123.8987835,57.19767343,66.7011101,-3.71E-10,-6.384342308,73.62538609,HG
-123.8987835,57.19767343,66.7011101,-1.45E-09,-6.384342308,73.62538609,HG
-119.7417223,32.81369494,86.92802735,-13.90412705,-5.87797061,73.61732444,HG
-110.2838359,7.049128918,103.234707,-27.28793981,-5.215335412,73.60926366,HG
-95.94623074,-18.9759484,114.9221791,-39.55031518,-4.49370946,73.60120376,HG
-77.36659331,-44.10629852,121.4728918,-50.18130339,-3.815706535,73.59314474,HG
-55.36019541,-67.24297524,122.6031706,-58.75901675,-3.281891255,73.58508659,HG
-49.91715735,-72.15341605,122.0705734,-60.64404615,-3.189513798,73.58323463,HG
-49.91715735,-72.15341605,122.0705734,-60.64404615,-3.189513798,73.58323463,HG
-25.04358216,-91.37993302,116.4235152,-65.99317899,-2.958507265,73.57517756,HG
0.903295246,-106.5056512,105.6023559,-68.8680712,-3.055116612,73.56712138,HG
26.79836867,-116.8460119,90.04764324,-68.74999151,-3.52703093,73.55906608,HG
51.49352054,-121.950525,70.45700444,-65.93784372,-4.394848285,73.55101166,HG
73.91095473,-121.5946018,47.68364703,-60.89514386,-5.651371769,73.54295815,HG
77.93785376,-120.8705497,42.9326959,-58.34125521,-5.940411781,73.5413804,HG
77.93785377,-120.8705497,42.9326959,-58.34125521,-5.940411781,73.5413804,HG
96.250298,-113.9607376,17.71043962,-49.67044248,-7.606841939,73.53332796,HG
110.3035844,-101.9725053,-8.331079155,-38.92415246,-9.538697625,73.52527641,HG
119.4394066,-85.39571306,-34.04369349,-26.69204199,-11.64183462,73.51722576,HG
123.2642773,-64.97211122,-58.29216606,-13.63288236,-13.80485472,73.50917601,HG
121.6077123,-41.58947961,-80.01823271,-0.831641172,-15.90878049,73.50112717,HG
121.4364129,-40.66183588,-80.77457699,-1.46E-09,-15.98499105,73.50082296,HG
121.4364129,-40.66183588,-80.77457699,-3.61E-10,-15.98499105,73.50082296,HG
114.1141059,-15.34748238,-98.76662352,14.82540706,-17.87467167,73.49277505,HG
101.7506482,10.70948452,-112.4601327,27.75373927,-19.4578068,73.48472804,HG
84.84605665,36.34681245,-121.1928691,39.24829728,-20.61739684,73.47668192,HG
64.15970157,60.43382278,-124.5935244,48.73003456,-21.27105855,73.4686367,HG
47.67193114,75.99214464,-123.6640758,54.86941573,-21.39055374,73.46292697,HG
47.67193113,75.99214465,-123.6640758,54.86941573,-21.39055374,73.46292697,HG
22.71672153,94.98618974,-117.7029113,60.12315873,-21.0493688,73.45488325,HG
-3.26444035,109.8280835,-106.5636432,63.01453446,-20.11296115,73.44684041,HG
-29.11929995,119.8523345,-90.73303458,62.93691238,-18.60694973,73.43879844,HG
-53.68345348,124.5970748,-70.91362131,60.29752464,-16.58885853,73.43075732,HG
-74.99210246,124.0135266,-49.02142418,54.84416774,-14.26143828,73.42306434,HG
-74.99210246,124.0135266,-49.02142418,54.84416774,-14.26143828,73.42306434,HG
-94.01782156,118.0800385,-24.06221696,46.80705881,-11.52395203,73.41502491,HG
-108.8716882,106.9530319,1.918656293,36.75718819,-8.601286017,73.40698633,HG
-118.910575,91.13424024,27.77633477,25.10610806,-5.632266201,73.3989486,HG
-123.6909854,71.32487652,52.36610885,12.46513427,-2.756753775,73.39091172,HG
-123.1279094,49.3595256,73.76838379,2.43E-11,-0.206953261,73.383198,HG
-123.1279094,49.3595256,73.76838379,-4.48E-10,-0.206953261,73.383198,HG
-117.1688062,24.40581933,92.76298689,-13.6867605,2.107640364,73.3751628,HG
-106.0476097,-1.579786182,107.6273959,-26.32908232,3.985175679,73.36712845,HG
-90.22905891,-27.43994325,117.6690022,-37.66825304,5.350945548,73.35909498,HG
-70.42051984,-52.03314784,122.4536677,-47.22553424,6.166189898,73.35106237,HG
-52.51955602,-69.83266336,122.3522194,-53.54739496,6.412430469,73.34472117,HG
-52.51955602,-69.83266336,122.3522194,-53.54739496,6.412430469,73.34472117,HG
-27.85738093,-89.47598862,117.3333696,-58.73585911,6.241015113,73.33669013,HG
-1.965339363,-105.1055427,107.0708821,-61.59461102,5.577201942,73.32865998,HG
24.00209349,-116.0165148,92.01442128,-61.53894612,4.495870537,73.32063071,HG
48.90559891,-121.7323211,72.82672216,-58.76514927,3.093056576,73.31260233,HG
66.14014527,-122.4221817,56.28203643,-53.96610526,1.901637349,73.30659856,HG
66.14014527,-122.4221817,56.28203642,-53.96610526,1.901637349,73.30659856,HG
86.53365169,-118.5539472,32.02029552,-46.69748024,0.213387537,73.29857175,HG
103.0849737,-109.3811999,6.296226212,-36.91760777,-1.47668983,73.29054583,HG
115.0485674,-95.29819442,-19.75037294,-25.48716294,-3.057148907,73.2825208,HG
121.9040545,-76.92801996,-44.97603455,-12.99480996,-4.43333058,73.27449667,HG
123.4405087,-58.57964348,-64.86086524,2.25E-09,-5.376993098,73.26769255,HG
123.4405087,-58.57964348,-64.86086525,2.89E-09,-5.376993098,73.26769255,HG
120.1887683,-34.56416732,-85.62460099,13.17292196,-6.18346343,73.25967006,HG
111.5984369,-8.949040259,-102.6493966,26.63029967,-6.639485009,73.25164846,HG
98.04189591,17.1168678,-115.1587637,38.86154915,-6.74472811,73.24362773,HG
80.11776838,42.49383697,-122.6116053,49.4722933,-6.532849839,73.23560789,HG
58.65881863,65.98199138,-124.64081,58.53275497,-6.057218097,73.22758892,HG
54.5107973,69.91072689,-124.4215242,60.61483205,-5.950283181,73.22615971,HG
54.5107973,69.9107269,-124.4215242,60.61483205,-5.950283181,73.22615971,HG
29.99519869,89.96125454,-119.9564532,65.83507831,-5.26710322,73.21814177,HG
4.195895311,106.0500205,-110.2459158,69.49818199,-4.519833438,73.2101247,HG
-21.81303311,117.4884634,-95.67543032,69.85670967,-3.807365119,73.2021085,HG
-46.86929234,123.7716413,-76.90234898,67.51493391,-3.233276122,73.19409317,HG
-69.88173118,124.6272815,-54.74555029,62.81843297,-2.890958864,73.18607871,HG
-73.12874311,124.2109938,-51.08225074,59.78525922,-2.865259108,73.18483735,HG
-73.12874311,124.2109938,-51.08225074,59.78525922,-2.865259108,73.18483735,HG
-87.08552219,120.9511721,-33.8656499,55.52838621,-2.843600892,73.17923443,HG
-99.1081962,115.066179,-15.95798283,49.02201085,-3.000067953,73.17363194,HG
-112.438347,102.5052486,9.933098427,37.92624915,-3.550376937,73.16567704,HG
-120.8470613,85.49839509,35.34866618,25.61422458,-4.496916584,73.15772302,HG
-123.9445907,64.7767172,59.16787352,12.066164,-5.82505023,73.14976987,HG
-122.4078458,45.51277355,76.8950723,7.80E-10,-7.173146913,73.14317359,HG
-122.4078458,45.51277355,76.8950723,-9.36E-12,-7.173146914,73.14317359,HG
-115.7841779,20.52104606,95.26313188,-13.97766941,-9.055488493,73.13522205,HG
-104.0142347,-5.328321899,109.3425566,-26.19142417,-11.12161652,73.12727139,HG
-87.71847978,-30.89032706,118.6088068,-37.98004089,-13.26279112,73.11932162,HG
-67.59305171,-55.05331042,122.6463621,-47.63863494,-15.35904503,73.11137274,HG
-45.59175655,-75.84990729,121.4416638,-55.20924098,-17.20406084,73.10378118,HG
-45.59175655,-75.84990729,121.4416638,-55.20924098,-17.20406084,73.10378118,HG
-20.65739788,-94.29255484,114.9499527,-60.40991697,-18.84954399,73.09583402,HG
5.181368159,-108.5711707,103.3898026,-63.08468343,-20.1026524,73.08788774,HG
30.78200015,-118.0468174,87.26481725,-62.83679326,-20.86958148,73.07994233,HG
55.00525567,-122.2890963,67.28384067,-60.1297137,-21.08017821,73.07199779,HG
74.90971874,-121.4649056,46.55518685,-54.82926165,-20.76323454,73.06479858,HG
74.90971874,-121.4649056,46.55518685,-54.82926165,-20.76323454,73.06479858,HG
93.70835203,-115.4534382,21.74508613,-46.6502676,-19.85008574,73.05685568,HG
108.3918963,-104.3329634,-4.058932955,-36.63044975,-18.36783961,73.04891363,HG
118.3195758,-88.5746739,-29.74490185,-24.99055038,-16.37140377,73.04097243,HG
123.0100288,-68.85214374,-54.15788504,-12.55818747,-13.94105429,73.03303207,HG
122.5449101,-47.58211692,-74.96279319,1.67E-09,-11.38652866,73.02556659,HG
122.5449101,-47.58211692,-74.9627932,2.36E-09,-11.38652866,73.02556659,HG
116.8312117,-22.86414242,-93.96706931,13.1038926,-8.475540715,73.01762786,HG
105.9773724,2.916591301,-108.8939637,25.77990463,-5.50465221,73.00968996,HG
90.47646145,28.62509496,-119.1015564,37.13666349,-2.61587043,73.00175289,HG
70.9974004,53.15150284,-124.1489032,46.74339345,0.060016992,72.99381666,HG
49.31221065,74.55304655,-123.8652572,54.12099367,2.313238198,72.98619625,HG
49.31221065,74.55304655,-123.8652572,54.12099367,2.313238198,72.98619625,HG
24.66448175,93.66852509,-118.3330068,59.0615579,4.232297323,72.97826167,HG
-1.10329871,108.7602223,-107.6569235,61.91037067,5.650802875,72.97032794,HG
-26.83503583,119.1466196,-92.31158376,61.7999452,6.521375325,72.96239505,HG
-51.42471756,124.3843274,-72.95960983,59.12870497,6.83399459,72.95446303,HG
-70.05196032,124.6126417,-54.56068136,53.4781361,6.679292965,72.94791701,HG
-70.05196032,124.6126417,-54.56068136,53.4781361,6.679292965,72.94791701,HG
-89.79073812,119.9796676,-30.18892948,45.98911851,6.042439882,72.93998656,HG
-105.6276445,110.1600265,-4.532381983,36.0959703,4.981433286,72.93205698,HG
-116.858278,95.57105704,21.287221,24.68666569,3.589438177,72.92412827,HG
-123.0001298,76.8476077,46.15252206,12.46564094,1.975046,72.91620044,HG
-123.7809299,54.77178899,69.00914095,0.67136281,0.248994267,72.90827349,HG
-123.729305,54.18291978,69.54638525,1.69E-09,0.20583785,72.90807345,HG
-123.729305,54.18291978,69.54638525,3.45E-10,0.20583785,72.90807345,HG
-118.8958211,29.79003497,89.10578612,-15.77587772,-1.484135363,72.9001474,HG
-111.7140676,10.16231047,101.5517571,-26.13932846,-2.709751628,72.89407689,HG
-98.35789345,-15.22431328,113.5822067,-37.84552525,-4.099636658,72.88630488,HG
-80.85799945,-39.94157683,120.7995763,-49.0407443,-5.227575914,72.87853371,HG
-59.99317573,-62.90004116,122.8932169,-57.4791082,-6.036626142,72.87076338,HG
-58.92762774,-63.92109606,122.8487238,-57.7704883,-6.063836365,72.87039133,HG
-58.92762773,-63.92109606,122.8487238,-57.7704883,-6.063836365,72.87039133,HG
-35.45248274,-84.02692315,119.4794059,-63.957949,-6.516294629,72.86262187,HG
-10.4940081,-100.5505978,111.0446059,-67.63297175,-6.633442173,72.85485325,HG
14.90397448,-112.8022999,97.89832542,-68.63739814,-6.445994033,72.84708545,HG
39.66943412,-120.2253755,80.55594142,-67.09952954,-6.002453563,72.83931848,HG
62.72257663,-122.5624357,59.83985907,-63.27656933,-5.385403563,72.83155233,HG
69.27886047,-122.2376372,52.9587767,-60.28240605,-5.174575323,72.82918012,HG
69.27886047,-122.2376372,52.9587767,-60.28240605,-5.174575323,72.82918012,HG
88.68200957,-117.7680419,29.08603232,-52.76655571,-4.457218985,72.82141504,HG
104.3518742,-108.301672,3.949797848,-43.01499713,-3.777013798,72.81365079,HG
115.6131767,-94.22589136,-21.38728532,-31.61443288,-3.229288759,72.80588735,HG
121.9999288,-76.13477103,-45.86515775,-19.10380791,-2.902129404,72.79812475,HG
123.2467695,-54.77843657,-68.46833295,-6.391578872,-2.869050874,72.79036296,HG
122.422602,-46.6338232,-75.78877877,1.85E-09,-2.939063546,72.78762525,HG
122.422602,-46.6338232,-75.78877877,3.47E-09,-2.939063546,72.78762525,HG
116.6119262,-22.31865894,-94.29326731,13.02956562,-3.387905098,72.77986459,HG
105.9090872,2.969966188,-108.8790534,25.80456243,-4.217968925,72.77210476,HG
90.72829441,28.18557638,-118.9138708,37.38162066,-5.423837063,72.76434577,HG
71.71445949,52.26926092,-123.9837204,47.30636189,-6.970883292,72.75658762,HG
49.64737866,74.2012952,-123.8486739,55.39786484,-8.80023609,72.74883031,HG
43.31765221,79.60317728,-122.9208295,57.25886562,-9.328855859,72.74674497,HG
43.31765221,79.60317729,-122.9208295,57.25886562,-9.328855859,72.74674497,HG
18.76488922,97.48788188,-116.2527711,62.45971123,-11.38933547,72.73898874,HG
-6.588824924,111.3159029,-104.7270779,64.62627964,-13.51439784,72.73123335,HG
-31.6857484,120.5131475,-88.82739913,64.22621893,-15.58998606,72.72347881,HG
-55.43939403,124.6662245,-69.22683048,61.67376867,-17.4902489,72.71572511,HG
-76.88927252,123.6338008,-46.74452828,55.23573602,-19.11092431,72.70797894,HG
-76.88927253,123.6338008,-46.74452828,55.23573602,-19.11092431,72.70797894,HG
-95.12286248,117.4500549,-22.32719246,47.31865152,-20.34178872,72.70022692,HG
-109.3729858,106.3551172,3.017868646,37.21290365,-21.09910917,72.69247575,HG
-118.9961671,90.7970906,28.19907648,25.36551448,-21.31040166,72.6847254,HG
-123.5601212,71.48549763,52.07462355,13.24324127,-20.93511078,72.67697588,HG
-123.1036747,49.314937,73.78873767,0.164340244,-20.02526531,72.66922718,HG
-123.0675876,49.05098662,74.01660096,-6.38E-10,-20.01151951,72.66914034,HG
-123.0675876,49.05098662,74.01660097,-1.40E-09,-20.01151951,72.66914034,HG
-117.3037481,24.73463086,92.5691172,-13.61680707,-18.52657627,72.66139246,HG
-106.6083439,-0.550733916,107.1590778,-25.82589359,-16.54718795,72.65364539,HG
-91.43985402,-25.77345399,117.213308,-37.10159754,-14.15956241,72.64589913,HG
-72.4305912,-49.87695946,122.3075507,-46.68403807,-11.46805194,72.63815367,HG
-50.41938007,-71.77768427,122.1970643,-54.61886666,-8.600844917,72.63040902,HG
-48.64374979,-73.33019992,121.9739497,-55.3824221,-8.378035826,72.62982194,HG
-48.64374979,-73.33019992,121.9739497,-55.3824221,-8.378035826,72.62982194,HG
-24.32086902,-91.93768723,116.2585562,-59.94426277,-5.445732579,72.62207814,HG
0.955359505,-106.6086712,105.6533117,-62.86109295,-2.617907726,72.61433514,HG
26.18894869,-116.7437918,90.55484307,-62.68004891,-0.007146624,72.60659294,HG
50.30901666,-121.9184403,71.60942367,-59.98973731,2.272123407,72.59885154,HG
72.31409927,-121.9179694,49.6038701,-55.08321867,4.129163381,72.59111095,HG
73.27630042,-121.7695137,48.49321331,-54.20453642,4.202945464,72.59074045,HG
73.27630042,-121.7695137,48.49321331,-54.20453642,4.202945464,72.59074045,HG
92.0372922,-116.3166014,24.27930925,-46.11560043,5.539558667,72.58300071,HG
106.9090224,-105.9263834,-0.982638963,-36.21976574,6.343422146,72.57526178,HG
117.2676371,-91.02494169,-26.24269538,-24.77200276,6.607090985,72.56752367,HG
122.6807552,-72.24181801,-50.43893715,-12.39351554,6.353571771,72.55978639,HG
122.9483653,-50.63028818,-72.31807711,-3.51E-10,5.643594699,72.55214086,HG
122.9483653,-50.63028818,-72.31807712,2.17E-12,5.643594699,72.55214086,HG
118.0266746,-26.59836983,-91.42830479,14.06979505,4.53205242,72.54440523,HG
108.1499373,-1.398194177,-106.7517432,26.75890626,3.123609002,72.53667044,HG
93.70201252,23.91234938,-117.6143619,38.30093762,1.522033825,72.52893648,HG
75.29776011,48.27144258,-123.5692027,48.15273998,-0.160274354,72.52120337,HG
58.1590707,66.45083897,-124.6099097,55.22192557,-1.495419104,72.51499252,HG
58.1590707,66.45083897,-124.6099097,55.22192557,-1.495419104,72.51499252,HG
34.67064696,86.53657179,-121.2072188,61.12130131,-3.046416526,72.50726092,HG
9.704806599,103.0413845,-112.7461911,64.81291082,-4.395249183,72.49953016,HG
-15.68359327,115.2613425,-99.57774926,65.68505317,-5.469665191,72.49180023,HG
-40.43062274,122.6754068,-82.24478404,63.74548866,-6.22221785,72.48407114,HG
-63.47592018,124.9724611,-61.49654092,59.32920664,-6.631149353,72.47634287,HG
-65.95580477,124.8967594,-58.94095459,58.64881768,-6.655274353,72.47545964,HG
-65.95580477,124.8967594,-58.94095459,58.64881768,-6.655274353,72.47545964,HG
-85.98769216,121.3947695,-35.40707731,52.08106662,-6.693284036,72.46773229,HG
-102.4143813,112.8408556,-10.42647424,42.37621118,-6.435498435,72.46000577,HG
-114.5605735,99.58829153,14.97228199,31.27966875,-5.941842227,72.45228007,HG
-121.8621141,82.21608782,39.64602623,19.51955359,-5.2876942,72.44455519,HG
-124.0371371,61.36413291,62.67300423,4.868362808,-4.562677842,72.43683112,HG
-123.5332878,53.08203967,70.45124812,-9.12E-11,-4.301196307,72.43401235,HG
-123.5332878,53.08203967,70.45124812,-7.88E-10,-4.301196307,72.43401235,HG
-118.6370929,29.05032149,89.58677136,-13.53681116,-3.645868854,72.4262894,HG
-108.7608903,3.859025548,104.9018647,-26.34480762,-3.152937037,72.41856727,HG
-94.32070182,-21.45107423,115.771776,-38.12428883,-2.906891999,72.41084596,HG
-75.92534862,-45.78061388,121.7059625,-48.58026581,-2.976977563,72.40312547,HG
-54.30725386,-68.18218807,122.4894419,-56.71060381,-3.410959977,72.3954058,HG
-45.62517246,-75.81143835,121.4366108,-59.33158704,-3.670938606,72.39252763,HG
-45.62517246,-75.81143835,121.4366108,-59.33158705,-3.670938606,72.39252763,HG
-21.16759765,-93.95105682,115.1186545,-64.67837411,-4.63249507,72.38480911,HG
4.164752794,-108.0819416,103.9171888,-66.9118605,-5.962640976,72.37709142,HG
29.31483081,-117.6168633,88.30203251,-66.66536574,-7.617744921,72.36937456,HG
53.19617345,-122.1130378,68.91686431,-63.80766876,-9.526176044,72.36165855,HG
74.8525125,-121.451886,46.59937346,-57.64788253,-11.60009044,72.35394337,HG
78.01971431,-120.8607996,42.84108531,-56.61314392,-11.93764473,72.3527189,HG
78.01971431,-120.8607996,42.84108531,-56.61314392,-11.93764473,72.3527189,HG
95.92741942,-114.2164181,18.28899865,-48.12829029,-14.06505063,72.3450047,HG
109.7733239,-102.7119997,-7.061324243,-37.96377065,-16.1085988,72.33729134,HG
118.9920301,-86.83058689,-32.16144319,-26.3646698,-17.95241299,72.32957883,HG
123.1972371,-67.23176831,-55.96546875,-14.19081435,-19.48466534,72.32186715,HG
122.2034792,-44.69363691,-77.50984224,-2.391700794,-20.61067917,72.31415631,HG
121.8293053,-42.42861939,-79.40068591,-1.06E-09,-20.6892504,72.3134158,HG
121.8293053,-42.42861938,-79.40068591,1.89E-10,-20.6892504,72.3134158,HG
115.1185741,-17.92029933,-97.19827479,14.43435618,-21.22951118,72.30570587,HG
106.4932298,1.937599935,-108.4308298,24.65788246,-21.286264,72.29966744,HG
92.16682043,26.19415354,-118.360974,35.49793685,-20.86607015,72.29226636,HG
74.25802059,49.47562382,-123.7336444,45.3594945,-19.91398837,72.28486603,HG
53.44494123,70.90113977,-124.346081,53.11477994,-18.45658103,72.27746645,HG
48.66398961,75.17908155,-123.8430712,54.83656425,-18.07996344,72.27587429,HG
48.66398961,75.17908155,-123.8430712,54.83656425,-18.07996344,72.27587429,HG
25.41664949,93.2008297,-118.6174792,60.0332754,-16.07269069,72.26847562,HG
1.185044437,107.6578519,-108.8428964,62.98002323,-13.71022721,72.26107768,HG
-23.10961894,117.9843173,-94.87469839,63.34183315,-11.08431471,72.25368047,HG
-46.52423906,123.7840922,-77.25985318,61.26939317,-8.306631188,72.246284,HG
-68.16099181,124.8358321,-56.67484027,56.9912026,-5.493294521,72.23888826,HG
-72.93906994,124.2946425,-51.35557257,54.39806124,-4.826051268,72.23710386,HG
-72.93906994,124.2946425,-51.35557257,54.39806124,-4.826051267,72.23710386,HG
-91.24700608,119.4378893,-28.1908832,47.46841827,-2.129878768,72.22970902,HG
-105.9410508,109.9367253,-3.995674547,38.73398279,0.334775978,72.22231493,HG
-116.5521386,96.22463105,20.32750759,28.08985382,2.479173402,72.21492156,HG
-122.6516477,78.82392703,43.82772071,16.49496835,4.22131946,72.20752894,HG
-124.0104334,58.40793959,65.60249378,4.507230238,5.504242043,72.20013706,HG
-123.5412644,52.86621459,70.67504982,-3.01E-11,5.743060837,72.19827368,HG
-123.5412644,52.86621459,70.67504982,-9.12E-10,5.743060837,72.19827368,HG
-118.9226321,29.7948432,89.12778885,-12.06342813,6.408725247,72.19088273,HG
-109.6621553,5.628027195,104.0341281,-23.91826284,6.567627266,72.18349254,HG
-96.16446812,-18.71435102,114.8788191,-34.94807942,6.253305538,72.17610311,HG
-78.94571665,-42.28493653,121.2306532,-44.51860618,5.512995139,72.16871444,HG
-58.66347847,-64.17249123,122.8359697,-52.51646912,4.414190619,72.16132653,HG
-55.21147564,-67.43326141,122.6447371,-53.64272431,4.212148533,72.16015366,HG
-55.21147564,-67.43326142,122.6447371,-53.64272431,4.212148533,72.16015366,HG
-32.38955352,-86.30236349,118.691917,-59.26936158,2.808193259,72.15276664,HG
-8.326209621,-101.7740119,110.1002215,-62.30127784,1.244997038,72.1453804,HG
16.0518478,-113.252915,97.20106715,-62.93683684,-0.377663172,72.13799492,HG
39.78086243,-120.2746531,80.49379071,-61.43903006,-1.958503821,72.13061021,HG
61.95825797,-122.5886929,60.63043492,-57.05711527,-3.409536516,72.12322627,HG
65.22145241,-122.5193992,57.29794674,-56.28910011,-3.619869005,72.12207765,HG
65.22145242,-122.5193992,57.29794674,-56.28910011,-3.619869005,72.12207765,HG
84.55678587,-119.2851376,34.72835176,-48.73648343,-4.829352892,72.1146946,HG
100.5766559,-111.3753831,10.7987272,-39.95525219,-5.760713343,72.10731232,HG
112.6841429,-99.09622173,-13.58792115,-29.36983121,-6.383843583,72.0999308,HG
120.4091819,-82.92589198,-37.4832899,-17.65330842,-6.687230976,72.09255003,HG
123.4576639,-63.48650004,-59.97116388,-5.280078799,-6.684054091,72.08517003,HG
123.3548667,-56.96486697,-66.38999971,8.46E-11,-6.614826814,72.08290359,HG
123.3548667,-56.96486697,-66.38999971,9.03E-10,-6.614826814,72.08290359,HG
120.1680105,-34.40759404,-85.76041643,12.51929666,-6.270338325,72.07552457,HG
112.2425858,-10.47731478,-101.765271,24.81278164,-5.717826463,72.06814631,HG
99.9595705,13.90706745,-113.866638,36.54103952,-5.0430795,72.06076879,HG
83.78374245,37.79835533,-121.5820978,46.93424891,-4.328774985,72.05339202,HG
64.34195325,60.27770836,-124.6196616,55.68008173,-3.663380652,72.046016,HG
50.9621438,73.04786941,-124.0100132,60.4381117,-3.312645673,72.04144076,HG
50.9621438,73.04786941,-124.0100132,60.4381117,-3.312645673,72.04144076,HG
27.8748585,91.45695923,-119.3318177,65.66659191,-2.907442561,72.03406596,HG
3.701994699,106.2863225,-109.9883172,68.7107548,-2.759363191,72.02669191,HG
-20.62775226,117.0486971,-96.42094489,69.17087555,-2.923272685,72.01931861,HG
-44.16830541,123.3119974,-79.14369196,67.19049646,-3.434537413,72.01194607,HG
-66.01465964,124.840618,-58.82595835,63.00468466,-4.305620972,72.00457429,HG
-75.75651301,123.749163,-47.99264999,58.17893764,-4.862570969,72.00096501,HG
-75.75651301,123.749163,-47.99264999,58.17893764,-4.862570969,72.00096501,HG
-75.75651301,123.749163,-47.99264999,58.17893765,-4.862570969,72.00096501,HG
-78.91482373,123.2399058,-44.32508206,60.16963053,-5.062888108,71.99977816,HG
-79.19591138,123.1835858,-43.98767438,59.1369635,-5.081675056,71.99966982,HG
-79.19591138,123.1835858,-43.98767438,59.13696349,-5.081675056,71.99966982,HG
-81.44843846,122.6266785,-41.17824008,56.36361967,-5.240570899,71.99877191,HG
-84.18293528,121.8720697,-37.68913443,56.79459608,-5.442056974,71.99766385,HG
-88.73198271,120.3240681,-31.59208539,53.98466228,-5.807110369,71.99575525,HG
-96.08600799,116.8835799,-20.79757188,50.22028553,-6.490262785,71.99242914,HG
-106.9826902,108.7847866,-1.802096388,42.63409698,-7.80231733,71.98667536,HG
-117.6608133,93.80165689,23.85915644,30.78142996,-9.786905136,71.97888423,HG
-123.2345023,74.78059928,48.45390306,17.45452971,-11.92026578,71.97109396,HG
-123.4186165,52.5534353,70.86518119,3.516075954,-14.07729926,71.96330456,HG
-122.3778086,44.89918601,77.47862255,-8.55E-09,-14.75335908,71.96078018,HG
-122.3778086,44.89918601,77.47862255,-9.18E-09,-14.75335908,71.96078018,HG
-115.6251039,19.95650225,95.66860164,-14.62501523,-16.76900233,71.95299191,HG
-103.8272714,-5.777980332,109.6052517,-27.00744186,-18.50916997,71.94520451,HG
-87.54533639,-31.21865638,118.7639928,-38.50435632,-19.8741459,71.93741797,HG
-67.47758989,-55.25809801,122.7356879,-48.03799793,-20.76420937,71.92963228,HG
-48.11950691,-73.77307386,121.8925808,-55.0359311,-21.08955014,71.92302756,HG
-48.11950691,-73.77307387,121.8925808,-55.0359311,-21.08955014,71.92302756,HG
-23.4495149,-92.53298862,115.9825035,-60.23691488,-20.92573675,71.91524343,HG
2.231927986,-107.2410467,105.0091187,-63.13768557,-20.15993126,71.90746014,HG
27.8042297,-117.2480755,89.44384581,-63.12283342,-18.80752895,71.89967769,HG
52.14323636,-122.1052666,69.96203028,-60.56421065,-16.91712871,71.89189606,HG
73.83143589,-121.6756304,47.84419456,-55.07878976,-14.61852684,71.88425887,HG
73.83143589,-121.6756304,47.84419456,-55.07878976,-14.61852684,71.88425887,HG
92.75059474,-115.9634503,23.2128556,-47.1857672,-11.93016323,71.87647887,HG
107.6160371,-105.1655382,-2.450498832,-37.31939766,-9.018990336,71.86869968,HG
117.8021063,-89.75509711,-28.04700921,-25.86420744,-6.022659062,71.86092131,HG
122.868164,-70.40053077,-52.46763319,-13.40678372,-3.08352147,71.85314375,HG
122.5995958,-47.93329205,-74.66630378,-0.670205058,-0.337365377,71.845367,HG
122.4816167,-47.03153865,-75.45007803,-2.47E-09,-0.238796532,71.8450719,HG
122.4816167,-47.03153865,-75.45007803,-6.75E-10,-0.238796531,71.8450719,HG
116.6311979,-22.36918244,-94.26201546,13.37528792,2.1680366,71.837296,HG
105.7422669,3.307332129,-109.049599,25.95216605,4.147721873,71.82952092,HG
90.24554326,28.89331519,-119.1388584,37.19228629,5.620226008,71.82174667,HG
70.82083401,53.2824737,-124.1033077,46.72719076,6.539851582,71.81397325,HG
51.28521445,72.74664627,-124.0318607,53.68192154,6.873155663,71.80718249,HG
51.28521445,72.74664627,-124.0318607,53.68192154,6.873155663,71.80718249,HG
26.86508922,92.13253486,-118.9976241,58.80227085,6.745139525,71.79941063,HG
1.267583112,107.5456385,-108.8132217,61.52133532,6.106838031,71.79163962,HG
-24.40227973,118.3517748,-93.94949506,61.41696429,5.036784918,71.78386947,HG
-49.03338243,124.079466,-75.0460836,58.61941258,3.630737347,71.77610016,HG
-67.80681754,124.7681568,-56.9613393,54.03778736,2.294744457,71.76968692,HG
-67.80681754,124.7681568,-56.9613393,54.03778736,2.294744457,71.76968692,HG
-87.84715128,120.7535311,-32.90637984,46.32104955,0.571480194,71.76191917,HG
-104.0819078,111.5330348,-7.451127043,36.5695068,-1.157447881,71.75415229,HG
-115.8211489,97.53115846,18.28999046,25.09119893,-2.777938785,71.74638626,HG
-122.556926,79.35070796,43.20621808,12.50531017,-4.192347151,71.73862108,HG
-124.0541445,59.17670127,64.87744322,-1.33E-09,-5.262589507,71.73133378,HG
-124.0541445,59.17670127,64.87744322,-2.20E-09,-5.262589507,71.73133378,HG
-120.4387229,35.27951325,85.15920961,-14.30094118,-6.073916773,71.72357025,HG
-111.6252036,9.898190031,101.7270136,-27.40943178,-6.529482306,71.71580757,HG
-97.98582899,-15.85818532,113.8440143,-39.58768669,-6.631552157,71.70804574,HG
-80.11439262,-40.87808392,120.9924765,-50.17418348,-6.415544594,71.70028474,HG
-58.77804728,-64.08916575,122.867213,-58.71069434,-5.94210796,71.69252458,HG
-55.3982207,-67.28314008,122.6813608,-60.09222224,-5.854238245,71.69138208,HG
-55.39822069,-67.28314008,122.6813608,-60.09222224,-5.854238245,71.69138208,HG
-31.22905053,-87.13147357,118.3605241,-66.12753836,-5.180843032,71.68362287,HG
-5.742001015,-103.1594992,108.9015002,-69.52970992,-4.446331374,71.6758645,HG
19.98075468,-114.6584445,94.67768977,-70.03606409,-3.751786196,71.66810697,HG
44.82396078,-121.1375532,76.31359243,-67.81408707,-3.201411438,71.66035027,HG
67.72488349,-122.320166,54.59528254,-63.21820075,-2.889152771,71.6525944,HG
72.5221214,-121.7439403,49.22181887,-59.73756754,-2.861546553,71.65080659,HG
72.5221214,-121.7439403,49.22181887,-59.73756753,-2.861546553,71.65080659,HG
77.0274111,-121.0949192,44.06750811,-60.37833184,-2.848247383,71.64914482,HG
81.22795577,-120.1019202,38.87396443,-57.66206871,-2.853749592,71.64748308,HG
85.32743966,-118.9105279,33.5830882,-56.37801316,-2.874537038,71.64582138,HG
90.28405597,-117.01538,26.73132404,-53.78495846,-2.926587317,71.64369808,HG
98.0388872,-112.9208795,14.88199229,-49.28321283,-3.080920419,71.64008739,HG
111.4884327,-100.5044129,-10.98401983,-38.13769064,-3.70716991,71.63230348,HG
120.0476139,-83.6263738,-36.42124006,-26.1497231,-4.741240443,71.62452043,HG
123.2970664,-62.99802165,-60.2990447,-12.82928649,-6.164855802,71.61673823,HG
121.5001273,-41.25339924,-80.24672811,-1.55E-09,-7.789573382,71.60947068,HG
121.5001273,-41.25339924,-80.24672811,-5.21E-10,-7.789573382,71.60947068,HG
114.4415425,-16.20178263,-98.23975983,14.36687092,-9.778049638,71.60169015,HG
102.3308266,9.655158718,-111.9859853,27.13157096,-11.93144898,71.59391048,HG
85.73748713,35.1372737,-120.8747608,38.67183879,-14.1247897,71.58613168,HG
65.37895492,59.14305333,-124.5220082,48.24527582,-16.23198571,71.57835375,HG
45.47980916,77.83881359,-123.3186227,55.18554253,-17.87884727,71.57165115,HG
45.47980915,77.8388136,-123.3186227,55.18554253,-17.87884727,71.57165115,HG
20.58835898,96.35555799,-116.943917,60.31945014,-19.47904062,71.56387483,HG
-5.227308611,110.7265557,-105.4992471,63.04614781,-20.64846357,71.55609936,HG
-30.83075202,120.3117285,-89.48097653,62.83187751,-21.29606414,71.54832475,HG
-55.0868508,124.6762203,-69.58936947,60.14314346,-21.35697971,71.54055098,HG
-74.97783378,123.9829672,-49.00513347,54.93180901,-20.88763898,71.53353167,HG
-74.97783378,123.9829672,-49.00513347,54.93180901,-20.88763898,71.53353167,HG
-93.86672911,118.1215168,-24.2547877,46.86010092,-19.79204179,71.5257595,HG
-108.661817,107.1401,1.521717059,36.94773787,-18.12350014,71.51798816,HG
-118.7226692,91.52953472,27.19313452,25.4166675,-15.95466437,71.51021765,HG
-123.6125203,71.96996927,51.64255101,12.86990234,-13.38408701,71.50244796,HG
-123.1287517,49.36164134,73.76711032,-2.85E-10,-10.53896125,71.49469663,HG
-123.1287517,49.36164133,73.76711033,-1.27E-09,-10.53896125,71.49469663,HG
-117.2326608,24.60814364,92.62451719,-13.56362325,-7.542832124,71.48692857,HG
-106.26005,-1.170488254,107.4305383,-26.18756361,-4.550717684,71.47916133,HG
-90.65041052,-26.84462857,117.4950391,-37.48162326,-1.703853168,71.4713949,HG
-71.09346908,-51.29744272,122.3909118,-47.07613648,0.864792934,71.4636293,HG
-48.4345421,-73.47195871,121.9065008,-54.53942208,3.041833394,71.45586451,HG
-48.288654,-73.59798142,121.8866354,-54.58552619,3.053682572,71.45581714,HG
-48.288654,-73.59798142,121.8866354,-54.58552619,3.053682572,71.45581714,HG
-23.51620634,-92.43792427,115.9541306,-59.79820068,4.736096662,71.44805319,HG
2.269044656,-107.2136126,104.944568,-61.98822578,5.877374335,71.44029006,HG
27.94142922,-117.2449295,89.30350027,-61.48865687,6.445864702,71.43252777,HG
52.38397529,-122.1044254,69.7204501,-58.30859356,6.450304883,71.42476632,HG
70.14174502,-122.0949574,51.95321235,-53.53346449,6.073889295,71.41861903,HG
70.14174502,-122.0949574,51.95321235,-53.53346449,6.073889295,71.41861903,HG
89.7745166,-117.3147105,27.54019389,-45.58315823,5.188327891,71.4108591,HG
105.4524331,-107.3255765,1.873143405,-35.57244424,3.917608286,71.40310002,HG
116.5123953,-92.59672378,-23.91567157,-23.9000371,2.37426725,71.3953418,HG
122.4702371,-73.76593944,-48.7042977,-11.23594997,0.67719011,71.38758444,HG
123.3549049,-56.53972749,-66.8151774,-1.11E-09,-0.688170966,71.38146612,HG
123.3549049,-56.53972748,-66.8151774,2.54E-11,-0.688170967,71.38146612,HG
119.7018069,-32.52989404,-87.17191286,13.58059485,-2.356026769,71.3737103,HG
110.7749869,-7.034568687,-103.7404182,26.75935448,-3.852132147,71.36595533,HG
96.99926422,18.8200685,-115.8193327,38.89286042,-5.089095264,71.35820122,HG
78.97058417,43.90980902,-122.8803932,49.34983557,-6.003538682,71.35044796,HG
57.48192644,67.11415558,-124.596082,58.09436466,-6.556327245,71.34269555,HG
56.97095721,67.60229779,-124.573255,58.31913294,-6.564615849,71.34252327,HG
56.9709572,67.60229779,-124.573255,58.31913294,-6.564615849,71.34252327,HG
32.89283845,87.87559843,-120.7684369,64.75942666,-6.74913153,71.33477173,HG
7.382537116,104.3455148,-111.7280519,68.25680402,-6.596132622,71.32702103,HG
-18.46506066,116.3097811,-97.8447204,68.97040736,-6.161632417,71.31927116,HG
-43.52051605,123.2475547,-79.72703865,66.87898469,-5.523715234,71.31152214,HG
-66.70274322,124.8615544,-58.15881114,62.22065019,-4.777556748,71.30377395,HG
-70.63174173,124.5406839,-53.90894221,60.6763187,-4.635354757,71.30236666,HG
-70.63174173,124.5406839,-53.9089422,60.67631869,-4.635354757,71.30236666,HG
-90.23605211,119.7568997,-29.52084756,53.08548786,-3.897056136,71.29461945,HG
-105.9321208,109.7925521,-3.860431236,42.85457852,-3.281979568,71.28687308,HG
-117.0055947,95.08313658,21.92245813,31.12098852,-2.890201493,71.27912755,HG
-122.9814039,76.27107662,46.71032732,18.24299994,-2.805388699,71.27138286,HG
-123.6016326,54.17152519,69.43010741,5.09701324,-3.089468489,71.26363901,HG
-122.7736399,47.39870808,75.37493182,1.36E-09,-3.244190437,71.26143164,HG
-122.7736399,47.39870808,75.37493182,-3.30E-10,-3.244190437,71.26143164,HG
-116.4512088,22.50305654,93.94815224,-13.4581598,-4.051726091,71.25368888,HG
-105.0771385,-3.304332514,108.3814711,-26.35885762,-5.261441887,71.24594696,HG
-89.11671499,-28.91747084,118.0341858,-37.99671088,-6.838934718,71.23820591,HG
-69.27257711,-53.21856181,122.4911389,-47.8438776,-8.71807735,71.23046571,HG
-46.39192225,-75.14008669,121.5320089,-55.72473031,-10.8079656,71.22272637,HG
-44.03856639,-77.10944152,121.1480079,-56.40251383,-11.01838043,71.22197263,HG
-44.03856639,-77.10944153,121.1480079,-56.40251383,-11.01838043,71.22197263,HG
-19.02317462,-95.32384781,114.3470224,-61.88721346,-13.20524377,71.21423424,HG
6.854490043,-109.3152122,102.4607221,-63.84915757,-15.35393219,71.2064967,HG
32.36827227,-118.4578339,86.08956167,-63.51793961,-17.31927245,71.19876003,HG
56.44889051,-122.3725215,65.92363102,-60.72930661,-18.98151023,71.19102422,HG
75.2242995,-121.4262467,46.20194723,-54.8945873,-20.08662677,71.18438077,HG
75.2242995,-121.4262467,46.20194722,-54.8945873,-20.08662677,71.18438077,HG
93.95135018,-115.3393803,21.38803012,-46.87623544,-20.90061104,71.17664654,HG
108.5687824,-104.1634091,-4.405373293,-36.89949717,-21.14695142,71.16891316,HG
118.4305249,-88.38015587,-30.05036899,-25.35565606,-20.78405873,71.16118061,HG
123.1139093,-68.67534339,-54.43856587,-12.88731487,-19.80812513,71.1534489,HG
122.6915532,-48.37887099,-74.31268217,-6.37E-10,-18.42571705,71.1465171,HG
122.6915532,-48.37887098,-74.31268217,4.95E-10,-18.42571705,71.1465171,HG
117.1436868,-23.72424829,-93.41943854,12.93605048,-16.38859223,71.13878696,HG
106.4676235,2.02220576,-108.4898293,25.61734327,-13.91443065,71.13105763,HG
91.12511753,27.73644032,-118.8615578,37.01657377,-11.11875395,71.12332912,HG
71.78317703,52.30648633,-124.0896634,46.73575044,-8.135555485,71.11560142,HG
49.32154791,74.59274994,-123.9142979,54.84587489,-5.117880653,71.10787453,HG
48.01755705,75.73025084,-123.7478079,55.33959177,-4.953481413,71.10745352,HG
48.01755705,75.73025084,-123.7478079,55.33959177,-4.953481412,71.10745352,HG
23.22316703,94.65261116,-117.8757782,59.90689406,-2.036395489,71.09972749,HG
-2.547294584,109.4746144,-106.9273198,62.68084897,0.619807406,71.09200227,HG
-28.22858729,119.5660628,-91.33747555,62.29342193,2.904265256,71.08427786,HG
-52.69133004,124.4886539,-71.79732383,59.30022815,4.718007898,71.07655428,HG
-74.59305815,124.0707644,-49.47770625,54.06135834,5.979978092,71.06893777,HG
-74.59305815,124.0707644,-49.47770624,54.06135834,5.979978092,71.06893777,HG
-93.52690451,118.2718447,-24.74494024,45.15632527,6.681208778,71.06121583,HG
-108.4134218,107.3838992,1.029522538,34.95006213,6.810852486,71.05349472,HG
-118.5691368,91.85018384,26.71895294,23.13358605,6.396524259,71.04577445,HG
-123.5608301,72.35508339,51.20574675,10.39529969,5.503305337,71.03805503,HG
-123.7941925,56.57028385,67.22390868,7.18E-10,4.623767544,71.03258113,HG
-123.7941925,56.57028385,67.22390868,-3.04E-10,4.623767544,71.03258113,HG
-119.6035121,32.35764469,87.24586746,-13.41692819,3.132858734,71.02486316,HG
-110.1532215,6.771403673,103.3818178,-26.18239525,1.444826011,71.01714604,HG
-95.90939967,-19.05830964,114.9677093,-38.06615303,-0.312293703,71.00942978,HG
-77.48460495,-44.00756676,121.4921717,-48.21676518,-2.017796793,71.00171438,HG
-59.50998653,-63.3298799,122.8398664,-55.80267121,-3.318868721,70.99528751,HG
-59.50998653,-63.32987991,122.8398664,-55.80267121,-3.318868721,70.99528751,HG
-35.6267876,-83.8710701,119.4978577,-61.88574193,-4.651804437,70.98757367,HG
-10.19354411,-100.7067492,110.9002933,-65.69926858,-5.673748439,70.97986068,HG
15.67294166,-113.0905177,97.41757607,-66.57581671,-6.339316428,70.97214853,HG
40.82798227,-120.464541,79.63655873,-64.9073884,-6.633162758,70.96443723,HG
64.18792191,-122.5267354,58.33881349,-60.09388361,-6.576955711,70.95672676,HG
66.82541854,-122.4129512,55.58753269,-59.51855127,-6.549148823,70.95580265,HG
66.82541854,-122.4129512,55.58753269,-59.51855127,-6.549148823,70.95580265,HG
86.98968156,-118.4259573,31.43627578,-51.50902813,-6.159143976,70.94809312,HG
103.3136548,-109.2115893,5.897934464,-41.886067,-5.548479412,70.94038443,HG
115.1125265,-95.17189846,-19.94062799,-30.33330247,-4.812673201,70.93267656,HG
121.8708634,-76.92249351,-44.94836991,-17.60972619,-4.057613639,70.92496953,HG
123.3001408,-55.25276852,-68.04737225,-4.40305599,-3.391948901,70.91726332,HG
122.7938929,-49.92860493,-72.86528793,-1.01E-09,-3.263234619,70.91550777,HG
122.7938929,-49.92860493,-72.86528793,8.07E-10,-3.263234619,70.91550777,HG
117.6219154,-25.36093116,-92.26098425,13.29492911,-2.849059777,70.90780259,HG
107.2507287,0.344015397,-107.5947441,26.22556414,-2.738700304,70.90009824,HG
92.18509691,26.09046497,-118.2755619,38.13912465,-2.996235335,70.89239473,HG
73.07563531,50.74920464,-123.82484,48.35555702,-3.659733976,70.88469206,HG
50.76146336,73.22234081,-123.9838042,56.71806716,-4.736145379,70.87699024,HG
44.26173938,78.83485427,-123.0965937,58.81960186,-5.098330438,70.87489956,HG
44.26173938,78.83485427,-123.0965937,58.81960186,-5.098330438,70.87489956,HG
19.26393079,97.1742818,-116.4382126,63.52728635,-6.662827708,70.86719881,HG
-6.564568988,111.3019632,-104.7373942,65.76224404,-8.536119839,70.85949892,HG
-32.1248606,120.6180603,-88.49319965,65.18146277,-10.63014888,70.85179989,HG
-56.29935348,124.7163224,-68.41696897,61.95629333,-12.83230975,70.84410171,HG
-78.00103069,123.3856422,-45.3846115,56.09539439,-15.01071613,70.83640439,HG
-78.39085616,123.3080503,-44.91719418,55.91780519,-15.05199614,70.83625604,HG
-78.39085616,123.3080503,-44.91719418,55.91780519,-15.05199614,70.83625604,HG
-96.65391839,116.5608388,-19.90692042,46.91731501,-17.07889688,70.82855959,HG
-110.6870607,104.7576492,5.929411495,36.49498905,-18.81674286,70.820864,HG
-119.8982441,88.42734513,31.47089893,24.49035738,-20.15130353,70.81316926,HG
-123.8847931,68.28103669,55.60375644,11.64983922,-20.98416153,70.80547536,HG
-123.0374555,49.08286685,73.9545887,-1.14E-09,-21.23498919,70.79902689,HG
-123.0374555,49.08286684,73.9545887,-2.08E-09,-21.23498919,70.79902689,HG
-117.1384863,24.32384403,92.81464229,-13.58017799,-20.97938152,70.79133454,HG
-106.1133304,-1.4570159,107.5703463,-26.31335942,-20.09731318,70.78364301,HG
-90.46586989,-27.12185268,117.5877226,-37.85223145,-18.6183622,70.77595231,HG
-70.87597641,-51.55469245,122.4306689,-47.60276357,-16.60153403,70.76826243,HG
-48.72761785,-73.23061023,121.9582281,-55.09761876,-14.1958744,70.76074592,HG
-48.72761785,-73.23061024,121.9582281,-55.09761876,-14.1958744,70.76074592,HG
-23.99378488,-92.13860117,116.1323861,-60.84066081,-11.40267432,70.75305765,HG
1.779221166,-106.9931274,105.2139062,-63.36096903,-8.41441211,70.74537018,HG
27.46036841,-117.1149443,89.65457586,-63.17015585,-5.374600392,70.73768352,HG
51.9325324,-122.0715871,70.13905468,-60.2324641,-2.431492044,70.72999767,HG
74.13821314,-121.6502946,47.51208149,-54.91846941,0.27591433,70.72231262,HG
74.35313506,-121.6117004,47.25856531,-54.75173967,0.302383971,70.72223098,HG
74.35313506,-121.6117004,47.25856531,-54.75173966,0.302383971,70.72223098,HG
93.22389745,-115.7180063,22.4941089,-46.2867535,2.637711938,70.71454675,HG
108.0283471,-104.7418134,-3.286533685,-36.14368906,4.508541406,70.70686334,HG
118.093477,-89.13054069,-28.96293634,-24.41722975,5.840443433,70.69918075,HG
122.9886707,-69.57234866,-53.41632203,-11.73384771,6.595735266,70.69149899,HG
122.8272757,-49.82239558,-73.00488017,4.95E-10,6.776364611,70.6847613,HG
122.8272757,-49.82239558,-73.00488017,1.40E-09,6.776364611,70.6847613,HG
117.6007841,-25.26548497,-92.33529909,13.29712565,6.462974986,70.6770811,HG
107.2292302,0.461826025,-107.6910562,26.50562767,5.653665499,70.66940173,HG
92.15812928,26.19801855,-118.3561478,38.26736802,4.43475734,70.66172322,HG
73.03816363,50.85621629,-123.8943799,48.17915094,2.911760934,70.65404554,HG
55.9670391,68.50790788,-124.474947,54.56817402,1.59965304,70.64810001,HG
55.9670391,68.50790788,-124.474947,54.56817402,1.59965304,70.64810001,HG
31.82856584,88.64524423,-120.4738101,60.42398521,-0.158898224,70.64042385,HG
6.275656971,104.9477081,-111.223365,63.72093889,-1.878611449,70.63274854,HG
-19.56439675,116.7194234,-97.15502668,64.19969353,-3.44578397,70.62507407,HG
-44.56751039,123.4462505,-78.87874011,61.85746339,-4.766150338,70.61740046,HG
-65.2963174,124.9119142,-59.61559683,57.63337739,-5.674048368,70.61053761,HG
-65.2963174,124.9119142,-59.61559682,57.63337739,-5.674048368,70.61053761,HG
-85.79167496,121.4709699,-35.67929494,49.9634436,-6.357594255,70.60286559,HG
-102.5269559,112.7533597,-10.22640382,40.4019063,-6.666261356,70.59519441,HG
-114.7987261,99.16476266,15.63396348,28.99408173,-6.622826405,70.58752407,HG
-122.0701077,81.29561481,40.77449291,16.36769127,-6.274461645,70.57985456,HG
-124.0296888,59.92033876,64.10935005,3.141503594,-5.694709292,70.57218587,HG
-123.7841944,56.33305996,67.45113442,2.86E-09,-5.582832037,70.57098854,HG
-123.7841944,56.33305996,67.45113443,9.43E-10,-5.582832037,70.57098854,HG
-119.5132043,32.06494628,87.44825802,-13.51550838,-4.852887764,70.56332081,HG
-109.9944597,6.479410587,103.5150491,-26.56717826,-4.103562694,70.5556539,HG
-95.6873541,-19.34118592,115.02854,-38.67167807,-3.448536034,70.54798783,HG
-77.21155804,-44.26345753,121.4750156,-49.1577051,-2.99186844,70.54032258,HG
-55.36935342,-67.21184936,122.5812028,-57.62544823,-2.82421433,70.53265816,HG
-48.07426785,-73.73656448,121.8108323,-60.086831,-2.84295177,70.53028802,HG
-48.07426785,-73.73656449,121.8108323,-60.086831,-2.84295177,70.53028802,HG
-23.27609006,-92.55675333,115.8328434,-65.09562871,-3.157915785,70.52262469,HG
2.503811268,-107.2808465,104.7770352,-67.7688232,-3.88257868,70.5149622,HG
28.16441729,-117.2606187,89.09620141,-67.495183,-5.020840131,70.50730055,HG
52.58458818,-122.0652006,69.48061239,-64.57412371,-6.543004036,70.49963975,HG
74.71218438,-121.4855771,46.77339269,-59.37941729,-8.390430121,70.49197979,HG
78.63674885,-120.7423972,42.10564832,-56.95948221,-8.777922808,70.49049826,HG
78.63674885,-120.7423972,42.10564832,-56.9594822,-8.777922808,70.49049826,HG
96.70031408,-113.7370722,17.03675812,-48.30364042,-10.88936571,70.48283933,HG
110.5480668,-101.7370351,-8.811031673,-37.59651929,-13.10030831,70.47518124,HG
119.5447735,-85.23009252,-34.31468098,-25.4636328,-15.28112464,70.46752401,HG
123.3076553,-64.9435116,-58.36414367,-12.48845536,-17.29901786,70.45986762,HG
121.9442745,-43.42742784,-78.51684666,1.80E-09,-18.91526569,70.45274198,HG
121.9442745,-43.42742784,-78.51684666,2.48E-09,-18.91526569,70.45274198,HG
115.3158335,-18.46626918,-96.84956436,14.36350278,-20.25204514,70.44508724,HG
103.6396877,7.364579103,-111.0042668,27.05304388,-21.08691743,70.43743334,HG
87.41771418,32.92691833,-120.3446325,38.55722022,-21.34314663,70.42978027,HG
67.36024854,57.10922245,-124.469471,48.1924179,-20.98192248,70.42212804,HG
48.51406676,75.25157159,-123.7656383,55.15808361,-20.20253301,70.41580774,HG
48.51406675,75.2515716,-123.7656383,55.15808361,-20.20253301,70.41580774,HG
23.80696684,94.27312376,-118.0800906,60.47745736,-18.72862009,70.40815701,HG
-1.955118476,109.1954185,-107.2403001,63.32364799,-16.70556292,70.40050709,HG
-27.64627445,119.4040306,-91.75775612,63.32636806,-14.23466922,70.39285798,HG
-52.14697447,124.4501088,-72.30313437,60.56317643,-11.43255832,70.38520968,HG
-74.39896084,124.1194807,-49.72051989,55.31789641,-8.435393277,70.37756218,HG
-74.75860469,124.0626548,-49.30405008,55.16040818,-8.381843654,70.37742988,HG
-74.75860469,124.0626548,-49.30405007,55.16040818,-8.381843654,70.37742988,HG
-93.65811842,118.2222195,-24.56410112,47.02515259,-5.338723867,70.3697832,HG
-108.5068711,107.2961006,1.21077056,37.06419081,-2.402410213,70.36213732,HG
-118.6211758,91.72890329,26.89227247,25.51374363,0.286229817,70.35449224,HG
-123.569324,72.2064935,51.36283053,12.94697723,2.602955502,70.34684797,HG
-123.1373315,49.57347709,73.56385436,0.214455763,4.448436833,70.33920451,HG
-123.0998992,49.29508969,73.80480952,8.45E-10,4.466787605,70.3391155,HG
-123.0998992,49.29508968,73.80480952,-1.03E-09,4.466787605,70.3391155,HG
-117.1901316,24.52714032,92.66299132,-13.76043616,5.754152135,70.33147286,HG
-106.2037481,-1.255406837,107.4591549,-26.38769894,6.464529665,70.32383105,HG
-90.58162822,-26.93107923,117.5127075,-37.69028402,6.591753863,70.31619006,HG
-71.01410907,-51.38143795,122.395547,-47.22104971,6.17133717,70.30854991,HG
-54.27322232,-68.24390446,122.5171268,-53.39814017,5.53420048,70.3028295,HG
-54.27322231,-68.24390446,122.5171268,-53.39814017,5.53420048,70.3028295,HG
-29.94146189,-88.02158456,117.9630465,-58.79109298,4.328472156,70.29519081,HG
-4.30920685,-103.9092711,108.218478,-61.84206926,2.815677176,70.28755297,HG
21.50067941,-115.2044323,93.70375288,-62.02676265,1.117518194,70.27991597,HG
46.34803944,-121.3989371,75.05089762,-59.66463351,-0.637622608,70.27227981,HG
64.80854624,-122.4740243,57.66547807,-55.45048448,-1.999988378,70.26616474,HG
64.80854624,-122.4740243,57.66547807,-55.45048448,-1.999988378,70.26616474,HG
85.30878194,-119.030879,33.72209705,-47.5144649,-3.562378044,70.2585301,HG
102.0212225,-110.2823196,8.261097078,-38.21181902,-4.867546847,70.25089632,HG
114.2712455,-96.67102833,-17.6002172,-26.81656017,-5.851355128,70.24326337,HG
121.516939,-78.78122236,-42.73571665,-14.25982622,-6.471532076,70.23563126,HG
123.4492454,-57.38948594,-66.05975949,-1.109519878,-6.719702377,70.22799998,HG
123.3802558,-56.21573705,-67.16451875,-1.48E-09,-6.718641893,70.22760783,HG
123.3802558,-56.21573705,-67.16451876,6.82E-10,-6.718641893,70.22760783,HG
119.6052344,-32.15496654,-87.45026782,13.98922746,-6.594115879,70.21997742,HG
110.5973972,-6.650001367,-103.9473958,27.19584066,-6.17319499,70.21234784,HG
96.74288714,19.19842215,-115.9413093,39.38380976,-5.533916467,70.20471909,HG
78.64984873,44.26144671,-122.9112954,49.99655985,-4.773788084,70.19709116,HG
57.10223631,67.45604194,-124.5582783,58.60648016,-4.000948387,70.18946404,HG
51.94358425,72.17215439,-124.1157386,60.35477324,-3.836607668,70.18777481,HG
51.94358424,72.17215439,-124.1157386,60.35477324,-3.836607668,70.18777481,HG
27.46437705,91.73589819,-119.2002752,66.11424849,-3.199857394,70.1801487,HG
1.787731335,107.2749037,-109.0626351,69.1728685,-2.788684808,70.17252342,HG
-23.98245143,118.1876336,-94.20518216,69.34591728,-2.691033378,70.16489896,HG
-48.71749145,123.9853026,-75.26781118,66.79515975,-2.971372634,70.15727533,HG
-71.34762812,124.4207933,-53.07316513,61.8767042,-3.66602205,70.14965254,HG
-75.95274111,123.7113405,-47.75859938,58.35117288,-3.880580178,70.14794368,HG
-75.95274111,123.7113405,-47.75859937,58.35117288,-3.880580178,70.14794368,HG
-94.71177782,117.598671,-22.88689321,50.56325368,-5.08648353,70.14032191,HG
-109.2525142,106.3468008,2.905713473,40.5073866,-6.669794022,70.13270098,HG
-119.0459864,90.50510028,28.54088616,28.48858476,-8.565116598,70.1250809,HG
-123.6460821,70.75587723,52.89020482,15.60551198,-10.67736909,70.11746166,HG
-122.8586884,47.95568667,74.90300175,2.641296515,-12.89257628,70.10984327,HG
-122.3313,44.67392712,77.65737285,-1.30E-09,-13.19399286,70.10880745,HG
-122.3313,44.67392712,77.65737285,-3.22E-09,-13.19399286,70.10880745,HG
-115.4313624,19.62551465,95.80584775,-14.11427555,-15.36043505,70.10119002,HG
-103.5250839,-6.216643686,109.7417276,-26.83585591,-17.34329526,70.09357345,HG
-87.09948234,-31.73858282,118.8380652,-38.31488752,-19.01032284,70.08595772,HG
-66.87795573,-55.82750087,122.7054566,-47.9041541,-20.24583976,70.07834282,HG
-48.47608808,-73.41341474,121.8895028,-54.71868067,-20.85755667,70.07222871,HG
-48.47608808,-73.41341474,121.8895028,-54.71868067,-20.85755667,70.07222871,HG
-23.73407806,-92.30455625,116.0386343,-59.98814533,-21.08627986,70.06461533,HG
2.04043525,-107.1214299,105.0809946,-62.93049475,-20.69294599,70.05700277,HG
27.71585515,-117.2059931,89.4901379,-62.93727392,-19.6712279,70.04939103,HG
52.15614456,-122.1019668,69.94582225,-60.41734908,-18.05102958,70.0417801,HG
73.64730441,-121.7133372,48.06603283,-55.04967546,-15.97929972,70.03441425,HG
73.64730442,-121.7133372,48.06603283,-55.04967546,-15.97929972,70.03441425,HG
92.6780678,-116.0277656,23.34969785,-47.28642686,-13.41340142,70.02680491,HG
107.6217882,-105.2217107,-2.400077521,-37.29886336,-10.54191075,70.01919638,HG
117.8566422,-89.76088767,-28.09575449,-25.83296156,-7.502077207,70.01158864,HG
122.9317548,-70.32499827,-52.60675658,-13.33457868,-4.44599502,70.0039817,HG
122.6295395,-47.75586725,-74.87367228,-0.533704823,-1.522293936,69.99637555,HG
122.5340954,-47.0303872,-75.50370821,-2.16E-09,-1.43705417,69.99614434,HG
122.5340954,-47.0303872,-75.50370821,-3.73E-10,-1.43705417,69.99614434,HG
116.6511958,-22.27110789,-94.38008789,13.44309267,1.197026135,69.98853902,HG
105.6895162,3.507806047,-109.1973222,26.02969761,3.430805965,69.98093451,HG
90.08932881,29.18611279,-119.2754416,37.28179702,5.166341735,69.9733308,HG
70.53964168,53.64504648,-124.1846882,46.81493591,6.34030503,69.9657279,HG
50.55060343,73.44494672,-123.9955501,53.80435985,6.881812582,69.95897774,HG
50.55060342,73.44494672,-123.9955501,53.80435985,6.881812582,69.95897774,HG
25.97417355,92.77698034,-118.7511539,58.86752577,6.944538811,69.95137639,HG
0.252901352,108.0790305,-108.3319318,61.46955796,6.453813941,69.94377587,HG
-25.49443172,118.7140441,-93.21961234,61.23480478,5.483618896,69.93617619,HG
-50.14445225,124.2149923,-74.07054003,58.29235233,4.129468422,69.92857734,HG
-67.62237484,124.7572649,-57.13489005,53.85033449,2.899216619,69.92274481,HG
-67.62237484,124.7572649,-57.13489004,53.85033449,2.899216618,69.92274481,HG
-87.76296361,120.7579649,-32.99500134,46.21846265,1.157218629,69.91514744,HG
-104.0592508,111.499878,-7.440627228,36.43685398,-0.628883769,69.90755092,HG
-115.8256827,97.42615996,18.39952278,24.91029067,-2.334032967,69.89995524,HG
-122.5464186,79.14514178,43.40127686,12.27896148,-3.848775271,69.8923604,HG
-124.0122555,59.57637134,64.43588413,5.45E-10,-4.981775409,69.8854705,HG
-124.0122555,59.57637133,64.43588413,-3.67E-10,-4.981775409,69.8854705,HG
-120.4775342,35.61984443,84.85768975,-14.16751257,-5.904726449,69.87787726,HG
-111.6902868,10.15159656,101.5386903,-27.34646356,-6.456379235,69.87028485,HG
-98.03624219,-15.70588992,113.7421321,-39.56780325,-6.633716789,69.86269326,HG
-80.11254553,-40.8276466,120.9401921,-50.18125338,-6.467656071,69.85510251,HG
-58.6960172,-64.12750813,122.8235253,-58.72829121,-6.017939052,69.84751257,HG
-55.6632059,-66.99788891,122.6610948,-59.99096066,-5.940759352,69.84651327,HG
-55.6632059,-66.99788891,122.6610948,-59.99096066,-5.940759352,69.84651327,HG
-31.42268733,-86.96329814,118.3859855,-66.09309563,-5.265664484,69.83892426,HG
-5.843228555,-103.0852876,108.9285162,-69.51679343,-4.508770092,69.83133607,HG
19.98002917,-114.6465193,94.66649013,-70.02621211,-3.777785446,69.8237487,HG
44.91844102,-121.1492134,76.23077237,-67.77887177,-3.184612126,69.81616214,HG
67.89571962,-122.3137391,54.41801948,-63.10402835,-2.831096191,69.80857641,HG
72.73519455,-121.722974,48.98777942,-59.78018212,-2.794774787,69.80681943,HG
72.73519455,-121.722974,48.98777941,-59.78018211,-2.794774787,69.80681943,HG
77.26560355,-121.0611984,43.79559483,-60.19016982,-2.774031334,69.80518768,HG
81.49266782,-120.0471004,38.5544326,-57.60447649,-2.772848009,69.80355596,HG
85.61417377,-118.8327161,33.21854236,-56.21422402,-2.787637136,69.80192428,HG
90.60794819,-116.8964035,26.28845531,-53.6300372,-2.833384003,69.7998337,HG
98.53661564,-112.6313021,14.09468651,-48.9697019,-2.98402396,69.79621651,HG
111.8450078,-100.0814012,-11.76360655,-37.91475659,-3.6067173,69.78863505,HG
120.2561513,-83.10744689,-37.14870439,-25.52166331,-4.651417448,69.78105443,HG
123.404941,-62.44631733,-60.9586237,-12.41731765,-6.097035168,69.77347465,HG
121.8770985,-43.0248686,-78.85222989,2.26E-10,-7.572677387,69.76715175,HG
121.8770985,-43.0248686,-78.85222989,1.51E-09,-7.572677387,69.76715175,HG
115.1639874,-18.04883588,-97.11515153,13.34303164,-9.588638398,69.75957351,HG
103.4088444,7.78091922,-111.1897636,26.25015736,-11.77930244,69.7519961,HG
87.12233418,33.32426845,-120.4466026,37.72148099,-14.01883337,69.74441955,HG
67.00317957,57.47203865,-124.4752182,47.75891459,-16.17354105,69.73684384,HG
45.35939578,77.96946235,-123.3288581,55.19040746,-17.99854066,69.72971024,HG
45.35939578,77.96946236,-123.3288581,55.19040746,-17.99854066,69.72971024,HG
20.46245835,96.4623119,-116.9247702,60.18378101,-19.59920859,69.72213616,HG
-5.350786987,110.8057921,-105.4550052,62.8901193,-20.74361522,69.71456292,HG
-30.93986281,120.3465097,-89.4066469,62.76869212,-21.33501628,69.7069905,HG
-55.19022131,124.6869291,-69.49670782,59.69310953,-21.31800799,69.69941892,HG
-74.28156638,124.0827571,-49.80119074,54.93921596,-20.78924527,69.69286472,HG
-74.28156638,124.0827571,-49.80119074,54.93921596,-20.78924527,69.69286472,HG
-93.27677038,118.3887036,-25.11193319,47.42073957,-19.59615876,69.68529465,HG
-108.2335036,107.5826611,0.650842471,37.47544331,-17.82258538,69.6777254,HG
-118.4387415,92.1303848,26.30835673,26.60145845,-15.54207307,69.67015694,HG
-123.4918187,72.66585177,50.82596693,12.90934084,-12.85726621,69.66258929,HG
-123.1987924,50.39703103,72.8017614,1.22E-10,-9.949557589,69.65511578,HG
-123.1987924,50.39703103,72.8017614,-1.25E-09,-9.949557589,69.65511578,HG
-117.5680534,25.71989799,91.84815543,-13.13207769,-6.887304191,69.6475497,HG
-106.8138647,-0.032184518,106.8460492,-25.56906168,-3.857242607,69.63998442,HG
-91.40500698,-25.74331543,117.1483224,-36.75710858,-1.007385818,69.63241993,HG
-71.97735151,-50.26786788,122.2452194,-46.6555108,1.522691509,69.62485623,HG
-49.75555707,-72.2600395,122.0155966,-54.12215892,3.590650529,69.61738783,HG
-49.75555707,-72.2600395,122.0155966,-54.12215892,3.59065053,69.61738783,HG
-25.09859007,-91.35426825,116.4528583,-59.48291741,5.169483259,69.60982573,HG
0.647555063,-106.4101673,105.7626122,-61.86533773,6.173575104,69.60226444,HG
26.36607249,-116.7754599,90.40938744,-61.80146938,6.584686786,69.59470396,HG
50.9176229,-121.9494867,71.03186379,-57.82260318,6.413669822,69.5871443,HG
70.0543388,-122.1287816,52.07444282,-53.21612768,5.856258163,69.58071591,HG
70.0543388,-122.1287816,52.07444281,-53.21612768,5.856258163,69.58071591,HG
89.68741132,-117.3651715,27.67776017,-45.52273699,4.783711721,69.57315778,HG
105.398978,-107.4197202,2.020742199,-35.57368834,3.357713899,69.56560049,HG
116.5042017,-92.72808243,-23.77611927,-24.33131336,1.698355201,69.55804403,HG
122.5246244,-73.90724432,-48.61738007,-12.67242316,-0.071070012,69.55048841,HG
123.5086386,-59.18423666,-64.32440194,1.11E-09,-1.257448499,69.54534294,HG
123.5086386,-59.18423666,-64.32440194,2.39E-09,-1.257448499,69.54534294,HG
120.4287368,-35.4043734,-85.0243634,12.21469625,-2.907919148,69.53778872,HG
112.1017919,-10.03050437,-102.0712875,25.48089374,-4.346511892,69.53023535,HG
98.86861153,15.83317607,-114.7017876,37.67453276,-5.487033125,69.5226828,HG
81.30291263,41.06868288,-122.3715955,48.24299726,-6.275151625,69.51513109,HG
60.16732903,64.52411696,-124.691446,57.78317575,-6.677272484,69.5075802,HG
57.41053364,67.20523852,-124.6157722,58.83807605,-6.70220858,69.50666703,HG
57.41053364,67.20523852,-124.6157722,58.83807605,-6.70220858,69.50666703,HG
33.37716071,87.54032269,-120.9174834,64.93855223,-6.699149915,69.49911706,HG
7.890792209,104.0814782,-111.9722704,68.55368253,-6.371384955,69.49156791,HG
-17.95367068,116.132713,-98.17904234,69.31763178,-5.793361393,69.48401958,HG
-43.02775002,123.1680102,-80.14026019,67.29081714,-5.05821272,69.47647206,HG
-66.25002595,124.8868131,-58.6367872,62.70859535,-4.273287519,69.46892535,HG
-71.18078868,124.4814159,-53.30062718,60.79600831,-4.095777063,69.46720402,HG
-71.18078868,124.4814159,-53.30062718,60.79600831,-4.095777063,69.46720402,HG
-90.68314082,119.5590139,-28.87587308,53.24990856,-3.405492133,69.45965831,HG
-106.2603846,109.4637476,-3.203362995,42.96017909,-2.912196854,69.45211341,HG
-117.2019043,94.64112518,22.56077914,31.2149945,-2.711834549,69.44456933,HG
-123.0382633,75.73703199,47.30123134,18.34095046,-2.877350896,69.43702607,HG
-123.5171348,53.57117907,69.94595569,5.214614991,-3.454639777,69.42948364,HG
-122.622941,46.60402962,76.01891138,9.88E-10,-3.704804585,69.4272773,HG
-122.622941,46.60402962,76.01891138,-6.95E-10,-3.704804585,69.4272773,HG
-116.1313877,21.66729938,94.46408835,-13.42056149,-4.832405234,69.41973594,HG
-104.6019305,-4.145029045,108.7469596,-26.28066121,-6.352111245,69.4121954,HG
-88.5084801,-29.72637237,118.2348525,-37.85062596,-8.20374903,69.4046557,HG
-68.55867407,-53.9605796,122.5192537,-47.61275823,-10.29606268,69.39711684,HG
-45.60592712,-75.7849789,121.390906,-55.41806083,-12.51522682,69.38957882,HG
-44.38979598,-76.80060916,121.1904051,-55.76531697,-12.62774101,69.3891997,HG
-44.38979597,-76.80060916,121.1904051,-55.76531697,-12.62774101,69.3891997,HG
-19.40421616,-95.05361339,114.4578296,-60.96160496,-14.83389048,69.38166256,HG
6.426534761,-109.1100023,102.6834675,-63.33043491,-16.89137808,69.37412626,HG
31.96807878,-118.3482854,86.38020658,-62.8989272,-18.66315773,69.36659079,HG
56.0860286,-122.3474662,66.2614376,-60.03072494,-20.02060975,69.35905616,HG
74.44388474,-121.558103,47.11421827,-54.69865142,-20.77072162,69.35275191,HG
74.44388474,-121.558103,47.11421827,-54.69865142,-20.77072162,69.35275191,HG
93.31247573,-115.6793981,22.36692242,-46.75190771,-21.12604753,69.34521879,HG
108.1009704,-104.6992496,-3.401720819,-36.87028596,-20.85636174,69.3376865,HG
118.1577241,-89.09113648,-29.06658764,-25.39027189,-19.94851189,69.33015502,HG
123.0510698,-69.53397978,-53.51709005,-12.94200581,-18.42970176,69.32262434,HG
122.7683871,-48.83849903,-73.92988804,-4.48E-10,-16.54339204,69.31571418,HG
122.7683871,-48.83849903,-73.92988804,6.88E-10,-16.54339204,69.31571418,HG
117.3257442,-24.22248894,-93.1032553,12.96734658,-14.05053784,69.30818504,HG
106.7493197,1.506601173,-108.2559209,25.59451511,-11.21618564,69.30065669,HG
91.49786139,27.22576825,-118.7236296,36.97701799,-8.180725409,69.29312912,HG
72.2343988,51.82188222,-124.056281,46.69090127,-5.095331224,69.28560235,HG
49.82946845,74.16005344,-123.9895219,54.80299244,-2.122541704,69.27807637,HG
48.21451171,75.57390063,-123.7884123,55.41757678,-1.92734342,69.27756702,HG
48.21451171,75.57390063,-123.7884123,55.41757678,-1.927343419,69.27756702,HG
23.44011227,94.52320255,-117.9633148,59.83049413,0.783829422,69.27004188,HG
-2.320769746,109.3763967,-107.0556269,62.55929449,3.097949758,69.26251753,HG
-28.00108744,119.506617,-91.50552957,62.12862166,4.921572053,69.25499399,HG
-52.47230702,124.4725187,-72.00021171,59.09384332,6.183396171,69.24747124,HG
-73.94896265,124.157583,-50.2086203,53.84540608,6.835053785,69.24021087,HG
-73.94896266,124.157583,-50.2086203,53.84540608,6.835053785,69.24021087,HG
-92.99755107,118.5302075,-25.53265646,45.03391074,6.920533527,69.23268971,HG
-108.0140218,107.7942665,0.219755303,34.80815578,6.449642874,69.22516938,HG
-118.3208163,92.39891591,25.92190043,22.97238355,5.489123599,69.21764987,HG
-123.4757357,73.02007453,50.45566114,10.19591204,4.136703347,69.21013118,HG
-123.8550537,57.74639005,66.10866365,1.08E-09,3.03352752,69.20494424,HG
-123.8550537,57.74639005,66.10866366,-8.23E-10,3.033527519,69.20494424,HG
-119.9387013,33.6383843,86.30031699,-13.44773814,1.292313294,69.19742697,HG
-110.7491171,8.10234976,102.6467673,-26.28392598,-0.505146274,69.18991052,HG
-96.74247484,-17.73464689,114.4771217,-38.28377383,-2.230650015,69.18239491,HG
-78.52059052,-42.74866383,121.2692544,-48.58347653,-3.770864372,69.17488013,HG
-59.09751462,-63.69451667,122.7920313,-56.7590935,-4.919984175,69.16809411,HG
-59.09751462,-63.69451667,122.7920313,-56.7590935,-4.919984175,69.16809411,HG
-35.1786443,-84.19837763,119.3770219,-63.0373021,-5.874083615,69.16058091,HG
-9.737020826,-100.9501127,110.6871335,-66.73689348,-6.447332519,69.15306853,HG
16.11695397,-113.2434109,97.12645694,-67.62120088,-6.640011936,69.14555697,HG
41.25682752,-120.5409474,79.28411984,-65.67270145,-6.480706646,69.13804622,HG
64.56424053,-122.5057045,57.94146395,-61.24567327,-6.026148479,69.13053629,HG
67.67921962,-122.3403926,54.66117296,-60.29704908,-5.941853418,69.12947205,HG
67.67921962,-122.3403926,54.66117296,-60.29704908,-5.941853418,69.12947205,HG
87.67851326,-118.1499036,30.47139032,-52.95021259,-5.257632163,69.12196304,HG
103.8477829,-108.7448833,4.897100381,-42.6390196,-4.482808926,69.11445485,HG
115.4629244,-94.53863007,-20.92429437,-30.86554207,-3.731317417,69.10694746,HG
122.013891,-76.13199167,-45.8818993,-18.35504785,-3.116228346,69.09944088,HG
123.184867,-54.32133033,-68.86353668,-5.141543925,-2.743942275,69.09193511,HG
122.4085078,-46.6390907,-75.76941712,3.05E-10,-2.691012159,69.08947239,HG
122.4085078,-46.6390907,-75.76941712,1.82E-09,-2.691012159,69.08947239,HG
116.4871323,-21.85764239,-94.62948989,13.7607096,-2.772045837,69.0819677,HG
105.4458253,3.913333295,-109.3591586,26.62602147,-3.260929853,69.07446383,HG
89.78638516,29.56929676,-119.3556819,38.35582624,-4.179049606,69.06696078,HG
70.19063522,53.98722344,-124.1778587,48.31779686,-5.514737188,69.05945856,HG
47.51786029,76.08148831,-123.5993486,56.40770504,-7.221229703,69.05195717,HG
43.34660489,79.60730155,-122.9539064,57.71782081,-7.550145917,69.05066012,HG
43.34660489,79.60730156,-122.9539064,57.71782081,-7.550145918,69.05066012,HG
18.30382856,97.79979968,-116.1036282,62.39836498,-9.595864895,69.0431597,HG
-7.52843191,111.754809,-104.2263771,64.57242359,-11.80720321,69.03566012,HG
-33.04991053,120.8818287,-87.8319182,63.91933999,-14.06068175,69.02816138,HG
-57.14507653,124.7830541,-67.63797762,60.5872379,-16.21822576,69.02066347,HG
-77.30706608,123.5391011,-46.23203503,55.24726097,-18.00844347,69.01369499,HG
-77.30706608,123.5391011,-46.23203502,55.24726097,-18.00844347,69.01369499,HG
-95.77628895,117.0796251,-21.3033361,46.44100065,-19.59550618,69.00619868,HG
-110.0501814,105.5404101,4.509771272,36.19275926,-20.70348753,68.99870321,HG
-119.5334519,89.44391124,30.08954064,24.32566797,-21.24883229,68.99120855,HG
-123.8105287,69.49027723,54.32025152,11.5706969,-21.17283198,68.98371471,HG
-123.1959374,50.26554996,72.9303874,5.82E-10,-20.60032867,68.97738673,HG
-123.1959374,50.26554996,72.9303874,-4.38E-10,-20.60032867,68.97738673,HG
-117.5548559,25.58997327,91.96488264,-13.50151421,-19.34714248,68.96989438,HG
-106.7741084,-0.160629492,106.9347379,-26.18105684,-17.50355676,68.96240283,HG
-91.34440119,-25.85116476,117.195566,-37.69806005,-15.15720911,68.95491208,HG
-71.93645153,-50.36444828,122.3008998,-47.47530239,-12.42057367,68.94742211,HG
-49.39202861,-72.64032018,122.0323488,-55.14888588,-9.429087648,68.93993293,HG
-48.99946995,-72.97675771,121.9762277,-55.27162625,-9.3781153,68.93980972,HG
-48.99946995,-72.97675771,121.9762277,-55.27162625,-9.378115299,68.93980972,HG
-24.28417141,-91.92867992,116.2128513,-60.82862969,-6.281794111,68.93232134,HG
1.476273514,-106.8305261,105.3542526,-63.30348892,-3.243037986,68.92483374,HG
27.15939032,-117.0095945,89.85020416,-63.05278627,-0.411481441,68.91734693,HG
51.64657946,-122.0288875,70.38230799,-60.09060282,2.076440681,68.9098609,HG
73.87820693,-121.6718396,47.79363265,-54.78352337,4.108368987,68.90237567,HG
74.20984229,-121.6146995,47.40485717,-54.50917861,4.136200008,68.90225354,HG
74.20984229,-121.6146995,47.40485717,-54.50917861,4.136200009,68.90225354,HG
93.11065444,-115.7683804,22.65772596,-45.86433987,5.611885141,68.89476912,HG
107.9442141,-104.8312698,-3.112944259,-35.63543212,6.497915208,68.8872855,HG
118.0464078,-89.25820838,-28.78819944,-23.8180049,6.780515689,68.87980268,HG
122.9829644,-69.733722,-53.24924244,-11.06227493,6.486497095,68.87232068,HG
123.0389511,-51.97672632,-71.06222476,4.20E-10,5.8776186,68.86638591,HG
123.0389511,-51.97672632,-71.06222476,1.41E-09,5.8776186,68.86638591,HG
118.3349136,-27.5958062,-90.73910735,13.45504355,4.721521694,68.85890537,HG
108.4213742,-1.945821161,-106.4755531,26.34809317,3.223938319,68.85142567,HG
93.7625628,23.84209222,-117.604655,38.11497811,1.513340701,68.84394679,HG
74.99351165,48.64608502,-123.6395967,48.12925033,-0.279200143,68.83646874,HG
58.34596801,66.29014958,-124.6361176,55.03260018,-1.626207454,68.83074518,HG
58.345968,66.29014958,-124.6361176,55.03260018,-1.626207455,68.83074518,HG
34.41575045,86.74728502,-121.1630355,61.05483313,-3.251291212,68.82326859,HG
8.965793378,103.4780347,-112.443828,64.78294581,-4.634268002,68.81579283,HG
-16.89005008,115.7434948,-98.85344475,65.60831642,-5.695640055,68.80831789,HG
-42.01083612,122.9941502,-80.98331408,63.86963417,-6.385042696,68.80084378,HG
-65.31192237,124.9309384,-59.61901606,59.01442575,-6.690489615,68.79337048,HG
-66.44933301,124.8839578,-58.43462478,58.7770521,-6.696157733,68.79298448,HG
-66.44933302,124.8839578,-58.43462478,58.7770521,-6.696157733,68.79298448,HG
-86.757046,121.143461,-34.38641501,51.15633756,-6.619859211,68.78551203,HG
-103.2674898,112.1608628,-8.893372986,41.51822412,-6.229911497,68.77804039,HG
-115.2825029,98.33333942,16.94916344,30.08571832,-5.607575031,68.77056957,HG
-122.2779001,80.26563749,42.01226257,17.44236074,-4.85239706,68.76309954,HG
-123.9542146,58.74080402,65.21341054,4.233288315,-4.076263422,68.75563032,HG
-123.5247839,53.71498879,69.80979512,5.62E-10,-3.914085795,68.75401294,HG
-123.5247839,53.71498878,69.80979512,-1.24E-09,-3.914085795,68.75401294,HG
-118.6739771,29.24758236,89.42639476,-13.25909354,-3.268792734,68.7465447,HG
-108.5933374,3.58478666,105.0085507,-25.97838009,-2.850263985,68.73907726,HG
-93.79024508,-22.1818636,115.9721087,-38.0305044,-2.750642052,68.73161064,HG
-74.90150143,-46.92754767,121.8290491,-48.30632295,-3.037425597,68.72414482,HG
-52.74843028,-69.58125427,122.3296846,-56.4893183,-3.748700968,68.71667982,HG
-45.40204953,-75.9785434,121.3805929,-58.81428881,-4.056000087,68.71437958,HG
-45.40204952,-75.9785434,121.3805929,-58.81428881,-4.056000087,68.71437958,HG
-20.45103335,-94.37942366,114.830457,-63.6899304,-5.326142195,68.70691565,HG
5.364860154,-108.6097729,103.2449127,-66.03720699,-6.977336456,68.69945255,HG
30.93684249,-118.0394025,87.10256001,-65.49791867,-8.938296899,68.69199028,HG
55.14918752,-122.2616612,67.11247372,-62.29033108,-11.10771259,68.68452883,HG
76.95745172,-121.092154,44.13470227,-56.71564558,-13.36521731,68.67706822,HG
78.91610281,-120.6869477,41.77084492,-55.51663245,-13.58455663,68.67634078,HG
78.91610281,-120.6869477,41.77084492,-55.51663245,-13.58455663,68.67634078,HG
96.92578626,-113.6236338,16.69784749,-46.58614574,-15.76936168,68.66888108,HG
110.7150902,-101.5690511,-9.146039145,-35.97748685,-17.75091064,68.66142222,HG
119.6496998,-85.01764789,-34.63205195,-23.91759892,-19.38992342,68.65396417,HG
123.3492966,-64.69754449,-58.65175207,-10.99061708,-20.56960006,68.64650696,HG
122.4944012,-47.13701529,-75.35738588,1.10E-09,-21.09231401,68.6408005,HG
122.4944012,-47.13701529,-75.35738589,2.12E-09,-21.09231401,68.6408005,HG
116.7168173,-22.4157584,-94.3010589,13.52352631,-21.25151286,68.63334472,HG
105.7925364,3.348321588,-109.140858,26.13110925,-20.75854486,68.62588975,HG
90.23926587,29.01969241,-119.2589583,37.71889721,-19.62513159,68.61843559,HG
70.72907195,53.48181764,-124.2108896,47.52049104,-17.89011705,68.61098222,HG
48.37529927,75.44257542,-123.8178747,55.11113537,-15.65773037,68.60361307,HG
48.37529927,75.44257542,-123.8178747,55.11113537,-15.65773037,68.60361307,HG
23.66292639,94.38412158,-118.047048,60.96339352,-12.97939984,68.59616127,HG
-2.097082391,109.2804399,-107.1833575,63.55764488,-10.02004061,68.58871025,HG
-27.77800302,119.452492,-91.67448902,63.44451836,-6.925577409,68.58126001,HG
-52.262056,124.4645126,-72.20245658,60.5912249,-3.853633039,68.57381055,HG
-74.48961547,124.0999129,-49.6102974,55.34945481,-0.956921356,68.56636187,HG
-74.88860947,124.0307478,-49.14213833,55.04610789,-0.903573967,68.56621545,HG
-74.88860948,124.0307478,-49.14213833,55.04610789,-0.903573967,68.56621545,HG
-93.77160742,118.1609542,-24.38934682,46.65297487,1.663718756,68.55876757,HG
-108.582995,107.2001557,1.382839227,36.56026986,3.78978928,68.55132047,HG
-118.6610516,91.60635561,27.05469598,24.87652178,5.383212353,68.54387417,HG
-123.5720089,72.06444295,51.50756592,12.23179296,6.388503272,68.53642866,HG
-123.2843368,50.96481673,72.31952003,1.27E-09,6.777626032,68.52946808,HG
-123.2843368,50.96481672,72.31952004,4.01E-10,6.777626032,68.52946808,HG
-117.7731846,26.32369711,91.44948747,-13.93975415,6.621519164,68.52202413,HG
-107.1350006,0.582078048,106.5529226,-26.53448382,5.928056827,68.51458099,HG
-91.82771454,-25.13195556,116.9596701,-38.0141856,4.780337816,68.50713867,HG
-72.52129973,-49.69938845,122.2206882,-47.7158732,3.287527371,68.49969717,HG
-57.04863275,-65.65148908,122.7001218,-53.81535158,2.101648289,68.49448409,HG
-57.04863275,-65.65148908,122.7001218,-53.81535158,2.101648289,68.49448409,HG
-32.95084694,-85.838866,118.7897129,-59.567385,0.315599427,68.48704399,HG
-7.424846326,-102.2310551,109.6559014,-62.98323984,-1.463747033,68.47960472,HG
18.41513734,-114.1067329,95.69159552,-63.53006167,-3.112185252,68.47216627,HG
43.42982132,-120.9336267,77.50380537,-61.52654773,-4.521030282,68.46472865,HG
65.27243776,-122.4858088,57.21337102,-57.15990646,-5.556638569,68.45771848,HG
65.27243776,-122.4858088,57.21337102,-57.15990646,-5.556638569,68.45771848,HG
85.67968803,-118.9031596,33.22347152,-49.19680668,-6.301334117,68.45028244,HG
102.3055331,-110.0602402,7.754707026,-39.67139319,-6.652837203,68.44284722,HG
114.4540915,-96.35995085,-18.09414064,-28.2722383,-6.630485968,68.43541281,HG
121.5939178,-78.39945589,-43.19446192,-15.67410393,-6.280950784,68.4279792,HG
123.4192529,-56.95776018,-66.46149269,-2.459772799,-5.679954928,68.4205464,HG
123.2146323,-54.04207452,-69.17255779,-1.41E-09,-5.585691098,68.41960525,HG
123.2146323,-54.04207452,-69.1725578,4.86E-10,-5.585691098,68.41960525,HG
118.9633681,-29.79646829,-89.16689978,13.59608317,-4.81876793,68.41217335,HG
109.4771053,-4.221188044,-105.2559172,26.62728226,-4.022111576,68.40474225,HG
95.19995416,21.59402061,-116.7939748,38.679642,-3.3154625,68.39731195,HG
76.75225397,46.51831861,-123.2705726,49.12020127,-2.810671984,68.38988245,HG
54.93517402,69.47465963,-124.4098336,57.54669167,-2.605318981,68.38245375,HG
47.38031042,76.23499208,-123.6153025,60.06639951,-2.616499454,68.38007391,HG
47.38031042,76.23499208,-123.6153025,60.06639951,-2.616499454,68.38007391,HG
22.58257678,95.03631452,-117.6188913,65.00331261,-2.920150253,68.37264628,HG
-3.192848266,109.7389128,-106.5460645,67.60689968,-3.653678136,68.36521946,HG
-28.84458894,119.6979312,-90.85334224,67.2738255,-4.820621345,68.35779345,HG
-53.25216605,124.4826304,-71.23046435,64.29308732,-6.388226654,68.35036827,HG
-75.36258772,123.8849135,-48.52232583,59.01781946,-8.292046674,68.34294391,HG
-79.17118583,123.164573,-43.99338719,56.72208097,-8.67936697,68.34155045,HG
-79.17118584,123.164573,-43.99338719,56.72208097,-8.67936697,68.34155045,HG
-97.24469626,116.1790498,-18.93435352,48.0133507,-10.85018319,68.33412707,HG
-111.1036839,104.1974479,6.906235984,37.3031009,-13.11396033,68.32670452,HG
-120.1165018,87.70947576,32.40702606,25.1670371,-15.33214627,68.3192828,HG
-123.8985577,67.44065565,56.45790205,12.18384994,-17.36309882,68.3118619,HG
-122.7176722,47.0168988,75.70077335,-4.24E-10,-18.89224342,68.30528675,HG
-122.7176722,47.0168988,75.70077335,-1.21E-09,-18.89224342,68.30528675,HG
-116.3612919,22.13400611,94.22728576,-14.01873641,-20.20244628,68.29786741,HG
-104.9258292,-3.673859051,108.5996883,-26.77743341,-20.97355198,68.29044887,HG
-88.91915022,-29.26940885,118.1885591,-38.3316136,-21.13283536,68.28303115,HG
-69.03899774,-53.53947719,122.5784749,-48.04037178,-20.64387306,68.27561424,HG
-49.71984489,-72.32573327,122.0455782,-54.95454884,-19.71167592,68.26930713,HG
-49.71984489,-72.32573327,122.0455782,-54.95454884,-19.71167592,68.26930713,HG
-25.06799973,-91.41505406,116.4830538,-60.60255621,-18.05523238,68.26189169,HG
0.674868294,-106.4525051,105.7776368,-63.44279735,-15.85166017,68.25447703,HG
26.37514094,-116.7889769,90.41383592,-63.50628794,-13.21038134,68.24706315,HG
50.91476088,-121.9746833,71.05992245,-60.80172769,-10.26265565,68.23965006,HG
73.23139066,-121.7869453,48.5555546,-55.63558335,-7.157491133,68.23223773,HG
73.80386517,-121.6928617,47.88899651,-55.26581655,-7.069762757,68.23202959,HG
73.80386517,-121.6928617,47.88899651,-55.26581655,-7.069762756,68.23202959,HG
92.77980527,-115.9554361,23.17563088,-47.18427845,-3.96900951,68.22461807,HG
107.7073546,-105.116168,-2.591186509,-37.04199143,-1.032608748,68.21720732,HG
117.8991074,-89.61273336,-28.286374,-25.68956656,1.594138062,68.20979735,HG
122.9052677,-70.12431497,-52.78095276,-13.53899379,3.785395385,68.20238816,HG
122.4988855,-47.5294754,-74.96941013,-0.011315285,5.440693956,68.19497976,HG
122.4962034,-47.50833798,-74.98786542,-1.35E-09,5.441911948,68.19497313,HG
122.4962034,-47.50833797,-74.98786543,-5.70E-11,5.441911948,68.19497313,HG
116.8511561,-22.85711094,-93.99404518,14.20490702,6.519310783,68.18756552,HG
105.994602,2.910680168,-108.9052822,26.22440283,6.975702911,68.18015871,HG
90.50878882,28.59704226,-119.1058311,37.60454754,6.835763652,68.1727527,HG
71.05143557,53.09248385,-124.1439194,47.13118995,6.149424598,68.16534751,HG
54.00105535,70.35807842,-124.3591338,53.40414505,5.305236836,68.1596835,HG
54.00105534,70.35807842,-124.3591338,53.40414505,5.305236836,68.1596835,HG
29.70232261,90.17925003,-119.8815726,58.84775746,3.87574402,68.15227974,HG
4.087648353,106.1237579,-110.2114063,61.93089407,2.189574032,68.14487679,HG
-21.72036092,117.4868025,-95.76644161,62.14532282,0.380603596,68.13747467,HG
-46.58358394,123.7574306,-77.17384668,59.81393067,-1.415721976,68.13007337,HG
-64.96826577,124.8995768,-59.931311,55.69583804,-2.752074562,68.1241804,HG
-64.96826578,124.8995768,-59.931311,55.69583803,-2.752074562,68.1241804,HG
-85.52643016,121.5660209,-36.03959071,48.02831639,-4.232187524,68.11678057,HG
-102.3178635,112.9239966,-10.60613312,38.55685105,-5.395939225,68.10938156,HG
-114.6611637,99.4114425,15.24972121,27.18806208,-6.193661611,68.10198336,HG
-122.0115728,81.60919236,40.4023804,14.63508914,-6.601346724,68.09458597,HG
-124.0558371,60.29165347,63.76418363,1.447575169,-6.631658513,68.08718939,HG
-123.9782121,58.38737905,65.5908331,-1.12E-09,-6.617582955,68.08657419,HG
-123.9782121,58.38737905,65.5908331,-2.87E-09,-6.617582955,68.08657419,HG
-120.1290446,34.3091905,85.81985412,-13.95546736,-6.282507142,68.07917848,HG
-111.0737557,8.802636018,102.2711197,-27.1070529,-5.69777893,68.07178356,HG
-97.17652188,-17.03593477,114.2124567,-39.24268697,-4.957889478,68.06438944,HG
-79.05091174,-42.07834674,121.1292585,-49.83385234,-4.176445531,68.05699612,HG
-57.48146502,-65.24236055,122.7238256,-58.42167397,-3.471108919,68.04960359,HG
-51.39105177,-70.77591451,122.1669663,-60.39759451,-3.312694403,68.04767583,HG
-51.39105177,-70.77591451,122.1669663,-60.39759451,-3.312694403,68.04767583,HG
-46.31582242,-75.25799092,121.5738133,-62.17095438,-3.19594018,68.04610666,HG
-41.16000796,-79.47757699,120.6375849,-63.2732678,-3.089682681,68.04453754,HG
-35.91710312,-83.58661817,119.5037213,-64.56704662,-2.99534043,68.04296844,HG
-29.34828218,-88.40572272,117.7540049,-65.80505241,-2.896730655,68.04102937,HG
-19.08757105,-95.28906155,114.3766326,-67.30914791,-2.786989797,68.03805049,HG
5.766486648,-108.8325548,103.0660681,-69.18566803,-2.758316746,68.03094142,HG
30.38386499,-117.9245753,87.54071027,-68.73362101,-3.100698649,68.02383309,HG
53.76036242,-122.1677426,68.4073802,-65.12116321,-3.846536673,68.01672551,HG
74.93619515,-121.4579196,46.5217244,-60.07841525,-4.990524735,68.00961869,HG
77.61682594,-120.9494034,43.33257748,-57.76034946,-5.177785455,68.00863262,HG
77.61682595,-120.9494034,43.33257748,-57.76034946,-5.177785455,68.00863262,HG
95.30406098,-114.6102926,19.30623165,-50.01397488,-6.743175862,68.00152665,HG
109.0878441,-103.5620345,-5.52580963,-39.84223546,-8.609574736,67.99442144,HG
118.4552171,-88.27942378,-30.17579329,-28.23643034,-10.6900168,67.98731699,HG
123.021428,-69.37627401,-53.64515398,-15.77464089,-12.87566648,67.9802133,HG
122.6057078,-47.61273804,-74.9929698,-3.107147971,-15.04590632,67.97311038,HG
122.129627,-44.48074992,-77.64887705,-7.54E-10,-15.3262552,67.97214357,HG
122.129627,-44.48074991,-77.64887705,1.49E-09,-15.3262552,67.97214357,HG
116.088022,-20.53049368,-95.55752829,12.84837199,-17.32622877,67.96504151,HG
105.3186277,4.279441416,-109.5980691,25.20204782,-19.03011189,67.95794021,HG
90.28204931,28.97026106,-119.2523104,36.51390734,-20.33503894,67.95083967,HG
71.58188812,52.54129697,-124.1231851,46.17296197,-21.1458019,67.94373987,HG
49.97661251,74.02533641,-124.0019489,54.14898731,-21.39053566,67.93664083,HG
47.92568417,75.8230314,-123.7487156,54.88432334,-21.38417404,67.93600513,HG
47.92568417,75.8230314,-123.7487156,54.88432334,-21.38417404,67.93600513,HG
24.13496692,94.08001488,-118.2149818,60.2408064,-20.97545736,67.92890689,HG
-0.628495506,108.5699738,-107.9414783,63.10920958,-19.96113364,67.92180938,HG
-25.38128701,118.7212905,-93.34000352,63.36530197,-18.37407578,67.91471261,HG
-49.12222434,124.1244499,-75.0022256,61.06067211,-16.27902278,67.90761656,HG
-70.87501372,124.546073,-53.6710593,56.47337663,-13.76768235,67.90052123,HG
-73.44191084,124.2138093,-50.77189848,55.4395117,-13.41928308,67.8996172,HG
-73.44191084,124.2138093,-50.77189848,55.4395117,-13.41928308,67.8996172,HG
-91.96507772,119.0524999,-27.08742215,47.97256225,-10.58208798,67.89252268,HG
-106.7381283,109.0973647,-2.359236394,38.68489697,-7.596272281,67.88542887,HG
-117.2132872,94.78321599,22.43007122,27.79383608,-4.605517717,67.87833578,HG
-122.9614719,76.68490322,46.27656863,15.90947632,-1.751028482,67.8712434,HG
-123.7551968,55.53131698,68.22387985,3.591213002,0.836270715,67.86415174,HG
-123.2353657,50.7851558,72.45020994,2.21E-09,1.328412476,67.86266811,HG
-123.2353657,50.7851558,72.45020994,5.05E-10,1.328412477,67.86266811,HG
-118.0260551,27.08399748,90.94205761,-12.46468699,3.443082485,67.85557732,HG
-108.0178267,2.346951607,105.6708751,-24.38947436,5.061081514,67.84848725,HG
-93.65829646,-22.44036366,116.0986601,-35.41850182,6.13471226,67.84139791,HG
-75.52143088,-46.27359476,121.7950256,-44.89722801,6.639873684,67.8343093,HG
-54.34139866,-68.17654499,122.5179437,-52.68921334,6.58558961,67.82722143,HG
-52.07317008,-70.22282207,122.2959922,-53.38397125,6.548371497,67.82651076,HG
-52.07317007,-70.22282208,122.2959922,-53.38397126,6.548371497,67.82651076,HG
-28.52523615,-89.03259977,117.5578359,-58.45301719,5.933036386,67.81942371,HG
-3.845560192,-104.1604204,108.0059806,-61.25299169,4.87936747,67.81233741,HG
20.98197639,-115.0343783,94.05240195,-61.39856067,3.486360913,67.80525186,HG
44.95273641,-121.210491,76.2577546,-59.01018647,1.8657959,67.79816706,HG
67.1055737,-122.4433453,55.33777162,-54.21470452,0.136954444,67.79108302,HG
67.37249722,-122.4231432,55.05064599,-54.07191427,0.1146569,67.79099173,HG
67.37249722,-122.4231432,55.05064599,-54.07191426,0.1146569,67.79099173,HG
86.7405341,-118.5710394,31.83050528,-46.51144006,-1.598368105,67.78390845,HG
102.6015162,-109.8913196,7.289803349,-37.16736513,-3.184881475,67.77682593,HG
114.3021767,-96.71835338,-17.58382327,-26.21686175,-4.548009681,67.76974417,HG
121.3749259,-79.5885406,-41.78638533,-14.12886586,-5.613810092,67.76266315,HG
123.5366501,-59.18921375,-64.34743631,-1.483314837,-6.335213577,67.75558289,HG
123.4735611,-57.53648545,-65.93707567,-1.58E-09,-6.370661055,67.75504731,HG
123.4735611,-57.53648545,-65.93707567,4.42E-10,-6.370661055,67.75504731,HG
120.248116,-34.54126508,-85.70685096,13.27224461,-6.699415057,67.74796784,HG
112.144514,-10.1141876,-102.0303264,26.05428809,-6.674576945,67.74088912,HG
99.49793043,14.77056242,-114.2684929,37.93480608,-6.341230157,67.73381113,HG
82.81978229,39.10649087,-121.9262732,48.42004638,-5.766623385,67.72673388,HG
62.78109558,61.91796402,-124.6990596,57.11584765,-5.03811126,67.71965736,HG
54.05350885,70.27605282,-124.3295617,60.44043715,-4.722252751,67.71684764,HG
54.05350884,70.27605282,-124.3295617,60.44043715,-4.722252751,67.71684764,HG
38.18516324,83.84273378,-122.027897,64.5247785,-4.188555678,67.71198907,HG
21.58567249,95.74650263,-117.3321751,67.64593345,-3.679465316,67.70713085,HG
-3.996024225,110.169967,-106.1739427,70.12473016,-3.04591716,67.69984038,HG
-29.39559372,119.9008414,-90.50524772,69.48335982,-2.660956686,67.69255069,HG
-53.55627213,124.5452775,-70.9890054,66.35609298,-2.611515495,67.68526179,HG
-75.44528606,123.9020505,-48.45676441,60.95909926,-2.960694356,67.67797367,HG
-77.08881234,123.577747,-46.48893468,59.37321797,-3.009736615,67.67736966,HG
-77.08881235,123.577747,-46.48893468,59.37321796,-3.009736615,67.67736966,HG
-95.44135289,117.2220665,-21.78071361,50.83226417,-3.827451738,67.6700824,HG
-109.6821384,105.8811705,3.800967944,40.46495016,-5.072103847,67.66279593,HG
-119.2281739,90.0449859,29.18318801,28.44898724,-6.704973467,67.65551026,HG
-123.667387,70.39341793,53.2739691,15.55326718,-8.653612805,67.64822539,HG
-122.8123365,47.76359939,75.04873711,2.551786623,-10.81863619,67.64094133,HG
-122.2776286,44.47316136,77.80446729,-5.22E-10,-11.12623761,67.6399405,HG
-122.2776286,44.47316135,77.80446729,-2.37E-09,-11.12623761,67.6399405,HG
-115.4180872,19.64137899,95.77670822,-13.88731585,-13.38316198,67.63265735,HG
-103.6374829,-5.96984747,109.6073304,-26.55207908,-15.57470776,67.62537501,HG
-87.41326632,-31.27607289,118.6893392,-37.96927069,-17.55939498,67.61809347,HG
-67.44665633,-55.19262492,122.6392812,-47.55376997,-19.20287658,67.61081273,HG
-48.31266667,-73.524908,121.8375747,-54.53608602,-20.23356968,67.60467175,HG
-48.31266666,-73.52490801,121.8375747,-54.53608602,-20.23356968,67.60467175,HG
-23.78939919,-92.24140125,116.0308004,-59.8196865,-20.94646005,67.59739248,HG
1.751934985,-106.9581181,105.2061831,-62.74398049,-21.04828715,67.59011399,HG
27.20827287,-117.0326741,89.8244012,-62.79864751,-20.50297461,67.58283629,HG
51.47508374,-122.0178491,70.54276541,-60.37571205,-19.3119004,67.57555936,HG
73.29641552,-121.7515121,48.45509659,-55.02751604,-17.54517925,67.56836436,HG
73.29641552,-121.7515121,48.45509659,-55.02751604,-17.54517925,67.56836436,HG
92.2332683,-116.2378263,24.00455801,-47.24775634,-15.24100951,67.56108896,HG
107.1846455,-105.6761322,-1.508513241,-37.55349532,-12.52575758,67.55381431,HG
117.5250555,-90.5263904,-26.99866515,-26.25243694,-9.53566624,67.54654043,HG
122.8113518,-71.43886441,-51.37248743,-13.91484565,-6.422330799,67.53926729,HG
122.8210394,-49.2277897,-73.5932497,-1.1759684,-3.342601672,67.53199491,HG
122.6276681,-47.80057283,-74.82709526,-1.51E-09,-3.161600104,67.53155384,HG
122.6276681,-47.80057282,-74.82709526,4.43E-10,-3.161600103,67.53155384,HG
117.0196833,-23.31540721,-93.70427614,13.09326711,-0.286988062,67.52428226,HG
106.3767951,2.209317438,-108.5861126,25.47414661,2.24574717,67.51701144,HG
91.15413738,27.69358535,-118.8477227,36.67533859,4.32216793,67.50974138,HG
72.00620888,52.04322642,-124.0494353,46.21486409,5.854704683,67.50247209,HG
49.74944826,74.2220635,-123.9715118,53.64786308,6.791756108,67.49520356,HG
48.76196857,75.08882151,-123.8507901,53.95335625,6.817496114,67.49489941,HG
48.76196857,75.08882152,-123.8507901,53.95335625,6.817496114,67.49489941,HG
24.2827576,93.95394298,-118.2367006,59.12851126,7.1120614,67.4876317,HG
-1.244473513,108.853899,-107.6094255,61.40648636,6.823523324,67.48036477,HG
-26.73187362,119.1295879,-92.39771427,61.01769804,6.008119453,67.47309863,HG
-51.08787723,124.3471589,-73.25928169,57.96698067,4.75716612,67.46583328,HG
-68.15517354,124.7483666,-56.59319309,53.54494762,3.583639686,67.4603184,HG
-68.15517354,124.7483666,-56.59319309,53.54494762,3.583639686,67.4603184,HG
-88.04961509,120.6777486,-32.6281335,45.92652121,1.853188474,67.45305445,HG
-104.1542274,111.4464167,-7.292189306,36.22165073,0.030592084,67.4457913,HG
-115.8054581,97.48823356,18.31722454,24.79155147,-1.750556439,67.43852895,HG
-122.5008972,79.39611829,43.10477887,12.26925508,-3.370104681,67.43126739,HG
-124.0221637,59.78300544,64.23915828,7.10E-10,-4.627896408,67.42459556,HG
-124.0221637,59.78300544,64.23915829,-2.31E-10,-4.627896408,67.42459556,HG
-120.5847997,36.06380504,84.52099467,-14.04718187,-5.673847695,67.41733553,HG
-111.9849219,10.84346314,101.1414588,-27.11536752,-6.342479972,67.4100763,HG
-98.59178346,-14.78821732,113.3800008,-39.25604526,-6.621074631,67.40281784,HG
-80.98119108,-39.73500514,120.7161962,-49.84255741,-6.532959529,67.39556017,HG
-59.90415472,-62.93567938,122.8398341,-58.42274864,-6.133000648,67.38830328,HG
-56.25157952,-66.4266051,122.6781846,-59.94126701,-6.043713211,67.38713736,HG
-56.25157952,-66.42660511,122.6781846,-59.94126701,-6.043713211,67.38713736,HG
-32.28349582,-86.32088417,118.60438,-65.96858377,-5.380074167,67.37988137,HG
-6.964129572,-102.4609567,109.4250863,-69.46622173,-4.60825791,67.37262616,HG
18.64296193,-114.1484995,95.50553758,-70.08626476,-3.840578954,67.36537172,HG
43.4375902,-120.8872172,77.449627,-67.98968724,-3.194562725,67.35811805,HG
66.36671262,-122.3923683,56.02565568,-63.43830324,-2.778957695,67.35086516,HG
72.68755088,-121.7033035,49.01575267,-59.83882414,-2.71510242,67.3486722,HG
72.68755088,-121.7033035,49.01575267,-59.83882414,-2.71510242,67.3486722,HG
76.3879973,-121.2186382,44.83064089,-61.12380085,-2.68942274,67.34739877,HG
79.84168421,-120.4471727,40.60548852,-57.75490362,-2.677991874,67.34612536,HG
83.2415664,-119.5652357,36.3236693,-57.61919941,-2.676899811,67.34485197,HG
87.20472649,-118.2522943,31.04756782,-55.16712072,-2.692236248,67.34330335,HG
92.97472014,-115.7850736,22.81035347,-52.385854,-2.75119321,67.34091962,HG
102.412766,-109.8395743,7.426808345,-46.32999358,-2.976952195,67.33654177,HG
114.4902701,-96.11530854,-18.37496152,-35.06190683,-3.704396867,67.32924242,HG
121.5670364,-78.14179942,-43.425237,-22.18273039,-4.873130547,67.32194387,HG
123.2956578,-56.68806839,-66.6075894,-8.489040183,-6.452840963,67.31464612,HG
121.7003936,-42.17255035,-79.52784325,-6.70E-10,-7.596072731,67.31012948,HG
121.7003936,-42.17255034,-79.52784326,7.36E-10,-7.596072731,67.31012948,HG
114.8681844,-17.17493971,-97.69324472,14.05756387,-9.682343268,67.30283304,HG
102.9764494,8.605316245,-111.5817657,26.57147396,-11.93567743,67.29553741,HG
86.59777619,34.07127243,-120.6690486,38.09259229,-14.22850637,67.2882426,HG
66.43589949,58.11099182,-124.5468913,47.70006337,-16.41574072,67.2809486,HG
46.15811008,77.33154314,-123.4896532,54.79267238,-18.14482191,67.27450299,HG
46.15811007,77.33154314,-123.4896532,54.79267238,-18.14482191,67.27450299,HG
21.36315904,95.91031889,-117.2734779,60.00088164,-19.74239763,67.26721051,HG
-4.382675737,110.3816557,-105.99898,62.74296994,-20.85163693,67.25991884,HG
-29.95143239,120.1050412,-90.1536088,62.59190597,-21.37762386,67.25262796,HG
-54.21820652,124.6426736,-70.42446708,59.94362249,-21.25771012,67.24533788,HG
-73.58515436,124.2127895,-50.62763514,55.0000927,-20.60944096,67.23895731,HG
-73.58515436,124.2127895,-50.62763513,55.0000927,-20.60944096,67.23895731,HG
-92.66894302,118.7147065,-26.04576349,47.18470384,-19.26330739,67.23166869,HG
-107.7344742,108.0958719,-0.361397735,37.43502382,-17.32108162,67.22438085,HG
-118.1246472,92.82894088,25.29570632,26.05671779,-14.87605552,67.21709378,HG
-123.3909353,73.57633692,49.81459839,13.61155036,-12.04984934,67.20980747,HG
-123.3083639,51.17045599,72.13790791,0.743915311,-8.986678125,67.20252193,HG
-123.1815284,50.25465725,72.92687113,2.07E-09,-8.865205412,67.20224033,HG
-123.1815284,50.25465725,72.92687113,1.22E-10,-8.865205412,67.20224033,HG
-117.5163183,25.60639611,91.90992218,-13.36733619,-5.723185272,67.19495558,HG
-106.7594918,-0.09287898,106.8523708,-25.80491492,-2.674990677,67.18767158,HG
-91.36726157,-25.73640094,117.1036625,-37.0765998,0.126859102,67.18038835,HG
-72.01189896,-50.20947951,122.2213785,-46.66990133,2.544908297,67.17310588,HG
-49.52949337,-72.45663081,121.9861242,-54.16371422,4.469106839,67.16582418,HG
-48.47900021,-73.37088898,121.8498892,-54.4953812,4.541151493,67.16550289,HG
-48.47900021,-73.37088898,121.8498892,-54.49538121,4.541151494,67.16550289,HG
-23.7746754,-92.21995751,115.9946329,-59.55479757,5.859666153,67.158222,HG
1.944318977,-107.0194553,105.0751363,-61.75557822,6.565347679,67.15094189,HG
27.56863562,-117.1062203,89.53758465,-61.23945445,6.655667481,67.14366256,HG
51.98581897,-122.0487122,70.06289321,-58.04943921,6.17086943,67.13638402,HG
69.85629977,-122.1181876,52.26188783,-53.28399388,5.416996365,67.13058182,HG
69.85629978,-122.1181876,52.26188783,-53.28399388,5.416996364,67.13058182,HG
89.50332385,-117.438496,27.93517215,-45.31469212,4.105635611,67.12330472,HG
105.2281638,-107.569267,2.34110315,-35.33613816,2.49136341,67.11602842,HG
116.3676584,-92.97064848,-23.39700992,-23.67228628,0.711467493,67.10875292,HG
122.4361774,-74.27258929,-48.16358811,-10.97840262,-1.097132704,67.10147823,HG
123.4433399,-57.55883277,-65.88450712,-7.86E-11,-2.42506976,67.09587194,HG
123.4433399,-57.55883277,-65.88450712,9.61E-10,-2.425069761,67.09587194,HG
120.0475267,-33.69867847,-86.3488482,13.54572999,-3.972502693,67.08859868,HG
111.3868939,-8.308793008,-103.0781009,26.73043705,-5.226514381,67.08132622,HG
97.87530246,17.49406053,-115.369363,38.93142438,-6.121826068,67.07405456,HG
80.09476766,42.59203321,-122.6868009,49.51557284,-6.624151127,67.06678369,HG
58.81473524,65.90338913,-124.7181244,58.024524,-6.735846386,67.05951361,HG
56.98733623,67.65743163,-124.6447679,58.83712176,-6.728100594,67.05893198,HG
56.98733623,67.65743163,-124.6447679,58.83712176,-6.728100594,67.05893198,HG
32.9684637,87.85782738,-120.8262911,65.43986732,-6.451838161,67.05166275,HG
7.518183314,104.3016163,-111.8197996,68.93072554,-5.897433543,67.04439431,HG
-18.27032342,116.2577676,-97.98744416,69.68421698,-5.15609319,67.03712665,HG
-43.27604616,123.2128131,-79.93676695,67.66478377,-4.340933115,67.02985977,HG
-66.42124168,124.8674662,-58.44622451,63.12934558,-3.57193928,67.02259367,HG
-71.79566295,124.3531051,-52.55744218,60.13254855,-3.397571372,67.02074908,HG
-71.79566295,124.3531051,-52.55744217,60.13254855,-3.397571372,67.02074908,HG
-91.24481626,119.3150868,-28.07027059,52.5401405,-2.853368784,67.01348396,HG
-106.6384815,109.0778909,-2.439409422,42.89964944,-2.606880736,67.00621962,HG
-117.4184719,94.15638442,23.26208752,31.14090775,-2.737673481,66.99895607,HG
-123.0980015,75.18970448,47.90829704,18.36251719,-3.297169641,66.99169331,HG
-123.4378928,53.00006144,70.4378314,5.24339398,-4.3024881,66.98443135,HG
-122.5732468,46.75682122,75.8164256,5.59E-10,-4.639799455,66.98252704,HG
-122.5732468,46.75682121,75.81642561,-1.28E-09,-4.639799456,66.98252704,HG
-116.1965865,21.88112009,94.31546642,-13.03612593,-6.176649007,66.97526608,HG
-104.726787,-3.876669741,108.6034567,-25.57307054,-8.062607879,66.96800593,HG
-88.71784298,-29.41443094,118.1322739,-37.27128671,-10.20215583,66.96074658,HG
-68.85577489,-53.62281271,122.4785876,-47.0444826,-12.47390091,66.95348805,HG
-45.99379985,-75.44992349,121.4437233,-54.8388781,-14.73944598,66.94623032,HG
-45.16410085,-76.14710102,121.3112019,-55.0775738,-14.81551594,66.94598038,HG
-45.16410084,-76.14710102,121.3112019,-55.0775738,-14.81551594,66.94598038,HG
-20.27490635,-94.49370629,114.7686126,-60.33231408,-16.91530293,66.93872348,HG
5.492569248,-108.6839166,103.1913473,-62.7834224,-18.71295474,66.93146739,HG
31.01352165,-118.0940953,87.08057368,-62.44832232,-20.07638232,66.92421211,HG
55.1618039,-122.2993055,67.13750155,-59.64654759,-20.8931767,66.91695762,HG
73.45956378,-121.7072591,48.24769534,-54.68793805,-21.10435473,66.91092996,HG
73.45956378,-121.7072591,48.24769534,-54.68793805,-21.10435473,66.91092996,HG
92.47265971,-116.1147114,23.64205167,-46.83974339,-20.75473859,66.90367691,HG
107.4573462,-105.4059168,-2.051429424,-37.02680988,-19.73870456,66.89642465,HG
117.7560269,-90.05995713,-27.69606974,-25.60142862,-18.09108903,66.88917315,HG
122.9244275,-70.74186435,-52.1825631,-13.1211143,-15.88419419,66.88192243,HG
122.7413825,-48.2867892,-74.45459327,-0.224091585,-13.22473608,66.87467247,HG
122.7033569,-48.01456739,-74.68878954,-1.50E-09,-13.19155663,66.87458913,HG
122.7033569,-48.01456739,-74.68878955,4.93E-10,-13.19155663,66.87458913,HG
117.0733809,-23.38671622,-93.68666465,13.4668848,-10.20789137,66.86733994,HG
106.3610946,2.307210316,-108.668305,26.04616089,-7.066625159,66.8600915,HG
91.00607954,27.95445912,-118.9605387,37.35597363,-3.927823866,66.85284381,HG
71.68168512,52.44122018,-124.1229053,46.9920551,-0.954011494,66.84559689,HG
49.22245375,74.71097151,-123.9334253,54.54667748,1.706237696,66.83835072,HG
48.1172636,75.66070452,-123.7779681,54.81894921,1.81837814,66.83801477,HG
48.1172636,75.66070452,-123.7779681,54.81894921,1.81837814,66.83801477,HG
23.42456569,94.54560493,-117.9701706,59.96850283,4.009532162,66.8307694,HG
-2.291152282,109.3700974,-107.0789451,62.23818646,5.654393729,66.8235248,HG
-27.91996428,119.4882299,-91.56826564,61.76600623,6.692673823,66.81628097,HG
-52.34835859,124.4632611,-72.11490253,58.61837445,7.103673801,66.80903792,HG
-72.57734793,124.3250075,-51.74765955,53.44414766,6.946569855,66.80246622,HG
-72.57734794,124.3250075,-51.74765954,53.44414766,6.946569855,66.80246622,HG
-91.84862835,119.07869,-27.23006164,44.99302026,6.244182617,66.79522467,HG
-107.1237909,108.6886815,-1.564890654,34.94988654,5.068078406,66.78798391,HG
-117.7587252,93.62455073,24.13417449,22.87218792,3.53373607,66.78074396,HG
-123.2631308,74.51409769,48.74903309,9.742985093,1.76943878,66.7735048,HG
-123.8913985,58.83013057,65.06126794,1.09E-09,0.451596163,66.76831548,HG
-123.8913985,58.83013057,65.06126795,-2.29E-10,0.451596162,66.76831548,HG
-120.2554627,34.87750891,85.37795379,-13.9190742,-1.374289275,66.7610777,HG
-111.3374886,9.438174178,101.8993144,-26.66556395,-3.058422496,66.75384072,HG
-97.5985204,-16.3570811,113.9556015,-38.78831758,-4.491864086,66.74660454,HG
-79.62375046,-41.39172394,121.0154744,-49.2281333,-5.591083661,66.73936916,HG
-58.19235494,-64.58619147,122.7785464,-57.55040324,-6.306297231,66.73213456,HG
-58.17583886,-64.60200962,122.7778485,-57.55801885,-6.306663272,66.73212934,HG
-58.17583886,-64.60200962,122.7778485,-57.55801885,-6.306663272,66.73212934,HG
-34.22441556,-84.89479366,119.1192092,-64.52229485,-6.613261147,66.72489554,HG
-8.800100388,-101.462372,110.2624724,-68.06022578,-6.54296274,66.71766252,HG
16.99391612,-113.5594327,96.56551654,-68.90529859,-6.145578796,66.71043029,HG
42.03787825,-120.6677949,78.62991661,-66.92701299,-5.505567433,66.70319883,HG
65.25175026,-122.4818609,57.23011064,-62.33533727,-4.728076124,66.69596815,HG
69.41969287,-122.1482189,52.72852604,-60.48335805,-4.566711948,66.694561,HG
69.41969287,-122.1482189,52.72852604,-60.48335805,-4.566711948,66.694561,HG
89.14571866,-117.5636403,28.41792166,-52.85176098,-3.781979759,66.68733125,HG
104.9266295,-107.770605,2.843975515,-43.16941852,-3.122366279,66.68010227,HG
116.1377758,-93.24216933,-22.8956065,-31.5402737,-2.703331331,66.67287408,HG
122.2831426,-74.60377019,-47.67937238,-18.80712569,-2.620348787,66.66564666,HG
123.1015499,-52.66304983,-70.43850011,-5.663149531,-2.943103488,66.65842003,HG
122.1600609,-44.74633603,-77.41372483,-1.51E-09,-3.149834527,66.65600398,HG
122.1600609,-44.74633603,-77.41372483,8.84E-11,-3.149834527,66.65600398,HG
115.8115623,-19.89535156,-95.91621073,13.22611603,-4.068982627,66.6487784,HG
104.4317412,5.855944938,-110.2876861,26.08110452,-5.424238475,66.64155362,HG
88.49054366,31.40792242,-119.8984661,37.63257063,-7.169670045,66.63432963,HG
68.68559058,55.64973216,-124.3353227,47.41194849,-9.223203822,66.62710645,HG
45.86079689,77.52467175,-123.3854686,55.19809327,-11.47499771,66.61988407,HG
43.8145501,79.24065645,-123.0552065,55.77991922,-11.67101438,66.61927087,HG
43.8145501,79.24065645,-123.0552065,55.77991922,-11.67101438,66.61927087,HG
18.87788018,97.4723093,-116.3501895,61.26419456,-13.98288849,66.61204936,HG
-6.931628994,111.5157519,-104.5841229,63.10380283,-16.2037964,66.60482866,HG
-32.40643152,120.7414664,-88.33503484,62.75679705,-18.17297067,66.59760875,HG
-56.48263661,124.7676554,-68.28501883,59.88069289,-19.75871547,66.59038965,HG
-74.70966886,124.0311481,-49.32147925,54.49131576,-20.70368276,66.58438828,HG
-74.70966886,124.0311481,-49.32147925,54.49131576,-20.70368276,66.58438828,HG
-93.59710066,118.2455687,-24.64846807,46.60899191,-21.29712249,66.57717063,HG
-108.4332922,107.3726312,1.06066106,36.7379589,-21.24589559,66.56995377,HG
-118.5662451,91.87959354,26.68665158,25.28337062,-20.52309218,66.56273768,HG
-123.5618358,72.43833265,51.12350312,12.85070586,-19.14573613,66.55552237,HG
-123.2048196,49.87542136,73.32939825,0.16260079,-17.1692636,66.54830782,HG
-123.1790596,49.68045378,73.49860585,-1.58E-09,-17.15071072,66.54824857,HG
-123.1790596,49.68045378,73.49860585,-3.60E-09,-17.15071072,66.54824857,HG
-117.3579154,25.02286999,92.33504537,-13.95020475,-14.65400989,66.54103479,HG
-106.4989805,-0.688125855,107.1871064,-26.67616867,-11.78828674,66.53382177,HG
-91.01005404,-26.31364012,117.3236942,-38.01716147,-8.691820124,66.5266095,HG
-71.57649319,-50.74607843,122.3225716,-47.66711305,-5.528785357,66.51939799,HG
-49.03634778,-72.9306543,121.9670021,-55.20466308,-2.462910032,66.51218722,HG
-48.51196794,-73.37850907,121.890477,-55.34265561,-2.398086417,66.51202891,HG
-48.51196794,-73.37850907,121.890477,-55.34265561,-2.398086417,66.51202891,HG
-23.81255612,-92.22787908,116.0404352,-60.58802758,0.402579404,66.50481891,HG
1.905390634,-107.0237827,105.1183921,-62.88301104,2.805014753,66.49760967,HG
27.52845967,-117.1078431,89.57938347,-62.45345,4.697614421,66.4904012,HG
51.94472041,-122.0475889,70.10286844,-59.34830301,6.004107334,66.48319349,HG
73.86441169,-121.6619445,47.79753282,-53.94869186,6.68225272,66.47606822,HG
73.86441169,-121.6619445,47.79753282,-53.94869186,6.68225272,66.47606822,HG
92.79058863,-115.9256256,23.13503693,-45.02720614,6.744088671,66.46886205,HG
107.6877082,-105.1126554,-2.575052832,-34.73605145,6.227843389,66.46165667,HG
117.8829031,-89.66959581,-28.21330732,-22.85909066,5.207044022,66.45445207,HG
122.9408191,-70.27264664,-52.66817248,-10.03126722,3.788786172,66.44724826,HG
123.2759352,-55.14165153,-68.13428362,-1.00E-09,2.65288952,66.44232231,HG
123.2759352,-55.14165153,-68.13428362,1.30E-10,2.65288952,66.44232231,HG
119.3303799,-31.07006765,-88.26031223,13.47599395,0.859954151,66.43511984,HG
110.1363521,-5.582003912,-104.5543482,26.31559133,-0.969101798,66.42791818,HG
96.14611984,20.20136305,-116.3474829,38.33384662,-2.699087345,66.42071731,HG
77.95914231,45.16263811,-123.1217804,48.67475832,-4.212259103,66.41351723,HG
58.70349008,65.94871271,-124.6522028,56.81193404,-5.303651132,66.40705511,HG
58.70349008,65.94871271,-124.6522028,56.81193404,-5.303651132,66.40705511,HG
34.85371077,86.43847987,-121.2921906,63.14192281,-6.174048441,66.39985654,HG
9.474085907,103.2007114,-112.6747973,66.90373937,-6.640447726,66.39265875,HG
-16.32904522,115.5296343,-99.20058908,67.87169111,-6.712370124,66.38546175,HG
-41.43594963,122.8883406,-81.45239095,66.02201703,-6.430284411,66.37826553,HG
-64.73701115,124.9403579,-60.20334675,61.6569097,-5.864702913,66.37107009,HG
-68.58523408,124.7385671,-56.15333301,60.52257328,-5.742410084,66.36980711,HG
-68.58523408,124.7385671,-56.15333301,60.52257328,-5.742410084,66.36980711,HG
-88.50219961,120.4820821,-31.97988247,52.70995868,-4.973239448,66.36261258,HG
-104.5765814,111.0305935,-6.454012168,42.96582169,-4.155921802,66.35541881,HG
-116.1125503,96.80324442,19.30930584,31.45622672,-3.414453788,66.34822582,HG
-122.6110622,78.41845183,44.1926104,18.77216192,-2.867717781,66.3410336,HG
-123.7936259,56.6719994,67.12162649,5.613148423,-2.62044258,66.33384216,HG
-122.9949253,49.40303195,73.59189333,1.66E-10,-2.620057402,66.33161944,HG
-122.9949253,49.40303195,73.59189333,-1.50E-09,-2.620057402,66.33161944,HG
-117.200796,24.69515404,92.50564193,-13.11121652,-2.88443819,66.32442902,HG
-106.2612794,-1.018224226,107.2795037,-25.6347991,-3.593802784,66.31723938,HG
-90.7182324,-26.63459092,117.3528233,-37.42669977,-4.751483334,66.31005053,HG
-71.23770045,-51.04083476,122.2785352,-47.3584912,-6.3260247,66.30286247,HG
-48.66999317,-73.15840085,121.828394,-55.45204678,-8.248180482,66.29567521,HG
-43.76402555,-77.31505909,121.0790846,-56.98095327,-8.676216487,66.29420911,HG
-43.76402555,-77.3150591,121.0790846,-56.98095327,-8.676216488,66.29420911,HG
-18.76689724,-95.45062674,114.217524,-61.63931297,-10.88643939,66.28702281,HG
7.014348119,-109.3643398,102.3499916,-63.8058907,-13.18753485,66.27983732,HG
32.48330435,-118.4680367,85.98473235,-63.15911981,-15.43843688,66.27265262,HG
56.53120428,-122.3662545,65.83505023,-59.83548798,-17.48932225,66.26546872,HG
75.5008869,-121.3417513,45.84086438,-54.75538592,-18.99445114,66.25920067,HG
75.50088691,-121.3417513,45.84086438,-54.75538592,-18.99445114,66.25920067,HG
94.1684332,-115.2282519,21.05981871,-46.32894604,-20.29836434,66.25201826,HG
108.6991301,-104.0209496,-4.678180459,-36.25467502,-21.03155773,66.24483664,HG
118.4932728,-88.23763942,-30.25563337,-24.54556588,-21.12867158,66.2376558,HG
123.1221565,-68.56022106,-54.56193545,-11.90001774,-20.55375321,66.23047574,HG
122.7167352,-48.49649289,-74.2202423,-9.58E-10,-19.47924469,66.2240988,HG
122.7167352,-48.49649289,-74.2202423,8.29E-11,-19.47924469,66.2240988,HG
117.2260317,-23.91459748,-93.31143422,13.54534915,-17.68404579,66.21692019,HG
106.6156916,1.768034647,-108.3837262,26.14037543,-15.34337738,66.20974233,HG
91.35566351,27.42610829,-118.7817718,37.60597714,-12.57590831,66.20256523,HG
72.10886737,51.94748276,-124.0563501,47.36957616,-9.52465472,66.19538888,HG
49.70779862,74.27431094,-123.9821096,55.05700182,-6.349121583,66.18821327,HG
48.64719037,75.18983276,-123.8370231,55.37358836,-6.206722654,66.18789331,HG
48.64719037,75.18983276,-123.8370231,55.37358836,-6.206722654,66.18789331,HG
23.99435672,94.15597447,-118.1503312,60.76983299,-3.080681904,66.18071849,HG
-1.708207871,109.080038,-107.3718302,63.22567529,-0.17016617,66.17354441,HG
-27.34969482,119.3103068,-91.96061199,62.93637778,2.37918067,66.16637109,HG
-51.81606951,124.405368,-72.58929849,59.95366123,4.445697632,66.15919852,HG
-74.05143613,124.1465061,-50.09506992,54.60321021,5.941287236,66.15202672,HG
-74.60700165,124.054245,-49.44724333,54.16814539,5.971876135,66.15183133,HG
-74.60700166,124.054245,-49.44724332,54.16814539,5.971876135,66.15183133,HG
-93.5143299,118.2769513,-24.76262138,45.57589611,6.822913446,66.14466031,HG
-108.3810633,107.4227777,0.958285642,35.11735524,7.043184757,66.13749006,HG
-118.5291356,91.92701583,26.60211979,23.34569138,6.6588017,66.13032059,HG
-123.5111536,72.46527469,51.04587891,10.68583195,5.738793184,66.12315191,HG
-123.7468812,56.17138783,67.57549333,-5.31E-09,4.785577756,66.11788336,HG
-123.7468812,56.17138783,67.57549333,-6.68E-09,4.785577756,66.11788336,HG
-119.4916573,31.99291614,87.49874115,-13.59094021,3.203614285,66.11071604,HG
-109.9933063,6.454110048,103.5391963,-26.24539076,1.410798048,66.10354952,HG
-95.73150891,-19.31217415,115.0436831,-38.1365802,-0.445397387,66.09638379,HG
-77.3150732,-44.18971646,121.5047897,-48.3146463,-2.22800672,66.08921886,HG
-59.31956469,-63.47211541,122.7916801,-55.93510604,-3.566101524,66.08323564,HG
-59.31956468,-63.47211541,122.7916801,-55.93510604,-3.566101524,66.08323564,HG
-35.47764579,-83.97479829,119.4524441,-62.0806842,-4.909787599,66.07607216,HG
-10.09880616,-100.7475466,110.8463528,-65.82872892,-5.890507759,66.06890947,HG
15.70525501,-113.088979,97.38372403,-66.76926317,-6.471544586,66.06174756,HG
40.81571103,-120.4605432,79.64483218,-64.8952589,-6.648558194,66.05458643,HG
64.1233921,-122.5265197,58.40312756,-60.52252174,-6.451723392,66.04742607,HG
66.38148276,-122.4302784,56.04879563,-59.84043702,-6.41270752,66.04669273,HG
66.38148277,-122.4302784,56.04879563,-59.84043702,-6.41270752,66.04669273,HG
86.56835592,-118.5870829,32.01872702,-52.71778737,-5.88596712,66.03953323,HG
102.9217094,-109.5020341,6.580324723,-43.07196766,-5.153188706,66.0323745,HG
114.8482964,-95.61738087,-19.23091548,-31.13833374,-4.336330184,66.02521653,HG
121.7340226,-77.51769792,-44.21632464,-18.41896405,-3.555445989,66.01805934,HG
123.3104209,-55.99541598,-67.31500495,-5.01744182,-2.93457649,66.01090291,HG
122.5537994,-47.75579673,-74.79800271,-2.42E-09,-2.775238198,66.0083826,HG
122.5537994,-47.75579673,-74.79800271,-1.00E-09,-2.775238198,66.0083826,HG
116.9054481,-23.10843931,-93.7970088,13.61434377,-2.544755389,66.00122722,HG
106.1287255,2.589332768,-108.7180583,26.37202017,-2.703698831,65.99407261,HG
90.7247784,28.22733713,-118.9521155,38.08052276,-3.302503058,65.98691878,HG
71.35933049,52.69019889,-124.0495294,48.05819249,-4.356855815,65.97976573,HG
48.87627125,74.89785731,-123.7741286,56.1309846,-5.844071099,65.97261348,HG
44.21173951,78.84727287,-123.0590124,57.42091582,-6.180281748,65.97122396,HG
44.21173951,78.84727288,-123.0590124,57.42091583,-6.180281748,65.97122396,HG
19.27864692,97.18374015,-116.4623871,62.18889248,-8.106325776,65.96407264,HG
-6.491564826,111.2807872,-104.7892224,64.51692639,-10.28782539,65.95692213,HG
-31.99690376,120.5984003,-88.60149658,63.9191924,-12.60198254,65.9497724,HG
-56.12539839,124.720028,-68.59462965,60.6309979,-14.90477719,65.94262348,HG
-77.83717962,123.4719996,-45.63482001,54.8597581,-17.04699933,65.93547535,HG
-78.24977723,123.3898032,-45.14002601,54.64665127,-17.0881312,65.93532903,HG
-78.24977723,123.3898032,-45.14002601,54.64665127,-17.0881312,65.93532903,HG
-96.47926302,116.6813312,-20.20206819,45.82714455,-18.90446844,65.92818171,HG
-110.5419096,104.9694403,5.572469374,35.4014781,-20.27602481,65.92103518,HG
-119.8046375,88.73745112,31.06718643,23.49826598,-21.08824304,65.91388944,HG
-123.8720678,68.69670506,55.17536276,10.68119153,-21.26497887,65.90674447,HG
-123.3315886,51.4096814,71.92190717,-4.66E-10,-20.93851973,65.9013069,HG
-123.3315886,51.4096814,71.92190717,-1.58E-09,-20.93851973,65.9013069,HG
-117.9762895,26.86616024,91.11012925,-13.25348284,-19.92815727,65.8941633,HG
-107.4693106,1.195245171,106.2740654,-25.96724128,-18.2653486,65.88702045,HG
-92.30438523,-24.47475912,116.7791444,-37.53927062,-16.03411966,65.87987836,HG
-73.13547656,-49.03142175,122.1668983,-47.38848888,-13.34390578,65.87273703,HG
-50.79291228,-71.41498969,122.207902,-55.15522373,-10.33387803,65.86559643,HG
-49.69247523,-72.37052928,122.0630045,-55.52877755,-10.18760282,65.8652653,HG
-49.69247523,-72.37052929,122.0630045,-55.52877755,-10.18760282,65.8652653,HG
-25.07182025,-91.40890118,116.4807214,-61.06408723,-7.012028745,65.85812549,HG
0.61964093,-106.4187013,105.7990604,-63.62102304,-3.854378554,65.85098642,HG
26.2721292,-116.7458989,90.47376973,-63.42224854,-0.87864397,65.8438481,HG
50.7709657,-121.9450117,71.17404604,-60.50589793,1.762989118,65.83671052,HG
73.05936852,-121.7940013,48.73463278,-55.17797874,3.943161403,65.82957369,HG
74.0888432,-121.623517,47.53467384,-54.45887662,4.036304849,65.82921397,HG
74.0888432,-121.623517,47.53467383,-54.45887661,4.036304849,65.82921397,HG
92.99167106,-115.8333374,22.84166629,-46.19899457,5.624265032,65.82207793,HG
107.8279146,-104.9557042,-2.87221044,-35.99154711,6.58975657,65.81494266,HG
117.9605281,-89.45734326,-28.50318481,-24.21241647,6.917938019,65.80780816,HG
122.9503718,-70.01404329,-52.93632849,-11.49221861,6.634287286,65.80067443,HG
122.9810216,-51.29436779,-71.68665383,4.95E-10,5.968069272,65.79470075,HG
122.9810216,-51.29436779,-71.68665383,1.46E-09,5.968069272,65.79470075,HG
118.1293358,-26.91020468,-91.21913115,13.62523026,4.751428427,65.78756846,HG
108.1057433,-1.293952248,-106.8117911,26.46258804,3.182214412,65.78043695,HG
93.36835092,24.43112118,-117.7994721,38.20171099,1.399136095,65.77330623,HG
74.5549789,49.14970846,-123.7046874,48.2052666,-0.455406333,65.7661763,HG
58.48293416,66.15403852,-124.6369727,54.88450642,-1.791596906,65.7609026,HG
58.48293416,66.15403853,-124.6369727,54.88450642,-1.791596906,65.7609026,HG
34.61462776,86.59456389,-121.2091916,60.94988575,-3.444016082,65.75377404,HG
9.225554982,103.3282786,-112.5538336,64.7030978,-4.825511416,65.74664628,HG
-16.578714,115.620914,-99.04220004,65.5944693,-5.855015363,65.73951929,HG
-41.66679931,122.9254546,-81.25865529,63.90332969,-6.484653064,65.73239309,HG
-64.95749046,124.9407231,-59.98323259,59.13166672,-6.708150069,65.72526766,HG
-66.19277986,124.8940291,-58.70124929,58.87115411,-6.709127965,65.72486781,HG
-66.19277986,124.8940291,-58.70124929,58.87115411,-6.709127965,65.72486781,HG
-86.49921535,121.2299741,-34.73075879,51.3956537,-6.535638005,65.7177432,HG
-103.0381458,112.3409194,-9.302773597,41.86933302,-6.049036552,65.71061936,HG
-115.1090628,98.61853338,16.49052947,30.54927312,-5.343577709,65.70349628,HG
-122.1874437,80.66042153,41.52702222,18.0041688,-4.532125668,65.69637397,HG
-123.9704542,59.24332074,64.72713345,4.863030063,-3.738282554,65.68925243,HG
-123.4612895,53.13320328,70.32808618,2.28E-09,-3.545871716,65.68737569,HG
-123.4612895,53.13320327,70.32808619,5.99E-10,-3.545871716,65.68737569,HG
-118.502564,28.67838334,89.8241807,-13.15845648,-2.951962175,65.68025511,HG
-108.3347086,3.055260185,105.2794484,-25.85894755,-2.642428778,65.6731353,HG
-93.47554803,-22.65255558,116.1281036,-37.69369084,-2.705917884,65.66601626,HG
-74.56046682,-47.32092528,121.8813921,-47.85242351,-3.201699825,65.65889799,HG
-52.41024704,-69.88632736,122.2965744,-55.93665293,-4.153850259,65.6517805,HG
-44.81568283,-76.47011413,121.285797,-58.31176761,-4.552953416,65.64951262,HG
-44.81568283,-76.47011413,121.285797,-58.31176761,-4.552953416,65.64951262,HG
-19.88173654,-94.74881438,114.6305509,-63.03124154,-6.081021292,65.64239616,HG
5.889189622,-108.8555643,102.9663747,-65.28252969,-7.973084487,65.6352805,HG
31.39447163,-118.1709545,86.7764829,-64.65635811,-10.13370871,65.62816562,HG
55.52514623,-122.2938701,66.76872383,-61.36630469,-12.43829702,65.62105153,HG
77.24234324,-121.0454983,43.80315504,-55.67508546,-14.74578444,65.61393824,HG
78.49625606,-120.7878052,42.29154916,-54.94418033,-14.88644703,65.61349388,HG
78.49625606,-120.7878052,42.29154916,-54.94418033,-14.88644703,65.61349388,HG
96.55920672,-113.8585552,17.29934848,-45.98331312,-17.01940389,65.60638143,HG
110.4320712,-101.9452159,-8.486855388,-35.43523692,-18.84509276,65.59926977,HG
119.482814,-85.53761096,-33.94520299,-23.43508249,-20.22312862,65.5921589,HG
123.3264236,-65.3546496,-57.97177403,-10.5463039,-21.04381343,65.58504881,HG
122.6749837,-48.51429325,-74.16069042,8.64E-10,-21.23455214,65.57979609,HG
122.6749837,-48.51429324,-74.16069042,1.97E-09,-21.23455214,65.57979609,HG
117.2199628,-23.93779202,-93.28217082,13.44234316,-20.92360838,65.57268734,HG
106.6148716,1.74372042,-108.358592,26.00986128,-19.92134301,65.56557936,HG
91.36428618,27.40210549,-118.7663917,37.61048157,-18.27168983,65.55847213,HG
72.12428807,51.92545077,-124.0497388,47.47010552,-16.0470319,65.55136566,HG
49.72829608,74.25574275,-123.9840388,55.22261335,-13.35794729,65.54425993,HG
49.0610709,74.8419633,-123.9030342,55.46319886,-13.27660463,65.54405996,HG
49.0610709,74.8419633,-123.9030342,55.46319886,-13.27660463,65.54405996,HG
24.43981056,93.85839595,-118.2982065,61.16455593,-10.25147398,65.536955,HG
-1.252037268,108.8627874,-107.6107501,63.7795564,-7.070362362,65.52985078,HG
-26.90267997,119.1808766,-92.27819664,63.66318849,-3.899030375,65.52274729,HG
-51.39834458,124.3710591,-72.97271448,60.82134182,-0.905255957,65.51564455,HG
-73.68222143,124.2106481,-50.5284267,55.55580924,1.758246492,65.50854255,HG
-74.72149743,124.038056,-49.31655858,54.84827902,1.880330388,65.50818081,HG
-74.72149743,124.038056,-49.31655858,54.84827901,1.880330389,65.50818081,HG
-93.61606968,118.2370833,-24.62101363,46.64876361,4.0534281,65.50107959,HG
-108.4424822,107.3490103,1.093471902,36.48247307,5.659038754,65.49397913,HG
-118.5639802,91.84157911,26.72240112,24.74247203,6.640240941,65.48687942,HG
-123.542032,72.3912638,51.1507682,12.04319046,6.980111242,65.47978048,HG
-123.411691,52.06731515,71.34437584,-4.51E-10,6.752174161,65.47335195,HG
-123.411691,52.06731515,71.34437584,-1.42E-09,6.75217416,65.47335195,HG
-118.1778679,27.55313165,90.62473626,-14.04715238,5.969970701,65.46625448,HG
-107.8020373,1.890868919,105.9111684,-26.40954252,4.720108401,65.45915778,HG
-92.74784139,-23.809133,116.5569744,-38.06195226,3.124764518,65.45206188,HG
-73.64611265,-48.42722645,122.0733391,-48.11346608,1.319736393,65.44496675,HG
-57.96041199,-64.75095489,122.7113669,-53.92386507,-0.012333033,65.4398786,HG
-57.96041199,-64.75095489,122.7113669,-53.92386507,-0.012333033,65.4398786,HG
-34.01235842,-85.07259866,119.0849571,-60.48682759,-1.833567202,65.43278482,HG
-8.575171353,-101.602426,110.1775974,-63.82971992,-3.483228709,65.42569184,HG
17.22026581,-113.66805,96.44778418,-64.59320847,-4.85398473,65.41859963,HG
42.2571834,-120.7377228,78.48053943,-62.52215623,-5.866155117,65.41150821,HG
64.9854122,-122.5055491,57.52013695,-58.10448365,-6.463798286,65.40456053,HG
64.9854122,-122.5055491,57.52013695,-58.10448365,-6.463798286,65.40456053,HG
85.38113949,-118.9906597,33.60952016,-50.15101791,-6.669355587,65.39747064,HG
102.0508547,-110.2606875,8.20983279,-40.93597168,-6.494911893,65.39038152,HG
114.2566404,-96.66071307,-17.59592728,-29.63020287,-6.001307077,65.38329317,HG
121.4751026,-78.80108477,-42.67401782,-17.10726417,-5.28406438,65.37620557,HG
123.3771757,-57.44759452,-65.92958116,-3.748605409,-4.456244743,65.36911874,HG
122.9926706,-51.51575187,-71.47691877,2.96E-09,-4.241454623,65.36729165,HG
122.9926706,-51.51575186,-71.47691877,4.41E-09,-4.241454623,65.36729165,HG
118.1771436,-27.13626195,-91.04088164,13.6807218,-3.457313889,65.36020578,HG
108.1853325,-1.533104222,-106.6522283,26.53092814,-2.846295858,65.35312066,HG
93.47653103,24.1894877,-117.6660187,38.3859123,-2.521287864,65.34603631,HG
74.68794218,48.91170407,-123.5996463,48.5924142,-2.572485847,65.33895273,HG
52.63340135,71.56639025,-124.1997916,56.74016563,-3.060217645,65.33186991,HG
44.94312819,78.28458945,-123.2277176,59.13355897,-3.317669532,65.32957826,HG
44.94312819,78.28458945,-123.2277176,59.13355897,-3.317669532,65.32957826,HG
20.05225809,96.67442367,-116.7266818,63.99511906,-4.417310957,65.32249647,HG
-5.710526213,110.9143429,-105.2038167,66.12621265,-5.950505636,65.31541546,HG
-31.23971256,120.3778749,-89.1381623,65.50065887,-7.854382018,65.30833524,HG
-55.42616925,124.6587208,-69.23255159,62.21676327,-10.03041068,65.3012558,HG
-77.22937799,123.5731696,-46.34379162,56.55405221,-12.35460141,65.29417716,HG
-79.21704733,123.170506,-43.95345864,55.40831778,-12.58700895,65.29347751,HG
-79.21704733,123.170506,-43.95345864,55.40831778,-12.58700895,65.29347751,HG
-97.25595939,116.1981681,-18.94220873,46.51577559,-14.89877898,65.28639973,HG
-111.0974016,104.2522861,6.845115464,35.86740189,-17.04329685,65.27932274,HG
-120.1133978,87.81530187,32.29809594,23.79450304,-18.86761387,65.27224653,HG
-123.9202495,67.60895153,56.31129797,10.84893561,-20.2369993,65.26517111,HG
-123.1865398,50.29248504,72.89405473,2.43E-10,-20.89426148,65.25980591,HG
-123.1865398,50.29248504,72.89405473,-8.28E-10,-20.89426148,65.25980591,HG
-117.5894225,25.67294806,91.91647447,-13.33733781,-21.21625377,65.25273185,HG
-106.8555637,-0.022323287,106.877887,-26.13300684,-20.85077391,65.24565855,HG
-91.49043222,-25.66483051,117.1552627,-37.76293515,-19.80014789,65.23858602,HG
-72.15594177,-50.14316307,122.2991048,-47.63161167,-18.09958963,65.23151424,HG
-49.9489825,-72.17034045,122.119323,-55.31768253,-15.85441844,65.22452082,HG
-49.9489825,-72.17034045,122.119323,-55.31768253,-15.85441844,65.22452082,HG
-25.35389997,-91.2315573,116.5854573,-61.18893903,-13.12323489,65.21745052,HG
0.331032235,-106.2911804,105.9601481,-63.89349271,-10.07926223,65.21038096,HG
25.98829674,-116.6712319,90.68293515,-63.88055935,-6.881641096,65.20331214,HG
50.50447422,-121.9270036,71.42252936,-61.1253369,-3.702304855,65.19624405,HG
72.82081101,-121.8321725,49.01136151,-55.92680563,-0.708679401,65.1891767,HG
73.93491463,-121.6531134,47.7181988,-55.19724605,-0.555795419,65.18879167,HG
73.93491463,-121.6531134,47.7181988,-55.19724605,-0.555795418,65.18879167,HG
92.86401328,-115.9019234,23.03791014,-47.08609136,2.073166042,65.1817251,HG
107.7292541,-105.0576116,-2.671642444,-37.00470804,4.221033128,65.17465927,HG
117.8951276,-89.58882775,-28.3062999,-25.33538415,5.794541359,65.16759419,HG
122.9203934,-70.16960126,-52.75079216,-12.701644,6.737086312,65.16052986,HG
122.6345789,-48.02773728,-74.60684159,4.39E-10,7.034340424,65.15358203,HG
122.6345789,-48.02773728,-74.60684159,1.31E-09,7.034340424,65.15358203,HG
117.0135457,-23.39781797,-93.6157277,13.97757134,6.719167935,65.14651922,HG
106.3064179,2.300998895,-108.6074168,26.6919558,5.854277514,65.13945718,HG
90.95619775,27.95298485,-118.9091826,38.16739763,4.536423078,65.13239591,HG
71.63556426,52.44473407,-124.0802983,47.88067335,2.891636944,65.12533543,HG
56.94388738,67.56819403,-124.5120814,53.839407,1.68212174,65.12062969,HG
56.94388738,67.56819403,-124.5120814,53.839407,1.682121739,65.12062969,HG
32.94762375,87.82880776,-120.7764315,59.66908133,-0.191653967,65.11357051,HG
7.49387552,104.2836018,-111.7774774,63.07774229,-2.01014258,65.10651211,HG
-18.2985686,116.262067,-97.96349841,63.74456265,-3.644552217,65.09945449,HG
-43.31165621,123.2373345,-79.92567826,61.61536102,-4.988306846,65.09239765,HG
-65.19076352,124.9325527,-59.74178921,57.3583901,-5.916505385,65.08574204,HG
-65.19076352,124.9325527,-59.74178921,57.3583901,-5.916505385,65.08574204,HG
,,,,,,
,,,,,,
,,,,,,
,,,,,,
,,,,,,
,,,,,,
,,,,,,
,,,,,,
,,,,,,
,,,,,,
,,,,,,
,,,,,,
,,,,,,
,,,,,,
,,,,,,
,,,,,,
,,,,,,
,,,,,,
,,,,,,
,,,,,,
,,,,,,
,,,,,,
,,,,,,
,,,,,,
,,,,,,
,,,,,,
,,,,,,
,,,,,,
,,,,,,
,,,,,,
,,,,,,
,,,,,,
,,,,,,
,,,,,,
,,,,,,
,,,,,,
,,,,,,
,,,,,,
,,,,,,
,,,,,,
,,,,,,
,,,,,,
,,,,,,
,,,,,,
,,,,,,
,,,,,,
,,,,,,
,,,,,,
,,,,,,
,,,,,,
,,,,,,
,,,,,,
,,,,,,
,,,,,,
,,,,,,
,,,,,,
,,,,,,
,,,,,,
,,,,,,
,,,,,,
,,,,,,
,,,,,,
,,,,,,
,,,,,,
,,,,,,
,,,,,,
,,,,,,
,,,,,,
,,,,,,
,,,,,,
,,,,,,
,,,,,,
,,,,,,
,,,,,,
,,,,,,
,,,,,,
,,,,,,
,,,,,,
,,,,,,
,,,,,,
,,,,,,
,,,,,,
,,,,,,
,,,,,,
,,,,,,
,,,,,,
,,,,,,
,,,,,,
,,,,,,
,,,,,,
,,,,,,
,,,,,,
,,,,,,
,,,,,,
,,,,,,
,,,,,,
,,,,,,
,,,,,,
,,,,,,
,,,,,,
,,,,,,
,,,,,,
,,,,,,
,,,,,,
,,,,,,
,,,,,,
,,,,,,
,,,,,,
,,,,,,
,,,,,,
,,,,,,
,,,,,,
,,,,,,
,,,,,,
,,,,,,
,,,,,,
,,,,,,
,,,,,,
,,,,,,
,,,,,,
,,,,,,
,,,,,,
,,,,,,
,,,,,,
,,,,,,
,,,,,,
,,,,,,
,,,,,,
,,,,,,
,,,,,,
,,,,,,
,,,,,,
,,,,,,
,,,,,,
,,,,,,
,,,,,,
,,,,,,
,,,,,,
,,,,,,
,,,,,,
,,,,,,
,,,,,,
,,,,,,
,,,,,,
,,,,,,
,,,,,,
,,,,,,
,,,,,,
,,,,,,
,,,,,,
,,,,,,
,,,,,,
,,,,,,
,,,,,,
,,,,,,
,,,,,,
,,,,,,
,,,,,,
,,,,,,
,,,,,,
,,,,,,
,,,,,,
,,,,,,
,,,,,,
,,,,,,
,,,,,,
,,,,,,
,,,,,,
,,,,,,
,,,,,,
,,,,,,
,,,,,,
,,,,,,
,,,,,,
,,,,,,
,,,,,,
,,,,,,
,,,,,,
,,,,,,
,,,,,,
,,,,,,
,,,,,,
,,,,,,
,,,,,,
,,,,,,
,,,,,,
,,,,,,
,,,,,,
,,,,,,
,,,,,,
,,,,,,
,,,,,,
,,,,,,
,,,,,,
,,,,,,
,,,,,,
,,,,,,
,,,,,,
,,,,,,
,,,,,,
,,,,,,
,,,,,,
,,,,,,
,,,,,,
,,,,,,
,,,,,,
,,,,,,
,,,,,,
,,,,,,
,,,,,,
,,,,,,
,,,,,,
,,,,,,
,,,,,,
,,,,,,
,,,,,,
,,,,,,
,,,,,,
,,,,,,
,,,,,,
,,,,,,
,,,,,,
,,,,,,
,,,,,,
,,,,,,
,,,,,,
,,,,,,
,,,,,,
,,,,,,
,,,,,,
,,,,,,
,,,,,,
,,,,,,
,,,,,,
,,,,,,
,,,,,,
,,,,,,
,,,,,,
,,,,,,
,,,,,,
,,,,,,
,,,,,,
,,,,,,
,,,,,,
,,,,,,
,,,,,,
,,,,,,
,,,,,,
,,,,,,
,,,,,,
,,,,,,
,,,,,,
,,,,,,
,,,,,,
,,,,,,
,,,,,,
,,,,,,
,,,,,,
,,,,,,
,,,,,,
,,,,,,
,,,,,,
,,,,,,
,,,,,,
,,,,,,
,,,,,,
,,,,,,
,,,,,,
,,,,,,
,,,,,,
,,,,,,
,,,,,,
,,,,,,
,,,,,,
,,,,,,
,,,,,,
,,,,,,
,,,,,,
,,,,,,
,,,,,,
,,,,,,
,,,,,,
,,,,,,
,,,,,,
,,,,,,
,,,,,,
,,,,,,
,,,,,,
,,,,,,
,,,,,,
,,,,,,
,,,,,,
,,,,,,
,,,,,,
,,,,,,
,,,,,,
,,,,,,
,,,,,,
,,,,,,
,,,,,,
,,,,,,
,,,,,,
,,,,,,
,,,,,,
,,,,,,
,,,,,,
,,,,,,
,,,,,,
,,,,,,
,,,,,,
,,,,,,
,,,,,,
,,,,,,
,,,,,,
,,,,,,
,,,,,,
,,,,,,
,,,,,,
,,,,,,
,,,,,,
,,,,,,
,,,,,,
,,,,,,
,,,,,,
,,,,,,
,,,,,,
,,,,,,
,,,,,,
,,,,,,
,,,,,,
,,,,,,
,,,,,,
,,,,,,
,,,,,,
,,,,,,
,,,,,,
,,,,,,
,,,,,,
,,,,,,
,,,,,,
,,,,,,
,,,,,,
,,,,,,
,,,,,,
,,,,,,
,,,,,,
,,,,,,
,,,,,,
,,,,,,
,,,,,,
,,,,,,
,,,,,,
,,,,,,
,,,,,,
,,,,,,
,,,,,,
,,,,,,
,,,,,,
,,,,,,
,,,,,,
,,,,,,
,,,,,,
,,,,,,
,,,,,,
,,,,,,
,,,,,,
,,,,,,
,,,,,,
,,,,,,
,,,,,,
,,,,,,
,,,,,,
,,,,,,
,,,,,,
,,,,,,
,,,,,,
,,,,,,
,,,,,,
,,,,,,
,,,,,,
,,,,,,
,,,,,,
,,,,,,
,,,,,,
,,,,,,
,,,,,,
,,,,,,
,,,,,,
,,,,,,
,,,,,,
,,,,,,
,,,,,,
,,,,,,
,,,,,,
,,,,,,
,,,,,,
,,,,,,
,,,,,,
,,,,,,
,,,,,,
,,,,,,
,,,,,,
,,,,,,
,,,,,,
,,,,,,
,,,,,,
,,,,,,
,,,,,,
,,,,,,
,,,,,,
,,,,,,
,,,,,,
,,,,,,
,,,,,,
,,,,,,
,,,,,,
,,,,,,
,,,,,,
,,,,,,
,,,,,,
,,,,,,
,,,,,,
,,,,,,
,,,,,,
,,,,,,
,,,,,,
,,,,,,
,,,,,,
,,,,,,
,,,,,,
,,,,,,
,,,,,,
,,,,,,
,,,,,,
,,,,,,
,,,,,,
,,,,,,
,,,,,,
,,,,,,
,,,,,,
,,,,,,
,,,,,,
,,,,,,
,,,,,,
,,,,,,
,,,,,,
,,,,,,
,,,,,,
,,,,,,
,,,,,,
,,,,,,
,,,,,,
,,,,,,
,,,,,,
,,,,,,
,,,,,,
,,,,,,
,,,,,,
,,,,,,
,,,,,,
,,,,,,
,,,,,,
,,,,,,
,,,,,,
,,,,,,
,,,,,,
,,,,,,
,,,,,,
,,,,,,
,,,,,,
,,,,,,
,,,,,,
,,,,,,
,,,,,,
,,,,,,
,,,,,,
,,,,,,
,,,,,,
,,,,,,
,,,,,,
,,,,,,
,,,,,,
,,,,,,
,,,,,,
,,,,,,
,,,,,,
,,,,,,
,,,,,,
,,,,,,
,,,,,,
,,,,,,
,,,,,,
,,,,,,
,,,,,,
,,,,,,
,,,,,,
,,,,,,
,,,,,,
,,,,,,
,,,,,,
,,,,,,
,,,,,,
,,,,,,
,,,,,,
,,,,,,
,,,,,,
,,,,,,
,,,,,,
,,,,,,
,,,,,,
,,,,,,
,,,,,,
,,,,,,
,,,,,,
,,,,,,
,,,,,,
,,,,,,
,,,,,,
,,,,,,
,,,,,,
,,,,,,
,,,,,,
,,,,,,
,,,,,,
,,,,,,
,,,,,,
,,,,,,
,,,,,,
,,,,,,
,,,,,,
,,,,,,
,,,,,,
,,,,,,
,,,,,,
,,,,,,
,,,,,,
,,,,,,
,,,,,,
,,,,,,
,,,,,,
,,,,,,
,,,,,,
,,,,,,
,,,,,,
,,,,,,
,,,,,,
,,,,,,
,,,,,,
,,,,,,
,,,,,,
,,,,,,
,,,,,,
,,,,,,
,,,,,,
,,,,,,
,,,,,,
,,,,,,
,,,,,,
,,,,,,
,,,,,,
,,,,,,
,,,,,,
,,,,,,
,,,,,,
,,,,,,
,,,,,,
,,,,,,
,,,,,,
,,,,,,
,,,,,,
,,,,,,
,,,,,,
,,,,,,
,,,,,,
,,,,,,
,,,,,,
,,,,,,
,,,,,,
,,,,,,
,,,,,,
,,,,,,
,,,,,,
,,,,,,
,,,,,,
,,,,,,
,,,,,,
,,,,,,
,,,,,,
,,,,,,
,,,,,,
,,,,,,
,,,,,,
,,,,,,
,,,,,,
,,,,,,
,,,,,,
,,,,,,
,,,,,,
,,,,,,
,,,,,,
,,,,,,
,,,,,,
,,,,,,
,,,,,,
,,,,,,
,,,,,,
,,,,,,
,,,,,,
,,,,,,
,,,,,,
,,,,,,
,,,,,,
,,,,,,
,,,,,,
,,,,,,
,,,,,,
,,,,,,
,,,,,,
,,,,,,
,,,,,,
,,,,,,
,,,,,,
,,,,,,
,,,,,,
,,,,,,
,,,,,,
,,,,,,
,,,,,,
,,,,,,
,,,,,,
,,,,,,
,,,,,,
,,,,,,
,,,,,,
,,,,,,
,,,,,,
,,,,,,
,,,,,,
,,,,,,
,,,,,,
,,,,,,
,,,,,,
,,,,,,
,,,,,,
,,,,,,
,,,,,,
,,,,,,
,,,,,,
,,,,,,
,,,,,,
,,,,,,
,,,,,,
,,,,,,
,,,,,,
,,,,,,
,,,,,,
,,,,,,
,,,,,,
,,,,,,
,,,,,,
,,,,,,
,,,,,,
,,,,,,
,,,,,,
,,,,,,
,,,,,,
,,,,,,
,,,,,,
,,,,,,
,,,,,,
,,,,,,
,,,,,,
,,,,,,
,,,,,,
,,,,,,
,,,,,,
,,,,,,
,,,,,,
,,,,,,
,,,,,,
,,,,,,
,,,,,,
,,,,,,
,,,,,,
,,,,,,
,,,,,,
,,,,,,
,,,,,,
,,,,,,
,,,,,,
,,,,,,
,,,,,,
,,,,,,
,,,,,,
,,,,,,
,,,,,,
,,,,,,
,,,,,,
,,,,,,
,,,,,,
,,,,,,
,,,,,,
,,,,,,
,,,,,,
,,,,,,
,,,,,,
,,,,,,
,,,,,,
,,,,,,
,,,,,,
,,,,,,
,,,,,,
,,,,,,
,,,,,,
,,,,,,
,,,,,,
,,,,,,
,,,,,,
,,,,,,
,,,,,,
,,,,,,
,,,,,,
,,,,,,
,,,,,,
,,,,,,
,,,,,,
,,,,,,
,,,,,,
,,,,,,
,,,,,,
,,,,,,
,,,,,,
,,,,,,
,,,,,,
,,,,,,
,,,,,,
,,,,,,
,,,,,,
,,,,,,
,,,,,,
,,,,,,
,,,,,,
,,,,,,
,,,,,,
,,,,,,
,,,,,,
,,,,,,
,,,,,,
,,,,,,
,,,,,,
,,,,,,
,,,,,,
,,,,,,
,,,,,,
,,,,,,
,,,,,,
,,,,,,
,,,,,,
,,,,,,
,,,,,,
,,,,,,
,,,,,,
,,,,,,
,,,,,,
,,,,,,
,,,,,,
,,,,,,
,,,,,,
,,,,,,
,,,,,,
,,,,,,
,,,,,,
,,,,,,
,,,,,,
,,,,,,
,,,,,,
,,,,,,
,,,,,,
,,,,,,
,,,,,,
,,,,,,
,,,,,,
,,,,,,
,,,,,,
,,,,,,
,,,,,,
,,,,,,
,,,,,,
,,,,,,
,,,,,,
,,,,,,
,,,,,,
,,,,,,
,,,,,,
,,,,,,
,,,,,,
,,,,,,
,,,,,,
,,,,,,
,,,,,,
,,,,,,
,,,,,,
,,,,,,
,,,,,,
,,,,,,
,,,,,,
,,,,,,
,,,,,,
,,,,,,
,,,,,,
,,,,,,
,,,,,,
,,,,,,
,,,,,,
,,,,,,
,,,,,,
,,,,,,
,,,,,,
,,,,,,
,,,,,,
,,,,,,
,,,,,,
,,,,,,
,,,,,,
,,,,,,
,,,,,,
,,,,,,
,,,,,,
,,,,,,
,,,,,,
,,,,,,
,,,,,,
,,,,,,
,,,,,,
,,,,,,
,,,,,,
,,,,,,
,,,,,,
,,,,,,
,,,,,,
,,,,,,
,,,,,,
,,,,,,
,,,,,,
,,,,,,
,,,,,,
,,,,,,
,,,,,,
,,,,,,
,,,,,,
,,,,,,
,,,,,,
,,,,,,
,,,,,,
,,,,,,
,,,,,,
,,,,,,
,,,,,,
,,,,,,
,,,,,,
,,,,,,
,,,,,,
,,,,,,
,,,,,,
,,,,,,
,,,,,,
,,,,,,
,,,,,,
,,,,,,
,,,,,,
,,,,,,
,,,,,,
,,,,,,
,,,,,,
,,,,,,
,,,,,,
,,,,,,
,,,,,,
,,,,,,
,,,,,,
,,,,,,
,,,,,,
,,,,,,
,,,,,,
,,,,,,
,,,,,,
,,,,,,
,,,,,,
,,,,,,
,,,,,,
,,,,,,
,,,,,,
,,,,,,
,,,,,,
,,,,,,
,,,,,,
,,,,,,
,,,,,,
,,,,,,
,,,,,,
,,,,,,
,,,,,,
,,,,,,
,,,,,,
,,,,,,
,,,,,,
,,,,,,
,,,,,,
,,,,,,
,,,,,,
,,,,,,
,,,,,,
,,,,,,
,,,,,,
,,,,,,
,,,,,,
,,,,,,
,,,,,,
,,,,,,
,,,,,,
,,,,,,
,,,,,,
,,,,,,
,,,,,,
,,,,,,
,,,,,,
,,,,,,
,,,,,,
,,,,,,
,,,,,,
,,,,,,
,,,,,,
,,,,,,
,,,,,,
,,,,,,
,,,,,,
,,,,,,
,,,,,,
,,,,,,
,,,,,,
,,,,,,
,,,,,,
,,,,,,
,,,,,,
,,,,,,
,,,,,,
,,,,,,
,,,,,,
,,,,,,
,,,,,,
,,,,,,
,,,,,,
,,,,,,
,,,,,,
,,,,,,
,,,,,,
,,,,,,
,,,,,,
,,,,,,
,,,,,,
,,,,,,
,,,,,,
,,,,,,
,,,,,,
,,,,,,
,,,,,,
,,,,,,
,,,,,,
,,,,,,
,,,,,,
,,,,,,
,,,,,,
,,,,,,
,,,,,,
,,,,,,
,,,,,,
,,,,,,
,,,,,,
,,,,,,
,,,,,,
,,,,,,
,,,,,,
,,,,,,
,,,,,,
,,,,,,
,,,,,,
,,,,,,
,,,,,,
,,,,,,
,,,,,,
,,,,,,
,,,,,,
,,,,,,
,,,,,,
,,,,,,
,,,,,,
,,,,,,
,,,,,,
,,,,,,
,,,,,,
,,,,,,
,,,,,,
,,,,,,
,,,,,,
,,,,,,
,,,,,,
,,,,,,
,,,,,,
,,,,,,
,,,,,,
,,,,,,
,,,,,,
,,,,,,
,,,,,,
,,,,,,
,,,,,,
,,,,,,
,,,,,,
,,,,,,
,,,,,,
,,,,,,
,,,,,,
,,,,,,
,,,,,,
,,,,,,
,,,,,,
,,,,,,
,,,,,,
,,,,,,
,,,,,,
,,,,,,
,,,,,,
,,,,,,
,,,,,,
,,,,,,
,,,,,,
,,,,,,
,,,,,,
,,,,,,
,,,,,,
,,,,,,
,,,,,,
,,,,,,
,,,,,,
,,,,,,
,,,,,,
,,,,,,
,,,,,,
,,,,,,
,,,,,,
,,,,,,
,,,,,,
,,,,,,
,,,,,,
,,,,,,
,,,,,,
,,,,,,
,,,,,,
,,,,,,
,,,,,,
,,,,,,
,,,,,,
,,,,,,
,,,,,,
,,,,,,
,,,,,,
,,,,,,
,,,,,,
,,,,,,
,,,,,,
,,,,,,
,,,,,,
,,,,,,
,,,,,,
,,,,,,
,,,,,,
,,,,,,
,,,,,,
,,,,,,
,,,,,,
,,,,,,
,,,,,,
,,,,,,
,,,,,,
,,,,,,
,,,,,,
,,,,,,
,,,,,,
,,,,,,
,,,,,,
,,,,,,
,,,,,,
,,,,,,
,,,,,,
,,,,,,
,,,,,,
,,,,,,
,,,,,,
,,,,,,
,,,,,,
,,,,,,
,,,,,,
,,,,,,
,,,,,,
,,,,,,
,,,,,,
,,,,,,
,,,,,,
,,,,,,
,,,,,,
,,,,,,
,,,,,,
,,,,,,
,,,,,,
,,,,,,
,,,,,,
,,,,,,
,,,,,,
,,,,,,
,,,,,,
,,,,,,
,,,,,,
,,,,,,
,,,,,,
,,,,,,
,,,,,,
,,,,,,
,,,,,,
,,,,,,
,,,,,,
,,,,,,
,,,,,,
,,,,,,
,,,,,,
,,,,,,
,,,,,,
,,,,,,
,,,,,,
,,,,,,
,,,,,,
,,,,,,
,,,,,,
,,,,,,
,,,,,,
,,,,,,
,,,,,,
,,,,,,
,,,,,,
,,,,,,
,,,,,,
,,,,,,
,,,,,,
,,,,,,
,,,,,,
,,,,,,
,,,,,,
,,,,,,
,,,,,,
,,,,,,
,,,,,,
,,,,,,
,,,,,,
,,,,,,
,,,,,,
,,,,,,
,,,,,,
,,,,,,
,,,,,,
,,,,,,
,,,,,,
,,,,,,
,,,,,,
,,,,,,
,,,,,,
,,,,,,
,,,,,,
,,,,,,
,,,,,,
,,,,,,
,,,,,,
,,,,,,
,,,,,,
,,,,,,
,,,,,,
,,,,,,
,,,,,,
,,,,,,
,,,,,,
,,,,,,
,,,,,,
,,,,,,
,,,,,,
,,,,,,
,,,,,,
,,,,,,
,,,,,,
,,,,,,
,,,,,,
,,,,,,
,,,,,,
,,,,,,
,,,,,,
,,,,,,
,,,,,,
,,,,,,
,,,,,,
,,,,,,
,,,,,,
,,,,,,
,,,,,,
,,,,,,
,,,,,,
,,,,,,
,,,,,,
,,,,,,
,,,,,,
,,,,,,
,,,,,,
,,,,,,
,,,,,,
,,,,,,
,,,,,,
,,,,,,
,,,,,,
,,,,,,
,,,,,,
,,,,,,
,,,,,,
,,,,,,
,,,,,,
,,,,,,
,,,,,,
,,,,,,
,,,,,,
,,,,,,
,,,,,,
,,,,,,
,,,,,,
,,,,,,
,,,,,,
,,,,,,
,,,,,,
,,,,,,
,,,,,,
,,,,,,
,,,,,,
,,,,,,
,,,,,,
,,,,,,
,,,,,,
,,,,,,
,,,,,,
,,,,,,
,,,,,,
,,,,,,
,,,,,,
,,,,,,
,,,,,,
,,,,,,
,,,,,,
,,,,,,
,,,,,,
,,,,,,
,,,,,,
,,,,,,
,,,,,,
,,,,,,
,,,,,,
,,,,,,
,,,,,,
,,,,,,
,,,,,,
,,,,,,
,,,,,,
,,,,,,
,,,,,,
,,,,,,
,,,,,,
,,,,,,
,,,,,,
,,,,,,
,,,,,,
,,,,,,
,,,,,,
,,,,,,
,,,,,,
,,,,,,
,,,,,,
,,,,,,
,,,,,,
,,,,,,
,,,,,,
,,,,,,
,,,,,,
,,,,,,
,,,,,,
,,,,,,
,,,,,,
,,,,,,
,,,,,,
,,,,,,
,,,,,,
,,,,,,
,,,,,,
,,,,,,
,,,,,,
,,,,,,
,,,,,,
,,,,,,
,,,,,,
,,,,,,
,,,,,,
,,,,,,
,,,,,,
,,,,,,
,,,,,,
,,,,,,
,,,,,,
,,,,,,
,,,,,,
,,,,,,
,,,,,,
,,,,,,
,,,,,,
,,,,,,
,,,,,,
,,,,,,
,,,,,,
,,,,,,
,,,,,,
,,,,,,
,,,,,,
,,,,,,
,,,,,,
,,,,,,
,,,,,,
,,,,,,
,,,,,,
,,,,,,
,,,,,,
,,,,,,
,,,,,,
,,,,,,
,,,,,,
,,,,,,
,,,,,,
,,,,,,
,,,,,,
,,,,,,
,,,,,,
,,,,,,
,,,,,,
,,,,,,
,,,,,,
,,,,,,
,,,,,,
,,,,,,
,,,,,,
,,,,,,
,,,,,,
,,,,,,
,,,,,,
,,,,,,
,,,,,,
,,,,,,
,,,,,,
,,,,,,
,,,,,,
,,,,,,
,,,,,,
,,,,,,
,,,,,,
,,,,,,
,,,,,,
,,,,,,
,,,,,,
,,,,,,
,,,,,,
,,,,,,
,,,,,,
,,,,,,
,,,,,,
,,,,,,
,,,,,,
,,,,,,
,,,,,,
,,,,,,
,,,,,,
,,,,,,
,,,,,,
,,,,,,
,,,,,,
,,,,,,
,,,,,,
,,,,,,
,,,,,,
,,,,,,
,,,,,,
,,,,,,
,,,,,,
,,,,,,
,,,,,,
,,,,,,
,,,,,,
,,,,,,
,,,,,,
,,,,,,
,,,,,,
,,,,,,
,,,,,,
,,,,,,
,,,,,,
,,,,,,
,,,,,,
,,,,,,
,,,,,,
,,,,,,
,,,,,,
,,,,,,
,,,,,,
,,,,,,
,,,,,,
,,,,,,
,,,,,,
,,,,,,
,,,,,,
,,,,,,
,,,,,,
,,,,,,
,,,,,,
,,,,,,
,,,,,,
,,,,,,
,,,,,,
,,,,,,
,,,,,,
,,,,,,
,,,,,,
,,,,,,
,,,,,,
,,,,,,
,,,,,,
,,,,,,
,,,,,,
,,,,,,
,,,,,,
,,,,,,
,,,,,,
,,,,,,
,,,,,,
,,,,,,
,,,,,,
,,,,,,
,,,,,,
,,,,,,
,,,,,,
,,,,,,
,,,,,,
,,,,,,
,,,,,,
,,,,,,
,,,,,,
,,,,,,
,,,,,,
,,,,,,
,,,,,,
,,,,,,
,,,,,,
,,,,,,
,,,,,,
,,,,,,
,,,,,,
,,,,,,
,,,,,,
,,,,,,
,,,,,,
,,,,,,
,,,,,,
,,,,,,
,,,,,,
,,,,,,
,,,,,,
,,,,,,
,,,,,,
,,,,,,
,,,,,,
,,,,,,
,,,,,,
,,,,,,
,,,,,,
,,,,,,
,,,,,,
,,,,,,
,,,,,,
,,,,,,
,,,,,,
,,,,,,
,,,,,,
,,,,,,
,,,,,,
,,,,,,
,,,,,,
,,,,,,
,,,,,,
,,,,,,
,,,,,,
,,,,,,
,,,,,,
,,,,,,
,,,,,,
,,,,,,
,,,,,,
,,,,,,
,,,,,,
,,,,,,
,,,,,,
,,,,,,
,,,,,,
,,,,,,
,,,,,,
,,,,,,
,,,,,,
,,,,,,
,,,,,,
,,,,,,
,,,,,,
,,,,,,
,,,,,,
,,,,,,
,,,,,,
,,,,,,
,,,,,,
,,,,,,
,,,,,,
,,,,,,
,,,,,,
,,,,,,
,,,,,,
,,,,,,
,,,,,,
,,,,,,
,,,,,,
,,,,,,
,,,,,,
,,,,,,
,,,,,,
,,,,,,
,,,,,,
,,,,,,
,,,,,,
,,,,,,
,,,,,,
,,,,,,
,,,,,,
,,,,,,
,,,,,,
,,,,,,
,,,,,,
,,,,,,
,,,,,,
,,,,,,
,,,,,,
,,,,,,
,,,,,,
,,,,,,
,,,,,,
,,,,,,
,,,,,,
,,,,,,
,,,,,,
,,,,,,
,,,,,,
,,,,,,
,,,,,,
,,,,,,
,,,,,,
,,,,,,
,,,,,,
,,,,,,
,,,,,,
,,,,,,
,,,,,,
,,,,,,
,,,,,,
,,,,,,
,,,,,,
,,,,,,
,,,,,,
,,,,,,
,,,,,,
,,,,,,
,,,,,,
,,,,,,
,,,,,,
,,,,,,
,,,,,,
,,,,,,
,,,,,,
,,,,,,
,,,,,,
,,,,,,
,,,,,,
,,,,,,
,,,,,,
,,,,,,
,,,,,,
,,,,,,
,,,,,,
,,,,,,
,,,,,,
,,,,,,
,,,,,,
,,,,,,
,,,,,,
,,,,,,
,,,,,,
,,,,,,
,,,,,,
,,,,,,
,,,,,,
,,,,,,
,,,,,,
,,,,,,
,,,,,,
,,,,,,
,,,,,,
,,,,,,
,,,,,,
,,,,,,
,,,,,,
,,,,,,
,,,,,,
,,,,,,
,,,,,,
,,,,,,
,,,,,,
,,,,,,
,,,,,,
,,,,,,
,,,,,,
,,,,,,
,,,,,,
,,,,,,
,,,,,,
,,,,,,
,,,,,,
,,,,,,
,,,,,,
,,,,,,
,,,,,,
,,,,,,
,,,,,,
,,,,,,
,,,,,,
,,,,,,
,,,,,,
,,,,,,
,,,,,,
,,,,,,
,,,,,,
,,,,,,
,,,,,,
,,,,,,
,,,,,,
,,,,,,
,,,,,,
,,,,,,
,,,,,,
,,,,,,
,,,,,,
,,,,,,
,,,,,,
,,,,,,
,,,,,,
,,,,,,
,,,,,,
,,,,,,
,,,,,,
,,,,,,
,,,,,,
,,,,,,
,,,,,,
,,,,,,
,,,,,,
,,,,,,
,,,,,,
,,,,,,
,,,,,,
,,,,,,
,,,,,,
,,,,,,
,,,,,,
,,,,,,
,,,,,,
,,,,,,
,,,,,,
,,,,,,
,,,,,,
,,,,,,
,,,,,,
,,,,,,
,,,,,,
,,,,,,
,,,,,,
,,,,,,
,,,,,,
,,,,,,
,,,,,,
,,,,,,
,,,,,,
,,,,,,
,,,,,,
,,,,,,
,,,,,,
,,,,,,
,,,,,,
,,,,,,
,,,,,,
,,,,,,
,,,,,,
,,,,,,
,,,,,,
,,,,,,
,,,,,,
,,,,,,
,,,,,,
,,,,,,
,,,,,,
,,,,,,
,,,,,,
,,,,,,
,,,,,,
,,,,,,
,,,,,,
,,,,,,
,,,,,,
,,,,,,
,,,,,,
,,,,,,
,,,,,,
,,,,,,
,,,,,,
,,,,,,
,,,,,,
,,,,,,
,,,,,,
,,,,,,
,,,,,,
,,,,,,
,,,,,,
,,,,,,
,,,,,,
,,,,,,
,,,,,,
,,,,,,
,,,,,,
,,,,,,
,,,,,,
,,,,,,
,,,,,,
,,,,,,
,,,,,,
,,,,,,
,,,,,,
,,,,,,
,,,,,,
,,,,,,
,,,,,,
,,,,,,
,,,,,,
,,,,,,
,,,,,,
,,,,,,
,,,,,,
,,,,,,
,,,,,,
,,,,,,
,,,,,,
,,,,,,
,,,,,,
,,,,,,
,,,,,,
,,,,,,
,,,,,,
,,,,,,
,,,,,,
,,,,,,
,,,,,,
,,,,,,
,,,,,,
,,,,,,
,,,,,,
,,,,,,
,,,,,,
,,,,,,
,,,,,,
,,,,,,
,,,,,,
,,,,,,
,,,,,,
,,,,,,
,,,,,,
,,,,,,
,,,,,,
,,,,,,
,,,,,,
,,,,,,
,,,,,,
,,,,,,
,,,,,,
,,,,,,
,,,,,,
,,,,,,
,,,,,,
,,,,,,
,,,,,,
,,,,,,
,,,,,,
,,,,,,
,,,,,,
,,,,,,
,,,,,,
,,,,,,
,,,,,,
,,,,,,
,,,,,,
,,,,,,
,,,,,,
,,,,,,
,,,,,,
,,,,,,
,,,,,,
,,,,,,
,,,,,,
,,,,,,
,,,,,,
,,,,,,
,,,,,,
,,,,,,
,,,,,,
,,,,,,
,,,,,,
,,,,,,
,,,,,,
,,,,,,
,,,,,,
,,,,,,
,,,,,,
,,,,,,
,,,,,,
,,,,,,
,,,,,,
,,,,,,
,,,,,,
,,,,,,
,,,,,,
,,,,,,
,,,,,,
,,,,,,
,,,,,,
,,,,,,
,,,,,,
,,,,,,
,,,,,,
,,,,,,
,,,,,,
,,,,,,
,,,,,,
,,,,,,
,,,,,,
,,,,,,
,,,,,,
,,,,,,
,,,,,,
,,,,,,
,,,,,,
,,,,,,
,,,,,,
,,,,,,
,,,,,,
,,,,,,
,,,,,,
,,,,,,
,,,,,,
,,,,,,
,,,,,,
,,,,,,
,,,,,,
,,,,,,
,,,,,,
,,,,,,
,,,,,,
,,,,,,
,,,,,,
,,,,,,
,,,,,,
,,,,,,
,,,,,,
,,,,,,
,,,,,,
,,,,,,
,,,,,,
,,,,,,
,,,,,,
,,,,,,
,,,,,,
,,,,,,
,,,,,,
,,,,,,
,,,,,,
,,,,,,
,,,,,,
,,,,,,
,,,,,,
,,,,,,
,,,,,,
,,,,,,
,,,,,,
,,,,,,
,,,,,,
,,,,,,
,,,,,,
,,,,,,
,,,,,,
,,,,,,
,,,,,,
,,,,,,
,,,,,,
,,,,,,
,,,,,,
,,,,,,
,,,,,,
,,,,,,
,,,,,,
,,,,,,
,,,,,,
,,,,,,
,,,,,,
,,,,,,
,,,,,,
,,,,,,
,,,,,,
,,,,,,
,,,,,,
,,,,,,
,,,,,,
,,,,,,
,,,,,,
,,,,,,
,,,,,,
,,,,,,
,,,,,,
,,,,,,
,,,,,,
,,,,,,
,,,,,,
,,,,,,
,,,,,,
,,,,,,
,,,,,,
,,,,,,
,,,,,,
,,,,,,
,,,,,,
,,,,,,
,,,,,,
,,,,,,
,,,,,,
,,,,,,
,,,,,,
,,,,,,
,,,,,,
,,,,,,
,,,,,,
,,,,,,
,,,,,,
,,,,,,
,,,,,,
,,,,,,
,,,,,,
,,,,,,
,,,,,,
,,,,,,
,,,,,,
,,,,,,
,,,,,,
,,,,,,
,,,,,,
,,,,,,
,,,,,,
,,,,,,
,,,,,,
,,,,,,
,,,,,,
,,,,,,
,,,,,,
,,,,,,
,,,,,,
,,,,,,
,,,,,,
,,,,,,
,,,,,,
,,,,,,
,,,,,,
,,,,,,
,,,,,,
,,,,,,
,,,,,,
,,,,,,
,,,,,,
,,,,,,
,,,,,,
,,,,,,
,,,,,,
,,,,,,
,,,,,,
,,,,,,
,,,,,,
,,,,,,
,,,,,,
,,,,,,
,,,,,,
,,,,,,
,,,,,,
,,,,,,
,,,,,,
,,,,,,
,,,,,,
,,,,,,
,,,,,,
,,,,,,
,,,,,,
,,,,,,
,,,,,,
,,,,,,
,,,,,,
,,,,,,
,,,,,,
,,,,,,
,,,,,,
,,,,,,
,,,,,,
,,,,,,
,,,,,,
,,,,,,
,,,,,,
,,,,,,
,,,,,,
,,,,,,
,,,,,,
,,,,,,
,,,,,,
,,,,,,
,,,,,,
,,,,,,
,,,,,,
,,,,,,
,,,,,,
,,,,,,
,,,,,,
,,,,,,
,,,,,,
,,,,,,
,,,,,,
,,,,,,
,,,,,,
,,,,,,
,,,,,,
,,,,,,
,,,,,,
,,,,,,
,,,,,,
,,,,,,
,,,,,,
,,,,,,
,,,,,,
,,,,,,
,,,,,,
,,,,,,
,,,,,,
,,,,,,
,,,,,,
,,,,,,
,,,,,,
,,,,,,
,,,,,,
,,,,,,
,,,,,,
,,,,,,
,,,,,,
,,,,,,
,,,,,,
,,,,,,
,,,,,,
,,,,,,
,,,,,,
,,,,,,
,,,,,,
,,,,,,
,,,,,,
,,,,,,
,,,,,,
,,,,,,
,,,,,,
,,,,,,
,,,,,,
,,,,,,
,,,,,,
,,,,,,
,,,,,,
,,,,,,
,,,,,,
,,,,,,
,,,,,,
,,,,,,
,,,,,,
,,,,,,
,,,,,,
,,,,,,
,,,,,,
,,,,,,
,,,,,,
,,,,,,
,,,,,,
,,,,,,
,,,,,,
,,,,,,
,,,,,,
,,,,,,
,,,,,,
,,,,,,
,,,,,,
,,,,,,
,,,,,,
,,,,,,
,,,,,,
,,,,,,
,,,,,,
,,,,,,
,,,,,,
,,,,,,
,,,,,,
,,,,,,
,,,,,,
,,,,,,
,,,,,,
,,,,,,
,,,,,,
,,,,,,
,,,,,,
,,,,,,
,,,,,,
,,,,,,
,,,,,,
,,,,,,
,,,,,,
,,,,,,
,,,,,,
,,,,,,
,,,,,,
,,,,,,
,,,,,,
,,,,,,
,,,,,,
,,,,,,
,,,,,,
,,,,,,
,,,,,,
,,,,,,
,,,,,,
,,,,,,
,,,,,,
,,,,,,
,,,,,,
,,,,,,
,,,,,,
,,,,,,
,,,,,,
,,,,,,
,,,,,,
,,,,,,
,,,,,,
,,,,,,
,,,,,,
,,,,,,
,,,,,,
,,,,,,
,,,,,,
,,,,,,
,,,,,,
,,,,,,
,,,,,,
,,,,,,
,,,,,,
,,,,,,
,,,,,,
,,,,,,
,,,,,,
,,,,,,
,,,,,,
,,,,,,
,,,,,,
,,,,,,
,,,,,,
,,,,,,
,,,,,,
,,,,,,
,,,,,,
,,,,,,
,,,,,,
,,,,,,
,,,,,,
,,,,,,
,,,,,,
,,,,,,
,,,,,,
,,,,,,
,,,,,,
,,,,,,
,,,,,,
,,,,,,
,,,,,,
,,,,,,
,,,,,,
,,,,,,
,,,,,,
,,,,,,
,,,,,,
,,,,,,
,,,,,,
,,,,,,
,,,,,,
,,,,,,
,,,,,,
,,,,,,
,,,,,,
,,,,,,
,,,,,,
,,,,,,
,,,,,,
,,,,,,
,,,,,,
,,,,,,
,,,,,,
,,,,,,
,,,,,,
,,,,,,
,,,,,,
,,,,,,
,,,,,,
,,,,,,
,,,,,,
,,,,,,
,,,,,,
,,,,,,
,,,,,,
,,,,,,
,,,,,,
,,,,,,
,,,,,,
,,,,,,
,,,,,,
,,,,,,
,,,,,,
,,,,,,
,,,,,,
,,,,,,
,,,,,,
,,,,,,
,,,,,,
,,,,,,
,,,,,,
,,,,,,
,,,,,,
,,,,,,
,,,,,,
,,,,,,
,,,,,,
,,,,,,
,,,,,,
,,,,,,
,,,,,,
,,,,,,
,,,,,,
,,,,,,
,,,,,,
,,,,,,
,,,,,,
,,,,,,
,,,,,,
,,,,,,
,,,,,,
,,,,,,
,,,,,,
,,,,,,
,,,,,,
,,,,,,
,,,,,,
,,,,,,
,,,,,,
,,,,,,
,,,,,,
,,,,,,
,,,,,,
,,,,,,
,,,,,,
,,,,,,
,,,,,,
,,,,,,
,,,,,,
,,,,,,
,,,,,,
,,,,,,
,,,,,,
,,,,,,
,,,,,,
,,,,,,
,,,,,,
,,,,,,
,,,,,,
,,,,,,
,,,,,,
,,,,,,
,,,,,,
,,,,,,
,,,,,,
,,,,,,
,,,,,,
,,,,,,
,,,,,,
,,,,,,
,,,,,,
,,,,,,
,,,,,,
,,,,,,
,,,,,,
,,,,,,
,,,,,,
,,,,,,
,,,,,,
,,,,,,
,,,,,,
,,,,,,
,,,,,,
,,,,,,
,,,,,,
,,,,,,
,,,,,,
,,,,,,
,,,,,,
,,,,,,
,,,,,,
,,,,,,
,,,,,,
,,,,,,
,,,,,,
,,,,,,
,,,,,,
,,,,,,
,,,,,,
,,,,,,
,,,,,,
,,,,,,
,,,,,,
,,,,,,
,,,,,,
,,,,,,
,,,,,,
,,,,,,
,,,,,,
,,,,,,
,,,,,,
,,,,,,
,,,,,,
,,,,,,
,,,,,,
,,,,,,
,,,,,,
,,,,,,
,,,,,,
,,,,,,
,,,,,,
,,,,,,
,,,,,,
,,,,,,
,,,,,,
,,,,,,
,,,,,,
,,,,,,
,,,,,,
,,,,,,
,,,,,,
,,,,,,
,,,,,,
,,,,,,
,,,,,,
,,,,,,
,,,,,,
,,,,,,
,,,,,,
,,,,,,
,,,,,,
,,,,,,
,,,,,,
,,,,,,
,,,,,,
,,,,,,
,,,,,,
,,,,,,
,,,,,,
,,,,,,
,,,,,,
,,,,,,
,,,,,,
,,,,,,
,,,,,,
,,,,,,
,,,,,,
,,,,,,
,,,,,,
,,,,,,
,,,,,,
,,,,,,
,,,,,,
,,,,,,
,,,,,,
,,,,,,
,,,,,,
,,,,,,
,,,,,,
,,,,,,
,,,,,,
,,,,,,
,,,,,,
,,,,,,
,,,,,,
,,,,,,
,,,,,,
,,,,,,
,,,,,,
,,,,,,
,,,,,,
,,,,,,
,,,,,,
,,,,,,
,,,,,,
,,,,,,
,,,,,,
,,,,,,
,,,,,,
,,,,,,
,,,,,,
,,,,,,
,,,,,,
,,,,,,
,,,,,,
,,,,,,
,,,,,,
,,,,,,
,,,,,,
,,,,,,
,,,,,,
,,,,,,
,,,,,,
,,,,,,
,,,,,,
,,,,,,
,,,,,,
,,,,,,
,,,,,,
,,,,,,
,,,,,,
,,,,,,
,,,,,,
,,,,,,
,,,,,,
,,,,,,
,,,,,,
,,,,,,
,,,,,,
,,,,,,
,,,,,,
,,,,,,
,,,,,,
,,,,,,
,,,,,,
,,,,,,
,,,,,,
,,,,,,
,,,,,,
,,,,,,
,,,,,,
,,,,,,
,,,,,,
,,,,,,
,,,,,,
,,,,,,
,,,,,,
,,,,,,
,,,,,,
,,,,,,
,,,,,,
,,,,,,
,,,,,,
,,,,,,
,,,,,,
,,,,,,
,,,,,,
,,,,,,
,,,,,,
,,,,,,
,,,,,,
,,,,,,
,,,,,,
,,,,,,
,,,,,,
