Ia,Ib,Ic,Voltage,Torque,Speed,Condition
0,3.05E-14,-3.05E-14,-11564.24239,0,157.0796327,RF
0.275353799,-0.059276883,-0.216076916,-11564.19153,0.413825237,157.0796317,RF
1.652062208,-0.355619717,-1.296442491,-11563.43041,2.482013292,157.0796267,RF
5.705121506,-1.227885938,-4.477235568,-11556.33269,8.562611823,157.0796119,RF
5.705121506,-1.227885938,-4.477235568,-11556.33269,8.562611823,157.0796119,RF
12.57559168,-2.706463193,-9.869128483,-11527.96804,18.84213497,157.0795868,RF
19.422824,-4.181090211,-15.24173379,-11479.64622,29.05208465,157.0795617,RF
27.88201008,-6.006230028,-21.87578005,-11392.84966,41.61789753,157.0795306,RF
36.26638693,-7.821051471,-28.44533546,-11277.66259,54.02090321,157.0794994,RF
46.49191809,-10.04573362,-36.44618447,-11098.23588,69.07863904,157.0794609,RF
56.53662077,-12.24721579,-44.28940498,-10880.2425,83.79744704,157.0794224,RF
66.36698717,-14.42160116,-51.94538601,-10626.37711,98.13379515,157.0793839,RF
78.46293202,-17.13117533,-61.33175669,-10257.62293,115.6837488,157.0793351,RF
90.10802902,-19.78395731,-70.32407171,-9841.221897,132.4884962,157.0792863,RF
97.1629409,-21.41664659,-75.74629431,-9558.023822,142.6275318,157.0792557,RF
97.1629409,-21.41664659,-75.74629431,-9558.023822,142.6275318,157.0792557,RF
97.1629409,-21.41664659,-75.74629431,-9558.023822,142.6275318,157.0792557,RF
107.9677909,-23.96236118,-84.00542967,-9075.912043,158.097887,157.079207,RF
121.0403547,-27.13193546,-93.9084192,-8406.757127,176.7281211,157.0791441,RF
133.0927998,-30.16540432,-102.9273955,-7693.908524,193.8299547,157.0790813,RF
144.0693827,-33.05052054,-111.0188622,-6948.409985,209.3545899,157.0790184,RF
156.3288646,-36.46277209,-119.8660925,-5977.35101,226.6564048,157.0789391,RF
166.7667623,-39.59961479,-127.1671475,-4991.042216,241.3829814,157.0788597,RF
177.1912096,-43.08693076,-134.1042788,-3771.680339,256.1348796,157.0787611,RF
184.8380788,-46.09055198,-138.7475268,-2588.47038,267.0548263,157.0786625,RF
191.4578792,-49.69616448,-141.7617147,-911.1203633,276.7872517,157.0785117,RF
192.0966865,-50.28301499,-141.8136716,-593.1083871,277.7954646,157.0784809,RF
192.0966865,-50.28301499,-141.8136716,-593.1083871,277.7954646,157.0784809,RF
192.7049081,-51.28192209,-141.422986,-1.26E-10,278.8823779,157.0784207,RF
192.7049081,-51.28192209,-141.422986,5.83E-13,278.8823779,157.0784207,RF
192.5042429,-52.08335115,-140.4208918,552.316464,278.8480898,157.0783604,RF
190.9770185,-52.87885283,-138.0981657,1255.129624,277.0601367,157.0782756,RF
190.9770185,-52.87885283,-138.0981657,1255.129624,277.0601367,157.0782756,RF
187.5630786,-53.32523093,-134.2378476,1959.281623,272.666517,157.0781768,RF
181.2675124,-53.18573483,-128.0817776,2658.245799,264.2514725,157.0780533,RF
173.2455951,-52.32656731,-120.9190278,3157.386665,253.2803701,157.0779299,RF
164.0638399,-50.82483824,-113.2390016,3464.558047,240.5174502,157.0778064,RF
154.2559976,-48.7746673,-105.4813303,3594.269704,226.7058499,157.0776829,RF
144.3061252,-46.28359343,-98.02253179,3566.165508,212.5411247,157.0775595,RF
131.2215994,-42.37647892,-88.8451205,3315.697236,193.7152486,157.0773904,RF
119.5083832,-38.17207755,-81.33630563,2878.76557,176.6947794,157.0772214,RF
109.7700983,-33.97248808,-75.79761018,2322.135224,162.4332532,157.0770523,RF
102.3532832,-30.05107534,-72.30220791,1708.914734,151.5005634,157.0768833,RF
97.36995404,-26.63431778,-70.73563626,1094.614373,144.1045353,157.0767142,RF
94.80032381,-23.99100098,-70.80932283,547.5592195,140.2444626,157.0765524,RF
94.80032381,-23.99100098,-70.80932283,547.5592195,140.2444626,157.0765524,RF
94.18362693,-21.98110541,-72.20252152,51.35163096,139.246208,157.0763834,RF
94.23825237,-21.80087315,-72.43737922,6.89E-11,139.315632,157.0763639,RF
94.23825237,-21.80087315,-72.43737922,-2.49E-13,139.315632,157.0763639,RF
95.56919262,-20.68361979,-74.88557283,-385.0357216,141.1793589,157.0761948,RF
97.26144892,-20.36313614,-76.89831278,-585.2872278,143.6046581,157.0760791,RF
97.26144892,-20.36313614,-76.89831278,-585.2872278,143.6046581,157.0760791,RF
101.9960845,-20.68701076,-81.30907374,-834.1684925,150.4490606,157.0758433,RF
107.5634728,-22.03049226,-85.53298053,-888.8599684,158.5479514,157.0756075,RF
113.0014337,-23.96681351,-89.03462021,-789.9356908,166.5048023,157.0753718,RF
117.6026657,-26.05847444,-91.54419122,-588.7940439,173.2870391,157.075136,RF
120.9476392,-27.92526707,-93.02237213,-338.0154403,178.2706323,157.0749002,RF
122.619358,-29.07223933,-93.54711863,-132.1898001,180.8044361,157.0747106,RF
122.619358,-29.07223933,-93.54711863,-132.1898001,180.8044361,157.0747106,RF
123.2506253,-29.62499148,-93.62563379,-5.12E-11,181.7905662,157.0745809,RF
123.2506253,-29.62499148,-93.62563379,3.90E-13,181.7905662,157.0745809,RF
123.4972965,-29.97175289,-93.5255436,119.3807895,182.212427,157.0744512,RF
123.498901,-29.98150954,-93.51739149,124.0884145,182.217288,157.0744457,RF
123.498901,-29.98150954,-93.51739149,124.0884145,182.217288,157.0744457,RF
123.3826243,-30.113722,-93.26890231,230.1633207,182.1063422,157.0743105,RF
122.1233888,-29.67552774,-92.44786105,393.7329357,180.3759472,157.074005,RF
120.0637514,-28.46679464,-91.5969568,452.8174728,177.4467112,157.0736994,RF
117.8894454,-26.88360148,-91.00584396,426.4466624,174.3335118,157.0733939,RF
115.7824644,-24.98666867,-90.7957957,324.801422,171.3312725,157.0730181,RF
114.6793661,-23.57361055,-91.10575553,202.6990664,169.8064437,157.0726423,RF
114.5560646,-22.8019673,-91.75409728,105.4016252,169.7264956,157.0722666,RF
115.2689405,-22.53123175,-92.73770872,48.81922916,170.9072662,157.0717964,RF
116.231386,-22.55368675,-93.67769924,58.11965014,172.4611018,157.0713262,RF
116.8813499,-22.41426095,-94.46708897,101.661411,173.5631192,157.070856,RF
117.0299856,-21.92139238,-95.10859324,145.5412891,173.9382674,157.0703858,RF
116.6567526,-20.80616193,-95.8505907,173.338496,173.627481,157.0697301,RF
116.1469967,-19.61251576,-96.53448098,164.3058148,173.1345838,157.0690744,RF
115.877074,-18.62027186,-97.25680216,144.2069909,173.0041383,157.0684187,RF
115.8466841,-17.3965061,-98.45017801,133.2667949,173.368342,157.0674479,RF
115.8056479,-16.11136316,-99.69428475,141.767339,173.7459626,157.066477,RF
115.483387,-14.24312631,-101.2402607,147.7664975,173.9055837,157.0651895,RF
115.062968,-12.04136657,-103.0216014,143.6733035,174.1122648,157.0636426,RF
114.3322694,-8.115788287,-106.2164811,145.128157,174.682152,157.0608892,RF
114.2192595,-7.600055313,-106.6192042,145.4263477,174.7453668,157.0605335,RF
114.2192595,-7.600055313,-106.6192042,145.4263477,174.7453668,157.0605335,RF
114.1884144,-7.46193086,-106.7264836,145.4656599,174.7621373,157.060438,RF
114.1884144,-7.46193086,-106.7264836,145.4656599,174.7621373,157.060438,RF
114.1576589,-7.323840417,-106.8338185,145.5396488,174.7792968,157.0603426,RF
114.0006052,-6.633044053,-107.3675611,145.7131932,174.864225,157.0598655,RF
113.1702193,-3.167561229,-110.0026581,145.6429184,175.3218735,157.0574801,RF
110.292518,6.752503486,-117.0450214,147.1422755,176.7005667,157.0507557,RF
105.7169938,19.01979647,-124.7367903,148.5431361,178.4608139,157.0425826,RF
100.0040796,31.41395063,-131.4180303,149.2537821,180.2701507,157.03441,RF
90.81893169,47.74630498,-138.5652367,149.2869859,182.6453456,157.0236246,RF
79.91406509,63.78286329,-143.6969284,147.9031346,184.9239555,157.01284,RF
67.48185964,79.24621402,-146.7280737,145.2485796,187.0299272,157.002056,RF
49.42134719,98.00246149,-147.4238087,139.3934679,189.3603377,156.9880664,RF
41.73103692,104.9468293,-146.6778662,135.6595348,190.1526312,156.9824813,RF
41.73103692,104.9468293,-146.6778662,135.6595348,190.1526312,156.9824813,RF
21.47509191,120.8194826,-142.2945745,126.1026569,191.703368,156.9684934,RF
0.383030188,134.0075834,-134.3906136,112.9482381,192.5550659,156.9545067,RF
-20.95918622,144.1667032,-123.207517,97.27855022,192.6381225,156.9405213,RF
-41.91304872,150.9637657,-109.050717,79.24294653,191.8652034,156.9265371,RF
-61.84124877,154.203238,-92.36198922,59.14518286,190.2237521,156.9125541,RF
-80.19533453,153.8065772,-73.61124263,37.33775876,187.678781,156.8985724,RF
-96.41503016,149.7681672,-53.35313706,13.06253217,184.2199241,156.884592,RF
-104.2516412,146.0237549,-41.77211366,-1.85E-13,181.918764,156.8768991,RF
-104.2516412,146.0237549,-41.77211366,-3.19E-12,181.918764,156.8768991,RF
-116.2612062,136.6062976,-20.34509139,-24.36538601,177.0510303,156.8629206,RF
-125.079356,124.0360644,1.043291552,-50.35738157,171.3009814,156.8489435,RF
-130.43685,108.6849652,21.7518848,-74.38013118,164.7203085,156.8349676,RF
-132.1932114,91.00352071,41.18969071,-97.46709897,157.3691803,156.8209931,RF
-130.3338435,71.52475633,58.80908713,-118.06463,149.3581785,156.8070199,RF
-124.7976328,50.7439526,74.05368021,-138.3860023,140.6344928,156.7930479,RF
-115.8561322,29.34328773,86.51284445,-154.9017699,131.4285024,156.7790773,RF
-113.3823014,24.48199012,88.90031129,-158.5589668,129.2755411,156.7759285,RF
-113.3823014,24.48199012,88.90031129,-158.5589668,129.2755411,156.7759285,RF
-100.6024366,3.141271978,97.46116464,-170.5569728,119.5741086,156.7619595,RF
-85.08812314,-17.44949559,102.5376187,-180.5670647,109.5770545,156.7479918,RF
-67.30393139,-36.70206959,104.006001,-185.8929698,99.40208485,156.7340254,RF
-47.77874749,-54.0464542,101.8252017,-187.0907872,89.1730085,156.7200604,RF
-22.50062224,-71.88341502,94.38403726,-182.0837144,76.85904601,156.7030351,RF
3.528323623,-85.39699896,81.86867534,-172.9417594,64.65081663,156.6860118,RF
17.7294609,-90.77696912,73.04750823,-165.4826111,58.12809015,156.6766233,RF
17.7294609,-90.77696912,73.04750823,-165.4826111,58.12809015,156.6766233,RF
42.4633797,-96.47220935,54.00882966,-146.050369,46.75862341,156.659603,RF
65.0005256,-96.79117455,31.79064895,-122.1061117,36.10574068,156.6425847,RF
84.3552176,-91.72032809,7.36511049,-93.62343328,26.28899308,156.6255683,RF
99.7617226,-81.53591003,-18.22581257,-61.77639384,17.38307273,156.6085538,RF
110.4812447,-66.59282025,-43.88842449,-27.22272238,9.411576674,156.5915413,RF
115.1930874,-52.23829211,-62.95479528,-1.11E-11,4.035166658,156.5783837,RF
115.1930874,-52.23829211,-62.95479528,2.54E-12,4.035166658,156.5783837,RF
116.6882542,-40.14202686,-76.54622734,20.6875607,0.434597326,156.5685059,RF
116.6882542,-40.14202686,-76.54622734,20.6875607,0.434597326,156.5685059,RF
116.6882542,-40.14202686,-76.54622734,20.6875607,0.434597326,156.5685059,RF
116.6882543,-40.14202821,-76.54622607,7.396535498,0.434611985,156.5685059,RF
116.6882539,-40.1420438,-76.54621013,2.644648738,0.434648096,156.5685059,RF
116.6882534,-40.14206447,-76.54618895,0.945724869,0.434691875,156.5685058,RF
116.6882526,-40.14209637,-76.54615623,0.204080462,0.434757765,156.5685058,RF
116.6882513,-40.14214702,-76.54610429,0.009345264,0.434861487,156.5685058,RF
116.68825,-40.14219752,-76.5460525,8.58E-05,0.434964752,156.5685058,RF
116.68825,-40.14219752,-76.5460525,8.58E-05,0.434964752,156.5685058,RF
116.68825,-40.14219752,-76.5460525,8.58E-05,0.434964752,156.5685058,RF
116.68825,-40.14219752,-76.5460525,8.58E-05,0.434964752,156.5685058,RF
116.68825,-40.14219752,-76.5460525,8.58E-05,0.434964753,156.5685058,RF
116.68825,-40.14219752,-76.54605249,8.58E-05,0.434964756,156.5685058,RF
116.68825,-40.14219753,-76.54605249,8.59E-05,0.434964773,156.5685058,RF
116.68825,-40.14219757,-76.54605244,8.63E-05,0.434964858,156.5685058,RF
116.68825,-40.14219778,-76.54605223,8.80E-05,0.434965283,156.5685058,RF
116.68825,-40.14219882,-76.54605117,9.66E-05,0.434967405,156.5685058,RF
116.6882499,-40.14220401,-76.54604584,0.00013439,0.434978017,156.5685058,RF
116.6882492,-40.14222996,-76.54601923,0.00023976,0.435031077,156.5685058,RF
116.6882459,-40.14235972,-76.54588614,0.000289676,0.435296373,156.5685057,RF
116.6882293,-40.14300852,-76.54522074,0.000250562,0.436622856,156.5685055,RF
116.6881463,-40.14625254,-76.54189373,0.000229252,0.443255277,156.5685044,RF
116.6877319,-40.16247292,-76.52525901,0.000232077,0.47641754,156.5684989,RF
116.6856765,-40.24358238,-76.44209409,0.000228595,0.642232881,156.5684714,RF
116.675804,-40.64931774,-76.02648621,0.000214128,1.471409723,156.5683337,RF
116.6365572,-42.68266961,-73.95388755,0.000157181,5.619746879,156.5676452,RF
116.6926952,-52.96285577,-63.72983944,0.000258852,26.41640655,156.5642027,RF
120.8913584,-94.57946953,-26.31188885,0.006762521,107.8677613,156.5507964,RF
134.1936718,-147.1790363,12.98536451,0.02721228,205.2777325,156.5346815,RF
156.2244396,-201.2706908,45.04625117,0.060813172,299.6744793,156.5185673,RF
186.4634296,-255.2513386,68.78790901,0.106696752,388.195839,156.5024539,RF
224.0595986,-307.3391108,83.2795122,0.163355546,467.8522989,156.4863414,RF
267.7764802,-355.6477051,87.87122493,0.228802869,535.7133135,156.4702299,RF
315.9929856,-398.302442,82.3094564,0.300562701,589.1386467,156.4541196,RF
366.7574467,-433.5794924,66.82204575,0.375757298,626.0189291,156.4380105,RF
417.8882788,-460.0496759,42.16139717,0.4512442,644.9927854,156.4219028,RF
467.1104324,-476.7089838,9.59855135,0.523790408,645.6124684,156.4057966,RF
512.213382,-483.0799776,-29.13340439,0.590267968,628.4363944,156.3896922,RF
537.2063382,-481.897434,-55.30890423,0.627155506,609.514302,156.3797164,RF
537.2063382,-481.897434,-55.30890423,0.627155506,609.514302,156.3797164,RF
571.593421,-472.1002359,-99.49318513,0.67803111,567.2609147,156.3636151,RF
597.5263889,-453.5485127,-143.9778762,0.716530271,513.222617,156.3475159,RF
614.2591507,-427.8013299,-186.4578208,0.741434111,451.0087349,156.3314189,RF
621.6569892,-396.8008429,-224.8561463,0.752278064,384.5724639,156.3153241,RF
620.19599,-362.7185535,-257.4774365,0.749401129,317.9064596,156.2992316,RF
610.9089679,-327.7815928,-283.1273751,0.733889902,254.7358226,156.2831413,RF
595.2828358,-294.0956986,-301.1871372,0.707473834,198.2379783,156.2670533,RF
575.1173389,-263.4819667,-311.6353723,0.672374437,150.8162858,156.2509673,RF
552.3590134,-237.3430695,-315.0159439,0.631122694,113.9487364,156.2348834,RF
528.9267228,-216.5716202,-312.3551026,0.586361655,88.12542841,156.2188015,RF
506.5459082,-201.5090238,-305.0368844,0.540652257,72.87943895,156.2027213,RF
486.6076906,-191.9580223,-294.6496683,0.496413853,66.90622238,156.186643,RF
470.0662662,-187.2465874,-282.8196788,0.45532326,68.25776579,156.1705663,RF
457.3840309,-186.3350627,-271.0489682,0.418921288,74.59006645,156.1544912,RF
448.5286371,-187.9553467,-260.5732904,0.388104794,83.43774886,156.1384177,RF
443.0211755,-190.7673002,-252.2538753,0.36325478,92.48726196,156.1223457,RF
440.0289934,-193.5145981,-246.5143953,0.344295887,99.82013571,156.1062754,RF
438.4922323,-195.16444,-243.3277922,0.330793123,104.1020187,156.0902067,RF
437.2698201,-195.0166259,-242.2531942,0.322073317,104.699084,156.0741395,RF
435.2887861,-192.7710305,-242.5177557,0.31735606,101.7113617,156.0580741,RF
431.6806593,-188.5471286,-243.1335306,0.315878613,95.92153569,156.0420104,RF
425.8903173,-182.8544321,-243.0358851,0.317000593,88.66675277,156.0259483,RF
417.7458086,-176.5179822,-241.2278264,0.320277121,81.64909569,156.009888,RF
407.4820114,-170.5678353,-236.9141761,0.325493179,76.70671764,155.9938294,RF
395.7160639,-166.1052743,-229.6107896,0.33265668,75.57157215,155.9777724,RF
383.3777514,-164.1608806,-219.2168708,0.341952761,79.64080153,155.9617172,RF
371.602899,-165.5603622,-206.0425368,0.353666396,89.78707757,155.9456635,RF
361.6017932,-170.8130857,-190.7887075,0.368084216,106.2287329,155.9296113,RF
354.5173057,-180.0357071,-174.4815986,0.385388893,128.4738772,155.9135606,RF
351.288457,-192.9194324,-158.3690246,0.405560409,155.3445854,155.8975113,RF
352.5345206,-208.7446701,-143.7898505,0.428297814,185.0785439,155.8814635,RF
358.4725161,-226.441692,-132.0308241,0.452972868,215.4971867,155.865417,RF
368.8773101,-244.690934,-124.1863761,0.478623332,244.2222151,155.8493719,RF
383.0889423,-262.0522882,-121.0366541,0.503989254,268.9172424,155.8333282,RF
400.0667048,-277.1096072,-122.9570976,0.527590615,287.528654,155.8172859,RF
418.4844806,-288.6149973,-129.8694833,0.547839922,298.4999076,155.8012452,RF
436.8572193,-295.616915,-141.2403043,0.563180238,300.9361688,155.7852061,RF
453.6862847,-297.5612389,-156.1250458,0.572229211,294.7028652,155.7691686,RF
467.6064503,-294.3485877,-173.2578626,0.573926238,280.4448758,155.7531329,RF
477.5208549,-286.3477397,-191.1731152,0.567653245,259.5273075,155.737099,RF
482.7090138,-274.3605256,-208.3484882,0.553324237,233.9023592,155.7210669,RF
482.8967106,-259.5424332,-223.3542773,0.531430233,205.9165588,155.7050368,RF
478.2802818,-243.2870857,-234.9931961,0.503033481,178.0783506,155.6890085,RF
469.5028623,-227.0866895,-242.4161729,0.46970967,152.8103248,155.6729822,RF
457.5851382,-212.3830152,-245.2021231,0.433442054,132.2118228,155.6569577,RF
443.8179377,-200.4244408,-243.3934969,0.396476239,117.856452,155.640935,RF
429.6279784,-192.1439086,-237.4840698,0.36114844,110.645261,155.624914,RF
416.4308736,-188.0704011,-228.3604725,0.32970279,110.7303881,155.6088947,RF
405.4867865,-188.2829743,-217.2038121,0.304114471,117.5165304,155.5928771,RF
397.7737758,-192.4118761,-205.3618998,0.285935001,129.7393905,155.576861,RF
393.8919467,-199.6863064,-194.2056403,0.276173884,145.6122092,155.5608464,RF
394.008213,-209.0234786,-184.9847344,0.275227311,163.0244326,155.5448333,RF
397.8471542,-219.1493191,-178.6978351,0.282860027,179.7712323,155.5288217,RF
404.7285614,-228.7378737,-175.9906877,0.298241315,193.7895365,155.5128116,RF
413.6473485,-236.5545897,-177.0927588,0.320030832,203.3757629,155.4968031,RF
423.3870612,-241.588327,-181.7987342,0.346505297,207.3625737,155.4807961,RF
432.6547256,-243.1582334,-189.4964922,0.375713261,205.2364874,155.4647908,RF
440.2226022,-240.9843582,-199.2382439,0.405642727,197.1845536,155.4487872,RF
445.0617642,-235.2147772,-209.846987,0.434385537,184.0658694,155.4327853,RF
446.45338,-226.4066454,-220.0467346,0.460283183,167.3116633,155.4167852,RF
444.0660154,-215.4634822,-228.6025331,0.482040993,148.7651655,155.4007869,RF
437.9909369,-203.5356118,-234.4553251,0.498801249,130.4787346,155.3847904,RF
428.7318852,-191.8945461,-236.8373392,0.510170185,114.4900734,155.3687957,RF
417.1506297,-181.7948008,-235.355829,0.516198752,102.6014007,155.3528028,RF
404.3742878,-174.3378976,-230.0363902,0.517321729,96.18494804,155.3368117,RF
391.6744165,-170.3530059,-221.3214107,0.514263963,96.03520698,155.3208222,RF
380.3308267,-170.306851,-210.0239757,0.507925615,102.283275,155.3048343,RF
371.4946315,-174.2523661,-197.2422655,0.499260098,114.3820017,155.288848,RF
366.0650665,-181.8214243,-184.2436422,0.489158653,131.1631199,155.2728632,RF
364.5931056,-192.2623107,-172.3307949,0.478354294,150.959956,155.2568799,RF
367.222018,-204.517856,-162.704162,0.467355245,171.7824561,155.240898,RF
373.6710732,-217.3358744,-156.3351989,0.456414357,191.5258317,155.2249177,RF
383.2640247,-229.4001638,-153.8638609,0.445536685,208.1907119,155.2089388,RF
394.9992687,-239.4681927,-155.531076,0.434522942,220.0915959,155.1929614,RF
407.6541927,-246.5009354,-161.1532573,0.423042381,226.0317662,155.1769855,RF
419.9126399,-249.7711914,-170.1414485,0.410725266,225.4264587,155.1610113,RF
430.5020191,-248.9390314,-181.5629878,0.397262834,218.3616183,155.1450388,RF
438.3256114,-244.0865103,-194.2391011,0.382501747,205.5823902,155.129068,RF
442.5761743,-235.7081005,-206.8680738,0.366520643,188.4128992,155.113099,RF
442.8189579,-224.6579685,-218.1609894,0.349678341,168.6160557,155.0971318,RF
439.0355004,-212.0597562,-226.9757442,0.332626446,148.208367,155.0811664,RF
431.6237236,-199.188451,-232.4352726,0.316283111,129.2493531,155.0652029,RF
421.3544602,-187.3368348,-234.0176254,0.301769114,113.6277183,155.0492411,RF
409.2891212,-177.6805771,-231.608544,0.290311765,102.8666349,155.0332811,RF
396.6672804,-171.1561322,-225.5111482,0.283125975,97.96836668,155.0173228,RF
384.7760831,-168.3642034,-216.4118797,0.281284624,99.31421487,155.0013662,RF
374.8152477,-169.5088038,-205.3064438,0.285591979,106.6298898,154.9854112,RF
367.7718439,-174.3781649,-193.393679,0.296474,119.0194978,154.9694577,RF
364.3179432,-182.3693239,-181.9486193,0.313898021,135.0641418,154.9535057,RF
364.7417865,-192.5536289,-172.1881576,0.337331594,152.9744004,154.9375553,RF
368.9195478,-203.7761123,-165.1434354,0.365746474,170.7803914,154.9216063,RF
376.3304823,-214.7781589,-161.5523233,0.397669278,186.5393083,154.9056587,RF
386.1136809,-224.3304952,-161.7831857,0.431275649,198.5386266,154.8897127,RF
397.1602927,-231.3624977,-165.797795,0.464520314,205.4737863,154.8737683,RF
408.2313824,-235.0742668,-173.1571156,0.495291714,206.5819682,154.8578255,RF
418.0889442,-235.0197802,-183.069164,0.521577299,201.7183014,154.8418843,RF
425.626267,-231.1525265,-194.4737405,0.541624314,191.366946,154.8259448,RF
429.9839758,-223.8289916,-206.1549842,0.554081215,176.5863513,154.8100071,RF
430.639637,-213.7698116,-216.8698254,0.558106605,158.8948655,154.7940712,RF
427.4616409,-201.9828453,-225.4787956,0.553435639,140.1090531,154.778137,RF
420.7218589,-189.6563913,-231.0654677,0.540397898,122.1519241,154.7622047,RF
411.0659174,-178.0338671,-233.0320504,0.519885382,106.851294,154.7462742,RF
399.4443757,-168.2831612,-231.1612145,0.493273987,95.74938172,154.7303455,RF
387.0121759,-161.3743701,-225.6378058,0.462306235,89.94343061,154.7144184,RF
375.0070241,-157.9786953,-217.0283288,0.428946561,89.97376901,154.698493,RF
364.6195214,-158.3990073,-206.2205141,0.395222896,95.77066738,154.6825693,RF
356.8686753,-162.5392252,-194.3294502,0.363069305,106.6651474,154.6666471,RF
352.4958028,-169.9155693,-182.5802335,0.334183972,121.4622013,154.6507264,RF
351.8878586,-179.7083535,-172.179505,0.309914988,138.5683904,154.6348073,RF
355.0381024,-190.8487459,-164.1893565,0.291183316,156.1601837,154.6188896,RF
361.5480817,-202.1312944,-159.4167874,0.278448394,172.3752438,154.6029734,RF
370.6705728,-212.3403557,-158.3302171,0.271717433,185.5065949,154.5870587,RF
381.3888406,-220.3771559,-161.0116847,0.270595099,194.1794371,154.5711455,RF
392.5238032,-225.3741981,-167.1496051,0.274366299,197.492303,154.5552339,RF
402.1464175,-226.8068223,-175.3395951,0.281414324,195.4776464,154.5405008,RF
402.1464175,-226.8068223,-175.3395951,0.281414324,195.4776464,154.5405008,RF
402.1464175,-226.8068223,-175.3395951,0.281414324,195.4776464,154.5405008,RF
410.7285131,-224.738531,-185.9899821,0.291896604,188.0361765,154.5245924,RF
415.3939594,-220.8166932,-194.5772663,0.301184916,179.2556255,154.5125982,RF
418.7119941,-212.2629975,-206.4489966,0.315454271,163.3779792,154.4956945,RF
417.8578699,-201.1199002,-216.7379697,0.330249228,145.1109394,154.4787927,RF
412.889406,-188.6702382,-224.2191678,0.344952825,126.5905171,154.461893,RF
404.3504944,-176.3468261,-228.0036683,0.359236596,109.9700868,154.4449953,RF
393.2056903,-165.5629756,-227.6427147,0.373053243,97.16735942,154.4280996,RF
380.7243356,-157.5456851,-223.1786505,0.386565335,89.64026212,154.4112059,RF
368.3302504,-153.1917269,-215.1385235,0.400044051,88.21847698,154.394314,RF
357.4334618,-152.9629997,-204.4704621,0.413752008,93.00953276,154.377424,RF
349.2641432,-156.8334361,-192.4307071,0.427828056,103.3901127,154.3605357,RF
344.7282964,-164.2935177,-180.4347788,0.442191337,118.0830531,154.3436492,RF
344.3020715,-174.4116459,-169.8904256,0.456479346,135.3104618,154.3267643,RF
347.9770036,-185.944933,-162.0320707,0.470030347,153.0045361,154.3098812,RF
355.262406,-197.4861941,-157.776212,0.481914737,169.0510256,154.2929997,RF
365.2444132,-207.6297235,-157.6146897,0.491013552,181.5366409,154.2761199,RF
376.6945109,-215.1363041,-161.5582069,0.496136117,188.9714472,154.2592419,RF
388.2146091,-219.0780746,-169.1365345,0.496163466,190.4604129,154.2423656,RF
398.4014754,-218.9463304,-179.455145,0.490200442,185.8044127,154.2254913,RF
406.011155,-214.7097597,-191.3013953,0.477717632,175.5193703,154.2086188,RF
410.1040869,-206.8164906,-203.2875962,0.458664837,160.7718718,154.1917483,RF
410.1539815,-196.1399463,-214.0140352,0.433540556,143.2393433,154.1748799,RF
406.1078496,-183.8750929,-222.2327567,0.403406593,124.9116322,154.1580134,RF
398.3903563,-171.3974534,-226.9929029,0.369842991,107.8575446,154.141149,RF
387.8522313,-160.1015651,-227.7506663,0.334845205,93.9838012,154.1242865,RF
375.6690196,-151.2378907,-224.4311288,0.300672077,84.81455751,154.107426,RF
363.2022455,-145.7672895,-217.434956,0.269658953,81.31702847,154.0905675,RF
351.8394102,-144.2500087,-207.5894014,0.244014478,83.79319906,154.0737107,RF
342.8316427,-146.7820411,-196.0496015,0.225621838,91.84975839,154.0568558,RF
337.1480207,-152.9860919,-184.1619288,0.215865066,104.449197,154.0400026,RF
335.3635366,-162.0579754,-173.3055613,0.215498633,120.0355364,154.0231511,RF
337.593677,-172.8627737,-164.7309032,0.224574112,136.7195172,154.0063013,RF
343.4830727,-184.0692934,-159.4137793,0.242431712,152.5012617,153.9894532,RF
352.2493211,-194.3069227,-157.9423985,0.267757644,165.5042158,153.9726068,RF
362.776622,-202.3264418,-160.4501802,0.298701351,174.1930506,153.9557621,RF
373.7480666,-207.1459516,-166.6021149,0.333040399,177.5502548,153.9389192,RF
383.8009443,-208.1649043,-175.63604,0.368375926,175.1911359,153.9220782,RF
391.6868011,-205.233018,-186.4537832,0.402338608,167.4042509,153.9052391,RF
396.4175025,-198.6661887,-197.7513138,0.432784373,155.1130593,153.8884018,RF
397.3802643,-189.2077394,-208.1725249,0.457960618,139.7637866,153.8715666,RF
394.40831,-177.9397478,-216.4685622,0.476627326,123.1530483,153.8547334,RF
387.7990524,-166.1550106,-221.6440418,0.48812277,107.2157043,153.8379021,RF
378.2778657,-155.2047657,-223.0731,0.492369751,93.797912,153.8210728,RF
366.9118827,-146.3400705,-220.5718122,0.489824928,84.44190521,153.8042455,RF
354.9840748,-140.5654042,-214.4186707,0.481379944,80.20748639,153.7874201,RF
343.8424763,-138.5215657,-205.3209106,0.46822798,81.55078332,153.7705966,RF
334.7422615,-140.4114473,-194.3308142,0.451712697,88.27402131,153.7537748,RF
328.6991481,-145.977202,-182.7219462,0.433177725,99.55170809,153.7369548,RF
326.3712064,-154.5312892,-171.8399172,0.413833944,114.0297046,153.7201365,RF
327.9827659,-165.03758,-162.9451859,0.394658902,129.9852021,153.7033199,RF
333.2991482,-176.2328781,-157.0662701,0.376338177,145.5286285,153.686505,RF
341.6549826,-186.7745355,-154.8804471,0.359252925,158.8237617,153.6696918,RF
352.032606,-195.396859,-156.635747,0.343511919,168.3003794,153.6528803,RF
363.1812205,-201.0580507,-162.1231698,0.32902081,172.8348173,153.6360706,RF
373.7627768,-203.0606074,-170.7021694,0.315576792,171.877705,153.6192627,RF
382.5074942,-201.1312683,-181.3762259,0.302973841,165.514423,153.6024567,RF
388.3608859,-195.4513729,-192.909513,0.291102623,154.4517261,153.5856526,RF
390.605224,-186.634299,-203.970925,0.280030096,139.9325792,153.5688505,RF
388.94143,-175.6528274,-213.2886026,0.270046628,123.5895553,153.5520503,RF
383.5220414,-163.7250842,-219.7969573,0.261672837,107.2541767,153.5352522,RF
374.9316353,-152.1724912,-222.7591441,0.255623674,92.74455728,153.518456,RF
364.117212,-142.2663458,-221.8508662,0.252732997,81.6560462,153.5016618,RF
352.2768437,-135.0808947,-217.195949,0.253847192,75.17904839,153.4848696,RF
341.5315104,-131.5112387,-210.0202717,0.259739064,73.87034909,153.4693129,RF
341.5315104,-131.5112387,-210.0202717,0.259739064,73.87034909,153.4693129,RF
340.660913,-131.3624731,-209.2984398,0.259843587,73.97353074,153.4679889,RF
339.7992102,-131.2381506,-208.5610596,0.260527778,74.111058,153.4666648,RF
335.6504179,-130.9800721,-204.6703458,0.264436029,75.30447326,153.4600448,RF
326.6255996,-133.0315909,-193.5940087,0.278355805,82.0150921,153.4429913,RF
320.7810407,-138.7496044,-182.0314363,0.297748484,93.1575317,153.4259396,RF
318.7335283,-147.365355,-171.3681732,0.322088664,107.3119096,153.4088896,RF
320.6342006,-157.7736893,-162.8605113,0.350319554,122.723769,153.3918414,RF
326.1613054,-168.662682,-157.4986234,0.380914875,137.5057692,153.374795,RF
334.561282,-178.6715118,-155.8897702,0.411974283,149.862889,153.3577503,RF
344.7413918,-186.5534801,-158.1879117,0.441368456,158.3050985,153.3407074,RF
355.4023673,-191.324526,-164.0778413,0.466919117,161.8220419,153.3236663,RF
365.1950749,-192.3795368,-172.8155381,0.486595863,159.9992199,153.3066271,RF
372.8823253,-189.5627008,-183.3196245,0.498709107,153.062296,153.2895899,RF
377.4864401,-183.1837124,-194.3027276,0.502078308,141.844814,153.2725546,RF
378.4049861,-173.9781639,-204.4268222,0.496156972,127.6837746,153.2555214,RF
375.480982,-163.0171431,-212.463839,0.481100295,112.2560801,153.2384902,RF
369.0193998,-151.5771132,-217.4422866,0.457767398,97.37579931,153.221461,RF
359.7482525,-140.9858508,-218.7624017,0.427657075,84.77671775,153.2044339,RF
348.7291996,-132.4630032,-216.2661964,0.392783167,75.90620032,153.1874087,RF
337.2286199,-126.9743835,-210.2542363,0.355502095,71.75484186,153.1703855,RF
326.5647769,-125.1173812,-201.4473957,0.31831018,72.74192716,153.1533643,RF
319.6536845,-126.2944775,-193.359207,0.293471495,76.94018675,153.1401673,RF
319.6536845,-126.2944775,-193.359207,0.293471495,76.94018675,153.1401673,RF
319.3789892,-126.4027043,-192.9762848,0.28990178,77.1956526,153.1395718,RF
319.1078013,-126.5153937,-192.5924077,0.288730349,77.45654983,153.1389762,RF
317.805805,-127.1447532,-190.6610518,0.282954802,78.84096505,153.1359983,RF
312.7716021,-131.8082425,-180.9633595,0.256495493,87.56504621,153.1211096,RF
310.4717483,-138.6948736,-171.7768747,0.234803684,98.64333082,153.1062223,RF
311.0739708,-147.1342876,-163.9396831,0.218729853,111.018555,153.0913363,RF
314.4757969,-156.3151636,-158.1606333,0.208755406,123.5214493,153.0764517,RF
320.3162364,-165.3607347,-154.9555017,0.204987667,134.9788051,153.0615684,RF
328.010472,-173.4097395,-154.6007326,0.20717814,144.3209302,153.0466865,RF
336.8047372,-179.6955203,-157.1092169,0.214765614,150.6788867,153.031806,RF
345.8462969,-183.6161108,-162.2301861,0.226939392,153.4627704,153.0169268,RF
354.2621661,-184.7889635,-169.4732026,0.242716525,152.4140364,153.0020491,RF
361.2393681,-183.0853767,-178.1539914,0.261025914,147.6272605,152.9871729,RF
366.0994037,-178.6415447,-187.457859,0.280791814,139.5395318,152.9722982,RF
368.3601444,-171.8452993,-196.5148451,0.301009636,128.8886313,152.957425,RF
367.7795333,-163.29984,-204.4796933,0.320807945,116.643991,152.9425534,RF
364.3771575,-153.7678495,-210.6093081,0.339492081,103.9168881,152.9276833,RF
358.4317952,-144.1011738,-214.3306214,0.356566728,91.85818042,152.9128147,RF
350.4552417,-135.1625507,-215.292691,0.37173686,81.55297977,152.8979477,RF
341.14489,-127.74657,-213.39832,0.384888591,73.92187836,152.8830822,RF
331.3194716,-122.5070976,-208.812374,0.396053335,69.63769047,152.8682182,RF
321.8438887,-119.8977742,-201.9461145,0.405360225,69.06520283,152.8533557,RF
313.5500427,-120.1309833,-193.4190594,0.412982715,72.22928712,152.8384946,RF
307.1609031,-123.1589728,-184.0019303,0.41908572,78.814114,152.823635,RF
303.2247393,-128.6787808,-174.5459585,0.423779392,88.19336222,152.8087766,RF
302.0654836,-136.1604356,-165.905048,0.427084841,99.48849902,152.7939197,RF
303.7536981,-144.8957775,-158.8579205,0.42891571,111.6496746,152.7790641,RF
308.1007237,-154.0633813,-154.0373424,0.429077832,123.5517535,152.7642098,RF
314.6764654,-162.8036053,-151.8728602,0.427287213,134.0966765,152.7493569,RF
322.8491102,-170.2968936,-152.5522166,0.423204648,142.3128288,152.7345053,RF
331.8430849,-175.8381881,-156.0048969,0.41648344,147.4424167,152.7196552,RF
340.8099121,-178.9006878,-161.9092244,0.406825238,149.0090024,152.7048064,RF
348.9054682,-179.1831892,-169.722279,0.394038038,146.8591903,152.6899591,RF
355.3665909,-176.6367591,-178.7298318,0.378089942,141.1748417,152.6751133,RF
359.5800689,-171.4683863,-188.1116826,0.359152538,132.4548849,152.660269,RF
361.1377662,-164.1213645,-197.0164017,0.337628516,121.4685495,152.6454262,RF
359.8729192,-155.2342754,-204.6386439,0.314159556,109.1844287,152.6305849,RF
355.8743763,-145.5823796,-210.2919967,0.289612226,96.68193551,152.6157452,RF
349.4775664,-136.0068095,-213.4707569,0.265041693,85.05327238,152.600907,RF
341.2331058,-127.3380449,-213.8950608,0.241635102,75.30483981,152.5860704,RF
331.85598,-120.3206504,-211.5353295,0.220638442,68.26700868,152.5712353,RF
322.1599933,-115.546108,-206.6138853,0.203272387,64.52036636,152.5564017,RF
312.9834997,-113.3998203,-199.5836795,0.190643774,64.34500747,152.5415695,RF
305.1131992,-114.0270476,-191.0861516,0.18365999,67.69731391,152.5267388,RF
299.2129321,-117.3208013,-181.8921308,0.182953552,74.21615421,152.5119095,RF
295.7639263,-122.932711,-172.8312153,0.18882346,83.25775804,152.4970815,RF
295.021885,-130.3057911,-164.716094,0.201198677,93.95593144,152.4822549,RF
296.9947509,-138.726042,-158.2687089,0.219627356,105.3020054,152.4674297,RF
301.4430921,-147.3881267,-154.0549653,0.243293335,116.2371588,152.4526057,RF
307.9029882,-155.4690954,-152.4338927,0.271059235,125.748682,152.4377832,RF
315.7292514,-162.203426,-153.5258254,0.301533274,132.9614432,152.422962,RF
324.1549773,-166.9525524,-157.2024249,0.333154964,137.2163054,152.4081422,RF
332.3619502,-169.2625779,-163.0993723,0.364293314,138.128478,152.3933238,RF
339.5554613,-168.9049701,-170.6504912,0.393350113,135.6206416,152.3785069,RF
345.0367212,-165.8965983,-179.1401229,0.418860478,129.9280048,152.3636914,RF
348.2662918,-160.4973648,-187.768927,0.43958312,121.5750051,152.3488775,RF
348.9128032,-153.1857269,-195.7270763,0.454573643,111.3259387,152.3340651,RF
346.8825791,-144.614409,-202.2681701,0.463235639,100.1141448,152.3192542,RF
342.3275437,-135.5503997,-206.777144,0.46534621,88.95628364,152.3044448,RF
335.6307673,-126.8047377,-208.8260297,0.461054642,78.85955545,152.289637,RF
327.3710373,-119.158499,-208.2125382,0.450855169,70.73029536,152.2748306,RF
318.2697414,-113.2917171,-204.9780243,0.435536822,65.29220378,152.2600258,RF
309.1249441,-109.7216787,-199.4032655,0.416115133,63.02154862,152.2452225,RF
300.738677,-108.756162,-191.9825149,0.393751812,64.10509675,152.2304206,RF
293.8440599,-110.4658108,-183.3782491,0.369669265,68.42444353,152.2156201,RF
289.0388609,-114.678085,-174.3607759,0.345067014,75.56800268,152.200821,RF
286.7314919,-120.9932686,-165.7382233,0.321046614,84.86941495,152.1860233,RF
287.1042929,-128.8210122,-158.2832807,0.298550658,95.46875852,152.1712269,RF
290.0973713,-137.4340383,-152.663333,0.278319987,106.3909102,152.1564318,RF
295.4143934,-146.0340932,-149.3803001,0.260871438,116.6338961,152.1416382,RF
302.5497315,-153.8241434,-148.7255881,0.246496517,125.2592143,152.1268458,RF
310.8344454,-160.0802684,-150.754177,0.23527946,131.4759852,152.1120549,RF
319.4968798,-164.2167578,-155.280122,0.22713146,134.7113888,152.0972653,RF
327.7323579,-165.8385536,-161.8938043,0.221836446,134.6611321,152.0824772,RF
334.7756488,-164.7763492,-169.9992996,0.219102935,131.3155211,152.0676905,RF
339.9696595,-161.1012337,-178.8684258,0.218616131,124.958935,152.0529053,RF
342.8241683,-155.1176333,-187.706535,0.22008466,116.1429042,152.0381216,RF
343.0593376,-147.3352617,-195.724076,0.223277113,105.6353631,152.0233395,RF
340.6301377,-138.4226825,-202.2074551,0.228044759,94.35077625,152.0085588,RF
335.7295472,-129.1467368,-206.5828104,0.234328362,83.26752243,151.9937797,RF
328.7703222,-120.3033452,-208.466977,0.242148776,73.34002952,151.9790021,RF
320.3470533,-112.6459542,-207.7010991,0.25158272,65.41357659,151.9642261,RF
311.1820064,-106.818081,-204.3639254,0.262726747,60.14939338,151.9494515,RF
302.0596867,-103.2960205,-198.7636662,0.275653727,57.96671589,151.9346784,RF
293.7560668,-102.3468373,-191.4092294,0.29036701,59.00689448,151.9199067,RF
286.9688757,-104.0053689,-182.9635067,0.30675778,63.12264053,151.9051365,RF
282.2552272,-108.0722377,-174.1829895,0.324570955,69.89322236,151.8903676,RF
279.9821793,-114.1329691,-165.8492102,0.343384208,78.664087,151.8756001,RF
280.2946304,-121.5964094,-158.698221,0.362603525,88.60720121,151.860834,RF
283.103377,-129.748904,-153.354473,0.381477165,98.79656762,151.8460692,RF
288.0943319,-137.8192895,-150.2750424,0.399128084,108.2920437,151.8313057,RF
294.7579856,-145.0487977,-149.709188,0.414603128,116.2238875,151.8165437,RF
302.4363783,-150.7595477,-151.6768306,0.426935541,121.8704359,151.801783,RF
310.383275,-154.4154562,-155.9678188,0.43521595,124.7219839,151.7870237,RF
317.832068,-155.6701004,-162.1619676,0.438665976,124.5252142,151.7722658,RF
324.0652515,-154.3972673,-169.6679841,0.436708111,121.3043093,151.7575094,RF
328.4791958,-150.7014992,-177.7776966,0.429025578,115.3569939,151.7427544,RF
330.6383974,-144.9077594,-185.730638,0.415606528,107.2260168,151.7280009,RF
330.3143499,-137.5312266,-192.7831233,0.396768059,97.64878279,151.713249,RF
327.5055867,-129.2300149,-198.2755719,0.373157149,87.48979075,151.6984986,RF
322.4371565,-120.7451428,-201.6920137,0.345727409,77.66204429,151.6837496,RF
315.5396489,-112.8332083,-202.7064406,0.31569259,69.04455565,151.6690022,RF
311.4420431,-109.2060678,-202.2359752,0.301666598,65.31544384,151.6613656,RF
311.4420431,-109.2060678,-202.2359752,0.301666598,65.31544384,151.6613656,RF
311.1123706,-109.0312084,-202.0811622,0.29069647,64.97729781,151.6606278,RF
310.9938393,-109.2694632,-201.7243761,0.287213019,64.62058782,151.65989,RF
311.0505136,-109.9761501,-201.0743635,0.287330126,64.16201327,151.6589724,RF
311.1150607,-110.7236783,-200.3913824,0.288022639,63.7119146,151.6580549,RF
311.0823285,-111.3066501,-199.7756784,0.287130921,63.28255155,151.6571374,RF
310.8429442,-112.3396514,-198.5032929,0.283134967,62.39668,151.6551273,RF
310.5586717,-113.3937656,-197.1649061,0.280085518,61.5703088,151.6531173,RF
310.0207235,-114.7491162,-195.2716074,0.275776145,60.5282386,151.6503014,RF
307.5665614,-117.782401,-189.7841604,0.262204615,58.30721178,151.64208,RF
304.9121399,-119.2457045,-185.6664354,0.251437747,57.42846196,151.6357036,RF
304.9121399,-119.2457045,-185.6664354,0.251437747,57.42846196,151.6357036,RF
303.3628798,-119.6786765,-183.6842032,0.245726783,57.19974529,151.6323691,RF
303.3628798,-119.6786765,-183.6842032,0.245726783,57.19974529,151.6323691,RF
301.7467358,-119.8953849,-181.8513509,0.240086041,57.09893847,151.6290346,RF
298.51371,-119.7211531,-178.7925569,0.229880078,57.30832193,151.6229692,RF
298.51371,-119.7211531,-178.7925569,0.229880078,57.30832193,151.6229692,RF
294.1444489,-118.500989,-175.6434599,0.217507057,58.12723192,151.615536,RF
284.595905,-112.6989379,-171.8969671,0.194030352,60.91778085,151.6005367,RF
274.5665146,-102.6826254,-171.8838892,0.173207737,64.0982845,151.5855388,RF
264.4134455,-88.81024273,-175.6032027,0.15576529,66.85197314,151.5705424,RF
254.1972495,-71.53259545,-182.664654,0.142370689,68.96432615,151.5555474,RF
243.9068069,-51.57557626,-192.3312306,0.132969799,70.7120595,151.5405539,RF
233.6028442,-29.5865317,-204.0163125,0.127944325,72.57105182,151.5255619,RF
223.5572797,-6.467669851,-217.0896099,0.127185979,75.22404348,151.5105713,RF
214.0563898,17.05199395,-231.1083838,0.130875301,79.32477611,151.4955822,RF
205.7815741,40.04643469,-245.8280088,0.139117293,85.68980341,151.4805945,RF
199.5015514,61.71374433,-261.2152958,0.151996219,95.1135642,151.4656083,RF
195.9806505,81.23605826,-277.2167087,0.169402504,108.2403393,151.4506234,RF
195.9821292,97.95563999,-293.9377692,0.191215761,125.3438212,151.4356399,RF
199.9197672,111.3031524,-311.2229197,0.217051158,145.815646,151.4206577,RF
207.7095547,120.8296839,-328.5392385,0.245855665,167.7240174,151.4056768,RF
218.5781309,126.0876049,-344.6657358,0.275989854,187.5505326,151.3906972,RF
223.7038386,126.9739052,-350.6777437,0.288400054,194.1400115,151.3845652,RF
223.7038386,126.9739052,-350.6777437,0.288400054,194.1400115,151.3845652,RF
236.5267281,126.0048331,-362.5315611,0.317209015,203.7685285,151.3695875,RF
248.5987134,120.5273571,-369.1260705,0.342562409,202.2189744,151.3546113,RF
258.4559867,110.7726314,-369.2286182,0.363109774,189.4664399,151.3396365,RF
265.4076007,97.05562289,-362.4632236,0.377683355,168.6540649,151.3246634,RF
269.698276,79.8810309,-349.5793069,0.386227818,144.8076144,151.309692,RF
272.2450408,59.91198942,-332.1570302,0.389341023,122.7606796,151.2947223,RF
274.2509473,37.84960912,-312.1005564,0.387776081,105.6777239,151.2797542,RF
276.8837226,14.5354855,-291.4192081,0.382621519,94.73021717,151.2647878,RF
280.8516785,-9.122007455,-271.729671,0.375044265,89.42033007,151.2498228,RF
286.5560243,-32.33464586,-254.2213785,0.365358175,88.26243679,151.2348594,RF
293.9060349,-54.16461441,-239.7414205,0.354395305,89.3331015,151.2198975,RF
302.5537704,-73.9226007,-228.6311697,0.342110845,90.72922638,151.204937,RF
311.7402053,-90.77863324,-220.961572,0.328807777,90.76090217,151.189978,RF
320.6720793,-104.2780937,-216.3939856,0.314448343,88.2413041,151.1750205,RF
328.2970857,-113.825449,-214.4716367,0.298818739,82.50983469,151.1600645,RF
333.5018322,-119.1255783,-214.3762539,0.281824822,73.54190374,151.1451101,RF
335.317067,-119.9740375,-215.3430295,0.263555087,62.03313171,151.1301572,RF
332.9740927,-116.3875945,-216.5864982,0.243853038,49.26144179,151.1152059,RF
325.9550745,-108.4680709,-217.4870035,0.223210343,36.82148207,151.1002562,RF
322.3684845,-104.8024005,-217.566084,0.215981576,32.86804774,151.0950973,RF
322.3684845,-104.8024005,-217.566084,0.215981576,32.86804774,151.0950973,RF
318.8128077,-101.189099,-217.6237087,0.2094019,29.6764088,151.0906128,RF
314.8941967,-97.28334154,-217.6108552,0.203138066,26.72363657,151.0861285,RF
309.4090298,-91.86336797,-217.5456619,0.195077638,23.37793561,151.0804644,RF
297.4291859,-80.08852422,-217.3406617,0.18007049,18.21470035,151.0695602,RF
277.7151147,-60.32198613,-217.3931286,0.160346006,13.63925393,151.0538304,RF
256.5423487,-38.06534169,-218.477007,0.14387245,11.73132514,151.0381022,RF
235.3229087,-14.0827304,-221.2401783,0.131964519,11.44867068,151.0223758,RF
215.1210822,10.56047447,-225.6815566,0.124912522,11.98291723,151.0066509,RF
196.566094,34.99159972,-231.5576937,0.123331107,12.9988662,150.9909277,RF
179.8878702,58.0639069,-237.9517771,0.126357246,14.63233315,150.9752061,RF
165.349851,79.00486457,-244.3547156,0.134226293,17.27398955,150.9594862,RF
153.2544711,96.77828566,-250.0327568,0.145755075,21.59961127,150.9437678,RF
144.1057422,110.8556455,-254.9613877,0.161200082,28.37855369,150.928051,RF
138.588889,120.4951969,-259.0840859,0.179621931,38.59783909,150.9123358,RF
137.4133614,125.4776732,-262.8910346,0.201244817,53.15390532,150.8966221,RF
138.7131497,125.9978056,-264.7109553,0.212466618,62.23533127,150.8888666,RF
138.7131497,125.9978056,-264.7109553,0.212466618,62.23533127,150.8888666,RF
138.7808533,126.001814,-264.7826673,0.213698821,62.57077541,150.8885984,RF
138.7808533,126.001814,-264.7826673,0.213698821,62.57077541,150.8885984,RF
138.8473956,126.0092934,-264.8566891,0.214180281,62.90574445,150.8883302,RF
139.1884584,126.0556927,-265.2441512,0.215505004,64.5921746,150.8869892,RF
139.6049237,125.9935882,-265.5985119,0.217609252,66.34654067,150.8856481,RF
140.7990299,125.6690518,-266.4680816,0.223039958,70.77677828,150.882395,RF
143.5557036,124.5899456,-268.1456492,0.232639442,79.37188236,150.8765016,RF
152.9062735,119.5268119,-272.4330854,0.255850531,101.746926,150.8630062,RF
170.1462019,108.7146151,-278.860817,0.285675917,133.1277844,150.8465137,RF
176.6840919,104.5056585,-281.1897503,0.294716579,143.1688272,150.8415456,RF
176.6840919,104.5056585,-281.1897503,0.294716579,143.1688272,150.8415456,RF
183.7097708,99.92189265,-283.6316635,0.304040724,153.1911801,150.8365983,RF
191.241669,94.95132751,-286.1929965,0.313257641,163.1129667,150.8316511,RF
206.2382838,84.88362506,-291.1219088,0.329923642,180.5230948,150.82255,RF
235.582444,64.37920292,-299.9616469,0.357637848,205.5766621,150.806336,RF
266.2937547,41.26166536,-307.55542,0.381208397,217.3813124,150.7901236,RF
270.2788674,38.08698949,-308.3658569,0.383923177,217.6766531,150.7880335,RF
270.2788674,38.08698949,-308.3658569,0.383923177,217.6766531,150.7880335,RF
271.1413638,37.3941187,-308.5354825,0.384503058,217.6995247,150.7875794,RF
271.1413638,37.3941187,-308.5354825,0.384503058,217.6995247,150.7875794,RF
271.9827972,36.71882185,-308.7016191,0.385900813,217.7020981,150.7871253,RF
275.0938405,34.2104211,-309.3042616,0.38695854,217.5781838,150.7854271,RF
278.2132775,31.62352146,-309.8367989,0.388957164,217.234447,150.7837289,RF
283.5823093,27.06849047,-310.6507997,0.392212597,216.1075254,150.7807577,RF
300.2358079,11.83880491,-312.0746128,0.400469893,207.5860551,150.7709331,RF
314.7981169,-3.566357785,-311.2317591,0.405376908,192.156277,150.7611093,RF
326.7148191,-18.8975446,-307.8172745,0.406494292,171.096949,150.7512862,RF
335.634881,-33.91793459,-301.7169464,0.403803686,146.3988985,150.7414639,RF
336.5348164,-35.7798779,-300.7549385,0.403241905,143.1610971,150.7402359,RF
336.5348164,-35.7798779,-300.7549385,0.403241905,143.1610971,150.7402359,RF
336.7885375,-36.32470295,-300.4638345,0.403062833,142.2061011,150.7398749,RF
336.7885375,-36.32470295,-300.4638345,0.403062833,142.2061011,150.7398749,RF
337.0382441,-36.8643399,-300.1739042,0.402995337,141.2532391,150.739514,RF
338.2174704,-39.5384608,-298.6790096,0.401801807,136.4808666,150.7377092,RF
340.037506,-44.16776836,-295.8697377,0.399681222,128.1441509,150.7345673,RF
341.5474703,-48.72441551,-292.8230548,0.397191571,119.8505083,150.7314255,RF
344.7051052,-65.83609144,-278.8690138,0.383915846,88.87173294,150.719016,RF
343.9612689,-81.27925773,-262.6820112,0.366282159,63.08009499,150.7066078,RF
340.3223811,-94.62182121,-245.7005599,0.34525861,44.17255618,150.6942007,RF
334.7522211,-105.4894936,-229.2627275,0.322287026,32.11229306,150.6817947,RF
328.0739769,-113.6260576,-214.4479194,0.298228314,25.71444294,150.6693899,RF
320.809469,-118.7991353,-202.0103337,0.274140354,23.33804152,150.6569861,RF
313.2455625,-120.885732,-192.3598304,0.250726912,23.38096369,150.6445833,RF
308.1263967,-120.545668,-187.5807287,0.235880893,24.09668814,150.6363983,RF
308.1263967,-120.545668,-187.5807287,0.235880893,24.09668814,150.6363983,RF
300.1690567,-117.4446007,-182.724456,0.214497606,25.53562613,150.6239972,RF
291.8051224,-111.3112251,-180.4938973,0.19478872,26.88224241,150.6115971,RF
279.8476878,-98.8042545,-181.0434333,0.171733863,28.04004288,150.5952327,RF
266.6229233,-81.96043762,-184.6624857,0.151985854,28.44319452,150.57887,RF
252.0251417,-61.35798806,-190.6671537,0.136221182,28.31540603,150.5625091,RF
236.33935,-38.00832467,-198.3310254,0.124605142,28.12128098,150.54615,RF
220.0328581,-12.91283907,-207.120019,0.117561256,28.31509681,150.5297927,RF
204.0330936,12.87490465,-216.9079982,0.115602112,29.41524639,150.5134372,RF
189.5026906,38.20642908,-227.7091197,0.119107361,32.00131649,150.4970834,RF
177.5751939,61.96690879,-239.5421027,0.128158903,36.59447479,150.4807313,RF
169.0554933,83.17373687,-252.2292301,0.142643788,43.39124854,150.464381,RF
164.0404094,100.8826976,-264.9231071,0.161531275,51.85874565,150.4480324,RF
162.0328591,114.3192606,-276.3521198,0.183501159,60.70489737,150.4316854,RF
162.0818718,122.8555733,-284.9374451,0.206664518,68.32371104,150.4153402,RF
163.2468061,126.0954956,-289.3423017,0.229399282,73.71339017,150.3989967,RF
164.1989029,125.576843,-289.775746,0.241013354,75.71559416,150.3903457,RF
164.1989029,125.576843,-289.775746,0.241013354,75.71559416,150.3903457,RF
164.83519,124.6235592,-289.4587492,0.247280385,76.67038443,150.3854433,RF
165.5415705,123.1732022,-288.7147727,0.253400639,77.53747975,150.380541,RF
167.00119,119.3690053,-286.3701953,0.263763368,79.02369408,150.3717274,RF
170.0641456,110.4052279,-280.4693735,0.278412869,81.76477097,150.3579177,RF
174.5428643,98.05561932,-272.5984836,0.291496758,85.85614984,150.3441092,RF
180.9450232,82.69292965,-263.6379529,0.302850913,91.93507323,150.330302,RF
189.6477921,64.85087494,-254.4986671,0.312836482,100.1761762,150.316496,RF
200.9258412,45.03900291,-245.9648441,0.321394914,110.2888363,150.3026912,RF
218.2010187,19.12780092,-237.3288197,0.330148171,124.0325883,150.2858115,RF
239.0042145,-7.562662691,-231.4415518,0.336804268,137.2405089,150.2689335,RF
262.3656913,-33.67528613,-228.6904052,0.341362522,147.0759196,150.2520573,RF
286.8332036,-58.12445011,-228.7087535,0.342746835,150.4681052,150.235183,RF
310.4963713,-79.70147788,-230.7948935,0.340366406,144.7999867,150.2183105,RF
331.0430931,-97.45828773,-233.5848054,0.333318553,128.7085775,150.2014401,RF
345.8847603,-110.4913957,-235.3933646,0.320682027,103.0710072,150.1845717,RF
353.0631148,-118.3129181,-234.7501967,0.301946904,71.70518145,150.1677056,RF
351.2724498,-120.5634124,-230.7090374,0.277312117,40.47595285,150.1508416,RF
340.7174077,-117.1530009,-223.5644068,0.248167636,15.323935,150.1339798,RF
323.012114,-108.2140394,-214.7980746,0.216768086,-0.421077258,150.1171201,RF
314.9651908,-103.5010922,-211.4640986,0.205176295,-3.867915289,150.1108226,RF
314.9651908,-103.5010922,-211.4640986,0.205176295,-3.867915289,150.1108226,RF
308.1202516,-99.22382504,-208.8964265,0.195624114,-5.797109345,150.1057653,RF
301.0234428,-94.51519247,-206.5082503,0.186434953,-7.074679688,150.1007082,RF
287.8640429,-85.02627628,-202.8377666,0.170725917,-8.045772684,150.0916194,RF
266.7135875,-67.66498888,-199.0485986,0.148614399,-7.303758639,150.0772711,RF
245.7051619,-47.93923765,-197.7659242,0.13027176,-5.327697168,150.0629241,RF
225.3562923,-26.44286893,-198.9134233,0.116438944,-3.255418277,150.0485785,RF
205.8804187,-4.000327002,-201.8800917,0.10695862,-1.515264804,150.0342343,RF
187.4794525,18.69818891,-206.1776414,0.102084343,-0.115022757,150.0198914,RF
170.4225331,40.77227086,-211.1948039,0.101434956,1.283381676,150.0055499,RF
154.8985925,61.59317465,-216.4917671,0.104964706,3.150517713,149.9912097,RF
141.4756537,80.36713032,-221.842784,0.112515028,6.150965891,149.9768709,RF
130.7760689,96.48866306,-227.264732,0.123966172,11.05626891,149.9625335,RF
123.4499719,109.4212327,-232.8712047,0.139219813,18.73040643,149.9481973,RF
120.2347732,118.6875987,-238.9223719,0.158028991,30.041731,149.9338624,RF
121.6692554,124.0496344,-245.7188898,0.180223167,45.55544616,149.9195288,RF
128.1396024,125.3078288,-253.4474312,0.205280888,65.30134696,149.9051965,RF
139.6448067,122.4259562,-262.0707629,0.232337832,88.31322972,149.8908653,RF
155.5697627,115.5181345,-271.0878972,0.260389619,112.2539473,149.8765352,RF
155.6603226,115.4737343,-271.1340569,0.260526571,112.3705493,149.8764649,RF
155.6603226,115.4737343,-271.1340569,0.260526571,112.3705493,149.8764649,RF
174.9149892,104.7375766,-279.6525659,0.287894722,133.7128173,149.862136,RF
195.7054932,90.56956012,-286.2750534,0.312843722,148.3610595,149.8478084,RF
216.0172937,73.4022535,-289.4195473,0.333585915,153.1297529,149.8334821,RF
234.0503118,53.79460941,-287.8449212,0.348518627,147.2601765,149.8191571,RF
248.5505918,32.34710845,-280.8977003,0.356684503,132.8699692,149.8048336,RF
259.1626002,9.824669213,-268.9872695,0.358016789,114.2320008,149.7905116,RF
266.3461036,-13.00223111,-253.3438725,0.353134673,95.86443023,149.7761912,RF
271.0313505,-35.33677386,-235.6945766,0.343043553,80.95680007,149.7618722,RF
274.3626087,-56.42056972,-217.9420389,0.329056987,70.78274144,149.7475547,RF
277.079263,-75.45520612,-201.6240568,0.312685237,64.98722949,149.7332387,RF
279.6833617,-91.87046505,-187.8128967,0.294545254,62.32947445,149.718924,RF
282.2479406,-105.0199149,-177.2280256,0.275771053,61.32569175,149.7046108,RF
284.5722137,-114.5489317,-170.0232819,0.256591005,60.68512147,149.6902989,RF
286.3122429,-120.0781084,-166.2341345,0.237637513,59.49846591,149.6759884,RF
286.9302543,-121.4542923,-165.475962,0.219113356,57.27281643,149.6616792,RF
286.4695667,-120.0871509,-166.3824158,0.207395863,55.19447238,149.6523522,RF
286.4695667,-120.0871509,-166.3824158,0.207395863,55.19447238,149.6523522,RF
285.981001,-118.8600533,-167.1209478,0.202000475,54.078608,149.64806,RF
285.3058587,-117.2666149,-168.0392438,0.196747297,52.87551762,149.643768,RF
281.8924516,-109.9449862,-171.9474654,0.180816524,48.66572108,149.6303298,RF
274.8276955,-96.64975056,-178.1779449,0.162871647,43.05689467,149.6140842,RF
264.4816639,-79.11130422,-185.3703597,0.146731909,37.53859844,149.5978403,RF
250.9901566,-57.98015568,-193.0100009,0.132851075,32.69323921,149.5815983,RF
235.1377833,-34.28177099,-200.8560123,0.122051695,28.94220739,149.565358,RF
218.1185697,-9.002576134,-209.1159935,0.115187047,26.47807901,149.5491196,RF
201.0392693,16.75048985,-217.7897592,0.11272673,25.22834566,149.5328829,RF
185.0540825,41.89877949,-226.952862,0.115170112,25.06646755,149.516648,RF
170.7810021,65.29386709,-236.0748692,0.122121844,25.75216759,149.5004149,RF
158.5428808,85.9393092,-244.48219,0.133137447,27.04690296,149.4841835,RF
148.2082481,102.9766909,-251.184939,0.147530444,28.74631315,149.4679538,RF
139.6963048,115.5182295,-255.2145343,0.163838235,30.89875107,149.4517259,RF
133.3058898,123.1371604,-256.4430501,0.181702348,33.9652934,149.4354998,RF
129.4563103,125.3746558,-254.8309661,0.200160258,38.68732853,149.4192754,RF
128.9122704,122.2740651,-251.1863355,0.219272293,45.94530027,149.4030526,RF
132.3567645,113.8446182,-246.2013827,0.238429063,56.46949756,149.3868316,RF
136.4842536,106.6259649,-243.1102185,0.250028395,64.3226456,149.3772965,RF
136.4842536,106.6259649,-243.1102185,0.250028395,64.3226456,149.3772965,RF
139.2497164,102.3166863,-241.5664027,0.255620219,68.81071363,149.3724308,RF
142.4707569,97.59387079,-240.0646276,0.261425141,73.6075675,149.3675652,RF
151.1660664,85.86095561,-237.027022,0.274023725,85.16175325,149.3568061,RF
168.473306,65.11967812,-233.5929841,0.292498194,104.378619,149.3405027,RF
190.4528644,41.6541953,-232.1070597,0.30999016,123.7054155,149.324201,RF
216.1196533,16.45388918,-232.5735425,0.325361996,139.9391369,149.3079008,RF
243.8916088,-9.333906591,-234.5577022,0.337548553,149.1988397,149.2916023,RF
271.5415869,-34.57630689,-236.96528,0.345214548,147.7478647,149.2753056,RF
296.4150614,-58.21741113,-238.1976503,0.346550887,133.4299786,149.2590107,RF
315.7318141,-79.1808533,-236.5509608,0.340579945,107.2419612,149.2427178,RF
327.2272668,-96.63570467,-230.5915621,0.326229333,73.94771815,149.2264269,RF
329.9014019,-109.8314129,-220.069989,0.303938146,40.95702079,149.2101381,RF
324.3052612,-118.1594272,-206.145834,0.275285106,15.10978252,149.1938514,RF
312.2925641,-121.2362245,-191.0563396,0.242734213,-0.331686453,149.1775667,RF
296.2209164,-118.8600289,-177.3608875,0.209227365,-6.280553532,149.1612839,RF
288.6013059,-116.1689758,-172.4323301,0.195566737,-6.720155728,149.1543709,RF
288.6013059,-116.1689758,-172.4323301,0.195566737,-6.720155728,149.1543709,RF
283.0861824,-113.7314344,-169.354748,0.185711778,-6.523248308,149.1494866,RF
277.4852311,-110.8109335,-166.6742975,0.176272838,-6.012979892,149.1446025,RF
269.9642367,-106.23115,-163.7330867,0.164315384,-4.997130145,149.1381057,RF
254.281,-94.29824802,-159.982752,0.141602128,-2.316980508,149.1246068,RF
238.5416182,-79.39227774,-159.1493404,0.122141099,0.305042742,149.111109,RF
219.4794906,-58.19336072,-161.2861299,0.102925656,2.72881474,149.0948005,RF
200.4379117,-34.26034523,-166.1775665,0.089100876,4.138608959,149.0784937,RF
181.5138841,-8.80655767,-172.7073264,0.080277312,4.861140895,149.0621887,RF
163.1478365,17.17262389,-180.3204604,0.076921445,5.357392142,149.0458855,RF
146.0479374,42.35956587,-188.4075033,0.07876831,6.37283976,149.029584,RF
131.1938086,65.8294184,-197.023227,0.086125599,8.753355011,149.0132843,RF
119.8225183,86.42896755,-206.2514859,0.099159082,13.67432546,148.9969864,RF
113.0683736,103.2668796,-216.3352532,0.117660831,22.31261106,148.9806902,RF
111.8269616,115.6817064,-227.5086679,0.14125031,35.46206257,148.9643956,RF
116.4324502,123.0844691,-239.5169193,0.169024807,52.85072835,148.9481027,RF
126.2700203,125.1600518,-251.4300722,0.199220115,72.3892458,148.9318114,RF
136.8646222,122.9320861,-259.7967083,0.223602112,87.03396854,148.9187906,RF
136.8646222,122.9320861,-259.7967083,0.223602112,87.03396854,148.9187906,RF
141.3464899,121.1571342,-262.5036241,0.23274326,91.86310065,148.9139039,RF
145.9130604,118.9554881,-264.8685485,0.241397571,96.12059026,148.9090173,RF
152.3883103,115.0553955,-267.4437058,0.253204251,100.9610591,148.9021731,RF
161.6037953,107.8423982,-269.4461935,0.268765349,105.3839371,148.892262,RF
173.5544924,94.81392567,-268.3684181,0.287075983,106.41437,148.8783918,RF
184.0272911,78.72193667,-262.7492278,0.300687145,102.6492832,148.8645228,RF
192.9955971,60.13943322,-253.1350303,0.309737984,96.32756446,148.8506552,RF
200.9170034,39.66366037,-240.5806637,0.314253595,89.7815923,148.836789,RF
208.4548607,17.91373654,-226.3685972,0.314887197,84.68090574,148.8229241,RF
216.248566,-4.346756371,-211.9018097,0.312248211,81.77714158,148.8090605,RF
224.6904245,-26.37156768,-198.3188568,0.307199803,80.94591166,148.7951982,RF
233.9839969,-47.4950704,-186.4889265,0.300030316,81.50404158,148.7813372,RF
244.0162624,-66.97986476,-177.0363976,0.291367431,82.47728759,148.7674775,RF
254.4975477,-84.25332531,-170.2442224,0.281302675,82.86798714,148.7536191,RF
264.936855,-98.75572211,-166.1811329,0.270007002,81.80914361,148.7397619,RF
274.6413063,-109.9448878,-164.6964185,0.257939592,78.66570663,148.7259061,RF
282.85921,-117.5664673,-165.2927427,0.24461392,73.12718859,148.7120516,RF
288.8866736,-121.3218528,-167.5648208,0.230260064,65.30479422,148.6981985,RF
292.0009522,-121.1262383,-170.874714,0.214951783,55.64897911,148.6843467,RF
291.5960442,-116.9891674,-174.6068768,0.198661173,44.94650616,148.6704962,RF
287.3353583,-109.0410921,-178.2942662,0.181697155,34.22477196,148.6566472,RF
283.2210661,-103.106801,-180.1142651,0.172148247,28.63437583,148.6489767,RF
283.2210661,-103.106801,-180.1142651,0.172148247,28.63437583,148.6489767,RF
280.4769589,-99.43506771,-181.0418912,0.166852927,25.79329024,148.6448224,RF
277.4040722,-95.4916112,-181.912461,0.161702816,23.10681392,148.6406684,RF
271.8007543,-88.58184152,-183.2189128,0.15341953,19.17346726,148.6340115,RF
255.2767784,-69.17538845,-186.1013899,0.134354576,11.73596859,148.6178485,RF
235.6646609,-46.68082435,-188.9838365,0.117710386,7.194743267,148.6016873,RF
214.5625581,-22.02408345,-192.5384746,0.104806652,4.874508389,148.5855279,RF
193.5387972,3.66053557,-197.1993328,0.096609784,3.852319099,148.5693703,RF
173.5358565,29.26676572,-202.8026222,0.093373457,3.437921525,148.5532144,RF
155.2607048,53.69486046,-208.9555652,0.095276692,3.328395974,148.5370603,RF
138.8367349,75.84768816,-214.6844231,0.101699163,3.572937781,148.520908,RF
124.5275219,94.76377553,-219.2912974,0.11212907,4.475072911,148.5047574,RF
112.7572992,109.5384924,-222.2957915,0.125694533,6.572362449,148.4886085,RF
104.1154489,119.6145529,-223.7300018,0.142257051,10.5729516,148.4724614,RF
99.35481298,124.4575947,-223.8124077,0.161057541,17.33542647,148.456316,RF
99.19699756,123.9593974,-223.156395,0.182057362,27.63678662,148.4401722,RF
104.3710201,118.0682147,-222.4392348,0.2046141,42.02350627,148.4240301,RF
115.2348147,107.1309352,-222.36575,0.228489402,60.35928146,148.4078896,RF
120.5673105,102.0732431,-222.6405536,0.236991343,67.70506754,148.4021476,RF
120.5673105,102.0732431,-222.6405536,0.236991343,67.70506754,148.4021476,RF
125.6375113,97.37617172,-223.013683,0.244497754,74.13526589,148.3973059,RF
131.197608,92.31966702,-223.517275,0.251828707,80.70259647,148.3924643,RF
152.6106782,73.25755574,-225.8682339,0.275524413,102.1982206,148.3764946,RF
178.0084629,51.19103635,-229.1994992,0.297402631,120.6542892,148.3605264,RF
205.4353975,27.01364321,-232.4490407,0.315798931,131.6226835,148.3445597,RF
232.3297022,1.764311339,-234.0940136,0.328606627,131.23028,148.3285947,RF
255.8881177,-23.48021636,-232.4079013,0.334276891,118.0841356,148.3126316,RF
273.6242623,-47.70776429,-225.916498,0.331274214,94.63641699,148.2966703,RF
284.1643913,-69.90062714,-214.2637642,0.319416079,66.90067153,148.2807109,RF
287.5549087,-89.11215589,-198.4427529,0.299693567,41.77564896,148.2647535,RF
285.0936376,-104.4540972,-180.6395405,0.273981165,23.92514236,148.2487981,RF
278.7251865,-115.2592709,-163.4659156,0.244870148,14.30916439,148.2328445,RF
270.0778974,-121.0190813,-149.0588161,0.214682321,11.09821006,148.2168927,RF
260.2076839,-121.4692014,-138.7384826,0.185239657,11.51551987,148.2009426,RF
258.6141291,-121.0636191,-137.55051,0.181009752,11.7256785,148.1985512,RF
258.6141291,-121.0636191,-137.55051,0.181009752,11.7256785,148.1985512,RF
255.4402652,-119.9075516,-135.5327136,0.172515114,12.20952273,148.1937666,RF
252.2083729,-118.2890932,-133.9192797,0.164359064,12.73452419,148.1889821,RF
243.9014381,-112.2333695,-131.6680686,0.145172342,14.00663192,148.1770786,RF
231.9115967,-99.71587402,-132.1957226,0.122113882,15.22206443,148.1609627,RF
218.7042366,-82.79637588,-135.9078607,0.10251316,15.64198865,148.1448486,RF
204.1826753,-62.13715651,-142.0455188,0.08682205,15.37342043,148.1287362,RF
188.6328079,-38.72546704,-149.9073409,0.075338032,14.76130014,148.1126256,RF
172.2764531,-13.58051561,-158.6959375,0.068302253,14.15963059,148.0965167,RF
155.9403581,12.23475181,-168.1751099,0.066102681,13.99559578,148.0804096,RF
140.7190203,37.56131,-178.2803303,0.06914869,14.8408699,148.0643042,RF
127.8545985,61.30102746,-189.1556259,0.077659668,17.42447446,148.0482006,RF
118.5639478,82.44617037,-201.0101182,0.091837389,22.52828509,148.0320987,RF
113.5528375,100.0771633,-213.6300008,0.111176904,30.54818217,148.0159985,RF
112.9478656,113.4374105,-226.3852761,0.134653505,41.01242068,147.9998999,RF
116.0570606,121.8634011,-237.9204617,0.160484981,52.2439893,147.983803,RF
121.4849301,125.0863398,-246.5712699,0.186856186,61.84891255,147.9677077,RF
124.1055215,124.8605514,-248.9660729,0.197391021,64.8180212,147.9612911,RF
124.1055215,124.8605514,-248.9660729,0.197391021,64.8180212,147.9612911,RF
130.7186352,120.5036178,-251.222253,0.221092743,69.38615571,147.9451982,RF
137.3217698,110.8404868,-248.1622566,0.241366574,70.46871082,147.929107,RF
143.9998387,96.34294213,-240.3427809,0.257821898,69.7371623,147.9130175,RF
151.3665785,77.71057929,-229.0771578,0.270273516,69.18199577,147.8969298,RF
160.2037004,55.65866813,-215.8623685,0.27908494,70.20070046,147.8808439,RF
171.1629386,31.24903542,-202.411974,0.284625285,73.2700633,147.8647597,RF
184.489076,5.606676051,-190.095752,0.28759236,77.89439058,147.8486772,RF
200.1313808,-20.24295176,-179.888429,0.287888316,82.90303704,147.8325964,RF
217.4949404,-45.03570121,-172.4592392,0.285949046,86.68217666,147.8165173,RF
235.7268819,-67.81843897,-167.9084429,0.281353904,87.57695686,147.80044,RF
253.5200382,-87.44712098,-166.0729172,0.274204451,84.16869738,147.7843644,RF
269.3433933,-103.2308989,-166.1124945,0.263851653,75.62811599,147.7682906,RF
281.5808263,-114.3975751,-167.1832512,0.249974766,62.1861017,147.7522186,RF
288.6918575,-120.520293,-168.1715645,0.232473367,45.25310835,147.7361486,RF
289.3540739,-121.2674134,-168.0866605,0.21138427,27.34320797,147.7200804,RF
283.1536584,-116.7052973,-166.4483611,0.18723957,11.48419987,147.7040142,RF
270.4688388,-107.0106001,-163.4582386,0.161356494,0.085945753,147.6879499,RF
265.1252046,-102.8666639,-162.2585406,0.153071,-2.44498089,147.6827975,RF
265.1252046,-102.8666639,-162.2585406,0.153071,-2.44498089,147.6827975,RF
259.7262082,-98.54735817,-161.17885,0.145006588,-4.309463987,147.6779788,RF
253.9843874,-93.8598183,-160.1245691,0.137314567,-5.730026399,147.6731602,RF
243.2164416,-84.71858949,-158.4978521,0.1241477,-7.257081011,147.6647071,RF
221.384459,-64.51594944,-156.8685096,0.101710128,-7.712554157,147.6486049,RF
199.0372978,-41.40329773,-157.6340001,0.083728404,-6.628667208,147.6325045,RF
177.3490088,-16.31948964,-161.0295192,0.071255411,-5.451681569,147.6164059,RF
156.8241482,9.524384575,-166.3485328,0.064247324,-4.763857053,147.600309,RF
137.8036065,35.09163925,-172.8952458,0.0629849,-4.563297675,147.5842138,RF
120.4138048,59.09154391,-179.5053487,0.066483858,-4.435672744,147.5681204,RF
105.0791233,80.62257676,-185.7017,0.074899553,-3.857903081,147.5520288,RF
92.34730833,98.55881206,-190.9061204,0.087211836,-2.0558495,147.5359389,RF
83.01567331,112.2827478,-195.2984211,0.103641187,1.822766923,147.5198507,RF
78.04091659,121.0041928,-199.0451094,0.123490752,8.848569094,147.5037642,RF
77.69153308,124.2558143,-201.9473473,0.141141571,17.06784365,147.4912505,RF
80.85415453,124.1969472,-205.0511018,0.160675419,28.07417927,147.4787378,RF
90.67167283,119.1311713,-209.8028441,0.188639478,46.82662598,147.4621727,RF
106.9939435,108.6006595,-215.594603,0.218002245,69.17903947,147.4456093,RF
107.8182336,108.0529742,-215.8712078,0.219233506,70.14980626,147.4449295,RF
107.8182336,108.0529742,-215.8712078,0.219233506,70.14980626,147.4449295,RF
113.9982931,103.8379134,-217.8362065,0.228184089,77.17461014,147.4399608,RF
120.6501528,99.19103891,-219.8411918,0.237094916,84.11977147,147.4349923,RF
141.1400303,84.10882843,-225.2488588,0.260997653,101.8173922,147.4210878,RF
163.4763324,66.34343008,-229.8197624,0.282451071,114.5390852,147.4071846,RF
185.8616273,46.42575521,-232.2873825,0.299984395,119.3454778,147.3932825,RF
206.4298959,25.00645445,-231.4363503,0.312024139,114.8196465,147.3793818,RF
223.6081484,2.784817553,-226.392966,0.317801664,101.8839724,147.3654825,RF
236.431522,-19.54020819,-216.8913138,0.316684378,83.64846661,147.3515846,RF
244.7949584,-41.23550554,-203.5594528,0.309002608,64.29273868,147.3376882,RF
249.2909673,-61.55553663,-187.7354307,0.29569572,47.43186585,147.3237932,RF
250.9031548,-79.82226635,-171.0808884,0.278167333,35.03067306,147.3098997,RF
250.6813842,-95.4085823,-155.2728019,0.257672966,27.31559383,147.2960075,RF
249.2950939,-107.707886,-141.5872079,0.235692974,23.34124627,147.2821168,RF
247.1811225,-116.4624135,-130.718709,0.213146415,21.72711613,147.2682273,RF
244.3734839,-121.2577099,-123.115774,0.190683158,21.19480035,147.2543392,RF
240.7873619,-121.9955781,-118.7917838,0.168927473,20.83847072,147.2404524,RF
239.6552816,-121.5067837,-118.1484979,0.163472329,20.695379,147.2368218,RF
239.6552816,-121.5067837,-118.1484979,0.163472329,20.695379,147.2368218,RF
238.2694387,-120.5985503,-117.6708884,0.157154797,20.49875294,147.2326561,RF
236.7727045,-119.3355865,-117.437118,0.151055248,20.26195091,147.2284905,RF
232.2100012,-114.2627042,-117.947297,0.135507902,19.42842899,147.2174811,RF
223.694661,-102.5939779,-121.1006831,0.114666936,17.73063881,147.2014245,RF
212.8134739,-86.42288511,-126.3905888,0.096171569,15.71405404,147.1853697,RF
199.3982315,-66.31890029,-133.0793312,0.080565468,13.67266193,147.1693167,RF
183.8734018,-43.29260145,-140.5808004,0.068302507,11.90088731,147.1532654,RF
167.0610679,-18.31499474,-148.7460731,0.060033555,10.59256335,147.1372159,RF
149.9433659,7.528539865,-157.4719058,0.056423193,9.896035606,147.1211682,RF
133.9579449,33.08708987,-167.0450348,0.058063709,10.10031725,147.1051222,RF
120.2432838,57.2805697,-177.5238535,0.065231679,11.56892416,147.089078,RF
109.8152876,79.02326966,-188.8385573,0.07772917,14.66808297,147.0730355,RF
102.9268499,97.39128236,-200.3181322,0.094930881,19.33476524,147.0569947,RF
99.06934838,111.5326705,-210.6020189,0.115344263,24.86309759,147.0409556,RF
97.4978187,120.820015,-218.3178337,0.137476235,30.2540008,147.0249182,RF
97.57543185,124.8143819,-222.3898137,0.159750478,34.79823593,147.0088825,RF
99.00028355,123.3524755,-222.352759,0.180930303,38.4875874,146.9929317,RF
99.00028355,123.3524755,-222.352759,0.180930303,38.4875874,146.9929317,RF
102.0609688,116.4223386,-218.4833074,0.200600112,42.07164932,146.9768994,RF
107.2319989,104.4542519,-211.6862508,0.21827924,46.51230279,146.9608688,RF
115.1319672,87.97588536,-203.1078525,0.234127247,52.59227416,146.9448399,RF
126.3281623,67.60261021,-193.9307725,0.247782045,60.59749235,146.9288127,RF
140.9768156,44.41855241,-185.395368,0.259633214,70.10448519,146.9127872,RF
159.0388332,19.27558354,-178.3144168,0.269213944,80.04468926,146.8967633,RF
179.8855449,-6.518801772,-173.3667432,0.276681195,88.6906914,146.8807411,RF
202.5797695,-32.0177893,-170.5619802,0.28112634,93.95919414,146.8647206,RF
225.711145,-55.99223111,-169.7189139,0.282177757,93.76636322,146.8487018,RF
247.4795474,-77.42744632,-170.0521011,0.279117827,86.55678556,146.8326847,RF
265.7515262,-95.34780165,-170.4037245,0.271099072,71.99126319,146.8166695,RF
278.575522,-109.0241531,-169.5513689,0.25745215,51.64221067,146.8006563,RF
284.3433204,-117.8872498,-166.4560706,0.238123064,28.94095048,146.784645,RF
282.3217003,-121.5506891,-160.7710112,0.213533531,8.343596406,146.7686356,RF
272.9555311,-119.8568095,-153.0987216,0.185288362,-6.441243403,146.7526282,RF
257.768833,-112.8573428,-144.9114902,0.155365975,-14.03927345,146.7366226,RF
251.3264221,-109.1603103,-142.1661118,0.145099969,-15.16539773,146.7309956,RF
251.3264221,-109.1603103,-142.1661118,0.145099969,-15.16539773,146.7309956,RF
245.5454433,-105.5096528,-140.0357904,0.136002345,-15.61160976,146.7261945,RF
239.5707108,-101.4634173,-138.1072935,0.127441693,-15.67233031,146.7213935,RF
226.8699783,-91.86007484,-135.0099034,0.110607038,-14.89607738,146.7115383,RF
205.948891,-73.11256712,-132.8363239,0.086865073,-12.41490948,146.6956203,RF
185.0671503,-51.11443332,-133.952717,0.067902005,-9.949658919,146.679704,RF
164.6902315,-26.74604854,-137.944183,0.054440635,-8.386231391,146.6637894,RF
144.8949122,-1.205327145,-143.6895851,0.046099477,-7.805723513,146.6478765,RF
125.9248617,24.51088069,-150.4357423,0.043166508,-7.9906452,146.6319653,RF
108.0621516,49.12797794,-157.1901296,0.044903421,-8.448647491,146.6160559,RF
91.94475317,71.71068161,-163.6554348,0.051571212,-8.638931522,146.6001482,RF
78.39198115,91.10853016,-169.5005113,0.062564571,-7.741424143,146.5842422,RF
68.37390309,106.6793664,-175.0532695,0.078099244,-4.837244371,146.568338,RF
62.93418857,117.6207123,-180.5549009,0.097853776,1.219360159,146.5524354,RF
62.95613487,123.4665756,-186.4227104,0.121315486,11.39270271,146.5365345,RF
69.07038949,124.0298114,-193.1002008,0.14804558,26.06167774,146.5206351,RF
81.0775922,119.3490148,-200.426607,0.177075552,44.30247262,146.5047374,RF
90.70129192,114.172747,-204.8740389,0.194502217,55.83383599,146.4953542,RF
90.70129192,114.172747,-204.8740389,0.194502217,55.83383599,146.4953542,RF
96.24465301,110.86924,-207.113893,0.203335715,61.63855372,146.4905855,RF
102.1225998,107.1323313,-209.2549312,0.212080228,67.22956597,146.4858169,RF
118.3059763,95.59524543,-213.9012218,0.233509061,79.75975585,146.4734774,RF
135.1589883,81.58649485,-216.7454831,0.252501553,88.1039394,146.4611389,RF
151.4745286,65.43449345,-216.909022,0.26806059,90.98362918,146.4488013,RF
166.2548176,47.56200082,-213.8168185,0.279272769,88.3195572,146.4364649,RF
181.1379225,24.39061927,-205.5285418,0.286543676,79.41531874,146.4215829,RF
192.5984407,0.293982315,-192.892423,0.28699917,67.58431082,146.4067026,RF
201.1197591,-23.83547196,-177.2842871,0.281213774,56.22358703,146.3918238,RF
207.6833223,-47.0281979,-160.6551244,0.270398359,47.47871373,146.3769467,RF
213.0736609,-68.31595105,-144.7577099,0.256180967,41.86080974,146.3620712,RF
217.8979142,-86.96567865,-130.9322356,0.239263509,38.74051753,146.3471972,RF
222.2942135,-102.1372226,-120.1569909,0.22104394,37.00111658,146.3323247,RF
226.0987154,-113.3831242,-112.7155912,0.201780989,35.56186855,146.3174538,RF
228.9386315,-120.1343305,-108.804301,0.182427563,33.65645282,146.3025843,RF
230.2473054,-122.3063537,-107.9409517,0.163039098,30.9317411,146.2877165,RF
229.4253211,-119.7063497,-109.7189713,0.143992253,27.39176815,146.2728501,RF
229.2513009,-119.3211734,-109.9301275,0.142605592,27.09713723,146.271742,RF
229.2513009,-119.3211734,-109.9301275,0.142605592,27.09713723,146.271742,RF
225.589657,-111.7577547,-113.8319023,0.124251727,23.01731255,146.2568774,RF
218.9179386,-99.87759419,-119.0403444,0.106867738,18.88462561,146.2420142,RF
209.1735021,-84.13106707,-125.042435,0.090881515,15.14321756,146.2271526,RF
196.612015,-65.13190097,-131.4801141,0.076823849,12.11480816,146.2122926,RF
181.7429153,-43.64131174,-138.1016036,0.065218268,9.91409827,146.1974341,RF
165.5447688,-20.42570048,-145.1190683,0.05690175,8.522846514,146.1825771,RF
149.2031712,3.604171812,-152.807343,0.052540803,7.838973471,146.1677216,RF
133.6629319,27.56737638,-161.2303083,0.052697454,7.772710295,146.1528676,RF
119.914677,50.55059846,-170.4652754,0.057444519,8.354418386,146.1380152,RF
108.4097118,71.61577064,-180.0254825,0.0664057,9.579864161,146.1231642,RF
98.9852027,90.10003112,-189.0852338,0.07930117,11.29822279,146.1083148,RF
91.52975828,105.1079651,-196.6377234,0.094638401,13.27076616,146.0934668,RF
85.75622375,116.2013636,-201.9575873,0.111976222,15.30055317,146.0786203,RF
81.59800416,122.7958149,-204.3938191,0.129930466,17.40747262,146.0637753,RF
79.29478775,124.7860566,-204.0808443,0.148369866,19.93082078,146.0489319,RF
79.19441186,121.960931,-201.1553428,0.16639737,23.38641654,146.0340898,RF
81.05832015,116.4601208,-197.518441,0.180735043,27.18002657,146.022293,RF
81.05832015,116.4601208,-197.518441,0.180735043,27.18002657,146.022293,RF
82.27852279,113.635229,-195.9137518,0.1858583,28.91083383,146.017841,RF
83.79481853,110.4141082,-194.2089267,0.191057768,30.81813595,146.0133892,RF
88.76434674,100.9921927,-189.7565394,0.203394756,36.23334125,146.0025128,RF
99.40822218,83.72408762,-183.1323098,0.220399039,45.93912665,145.9867145,RF
114.2394264,62.90858996,-177.1480164,0.236247258,57.28378311,145.9709178,RF
133.0206627,39.43469821,-172.4553609,0.250407701,69.01631518,145.9551228,RF
154.9579395,14.39316234,-169.3511018,0.262312327,79.16729661,145.9393293,RF
178.9937304,-11.24760664,-167.7461237,0.271320332,85.40121213,145.9235374,RF
203.3666914,-36.28664813,-167.0800432,0.276197225,85.34238796,145.9077473,RF
225.9899967,-59.68298542,-166.3070113,0.275996957,77.45161565,145.8919589,RF
244.5220286,-80.40323315,-164.1187954,0.269644608,61.91073662,145.8761723,RF
257.0429769,-97.62482624,-159.4181506,0.256433499,41.27967641,145.8603875,RF
262.2662036,-110.6285727,-151.637631,0.236591141,19.95302493,145.8446047,RF
260.0651622,-118.8385405,-141.2266217,0.21098223,2.587834455,145.8288238,RF
251.4959141,-121.8850031,-129.610911,0.181672907,-7.996949286,145.8130448,RF
238.3906693,-119.5976272,-118.7930421,0.15092335,-11.81425267,145.7972675,RF
230.4040602,-116.3244039,-114.0796563,0.135459849,-11.79254737,145.789123,RF
230.4040602,-116.3244039,-114.0796563,0.135459849,-11.79254737,145.789123,RF
225.5128065,-113.7774033,-111.7354032,0.126291843,-11.36334843,145.7843904,RF
220.5113011,-110.7978364,-109.7134646,0.117642463,-10.72177802,145.779658,RF
205.2161564,-99.28553094,-105.9306255,0.093612018,-8.170639245,145.7655316,RF
189.6129173,-84.24388974,-105.3690276,0.072914647,-5.645193338,145.7514065,RF
173.8350725,-66.27125213,-107.5638203,0.05560908,-3.819554056,145.7372829,RF
157.9793911,-45.86288925,-112.1165019,0.042453659,-2.929869953,145.7231605,RF
141.9120817,-23.76093186,-118.1511498,0.033285573,-2.859916778,145.7090395,RF
125.9131004,-0.957301244,-124.9557992,0.027539904,-3.363680575,145.6949199,RF
110.188849,22.0356443,-132.2244933,0.026017781,-4.241444264,145.6808017,RF
95.06208096,44.31190883,-139.3739898,0.02831329,-5.135413199,145.6666849,RF
81.32559085,64.9396702,-146.265261,0.034087098,-5.584295014,145.6525694,RF
69.66760484,83.4473611,-153.1149659,0.044045866,-5.075276732,145.6384553,RF
60.96422487,99.05608189,-160.0203068,0.057823023,-2.82504576,145.6243425,RF
55.91085484,111.2654447,-167.1762996,0.075363623,1.951437486,145.6102311,RF
55.16543998,119.6858758,-174.8513158,0.096431778,9.916520644,145.596121,RF
59.06808999,124.0042882,-183.0723782,0.120378756,21.26192218,145.5820122,RF
67.50944575,124.0992031,-191.6086489,0.146419061,35.31563717,145.5679047,RF
79.77143024,119.913833,-199.6852633,0.173071142,50.3024653,145.5537983,RF
80.62836893,119.5240513,-200.1524202,0.174726746,51.19200421,145.5529469,RF
80.62836893,119.5240513,-200.1524202,0.174726746,51.19200421,145.5529469,RF
95.57294559,111.0900113,-206.6629569,0.200474708,64.34873543,145.5388419,RF
111.5209302,98.71352249,-210.2344527,0.223598523,73.10095639,145.5247382,RF
126.8299374,83.00079759,-209.830735,0.242630477,75.97041706,145.5106358,RF
140.5030292,64.39404496,-204.8970742,0.256410667,73.28167609,145.4965347,RF
152.1568964,43.49670683,-195.6536032,0.264646579,66.86369162,145.4824351,RF
162.014409,21.09060254,-183.1050115,0.267396512,59.14660956,145.4683369,RF
170.5793562,-1.982216542,-168.5971396,0.265625574,52.11307544,145.4542401,RF
178.5253978,-24.98943832,-153.5359595,0.259701756,46.80649411,145.4401448,RF
186.2855608,-47.00224221,-139.2833186,0.250874429,43.3508081,145.4260508,RF
194.1328561,-67.36994175,-126.7629144,0.239465821,41.22758273,145.4119583,RF
201.9727717,-85.26826738,-116.7045043,0.226381946,39.64398053,145.3978671,RF
209.4985743,-100.1713272,-109.3272471,0.211751972,37.82141145,145.3837773,RF
216.3271016,-111.5326109,-104.7944907,0.196022804,35.2107269,145.3696889,RF
221.7366375,-118.8882123,-102.8484252,0.179714235,31.50917797,145.3556018,RF
225.0706887,-122.0961136,-102.9745751,0.162493683,26.74653732,145.3415162,RF
225.7026269,-120.9913509,-104.7112759,0.144794774,21.24157992,145.327432,RF
223.204132,-115.6251306,-107.5790013,0.126790982,15.54417583,145.3133492,RF
221.4009371,-112.644174,-108.7567632,0.120223278,13.51834562,145.3082001,RF
221.4009371,-112.644174,-108.7567632,0.120223278,13.51834562,145.3082001,RF
219.5659409,-109.7825989,-109.783342,0.114714049,11.92083797,145.3039757,RF
217.4201416,-106.5912611,-110.8288805,0.109366325,10.39447727,145.2997514,RF
212.7954134,-100.0539863,-112.741427,0.099825363,7.890130853,145.2922141,RF
200.096134,-83.25034811,-116.8457859,0.080898291,3.782904417,145.2764964,RF
183.9854857,-62.87754464,-121.1079411,0.063867942,1.27757001,145.2607805,RF
165.5252037,-39.7346305,-125.7905732,0.049916872,0.09161807,145.2450663,RF
146.2562826,-14.78602408,-131.4702585,0.040224282,-0.309445979,145.2293537,RF
127.6111792,10.87680811,-138.4879873,0.035614743,-0.395374814,145.2136429,RF
110.7738605,36.1336529,-146.9075134,0.036430142,-0.330977465,145.1979338,RF
96.17947541,59.88554519,-156.0650206,0.042447901,-0.04947579,145.1822264,RF
83.87307839,81.15999582,-165.0330742,0.053055378,0.553960297,145.1665207,RF
73.72893401,98.94465553,-172.6735895,0.067237517,1.534278915,145.1508166,RF
65.61968517,112.4356069,-178.055292,0.083887745,2.979218722,145.1351143,RF
59.82431143,121.1103063,-180.9346177,0.102285259,5.158615814,145.1194136,RF
56.80159155,124.6050957,-181.4066873,0.122097846,8.544237647,145.1037146,RF
57.02185955,122.6878848,-179.7097444,0.142359523,13.7212329,145.0880173,RF
61.24462101,115.4492527,-176.6938737,0.162829348,21.24274603,145.0723216,RF
66.85906652,107.4276669,-174.2867334,0.178041295,28.11473104,145.0612092,RF
66.85906652,107.4276669,-174.2867334,0.178041295,28.11473104,145.0612092,RF
69.95118039,103.3057739,-173.2569543,0.183897797,31.41786431,145.0565012,RF
73.48371486,98.75452371,-172.2382386,0.190126487,34.94078606,145.0517933,RF
80.20299107,90.46405906,-170.6670501,0.200138949,41.13879103,145.0440516,RF
93.19308868,75.35335082,-168.5464395,0.215649303,51.75095176,145.0317049,RF
113.8789991,52.91908244,-166.7980815,0.234274301,65.63442255,145.0157139,RF
138.1065282,28.20862705,-166.3151552,0.250752938,77.40474081,144.9997245,RF
164.2937667,2.308522194,-166.6022889,0.263584937,84.04903271,144.9837368,RF
190.2530806,-23.57332969,-166.6797509,0.271539807,82.79729947,144.9677509,RF
213.5358002,-48.38009742,-165.1557028,0.2728922,72.35427186,144.9517668,RF
231.6621869,-70.92700264,-160.7351842,0.266912676,54.05618408,144.9357845,RF
242.7843385,-90.30423214,-152.4801064,0.252834582,31.95503144,144.9198043,RF
246.29133,-105.6233426,-140.6679875,0.231348514,11.52631221,144.903826,RF
242.9943145,-116.1965971,-126.7977174,0.204207018,-2.946859738,144.8878496,RF
234.5332823,-121.4943443,-113.038938,0.173907574,-10.15932154,144.8718751,RF
222.7283014,-121.2445508,-101.4837505,0.142783352,-11.56015957,144.8559024,RF
215.643481,-118.8307573,-96.81272368,0.126959378,-10.85546969,144.8474452,RF
215.643481,-118.8307573,-96.81272368,0.126959378,-10.85546969,144.8474452,RF
211.4486363,-116.7736163,-94.67501998,0.117882742,-10.21356698,144.842654,RF
207.1689535,-114.2517526,-92.91720097,0.109319602,-9.470983248,144.8378629,RF
197.0967088,-106.6835212,-90.41318758,0.090750641,-7.647850602,144.8268807,RF
182.1845856,-91.9134139,-90.27117167,0.067442776,-5.391935458,144.8112008,RF
166.4552257,-73.12302073,-93.332205,0.047984916,-4.001276517,144.7955226,RF
149.8788807,-51.04662492,-98.83225582,0.032900497,-3.577572255,144.779846,RF
132.3597237,-26.64246897,-105.7172548,0.022262253,-3.960299138,144.7641712,RF
114.3704018,-1.219064503,-113.1513373,0.015558074,-4.901220955,144.7484981,RF
96.52188025,24.36162749,-120.8835077,0.013725678,-6.211816333,144.7328267,RF
79.57706082,48.91801158,-128.4950724,0.016685535,-7.495928954,144.717157,RF
64.63153245,71.43454125,-136.0660737,0.024557202,-8.161233067,144.701489,RF
53.00281651,90.87683183,-143.8796483,0.037565274,-7.278408796,144.6858227,RF
45.80583773,106.4332284,-152.2390661,0.055555034,-3.755594177,144.6701581,RF
43.96657204,117.4650882,-161.4316602,0.078212457,3.341208694,144.6544951,RF
47.6321772,123.4822886,-171.1144658,0.104487948,14.09687925,144.6388337,RF
56.22851989,124.1810528,-180.4095727,0.132690872,27.23308414,144.6231739,RF
65.30773716,121.1499262,-186.4576633,0.154931995,37.38668805,144.6110375,RF
65.30773716,121.1499262,-186.4576633,0.154931995,37.38668805,144.6110375,RF
69.3142542,119.1199776,-188.4342318,0.163160646,41.02671226,144.6063402,RF
73.4680151,116.6090553,-190.0770704,0.171391896,44.35831537,144.6016431,RF
84.6813678,107.769521,-192.4508888,0.191532024,51.22447309,144.589148,RF
95.77935614,95.93818018,-191.7175363,0.20884017,54.8891089,144.5766539,RF
106.2186776,81.4582434,-187.676921,0.222791627,55.54592777,144.5641609,RF
115.9104897,64.70729577,-180.6177855,0.233020026,54.08081182,144.551669,RF
127.5339326,40.47181001,-168.0057426,0.240968894,50.84686325,144.535491,RF
138.8148937,14.42786097,-153.2427547,0.24351447,47.94190648,144.5193149,RF
150.4324029,-12.28951301,-138.1428899,0.241497194,46.27255963,144.5031406,RF
162.7898143,-38.3544682,-124.4353461,0.235665208,45.69686656,144.4869682,RF
175.7628725,-62.50289503,-113.2599775,0.227014787,45.35941488,144.4707975,RF
188.9272324,-83.72411309,-105.2031193,0.21566153,44.21613061,144.4546287,RF
201.3679594,-100.8652787,-100.5026807,0.202212215,41.3636774,144.4384617,RF
212.1180626,-113.3694114,-98.74865126,0.186801732,36.34837554,144.4222965,RF
219.8700788,-120.4899559,-99.38012297,0.16939199,29.24219697,144.4061332,RF
223.6002723,-121.9595535,-101.6407188,0.15020496,20.77559999,144.3899718,RF
222.4374627,-117.7547367,-104.682726,0.129712304,12.10189564,144.3738123,RF
215.8100412,-108.0427365,-107.7673047,0.108298242,4.519670855,144.3576547,RF
214.5472468,-106.4466906,-108.1005562,0.105567347,3.687097009,144.35561,RF
214.5472468,-106.4466906,-108.1005562,0.105567347,3.687097009,144.35561,RF
211.2542706,-102.301185,-108.9530857,0.098970313,1.88642813,144.3507632,RF
207.5263707,-97.76369733,-109.7626734,0.092617285,0.30383675,144.3459165,RF
201.6625848,-90.81165525,-110.8509296,0.083808265,-1.497145626,144.339231,RF
185.2641132,-71.72819202,-113.5359211,0.064603073,-4.041825783,144.3235499,RF
166.4247894,-49.54224637,-116.8825431,0.048213077,-4.762552388,144.3078705,RF
146.5113287,-25.1413772,-121.3699515,0.035897204,-4.551539347,144.2921929,RF
126.9984521,0.505779597,-127.5042317,0.028705406,-4.182931419,144.2765169,RF
108.9637953,26.15985372,-135.123649,0.026782633,-4.02653757,144.2608427,RF
92.82800683,50.73896991,-143.5669767,0.030159071,-4.079092466,144.2451702,RF
78.60156125,73.21835378,-151.819915,0.038223157,-4.190697871,144.2294993,RF
66.30453085,92.51922779,-158.8237586,0.050077517,-4.177618349,144.2138302,RF
55.99720041,107.7783798,-163.7755802,0.064793876,-3.792208535,144.1981627,RF
48.13988905,118.3700806,-166.5099696,0.081755617,-2.650241492,144.182497,RF
43.3650259,123.8836296,-167.2486555,0.100750011,-0.206478482,144.1668329,RF
42.22632134,123.9598222,-166.1861435,0.120937246,4.186002158,144.1511705,RF
45.28868854,118.6729725,-163.961661,0.141916517,11.05982315,144.1355098,RF
53.2081195,108.3053559,-161.5134754,0.163527574,20.6849934,144.1198507,RF
54.18974278,107.1186219,-161.3083646,0.165509553,21.69239085,144.1184363,RF
54.18974278,107.1186219,-161.3083646,0.165509553,21.69239085,144.1184363,RF
67.56365793,91.67632648,-159.2399844,0.187045052,33.9428259,144.102779,RF
85.68076932,72.29891262,-157.9796819,0.207759327,47.37757105,144.0871232,RF
107.7645985,49.82055191,-157.5851504,0.226626497,59.90218312,144.071469,RF
132.304594,25.3330207,-157.6376147,0.242520824,68.69853035,144.0558163,RF
157.394212,-0.24110995,-157.153102,0.253691773,71.00954653,144.0401654,RF
180.5724491,-25.69236176,-154.8800873,0.258871292,65.19901334,144.0245161,RF
199.5000804,-50.01261459,-149.4874658,0.256528417,51.92433312,144.0088686,RF
212.5334859,-72.16355879,-140.3699271,0.246422389,34.48525344,143.993223,RF
219.0078655,-91.16043256,-127.847433,0.228908606,17.52373585,143.9775792,RF
219.4461625,-106.1615414,-113.2846211,0.205399164,4.889811824,143.9619373,RF
215.3062086,-116.4906857,-98.81552294,0.17808018,-1.955704035,143.9462972,RF
208.1105708,-121.6527355,-86.45783525,0.149214552,-3.925300112,143.9306588,RF
199.0551651,-121.4022323,-77.65293286,0.120705949,-3.060237676,143.9150222,RF
196.7992849,-120.5866655,-76.21261948,0.114590217,-2.690493617,143.9115291,RF
196.7992849,-120.5866655,-76.21261948,0.114590217,-2.690493617,143.9115291,RF
193.7290809,-119.0861383,-74.64294261,0.106351159,-2.155342898,143.9068385,RF
190.5674018,-117.1103144,-73.45708743,0.098429772,-1.608891144,143.9021481,RF
180.945725,-108.7473873,-72.19833779,0.077013037,-0.191893946,143.8885563,RF
170.4837637,-96.73766234,-73.74610138,0.058036748,0.712831089,143.8749657,RF
159.0118128,-81.51414576,-77.49766703,0.041553152,1.021496841,143.8613763,RF
146.4687354,-63.51443053,-82.95430483,0.027992109,0.784481306,143.8477883,RF
132.8749317,-43.3724933,-89.50243839,0.017410809,0.127851364,143.8342016,RF
118.3547479,-21.80730527,-96.5474426,0.009744877,-0.829443938,143.8206161,RF
116.1980632,-18.59735412,-97.60070912,0.008868551,-0.99146773,143.8186564,RF
116.1980632,-18.59735412,-97.60070912,0.008868551,-0.99146773,143.8186564,RF
116.1980632,-18.59735411,-97.60070912,0.008868551,-0.99146773,143.8186564,RF
98.16386691,3.543519391,-101.7073863,0.007310923,-2.15458076,143.8050724,RF
73.96254047,25.73811038,-99.70065085,0.003031943,-3.683445033,143.7914897,RF
73.96230739,25.738292,-99.70059939,-2.04E-06,-3.68345906,143.7914896,RF
73.96230739,25.738292,-99.70059939,-2.05E-06,-3.68345906,143.7914896,RF
73.93633044,25.7695515,-99.70588194,-48.43408696,-3.685484051,143.7914694,RF
73.93403115,25.77962582,-99.71365698,-64.47692658,-3.68594769,143.7914628,RF
73.93403115,25.77962582,-99.71365698,-64.47692682,-3.68594769,143.7914628,RF
73.95439261,25.8171861,-99.7715787,-126.6165559,-3.686529857,143.7914359,RF
74.7559711,25.92939351,-100.6853646,-436.8696707,-3.65720864,143.7913016,RF
80.32762517,25.38524853,-105.7128737,-1120.055259,-3.320383382,143.7910051,RF
90.40007204,23.18290772,-113.5829798,-1799.932803,-2.430532674,143.7907086,RF
103.9324072,18.90889778,-122.8413049,-2473.60326,-0.799806525,143.7904121,RF
119.835734,12.61874149,-132.4544755,-3137.641314,1.648489227,143.7901156,RF
123.6382084,10.95946659,-134.597675,-3285.200773,2.310250332,143.7900491,RF
123.6382084,10.95946659,-134.597675,-3285.200774,2.310250333,143.7900491,RF
129.2266352,8.764995275,-137.9916305,-2142.320512,3.277208679,143.7899206,RF
131.2223052,8.705058223,-139.9273634,-1000.278835,3.516081176,143.7897921,RF
130.0569472,10.3636763,-140.4206235,-2.09E-05,3.114574006,143.7896793,RF
130.0569472,10.3636763,-140.4206235,-1.97E-05,3.114574005,143.7896793,RF
126.1021597,13.72644215,-139.8286018,694.7744874,2.126460824,143.7895508,RF
115.2918013,21.42604265,-136.717844,1822.425252,-0.246226676,143.7893417,RF
92.79191347,35.52552875,-128.3174422,3371.946432,-4.455481495,143.789053,RF
63.48292701,52.24517372,-115.7281007,4908.835729,-8.815059447,143.7887642,RF
54.71284777,57.01633366,-111.7291814,5318.338181,-9.892608963,143.7886867,RF
54.71284776,57.01633367,-111.7291814,5318.338181,-9.892608964,143.7886867,RF
44.37610045,62.32833284,-106.7044333,4100.223989,-10.98295723,143.7885824,RF
37.37808347,65.34084703,-102.7189305,2882.434898,-11.51586146,143.7884782,RF
34.39550845,66.11238769,-100.5078961,2000.809033,-11.6045427,143.7884027,RF
34.39550845,66.11238769,-100.5078961,2000.809032,-11.6045427,143.7884027,RF
32.92753859,65.42682436,-98.35436295,966.8579845,-11.39146199,143.7882984,RF
34.12027926,63.14106762,-97.26134688,2.14E-05,-10.89046077,143.7882008,RF
34.12027926,63.14106762,-97.26134688,2.04E-05,-10.89046077,143.7882008,RF
37.72853191,59.27818425,-97.00671615,-754.7875169,-10.0907642,143.7880965,RF
49.60209652,49.25007426,-98.85217078,-2156.156111,-7.996499128,143.7879025,RF
67.3925193,36.38081141,-103.7733307,-3550.601268,-5.069575116,143.7877085,RF
90.06904945,21.65001996,-111.7190694,-4932.786963,-1.196815365,143.7875144,RF
116.5945886,5.892250554,-122.4868392,-6296.646256,3.765186904,143.7873204,RF
130.2982027,-1.781326214,-128.5168765,-6938.157422,6.551315095,143.787228,RF
130.2982027,-1.781326222,-128.5168765,-6938.157423,6.551315098,143.787228,RF
142.6654579,-8.278407156,-134.3870507,-5531.657227,9.177032543,143.787135,RF
151.5630653,-12.27976272,-139.2833026,-4125.432327,11.06789515,143.7870421,RF
156.9790029,-13.82499304,-143.1540099,-2720.385477,12.12393529,143.7869491,RF
158.2800016,-13.74169195,-144.5383096,-2093.635062,12.31078011,143.7869075,RF
158.2800016,-13.74169195,-144.5383096,-2093.63506,12.31078011,143.7869075,RF
158.9705043,-12.04844599,-146.9220583,-937.3327441,12.14654919,143.7868146,RF
157.4291548,-9.286420314,-148.1427345,-2.79E-05,11.46127217,143.7867391,RF
157.4291548,-9.28642031,-148.1427345,-2.67E-05,11.46127217,143.7867391,RF
151.9245186,-3.063443803,-148.8610748,1108.184143,9.609881677,143.7866229,RF
137.5850358,9.781628953,-147.3666647,2773.29459,5.44992072,143.7864479,RF
116.8000611,25.84771988,-142.647781,4429.748649,0.18952821,143.786273,RF
90.58299541,44.09354031,-134.6765357,6071.36137,-5.469848563,143.786098,RF
59.96423332,63.60726041,-123.5714937,7691.141102,-10.83044864,143.785923,RF
25.94833753,83.64569035,-109.5940279,9281.476095,-15.27475402,143.785748,RF
22.28161387,85.71928629,-108.0009002,9443.873281,-15.66044547,143.78573,RF
22.28161385,85.71928631,-108.0009002,9443.873282,-15.66044548,143.78573,RF
7.284591038,93.8642065,-101.1487975,7693.814055,-17.00326403,143.7856471,RF
-3.863020244,99.2420463,-95.37902606,5944.359766,-17.67068719,143.7855642,RF
-10.96718849,101.8433951,-90.87620665,4255.120568,-17.81229046,143.785484,RF
-10.96718849,101.8433951,-90.87620665,4255.120566,-17.81229046,143.785484,RF
-14.72678592,102.0363001,-87.30951414,2715.398527,-17.56101128,143.7854011,RF
-15.07212987,99.90793341,-84.83580354,1177.967114,-16.99134801,143.7853181,RF
-13.07772081,96.78412555,-83.70640474,4.00E-05,-16.36368859,143.7852544,RF
-13.0777208,96.78412554,-83.70640474,3.70E-05,-16.36368859,143.7852544,RF
-6.529084505,89.65574619,-83.12666168,-1334.911836,-15.07889024,143.7851526,RF
9.826495424,75.09759769,-84.92409311,-3343.059973,-12.5294806,143.784999,RF
38.86775783,52.70344526,-91.57120309,-5759.387205,-8.222342005,143.7848132,RF
76.4942925,26.68885972,-103.1831522,-8156.189483,-2.061528939,143.7846275,RF
111.1860264,4.589729985,-115.7757564,-10023.7643,4.542130708,143.7844807,RF
149.3114032,-18.13621872,-131.1751845,-11853.28531,13.00112615,143.784334,RF
149.9124755,-18.48315644,-131.4293191,-11827.25799,13.14519784,143.7843317,RF
150.5108315,-18.82801371,-131.6828178,-11771.96202,13.28893222,143.7843295,RF
153.4532892,-20.51571282,-132.9375764,-11495.29483,14.00022477,143.7843183,RF
166.5350241,-27.82413559,-138.7108885,-10154.70455,17.24921971,143.7842643,RF
166.5350241,-27.8241356,-138.7108885,-10154.70455,17.24921971,143.7842643,RF
177.9889951,-33.85907034,-144.1299248,-8780.06274,20.1988742,143.7842085,RF
190.2726439,-39.65254077,-150.6201032,-6945.490277,23.43624573,143.7841324,RF
198.7819342,-42.72423503,-156.0576991,-5187.183771,25.6586987,143.7840563,RF
203.6863237,-43.23898576,-160.4473379,-3533.622426,26.81557814,143.7839802,RF
203.8201227,-43.20523537,-160.6148873,-3464.223209,26.84127755,143.7839769,RF
203.8201227,-43.20523537,-160.6148873,-3464.223207,26.84127755,143.7839769,RF
205.2189197,-41.28628501,-163.9326347,-1945.21211,26.90307601,143.7839008,RF
202.513755,-35.73227366,-166.7814814,-186.9832151,25.53825392,143.7838014,RF
201.8864055,-34.88006996,-167.0063356,-4.64E-05,25.28015594,143.7837899,RF
201.8864055,-34.88006995,-167.0063356,-4.48E-05,25.28015594,143.7837899,RF
194.2952566,-26.19556652,-168.0996901,1444.143821,22.39149678,143.7836905,RF
177.1546254,-9.973271246,-167.1813542,3029.597632,16.47542799,143.7835444,RF
155.3314001,8.394911259,-163.7263114,3985.681665,9.611774546,143.7833983,RF
131.5081111,26.82021703,-158.3283281,4365.49187,2.855104504,143.7832523,RF
113.1045625,40.07120082,-153.1757633,4316.978032,-1.825613159,143.7831387,RF
95.85811313,51.65042085,-147.508534,4024.627021,-5.743170536,143.7830251,RF
80.4931462,61.10548777,-141.598634,3544.612648,-8.790244072,143.7829115,RF
67.52748934,68.16818437,-135.6956737,2933.942585,-10.95402273,143.7827979,RF
57.27513815,72.74529828,-130.0204364,2247.427664,-12.29025803,143.7826843,RF
49.85953434,74.90065838,-124.7601927,1535.197214,-12.89743277,143.7825707,RF
46.34088304,75.06887751,-121.4097605,1045.325482,-12.95213321,143.7824913,RF
46.34088304,75.06887751,-121.4097605,1045.325482,-12.95213321,143.7824913,RF
43.56470596,73.61487916,-117.1795851,385.1680792,-12.59647011,143.7823777,RF
43.07632224,71.77969051,-114.8560128,-6.06E-06,-12.1495562,143.7823051,RF
43.07632224,71.77969051,-114.8560127,-6.56E-06,-12.1495562,143.7823051,RF
45.23146329,65.41070737,-110.6421707,-754.8749673,-10.62384538,143.7821342,RF
52.72440585,55.13934796,-107.8637538,-1356.80037,-8.175928923,143.7819205,RF
58.53441292,48.9139631,-107.448376,-1527.710185,-6.663237583,143.7817963,RF
58.53441293,48.91396309,-107.448376,-1527.710185,-6.663237581,143.7817963,RF
66.79349181,41.28659462,-108.0800864,-1569.790515,-4.737020274,143.7816306,RF
74.66868656,35.1354261,-109.8041127,-1437.403808,-3.070662333,143.781465,RF
81.35976262,30.93621085,-112.2959735,-1181.425533,-1.794876422,143.7812993,RF
86.36975964,28.85281132,-115.222571,-855.4778899,-0.989260777,143.7811337,RF
86.77183562,28.76079845,-115.5326341,-820.2255356,-0.935951444,143.7811169,RF
86.77183562,28.76079845,-115.5326341,-820.2255354,-0.935951443,143.7811169,RF
89.70384038,28.87308168,-118.5769221,-474.7037645,-0.670830623,143.7809513,RF
90.81838938,30.62984953,-121.4482389,-153.9886272,-0.853184856,143.7807856,RF
90.73538961,32.13258704,-122.8679766,-4.13E-07,-1.113977611,143.7806953,RF
90.73538961,32.13258704,-122.8679766,-2.54E-07,-1.113977611,143.7806953,RF
88.47148574,37.6759905,-126.1474762,331.5853679,-2.278907474,143.7804306,RF
84.41291204,43.53723716,-127.9501492,475.9716942,-3.669879919,143.7801659,RF
81.11912039,47.22540018,-128.3445206,475.1618184,-4.593821485,143.7799664,RF
81.11912038,47.22540019,-128.3445206,475.1618184,-4.593821486,143.7799664,RF
78.20961884,49.83431198,-128.0439308,406.7130034,-5.26648391,143.7797654,RF
76.0307926,51.20358961,-127.2343822,300.2977019,-5.628967236,143.7795643,RF
75.03610066,51.46846246,-126.5045631,220.876436,-5.703473477,143.7794279,RF
75.03610066,51.46846246,-126.5045631,220.876436,-5.703473477,143.7794279,RF
74.2593355,51.06268244,-125.3220179,110.7240775,-5.603013213,143.7792269,RF
74.22850078,49.59736704,-123.8258678,2.78E-07,-5.215203434,143.7789566,RF
74.22850078,49.59736704,-123.8258678,2.47E-07,-5.215203433,143.7789566,RF
75.2889896,47.05725209,-122.3462417,-63.3468963,-4.503178724,143.7785663,RF
75.98075016,46.00509298,-121.9858431,-53.62129185,-4.172138202,143.7783405,RF
75.98075016,46.00509298,-121.9858431,-53.62129184,-4.172138202,143.7783405,RF
76.44464885,45.52893993,-121.9735888,-23.42982535,-3.972071963,143.7781148,RF
76.44464885,45.52893993,-121.9735888,-23.42982533,-3.972071963,143.7781148,RF
76.57213507,45.5385465,-122.1106816,2.97E-07,-3.919959499,143.7779755,RF
76.57213507,45.5385465,-122.1106816,3.14E-07,-3.919959499,143.7779755,RF
76.56964827,45.76085268,-122.330501,23.71614195,-3.919276447,143.7778361,RF
76.01965688,47.11823498,-123.1378919,73.89473741,-4.105222161,143.7774532,RF
75.0133435,48.92289329,-123.9362368,91.74180278,-4.413618493,143.7770663,RF
74.02509622,50.41571515,-124.4408114,81.96826164,-4.659500409,143.7766794,RF
73.31637535,51.28023343,-124.5966088,62.61991404,-4.758954622,143.7762925,RF
72.79570715,51.67262362,-124.4683308,48.22682973,-4.718394923,143.7758097,RF
72.07937088,52.10033948,-124.1797104,55.47283997,-4.604690095,143.7750325,RF
71.32316484,52.86017514,-124.18334,65.73476524,-4.631452213,143.7744699,RF
70.04668105,54.38000784,-124.4266889,64.88175345,-4.769267552,143.7736596,RF
68.91591589,55.72446299,-124.6403789,58.32479998,-4.860281674,143.7728492,RF
67.58142369,57.13443486,-124.7158586,61.46265299,-4.906954394,143.7718117,RF
66.11137309,58.63591755,-124.7472906,65.356133,-4.985087433,143.7707742,RF
63.27637835,61.59442978,-124.8708081,63.60293382,-5.15518678,143.7687874,RF
60.44671587,64.42482196,-124.8715378,66.3861791,-5.304256948,143.7668006,RF
56.44776664,68.28470943,-124.7324761,67.71994181,-5.523257626,143.7640733,RF
50.0196685,74.16540499,-124.1850735,70.69031767,-5.863376192,143.7597747,RF
36.21501459,85.53653814,-121.7515527,75.70166246,-6.574722269,143.750885,RF
24.07916725,94.27202791,-118.3511952,79.79885184,-7.188018964,143.7433317,RF
24.07916725,94.27202791,-118.3511952,79.79885184,-7.188018964,143.7433317,RF
9.47890548,103.3196506,-112.7985561,83.39016408,-7.922785689,143.734443,RF
-5.255973672,110.928619,-105.6726453,85.84842514,-8.672288148,143.7255548,RF
-28.61106587,119.8269898,-91.21592395,88.0886734,-9.89853305,143.7113152,RF
-50.92113739,124.4037862,-73.48264882,88.21888726,-11.15927453,143.697077,RF
-71.38030222,124.5102489,-53.12994672,85.29225554,-12.4554334,143.6828403,RF
-79.20115827,123.2574118,-44.05625353,82.20371284,-13.00918963,143.6769051,RF
-79.20115827,123.2574118,-44.05625353,82.20371284,-13.00918963,143.6769051,RF
-95.80881606,117.084772,-21.27595598,74.47403449,-14.35438202,143.6626703,RF
-108.9326065,106.7002557,2.232350795,64.75302451,-15.72635651,143.648437,RF
-118.0982971,92.49251106,25.60578602,52.94689584,-17.12095957,143.6342051,RF
-122.9989181,74.97475269,48.02416541,38.24040413,-18.54649716,143.6199746,RF
-123.4148795,54.78290992,68.6319696,22.75656003,-19.98170313,143.6057456,RF
-119.3359338,32.65339679,86.68253703,7.881435644,-21.42582476,143.5915179,RF
-116.2195403,22.62307196,93.59646833,1.40E-07,-22.06477209,143.5853243,RF
-116.2195403,22.62307196,93.59646833,1.40E-07,-22.06477209,143.5853243,RF
-106.020923,-0.87785912,106.8987821,-17.01039412,-23.53096919,143.5710987,RF
-91.99577214,-24.24908777,116.2448599,-32.20992978,-24.98660562,143.5568745,RF
-74.65049822,-46.70090433,121.3514026,-47.63764813,-26.45349022,143.5426518,RF
-54.59353586,-67.42379361,122.0173295,-62.89113542,-27.92531563,143.5284305,RF
-32.52308611,-85.63040934,118.1534955,-74.4019216,-29.38223372,143.5142105,RF
-26.96114172,-89.59072434,116.5518661,-76.20434849,-29.72907206,143.5107499,RF
-26.96114172,-89.59072434,116.5518661,-76.20434849,-29.72907206,143.5107499,RF
-3.61173015,-103.7277672,107.3394973,-85.8157581,-31.15295711,143.4965317,RF
19.89170949,-114.0955769,94.20386745,-90.39642075,-32.5864312,143.482315,RF
42.63748666,-120.2314037,77.59391708,-92.82851634,-33.98431385,143.4680997,RF
63.82277965,-121.9469208,58.12414114,-92.06682797,-35.35828824,143.4538858,RF
82.68166478,-119.1691859,36.48752114,-88.4536695,-36.70422924,143.4396734,RF
98.50584227,-111.9918687,13.48602644,-81.80991543,-38.01028687,143.4254623,RF
100.0436361,-110.9418879,10.89825179,-80.7097117,-38.15243819,143.4238914,RF
100.0436361,-110.9418879,10.89825179,-80.7097117,-38.15243819,143.4238914,RF
111.8384009,-99.21621003,-12.62219088,-70.81688785,-39.41392948,143.409682,RF
119.6212458,-83.84492478,-35.77632097,-57.34812965,-40.6671741,143.3954739,RF
122.9367853,-65.32707046,-57.60971484,-42.7673008,-41.83148402,143.3812673,RF
121.7926481,-44.43455264,-77.35809542,-27.52488386,-42.94917791,143.3670621,RF
116.2990027,-21.90392928,-94.39507344,-10.0652988,-44.05185277,143.3528583,RF
111.8476893,-10.14500856,-101.7026807,5.24E-08,-44.57574846,143.3457121,RF
111.8476893,-10.14500856,-101.7026807,5.26E-08,-44.57574846,143.3457121,RF
100.0241687,13.40146294,-113.4256316,17.48629225,-45.59135166,143.3315105,RF
84.58136322,36.47206164,-121.0534249,34.76439063,-46.55145705,143.3173102,RF
66.04052693,58.29294383,-124.3334708,51.00585063,-47.47101658,143.3031114,RF
45.08004016,78.03436112,-123.1144013,66.70700649,-48.33575228,143.288914,RF
22.47081683,94.94802223,-117.4188391,79.8386918,-49.13550076,143.274718,RF
-0.454335408,108.2494915,-107.7951561,88.13672032,-49.89271419,143.2608088,RF
-0.454335408,108.2494915,-107.7951561,88.13672032,-49.89271419,143.2608088,RF
-23.85568011,117.9896028,-94.13392266,96.961688,-50.62872464,143.2466156,RF
-46.42716069,123.4728192,-77.04565856,99.40831975,-51.3237029,143.2324238,RF
-67.27798016,124.4891302,-57.21115009,101.1326989,-51.97080734,143.2182334,RF
-85.68234861,121.0386881,-35.35633953,99.36143442,-52.58863802,143.2040444,RF
-101.0109616,113.2538722,-12.24291057,92.72703529,-53.19504471,143.1898569,RF
-107.8781268,107.2140821,0.664044687,88.25437214,-53.51123822,143.1820727,RF
-107.8781268,107.2140821,0.664044687,88.25437214,-53.51123822,143.1820727,RF
-117.3189924,93.28046391,24.03852848,77.8875933,-54.07927971,143.1678873,RF
-122.5028834,76.01598339,46.4869,64.78938302,-54.63508354,143.1537034,RF
-123.2490528,56.03658838,67.21246445,49.75499689,-55.18764771,143.1395208,RF
-119.4932968,34.03899713,85.45429964,32.30744127,-55.73277698,143.1253397,RF
-111.39214,10.88341205,100.5087279,14.26861785,-56.26671589,143.1111599,RF
-101.777531,-8.320813559,110.0983445,1.89E-08,-56.71264623,143.0995735,RF
-101.777531,-8.320813559,110.0983445,1.88E-08,-56.71264623,143.0995735,RF
-86.65258628,-31.50051227,118.1530986,-17.59165285,-57.2758097,143.0853963,RF
-68.40792143,-53.43329619,121.8412176,-35.87266278,-57.83306178,143.0712205,RF
-47.67423618,-73.38873291,121.0629691,-52.20517836,-58.40740612,143.0570462,RF
-25.20982627,-90.63211976,115.841946,-66.57815427,-58.99841066,143.0428732,RF
-1.850575514,-104.503539,106.3541145,-79.46103744,-59.59148573,143.0287017,RF
12.80672081,-111.23848,98.43175914,-85.38086226,-59.97143542,143.0198639,RF
12.80672081,-111.23848,98.43175914,-85.38086226,-59.97143542,143.0198639,RF
35.85880617,-118.6922122,82.833406,-91.95518677,-60.60101623,143.0056947,RF
57.57577961,-121.7491315,64.17335185,-97.02001954,-61.22743445,142.9915268,RF
77.13773658,-120.2895489,43.15181227,-98.98126539,-61.83580438,142.9773604,RF
93.92104603,-114.4685976,20.54755161,-95.80725076,-62.47238259,142.9631954,RF
107.3119217,-104.4183366,-2.893585113,-89.79082561,-63.118593,142.9490318,RF
114.5010593,-94.7503444,-19.75071494,-84.41080335,-63.55864694,142.938849,RF
114.5010593,-94.7503444,-19.75071494,-84.41080335,-63.55864694,142.938849,RF
120.9076671,-78.37808252,-42.52958454,-73.90610003,-64.1735697,142.9246878,RF
122.9035571,-59.09928958,-63.80426752,-60.83378554,-64.77198495,142.910528,RF
120.4208235,-37.62229635,-82.79852712,-45.89929723,-65.34986384,142.8963697,RF
113.5523359,-14.7140258,-98.83831015,-29.95577058,-65.90849564,142.8822127,RF
102.4995309,8.790335081,-111.289866,-11.89532335,-66.41516156,142.8680571,RF
92.80737917,24.69226595,-117.4996451,7.38E-09,-66.73620917,142.8583981,RF
92.80737917,24.69226595,-117.4996451,7.51E-09,-66.73620917,142.8583981,RF
75.79239675,47.24792925,-123.040326,16.69761079,-67.18740648,142.8442449,RF
56.00688301,68.11738304,-124.1242661,33.93537755,-67.57882856,142.8300932,RF
34.17164146,86.56823484,-120.7398763,49.26993955,-67.9231747,142.8159428,RF
11.0639809,101.9390476,-113.0030285,62.69432439,-68.21943525,142.8017938,RF
-12.43986801,113.5905906,-101.1507226,74.24914823,-68.4207315,142.7876462,RF
-29.25902056,119.5305746,-90.27155406,80.60536197,-68.53989362,142.7773729,RF
-29.25902056,119.5305746,-90.27155406,80.60536197,-68.53989362,142.7773729,RF
-51.47033718,123.9926754,-72.52233826,87.52077909,-68.65345409,142.7632278,RF
-71.84184733,123.9850707,-52.14322342,89.57276899,-68.69894196,142.749084,RF
-89.57445425,119.4954102,-29.92095594,90.66044637,-68.65899425,142.7349417,RF
-104.0690459,110.7228843,-6.653838395,87.66008412,-68.55723705,142.7208007,RF
-114.7865498,97.95787333,16.82867642,82.47191184,-68.38139495,142.7066612,RF
-119.3685011,88.20545874,31.16304237,77.03197916,-68.23551511,142.6978644,RF
-119.3685011,88.20545874,31.16304237,77.03197916,-68.23551511,142.6978644,RF
-123.2113045,70.03696557,53.17433892,65.87312814,-67.95578454,142.6837271,RF
-122.5515055,49.35411955,73.197386,54.43043723,-67.58934252,142.6695912,RF
-117.4411545,26.92142019,90.51973431,41.5729959,-67.15549449,142.6554567,RF
-108.0838853,3.571455409,104.5124299,25.62848918,-66.66302129,142.6413236,RF
-94.79776701,-19.87652212,114.6742891,10.60580531,-66.10816849,142.627192,RF
-84.80179511,-34.06081359,118.8626087,3.00E-09,-65.72683812,142.6184419,RF
-84.8017951,-34.06081359,118.8626087,2.89E-09,-65.72683812,142.6184419,RF
-66.24758477,-55.82693008,122.0745149,-15.40908104,-65.06481774,142.6043124,RF
-45.25218513,-75.58099358,120.8331787,-29.15009251,-64.36144601,142.5901844,RF
-22.63095926,-92.45910127,115.0900605,-43.20183488,-63.56069875,142.5760577,RF
0.763304853,-105.9187645,105.1554596,-55.19788579,-62.71758141,142.5619325,RF
24.14301923,-115.5459795,91.40296025,-63.82287972,-61.85619496,142.5478086,RF
35.4560369,-118.7272203,83.27118343,-68.25735917,-61.38774251,142.5408236,RF
35.4560369,-118.7272203,83.27118343,-68.25735917,-61.38774251,142.5408236,RF
57.23461493,-121.8799002,64.64528528,-72.87335371,-60.41875893,142.5267018,RF
76.90399037,-120.5555337,43.65154337,-75.84202104,-59.40821087,142.5125814,RF
93.76555174,-114.7860355,21.02048373,-75.72879076,-58.3441045,142.4984624,RF
107.2355793,-104.8022114,-2.433367933,-72.17060201,-57.24428096,142.4843448,RF
116.7689147,-90.93808256,-25.8308321,-66.71377859,-56.08993785,142.4702285,RF
119.9425161,-82.74178036,-37.20073575,-62.99789379,-55.49930679,142.4631928,RF
119.9425161,-82.74178036,-37.20073575,-62.99789379,-55.49930679,142.4631928,RF
123.0271383,-64.07829588,-58.94884239,-54.16060943,-54.28994825,142.4490786,RF
121.622398,-43.03863823,-78.58375978,-43.2190975,-53.04221733,142.4349659,RF
115.7894384,-20.37950559,-95.40993285,-30.89717778,-51.76111525,142.4208545,RF
105.722319,3.083822258,-108.8061413,-17.48774724,-50.44187284,142.4067445,RF
91.79516494,26.47822751,-118.2733925,-3.991309056,-49.0908763,142.3926359,RF
87.13005803,33.09576961,-120.2258276,1.88E-09,-48.69748083,142.3885628,RF
87.13005803,33.09576961,-120.2258276,2.07E-09,-48.69748083,142.3885628,RF
68.99800324,55.170796,-124.1687992,13.37177125,-47.31621574,142.374456,RF
48.35495501,75.27845855,-123.6334136,25.94603622,-45.91684856,142.3603506,RF
25.93783095,92.70766588,-118.6454968,37.21547069,-44.50224857,142.3462465,RF
2.54818269,106.8424276,-109.3906102,46.81302519,-43.08028944,142.3321439,RF
-20.94679636,117.0836204,-96.13682401,55.10470665,-41.63023966,142.3180426,RF
-25.41958871,118.5947105,-93.17512183,56.02426646,-41.35581634,142.3153177,RF
-25.41958871,118.5947105,-93.17512183,56.02426646,-41.35581634,142.3153177,RF
-47.90020771,123.8049065,-75.90469875,60.21117552,-39.92311727,142.3012181,RF
-68.67137928,124.5869522,-55.91557293,62.60363916,-38.50321215,142.2871199,RF
-86.95296176,120.8616193,-33.9086575,63.8634015,-37.08912942,142.273023,RF
-102.074646,112.7795045,-10.70485857,60.91465782,-35.69480127,142.2589276,RF
-113.50039,100.6672271,12.83316297,55.38301769,-34.33720879,142.2448335,RF
-114.8573234,98.54981034,16.30751303,54.44317512,-34.13909663,142.2427404,RF
-114.8573234,98.54981034,16.30751303,54.44317512,-34.13909663,142.2427404,RF
-121.5415526,82.33346455,39.20808807,46.38158949,-32.82413013,142.2286479,RF
-123.8084461,63.16598111,60.64246494,36.68658635,-31.55258512,142.2145568,RF
-121.5941918,41.75105777,79.84313402,25.42636969,-30.33500369,142.2004671,RF
-114.9556693,18.85083477,96.10483457,12.81079555,-29.17334668,142.1863787,RF
-104.1423229,-4.67630096,108.8186239,0.318355625,-28.07720563,142.1722918,RF
-103.8511978,-5.212114031,109.0633118,1.24E-09,-28.05318937,142.1719714,RF
-103.8511978,-5.212114031,109.0633118,1.04E-09,-28.05318937,142.1719714,RF
-89.19238548,-28.52315213,117.7155376,-11.7221327,-27.03357258,142.1578858,RF
-71.30615124,-50.71815349,122.0243047,-25.18681445,-26.09095145,142.1438017,RF
-50.83242395,-71.03984206,121.872266,-36.65931819,-25.23063964,142.129719,RF
-28.52265884,-88.73453465,117.2571935,-46.65279413,-24.45754646,142.1156376,RF
-5.173589874,-103.1771798,108.3507697,-54.69223278,-23.77584724,142.1015576,RF
-2.504220763,-104.5746923,107.0789131,-55.5767468,-23.70369406,142.0999626,RF
-2.504220763,-104.5746923,107.0789131,-55.5767468,-23.70369406,142.0999626,RF
20.98806341,-114.7220786,93.73401523,-61.49558396,-23.11964323,142.0858842,RF
43.69898149,-120.6759356,76.97695415,-64.87737896,-22.63404484,142.0718071,RF
64.80716286,-122.1817351,57.37457229,-65.90072398,-22.24148786,142.0577315,RF
83.56775527,-119.2129935,35.64523827,-63.8041684,-21.94573829,142.0436572,RF
99.25512803,-111.8408826,12.58575462,-59.72201767,-21.7407065,142.0295844,RF
101.693243,-110.0899814,8.39673843,-58.45976663,-21.71477419,142.0270763,RF
101.693243,-110.0899814,8.39673843,-58.45976663,-21.71477419,142.0270763,RF
113.0756248,-97.91879264,-15.15683215,-51.68217387,-21.6187436,142.0130051,RF
120.3709968,-82.16729194,-38.20370489,-40.82614641,-21.6157157,141.9989352,RF
123.2208162,-63.34350367,-59.87731256,-31.01057689,-21.69064709,141.9848668,RF
121.6294008,-42.18509822,-79.44430257,-18.76355043,-21.85447947,141.9707997,RF
115.565043,-19.43350056,-96.13154247,-4.45486438,-22.09030531,141.9567341,RF
112.4947449,-11.38840566,-101.1063392,3.05E-10,-22.18789715,141.9518869,RF
112.4947449,-11.38840566,-101.1063392,4.96E-10,-22.18789715,141.9518869,RF
100.8760184,12.15611881,-113.0321372,14.04852431,-22.52007094,141.9378231,RF
85.56627839,35.33514842,-120.9014268,27.30662123,-22.9231486,141.9237608,RF
67.13002173,57.26124862,-124.3912704,40.98302667,-23.382615,141.9096998,RF
46.25765627,77.11233009,-123.3699864,53.41341437,-23.88786097,141.8956402,RF
23.71852494,94.21142202,-117.929947,63.3202088,-24.44413856,141.881582,RF
12.63735845,101.230632,-113.8679904,66.49172512,-24.7389092,141.8749139,RF
12.63735845,101.230632,-113.8679904,66.49172512,-24.7389092,141.8749139,RF
-10.92415309,113.2052567,-102.2811036,72.51300496,-25.36980563,141.8608578,RF
-34.08049508,121.0882711,-87.00777601,76.6236314,-26.03057691,141.8468031,RF
-56.01563145,124.6246721,-68.60904066,77.47866158,-26.72638947,141.8327497,RF
-75.90914537,123.6687817,-47.75963634,76.42220472,-27.44501943,141.8186978,RF
-93.03837596,118.2617228,-25.22334682,72.32236324,-28.18177937,141.8046473,RF
-100.5925676,113.7811741,-13.18860653,71.09640516,-28.57000146,141.7973975,RF
-100.5925676,113.7811741,-13.18860653,71.09640516,-28.57000146,141.7973975,RF
-108.0361969,107.4200057,0.616191177,63.54869234,-29.03729236,141.7891835,RF
-114.0895374,99.72027915,14.36925829,59.3189687,-29.49229913,141.78097,RF
-121.0796207,83.96024693,37.11937376,47.05491966,-30.28066405,141.7670952,RF
-123.7439531,65.28078389,58.46316917,35.07620857,-31.0585928,141.7532219,RF
-122.0061067,44.34468385,77.6614229,21.84768863,-31.82803813,141.7393499,RF
-116.0155828,21.9164966,94.09908615,7.235044404,-32.61360687,141.7254792,RF
-112.1420233,11.98370795,100.1583153,3.14E-10,-32.95466229,141.7195318,RF
-112.1420233,11.98370795,100.1583153,9.03E-11,-32.95466229,141.7195318,RF
-100.3614754,-11.27885218,111.6403276,-14.83623524,-33.74056287,141.7056631,RF
-85.02687675,-34.08277234,119.1096491,-29.78290425,-34.51277733,141.6917958,RF
-66.68935671,-55.63470957,122.3240663,-43.56893103,-35.2773846,141.6779298,RF
-45.99190651,-75.18405192,121.1759584,-55.53075204,-36.03598129,141.6640652,RF
-23.64978097,-92.00061913,115.6504001,-67.13552076,-36.76626741,141.650202,RF
-7.404716951,-101.8628364,109.2675534,-73.19778027,-37.26212517,141.6404411,RF
-7.404716951,-101.8628364,109.2675534,-73.19778027,-37.26212517,141.6404411,RF
15.82963212,-112.7443704,96.91473827,-79.96445383,-37.96205706,141.6265802,RF
38.49136702,-119.5716154,81.08024834,-83.98556204,-38.63431829,141.6127206,RF
59.77698474,-122.114848,62.33786322,-85.09843857,-39.28120161,141.5988624,RF
78.92079998,-120.2711943,41.35039432,-83.55084724,-39.89359646,141.5850056,RF
95.28056619,-114.1193705,18.83880428,-78.55707518,-40.48297131,141.5711501,RF
104.4726016,-107.5573111,3.084709483,-74.25851826,-40.8522268,141.5617234,RF
104.4726016,-107.5573111,3.084709482,-74.25851826,-40.8522268,141.5617234,RF
114.8374591,-94.71694791,-20.12051119,-65.38636351,-41.37402873,141.5478702,RF
121.1239804,-78.48022831,-42.64375209,-53.3484236,-41.86083031,141.5340184,RF
123.0909368,-59.40044054,-63.69049627,-40.9720535,-42.30388568,141.5201679,RF
120.6515876,-38.13904619,-82.51254137,-27.92051245,-42.69984218,141.5063188,RF
113.9582557,-15.53685654,-98.42139916,-10.62468667,-43.06016032,141.4924711,RF
107.0672993,0.235487252,-107.3027865,4.66E-10,-43.28256263,141.4830574,RF
107.0672993,0.235487252,-107.3027865,7.18E-10,-43.28256263,141.4830574,RF
93.72518689,23.41460852,-117.1397954,15.53267516,-43.5660048,141.4692119,RF
77.13474519,45.70785284,-122.842598,31.60785722,-43.8051854,141.4553678,RF
57.74842387,66.56263118,-124.311055,46.03691492,-44.04178072,141.441525,RF
36.22950633,85.08870315,-121.3182095,58.88560604,-44.21718529,141.4276836,RF
13.47811061,100.5677099,-114.0458205,69.62267682,-44.34520087,141.4138436,RF
-1.920721775,108.9150558,-106.994334,74.34198948,-44.41162476,141.4046614,RF
-1.920721775,108.9150558,-106.994334,74.34198948,-44.41162476,141.4046614,RF
-25.01160734,118.2997736,-93.28816628,81.26523846,-44.49396362,141.3908236,RF
-47.25095811,123.5489992,-76.2980411,84.9974752,-44.55606395,141.3769872,RF
-67.83167388,124.4696854,-56.6380115,85.99144598,-44.60158147,141.3631521,RF
-85.99158425,120.9636672,-34.97208294,84.9672055,-44.6136685,141.3493184,RF
-101.0909699,113.2259715,-12.13500158,79.53211734,-44.61607869,141.335486,RF
-108.6001717,106.5634419,2.036729734,75.18238562,-44.6255368,141.3270522,RF
-108.6001717,106.5634419,2.036729735,75.18238562,-44.6255368,141.3270522,RF
-117.7207319,92.61042722,25.11030463,67.11445171,-44.61731361,141.313222,RF
-122.7391257,75.47624838,47.26287732,54.00784662,-44.63526703,141.2993932,RF
-123.4011636,55.67855573,67.72260785,39.77246576,-44.65837367,141.2855657,RF
-119.6639371,33.93887808,85.72505907,25.61055822,-44.68533232,141.2717395,RF
-111.6596026,11.02079963,100.638803,10.78927842,-44.72503161,141.2579148,RF
-104.5793394,-3.645366999,108.2247063,1.73E-09,-44.76560838,141.2491868,RF
-104.5793394,-3.645366999,108.2247063,1.50E-09,-44.76560838,141.2491868,RF
-90.38863204,-26.68146526,117.0700973,-15.28883414,-44.85963988,141.2353642,RF
-72.97197528,-48.74613395,121.7181092,-30.53100147,-44.98161673,141.221543,RF
-52.94950252,-69.00296642,121.9524689,-46.14484902,-45.11960644,141.2077231,RF
-31.13095986,-86.71759735,117.8485572,-59.27455599,-45.28951935,141.1939046,RF
-8.228361769,-101.3931543,109.6215161,-69.58262219,-45.5246874,141.1800874,RF
5.148971023,-108.1740307,103.0250596,-75.77123094,-45.66594065,141.1721685,RF
5.148971023,-108.1740307,103.0250596,-75.77123094,-45.66594065,141.1721685,RF
28.18024213,-116.8964149,88.71617272,-82.02228339,-45.94475437,141.1583535,RF
50.1751344,-121.4312356,71.25610122,-86.08879777,-46.26243817,141.1445398,RF
70.40128563,-121.6195916,51.21830597,-86.59502155,-46.62164386,141.1307275,RF
88.1079943,-117.4131441,29.30514977,-85.2062695,-47.00867537,141.1169166,RF
102.6383817,-109.0078818,6.369500133,-80.80660583,-47.41859342,141.103107,RF
110.7628353,-100.7094314,-10.05340388,-75.51083282,-47.73878178,141.0933551,RF
110.7628353,-100.7094314,-10.05340388,-75.51083282,-47.73878178,141.0933551,RF
118.8573158,-85.89850767,-32.95880817,-65.66116595,-48.20788378,141.0795478,RF
122.7055743,-67.98595582,-54.71961852,-54.3235808,-48.6915975,141.0657419,RF
122.1980618,-47.58974373,-74.60831808,-41.00557114,-49.20323042,141.0519373,RF
117.32076,-25.47549752,-91.84526249,-25.68997648,-49.7149126,141.038134,RF
108.2817618,-2.443507614,-105.8382542,-9.984704283,-50.22855864,141.0243322,RF
100.2707889,12.76179069,-113.0325796,9.39E-10,-50.58033617,141.0153157,RF
100.2707889,12.76179069,-113.0325796,1.18E-09,-50.58033617,141.0153157,RF
85.11039389,35.57861621,-120.6890101,15.99376095,-51.10307219,141.001516,RF
66.90648302,57.18632533,-124.0928083,31.41590172,-51.61817646,140.9877177,RF
46.32156403,76.80806762,-123.1296317,45.64576674,-52.1217716,140.9739208,RF
24.07063496,93.76536866,-117.8360036,58.02649629,-52.61453968,140.9601252,RF
0.947134101,107.4058876,-108.3530217,68.75235844,-53.06863974,140.946331,RF
-14.88355119,114.5732406,-99.68968944,74.78730314,-53.36298793,140.9369157,RF
-14.88355119,114.5732406,-99.68968944,74.78730314,-53.36298793,140.9369157,RF
-37.58993925,121.6770286,-84.08708933,81.25933059,-53.77671665,140.9231238,RF
-58.98911117,124.5126627,-65.52355156,84.29402531,-54.16151265,140.9093332,RF
-78.28807268,122.9537625,-44.66568986,85.86918177,-54.4995467,140.895544,RF
-94.80988484,117.0716765,-22.26179163,83.90896354,-54.7939971,140.8817561,RF
-107.9935127,107.092171,0.901341685,78.26128228,-55.05444057,140.8679696,RF
-114.5687447,98.4726334,16.09611133,73.60815836,-55.19288923,140.8589351,RF
-114.5687447,98.4726334,16.09611133,73.60815836,-55.19288923,140.8589351,RF
-121.2298612,82.52451285,38.70534834,64.55353347,-55.37459591,140.8451509,RF
-123.5915871,63.68862132,59.90296577,53.12167053,-55.50460919,140.8313679,RF
-121.5809092,42.63659556,78.94431365,40.13945937,-55.58727888,140.8175863,RF
-115.2725451,20.10306208,95.16948298,26.20458889,-55.62751781,140.8038061,RF
-104.8384707,-3.112826353,107.9512971,10.16723533,-55.59608254,140.7900272,RF
-95.32919006,-19.27449737,114.6036874,1.05E-09,-55.54216087,140.7803907,RF
-95.32919006,-19.27449737,114.6036874,8.22E-10,-55.54216087,140.7803907,RF
-78.90979747,-41.72355685,120.6333543,-15.09232879,-55.43397705,140.7666141,RF
-59.6927069,-62.64634719,122.3390541,-29.51915547,-55.26906742,140.7528389,RF
-38.36810756,-81.30517737,119.6732849,-42.63398927,-55.05435469,140.7390649,RF
-15.67966544,-97.05488189,112.7345473,-53.77825878,-54.7953826,140.7252924,RF
7.567301561,-109.2812939,101.7139923,-64.03038628,-54.46127551,140.7115212,RF
21.97403556,-114.9433129,92.96927729,-68.55856982,-54.22843872,140.702919,RF
21.97403556,-114.9433129,92.96927729,-68.55856982,-54.22843872,140.702919,RF
44.33204323,-120.6506457,76.31860251,-74.29860498,-53.82278634,140.68915,RF
65.13052023,-122.0409843,56.91046407,-76.63712215,-53.36948677,140.6753823,RF
83.58969617,-119.0323194,35.44262327,-77.63432322,-52.85450417,140.6616159,RF
99.06100493,-111.7525417,12.6915368,-75.3011849,-52.2871948,140.6478509,RF
111.0271773,-100.4789315,-10.54824576,-69.40576173,-51.68069512,140.6340872,RF
115.8111768,-92.92290023,-22.8882766,-65.95847757,-51.32800562,140.6267261,RF
115.8111768,-92.92290023,-22.8882766,-65.95847757,-51.32800562,140.6267261,RF
121.5895711,-76.30576482,-45.28380627,-56.91250234,-50.646068,140.6129645,RF
123.029991,-56.93593457,-66.0940564,-46.24071193,-49.91378833,140.5992042,RF
120.1004101,-35.49923165,-84.60117848,-33.93942803,-49.13989923,140.5854453,RF
112.8894539,-12.74429206,-100.1451619,-20.33548517,-48.32083047,140.5716877,RF
101.6524501,10.50378041,-112.1562305,-6.476116665,-47.4581574,140.5579314,RF
95.14787045,21.27989548,-116.4277659,2.88E-10,-47.0438396,140.5515147,RF
95.14787045,21.27989548,-116.4277659,4.80E-10,-47.0438396,140.5515147,RF
78.78195705,43.77301103,-122.5549681,13.79504728,-46.13262256,140.5377604,RF
59.61344897,64.74959402,-124.363043,26.97555811,-45.19029516,140.5240075,RF
38.31622162,83.48053435,-121.796756,38.94165149,-44.22227511,140.5102559,RF
15.63514949,99.31692335,-114.9520728,49.35311579,-43.23611271,140.4965056,RF
-7.62088006,111.6290339,-104.0081539,58.31559086,-42.21299475,140.4827567,RF
-16.54833161,115.3564008,-98.80806916,60.60148858,-41.82248658,140.4774557,RF
-16.54833162,115.3564008,-98.80806916,60.60148858,-41.82248658,140.4774557,RF
-39.20779491,122.1877378,-82.97994287,66.68388852,-40.80380237,140.4637087,RF
-60.48090581,124.69756,-64.21665417,69.41475989,-39.77011398,140.4499629,RF
-79.66436773,122.8589072,-43.19453946,68.46825323,-38.74678955,140.4362185,RF
-95.98981535,116.6752795,-20.68546418,66.46060373,-37.72742007,140.4224754,RF
-108.9291983,106.4188516,2.51034671,61.41855255,-36.73122667,140.4087337,RF
-111.9585424,102.7453968,9.213145595,59.56117713,-36.44649189,140.4047756,RF
-111.9585424,102.7453968,9.213145596,59.56117713,-36.44649189,140.4047756,RF
-119.8741371,87.75259923,32.12153783,51.70425981,-35.47890647,140.3910356,RF
-123.5464091,69.70251479,53.84389432,41.76017892,-34.54655524,140.377297,RF
-122.8556218,49.22082436,73.6347974,30.25997633,-33.65511306,140.3635596,RF
-117.7958359,27.01431259,90.78152331,17.45965049,-32.80511624,140.3498236,RF
-108.5647029,3.911051805,104.6536511,4.243077406,-32.00726201,140.3360889,RF
-104.8843764,-3.358019622,108.242396,9.00E-10,-31.77138469,140.3318019,RF
-104.8843764,-3.358019622,108.242396,7.08E-10,-31.77138469,140.3318019,RF
-90.71392608,-26.424654,117.1385801,-13.49554496,-31.05442963,140.318069,RF
-73.3381508,-48.50252727,121.8406781,-26.54283813,-30.40223827,140.3043374,RF
-53.37219521,-68.82141297,122.1936082,-38.59666489,-29.82030814,140.2906072,RF
-31.51652214,-86.67497536,118.1914975,-49.19698487,-29.31401853,140.2768783,RF
-8.529667161,-101.379948,109.9096152,-58.19038509,-28.87560186,140.2631507,RF
-1.196164491,-105.284268,106.4804325,-60.46003875,-28.75499195,140.2588196,RF
-1.196164491,-105.284268,106.4804325,-60.46003875,-28.75499195,140.2588196,RF
21.97391506,-115.1208207,93.14690559,-67.21698456,-28.42396186,140.2450939,RF
44.38454753,-120.8410843,76.45653677,-69.58945447,-28.17431875,140.2313694,RF
65.17607721,-122.1871236,57.01104636,-70.35107854,-27.99791585,140.2176463,RF
83.61830737,-119.196078,35.57777062,-69.95781675,-27.90200442,140.2039245,RF
99.14637865,-111.9551787,12.80880008,-65.70019426,-27.8915393,140.1902041,RF
103.7213718,-108.4429266,4.721554822,-62.78527358,-27.90094231,140.1854336,RF
103.7213718,-108.4429266,4.721554821,-62.78527358,-27.90094231,140.1854336,RF
114.372239,-95.84604381,-18.52619516,-55.15237177,-27.98755001,140.171715,RF
120.939702,-79.80878117,-41.13092085,-45.44196193,-28.14161707,140.1579977,RF
123.214945,-60.89843131,-62.31651374,-33.97704516,-28.36423693,140.1442818,RF
121.1196055,-39.77651557,-81.34308997,-21.58913847,-28.65332347,140.1305672,RF
114.6653511,-17.17493558,-97.49041556,-7.080029082,-28.99315331,140.116854,RF
109.7396615,-5.232313588,-104.5073479,3.27E-10,-29.18680105,140.1097737,RF
109.7396615,-5.232313588,-104.5073479,5.35E-10,-29.18680105,140.1097737,RF
97.27923941,17.99787231,-115.2771117,14.37072077,-29.60429395,140.0960625,RF
81.34244701,40.66282923,-122.0052762,27.84008646,-30.07234291,140.0823526,RF
62.50412394,61.91211986,-124.4162438,41.50438967,-30.57368387,140.0686441,RF
41.45212071,80.97117336,-122.4232941,54.01179214,-31.09784162,140.054937,RF
18.94007493,97.20826098,-116.1483359,64.14163271,-31.65274071,140.0412312,RF
5.52910593,105.1236755,-110.6527814,67.93740171,-31.99941779,140.0333071,RF
5.52910593,105.1236755,-110.6527814,67.93740171,-31.99941779,140.0333071,RF
-17.70568046,115.7936924,-98.08801191,73.78861059,-32.59381977,140.0196034,RF
-40.3170435,122.3872654,-82.07022191,77.8120241,-33.19790953,140.0059011,RF
-61.5007574,124.6822016,-63.18144421,79.2124689,-33.8090624,139.9922001,RF
-80.53222268,122.6003927,-42.06817004,77.03849804,-34.42974407,139.9785004,RF
-96.69697807,116.2046024,-19.50762434,72.81051198,-35.0435957,139.9648021,RF
-104.5477972,110.5838168,-6.036019584,69.18188555,-35.39609938,139.9568384,RF
-104.5477972,110.5838168,-6.036019584,69.18188555,-35.39609938,139.9568384,RF
-115.0960088,97.90750117,17.18850765,61.04307144,-36.00470121,139.9431422,RF
-121.5603137,81.79504136,39.76527229,50.40801258,-36.59882675,139.9294473,RF
-123.7269974,62.82735658,60.89964079,38.11293551,-37.18095557,139.9157539,RF
-121.5044054,41.67658964,79.82781571,24.87722203,-37.74085816,139.9020617,RF
-114.9870498,19.06428558,95.92276418,9.43968852,-38.29290696,139.8883709,RF
-108.6597127,4.260221206,104.3994915,7.59E-10,-38.62077372,139.8796292,RF
-108.6597127,4.260221205,104.3994915,5.35E-10,-38.62077372,139.8796292,RF
-95.65788549,-18.93701087,114.5948964,-14.96081753,-39.12680802,139.8659406,RF
-79.27293446,-41.4173204,120.6902549,-29.1747913,-39.60674624,139.8522533,RF
-60.07026029,-62.42232743,122.4925877,-42.14041866,-40.07255385,139.8385674,RF
-38.73411123,-81.10469129,119.8388025,-55.26467302,-40.47520487,139.8248828,RF
-16.09910415,-96.84208324,112.9411874,-65.67887853,-40.84939153,139.8111996,RF
-0.200325341,-105.7002638,105.9005891,-70.96840268,-41.11327611,139.8018451,RF
-0.200325341,-105.7002638,105.9005891,-70.96840268,-41.11327611,139.8018451,RF
22.9416664,-115.3541533,92.41248687,-77.30593262,-41.44192013,139.7881641,RF
45.26332759,-120.8774828,75.61415526,-80.90318706,-41.73848713,139.7744845,RF
65.96862021,-122.0686822,56.10006201,-81.64267648,-41.99959018,139.7608062,RF
84.3251688,-118.8785286,34.55335976,-79.61239501,-42.22272405,139.7471293,RF
99.66767373,-111.4205175,11.75284372,-75.07078708,-42.4051339,139.7334537,RF
107.3374551,-104.8551266,-2.48232844,-70.68992184,-42.49689037,139.7250796,RF
107.3374551,-104.8551266,-2.48232844,-70.68992184,-42.49689037,139.7250796,RF
116.7459541,-91.14452498,-25.60142912,-63.56333475,-42.61958951,139.7114062,RF
122.0070388,-74.16485581,-47.84218299,-50.98520224,-42.70763434,139.6977341,RF
122.9196474,-54.50222772,-68.41741972,-38.15933858,-42.75498562,139.6840633,RF
119.4644389,-32.86462648,-86.59981244,-24.01824008,-42.76781909,139.6703939,RF
111.7555705,-10.02033239,-101.7352381,-9.402722111,-42.74298254,139.6567258,RF
105.4241049,3.494120295,-108.9182252,8.86E-10,-42.71340413,139.6487901,RF
105.4241049,3.494120295,-108.9182252,1.11E-09,-42.71340413,139.6487901,RF
91.60315904,26.58756794,-118.190727,14.28042319,-42.63212233,139.6351241,RF
74.54363155,48.81757365,-123.3612052,29.27078726,-42.54243946,139.6214595,RF
54.8086093,69.30612041,-124.1147297,42.41726057,-42.39934833,139.6077962,RF
33.09013323,87.42914145,-120.5192747,55.50194882,-42.24447197,139.5941342,RF
10.22107402,102.4368671,-112.6579411,65.91724673,-42.05835602,139.5804736,RF
-3.922880332,109.861549,-105.9386687,70.15728493,-41.94687672,139.5721665,RF
-3.922880333,109.861549,-105.9386687,70.15728493,-41.94687672,139.5721665,RF
-26.9789647,118.9050227,-91.92605798,77.25330156,-41.74630317,139.558508,RF
-49.12649758,123.8012234,-74.67472582,79.88625431,-41.54561289,139.5448508,RF
-69.52069952,124.3171129,-54.79641336,81.02207561,-41.3340415,139.531195,RF
-87.42702249,120.4364955,-33.00947302,80.37271208,-41.11625526,139.5175406,RF
-102.2726077,112.3848947,-10.11228706,73.88922843,-40.92317683,139.5038874,RF
-108.8031672,106.3701177,2.433049442,70.67595001,-40.82217847,139.4965296,RF
-108.8031672,106.3701177,2.433049442,70.67595001,-40.82217847,139.4965296,RF
-117.9069409,92.39439696,25.51254394,61.54741486,-40.64914749,139.4828785,RF
-122.8225769,75.17192113,47.65065577,50.45260779,-40.49431559,139.4692288,RF
-123.4164599,55.33278475,68.08367517,38.43850588,-40.3751654,139.4555804,RF
-119.5942363,33.55009605,86.04414028,23.38904507,-40.27688821,139.4419333,RF
-111.5599172,10.66602152,100.8938957,8.12901739,-40.21485063,139.4282875,RF
-105.1233503,-2.733530536,107.8568808,1.27E-09,-40.20292815,139.420435,RF
-105.1233503,-2.733530536,107.8568808,1.06E-09,-40.20292815,139.420435,RF
-91.05437347,-25.81223031,116.8666038,-15.36041386,-40.21689375,139.4067914,RF
-73.7667348,-47.89347993,121.6602147,-31.10840235,-40.266232,139.3931491,RF
-53.87805987,-68.24906672,122.1271266,-44.61936049,-40.36955123,139.3795081,RF
-32.09167393,-86.14406312,118.235737,-56.9999317,-40.52364719,139.3658684,RF
-9.148653974,-100.9362006,110.0848545,-66.44885159,-40.724293,139.3522301,RF
3.711851497,-107.5819908,103.8701393,-71.33308592,-40.85721552,139.3446946,RF
3.711851498,-107.5819908,103.8701393,-71.33308592,-40.85721552,139.3446946,RF
26.77629043,-116.5635671,89.78727671,-77.80203266,-41.13667114,139.3310584,RF
48.86714376,-121.36431,72.49716622,-81.86219631,-41.46332704,139.3174235,RF
69.21200082,-121.8185844,52.6065836,-83.41616348,-41.83563588,139.30379,RF
87.11823673,-117.8989721,30.78073534,-80.21632089,-42.25608696,139.2901577,RF
101.8882141,-109.7466246,7.858410486,-75.36045679,-42.70673807,139.2765269,RF
109.41992,-102.4849842,-6.93493586,-71.71928413,-43.01009374,139.2678571,RF
109.41992,-102.4849842,-6.93493586,-71.71928413,-43.01009374,139.2678571,RF
118.0575386,-88.11647357,-29.94106506,-62.91103575,-43.51939651,139.2542284,RF
122.484527,-70.56982442,-51.9147026,-51.773192,-44.05094241,139.2406011,RF
122.5595379,-50.47880619,-72.08073166,-38.94645238,-44.60394854,139.2269751,RF
118.2816802,-28.54371518,-89.73796504,-25.0556868,-45.17624,139.2133504,RF
109.7533245,-5.540771174,-104.2125533,-9.457957883,-45.7426113,139.1997271,RF
102.3102867,9.209952443,-111.5202392,6.15E-10,-46.10142773,139.1910795,RF
102.3102867,9.209952443,-111.5202392,8.39E-10,-46.10142773,139.1910795,RF
87.64703126,32.1665936,-119.8136249,14.86055829,-46.67461775,139.1774584,RF
69.85304044,54.02087017,-123.8739106,30.76592586,-47.23279085,139.1638386,RF
49.56118109,73.97874885,-123.5399299,44.68093115,-47.76193048,139.1502201,RF
27.5281251,91.36590755,-118.8940327,55.29467922,-48.28026982,139.136603,RF
4.494971288,105.5780343,-110.0730056,65.83597336,-48.77877706,139.1229872,RF
-10.49605322,112.7611153,-102.2650621,71.96775863,-49.0638337,139.1142158,RF
-10.49605322,112.7611153,-102.2650621,71.96775863,-49.0638337,139.1142158,RF
-33.37650448,120.6629132,-87.28640869,77.78138332,-49.49613695,139.1006022,RF
-55.07725105,124.3110063,-69.23375528,81.50358516,-49.87960839,139.08699,RF
-74.83763171,123.5962932,-48.75866149,82.25527087,-50.21945669,139.073379,RF
-91.94283357,118.531194,-26.58836042,80.49987199,-50.50440918,139.0597694,RF
-105.8235333,109.3000646,-3.476531369,75.00262105,-50.74640046,139.0461612,RF
-113.0602864,100.8777208,12.18256559,70.6094709,-50.86512491,139.0369889,RF
-113.0602864,100.8777208,12.18256559,70.6094709,-50.86512491,139.0369889,RF
-120.4336862,85.4741366,34.95954964,62.12502427,-51.00361323,139.0233829,RF
-123.5541697,67.08898923,56.46518045,50.22243441,-51.08914553,139.0097782,RF
-122.2874723,46.35167613,75.93579613,38.02197601,-51.11032884,138.9961748,RF
-116.6612096,23.98610636,92.67510327,25.56809854,-51.06278021,138.9825728,RF
-106.9445506,0.865412126,106.0791385,9.632368037,-50.96327148,138.9689721,RF
-98.48910968,-14.35054846,112.8396581,8.15E-10,-50.86762235,138.9600591,RF
-98.48910968,-14.35054846,112.8396581,5.86E-10,-50.86762235,138.9600591,RF
-82.71247095,-37.05563359,119.7681045,-14.60567888,-50.66508063,138.9464605,RF
-64.08444454,-58.29770543,122.38215,-30.27305461,-50.3914828,138.9328634,RF
-43.15377365,-77.56066069,120.7144343,-41.31214767,-50.10717594,138.9192675,RF
-20.63603271,-94.03714763,114.6731803,-52.08626281,-49.75038754,138.905673,RF
2.51776004,-107.0123509,104.4945909,-62.27367698,-49.30438077,138.8920798,RF
15.69701821,-112.7372574,97.04023917,-66.40754073,-49.04461465,138.8843673,RF
15.69701821,-112.7372574,97.04023917,-66.40754073,-49.04461465,138.8843673,RF
38.35878259,-119.5933433,81.23456067,-72.24206131,-48.54038231,138.8707762,RF
59.683941,-122.1857449,62.50180388,-74.27265611,-47.99771754,138.8571864,RF
78.86109625,-120.3288334,41.46773711,-74.57786349,-47.38204778,138.8435979,RF
95.19553143,-114.234183,19.03865152,-72.62182828,-46.75443468,138.8300108,RF
108.1684858,-104.0122832,-4.15620256,-67.53063165,-46.07655778,138.8164249,RF
113.326343,-97.31766954,-16.0086735,-64.06311585,-45.71315905,138.8094904,RF
113.326343,-97.31766953,-16.0086735,-64.06311585,-45.71315905,138.8094904,RF
120.3602022,-81.63721461,-38.72298759,-55.62605018,-44.98438879,138.7959066,RF
123.1031355,-63.01431266,-60.08882288,-45.01671594,-44.2220323,138.7823241,RF
121.4730649,-42.11118609,-79.36187877,-32.94375082,-43.43454289,138.7687429,RF
115.5149675,-19.65810426,-95.85686321,-19.57787611,-42.62162702,138.7551631,RF
105.4349861,3.526412593,-108.9613987,-5.872732545,-41.78482655,138.7415845,RF
100.3154387,12.8872376,-113.2026763,1.40E-09,-41.45291464,138.7361212,RF
100.3154387,12.8872376,-113.2026763,1.60E-09,-41.45291464,138.7361212,RF
85.15134269,35.65688389,-120.8082266,7.667155497,-40.60184374,138.7225445,RF
66.86501758,57.35645811,-124.2214757,26.9088701,-39.73940228,138.7089692,RF
46.24917835,76.98019892,-123.2293773,38.42413887,-38.8780494,138.6953951,RF
23.98284177,93.92557894,-117.9084207,49.32385609,-38.02279943,138.6818224,RF
0.846053306,107.5814325,-108.4274858,58.47310162,-37.1737028,138.668251,RF
-8.254137192,111.9099504,-103.6558132,61.0515492,-36.84363451,138.6629473,RF
-8.254137192,111.9099504,-103.6558132,61.0515492,-36.84363451,138.6629473,RF
-31.22479045,120.2059655,-88.98117501,67.31756942,-36.0138361,138.6493778,RF
-53.08779089,124.2854291,-71.19763825,69.98759359,-35.21003971,138.6358095,RF
-73.10762888,124.0180798,-50.91045097,69.19732204,-34.43802856,138.6222426,RF
-90.52551492,119.3701213,-28.84460641,67.81341393,-33.69603972,138.608677,RF
-104.7309508,110.5316535,-5.800702616,62.91613055,-32.99429633,138.5951128,RF
-108.8404491,106.5013516,2.339097568,61.03739523,-32.75796531,138.5903829,RF
-108.8404491,106.5013516,2.339097569,61.03739523,-32.75796531,138.5903829,RF
-117.9710376,92.53598635,25.43505122,52.31226047,-32.12220412,138.5768205,RF
-122.9178975,75.33228381,47.58561368,43.16127071,-31.5386759,138.5632593,RF
-123.5090687,55.47081975,68.038249,33.17580588,-31.01205311,138.5496995,RF
-119.7364676,33.71477349,86.02169407,18.59716239,-30.54997602,138.5361409,RF
-111.7403569,10.81656973,100.9237872,4.165698095,-30.15578274,138.5225837,RF
-107.6315971,1.986198222,105.6453989,1.57E-09,-30.02171428,138.5174503,RF
-107.6315971,1.986198222,105.6453989,1.39E-09,-30.02171428,138.5174503,RF
-94.28260153,-21.19056959,115.4731711,-13.91523289,-29.72651329,138.503895,RF
-77.59161096,-43.56379433,121.1554053,-27.23132906,-29.50198067,138.4903409,RF
-58.16284901,-64.35343631,122.5162853,-39.70205705,-29.35407106,138.4767882,RF
-36.67626013,-82.83407395,119.5103341,-50.71784345,-29.28500492,138.4632368,RF
-13.86994696,-98.31051527,112.1804622,-59.81217006,-29.28550563,138.4496867,RF
-4.138696044,-103.7722523,107.9109483,-63.17637829,-29.30748395,138.4440024,RF
-4.138696044,-103.7722523,107.9109483,-63.17637829,-29.30748395,138.4440024,RF
19.07754716,-114.1061904,95.02864329,-69.94017746,-29.41579754,138.4304543,RF
41.62658757,-120.3590406,78.73245304,-72.23695107,-29.59969083,138.4169074,RF
62.6443857,-122.2753673,59.63098159,-74.36630415,-29.84413915,138.4033619,RF
81.45519568,-119.8206329,38.36543721,-72.42501819,-30.15865427,138.3898177,RF
97.34579913,-113.0673953,15.72159616,-68.52354532,-30.52919136,138.3762748,RF
103.6548343,-108.4919863,4.837151925,-65.28037729,-30.72647251,138.3699196,RF
103.6548343,-108.4919863,4.837151924,-65.28037729,-30.72647251,138.3699196,RF
114.2908512,-95.91967824,-18.37117298,-58.68545511,-31.17266514,138.3563787,RF
118.3701388,-87.68295759,-30.68718123,-52.65986074,-31.44495189,138.3491108,RF
121.199743,-78.55031319,-42.64942978,-46.66665179,-31.71727558,138.3418433,RF
123.0540356,-65.25784784,-57.79618773,-38.63685799,-32.10257726,138.3322417,RF
121.4087622,-41.52789024,-79.88087192,-24.38034091,-32.75173463,138.3168106,RF
114.1326843,-15.82493987,-98.30774442,-8.101962566,-33.42742384,138.3013811,RF
108.7852827,-3.229174695,-105.556108,-8.46E-10,-33.7569161,138.2940226,RF
108.7852827,-3.229174694,-105.556108,-6.29E-10,-33.7569161,138.2940226,RF
93.93648426,23.19424529,-117.1307295,17.20567491,-34.4670518,138.2785958,RF
74.74041711,48.61266771,-123.3530848,31.85035077,-35.18570144,138.2631707,RF
52.08130446,71.85080695,-123.9321114,46.84041363,-35.90222637,138.2477473,RF
27.04258538,91.79942358,-118.842009,59.04594359,-36.59607272,138.2323256,RF
2.444248696,106.6955031,-109.1397518,68.95520321,-37.22039117,138.2178891,RF
2.444248696,106.6955031,-109.1397518,68.95520321,-37.22039117,138.2178891,RF
-23.9671556,117.9412267,-93.97407115,76.1415989,-37.8800376,138.2024707,RF
-49.25031667,123.7779549,-74.52763825,79.3461347,-38.49032471,138.1870541,RF
-72.28163223,123.9676681,-51.68603584,79.52720121,-39.05936865,138.1716393,RF
-92.0180075,118.5247862,-26.50677871,75.34229283,-39.5928443,138.1562261,RF
-106.2442357,108.8807869,-2.636551165,69.5166704,-40.0197364,138.1422639,RF
-106.2442357,108.8807869,-2.636551165,69.5166704,-40.0197364,138.1422639,RF
-117.2590347,93.54679337,23.71224137,59.91609991,-40.43590882,138.1268541,RF
-122.8972338,73.95301375,48.94422007,47.3392819,-40.80171568,138.1114459,RF
-122.8872121,51.01250408,71.87470798,32.98909203,-41.1111825,138.0960395,RF
-117.2389624,25.73768644,91.50127596,17.641632,-41.37958983,138.0806348,RF
-106.4993892,0.080263721,106.4191255,1.40E-10,-41.54427836,138.0656297,RF
-106.4993892,0.080263721,106.4191255,-3.05E-11,-41.54427836,138.0656297,RF
-90.67077643,-26.21877182,116.8895483,-16.68726926,-41.67710487,138.0502284,RF
-70.69053182,-51.26030169,121.9508335,-32.90334743,-41.76518049,138.0348288,RF
-47.44000726,-73.88897231,121.3289796,-47.98610539,-41.79505312,138.019431,RF
-22.01917412,-93.03813036,115.0573045,-60.05542314,-41.77048428,138.0040348,RF
2.80875197,-107.0886581,104.2799062,-68.28255435,-41.70648644,137.9895596,RF
2.808751971,-107.0886581,104.2799062,-68.28255435,-41.70648644,137.9895596,RF
29.04980754,-117.2024756,88.15266808,-75.95243602,-41.60903421,137.9741668,RF
53.94957275,-121.8450929,67.89552018,-78.76728502,-41.46554902,137.9587757,RF
76.35625414,-120.83131,44.4750559,-78.35604794,-41.29320078,137.9433863,RF
95.27964267,-114.2188269,18.93918421,-74.57778982,-41.10381431,137.9279986,RF
107.711139,-104.4537481,-3.257390821,-68.22133131,-40.88960536,137.9150912,RF
107.711139,-104.4537481,-3.257390821,-68.22133131,-40.88960536,137.9150912,RF
117.957821,-88.46097687,-29.49684414,-58.73355267,-40.64029577,137.8997067,RF
122.7711114,-68.31005605,-54.4610553,-45.86965419,-40.37339886,137.8843239,RF
121.9195904,-44.96540335,-76.95418709,-31.39160586,-40.09612786,137.8689428,RF
115.431068,-19.47485116,-95.95621687,-14.9109931,-39.81080433,137.8535635,RF
105.6171869,3.145290958,-108.7624778,4.44E-10,-39.56287606,137.8403956,RF
105.6171869,3.145290958,-108.7624778,6.73E-10,-39.56287606,137.8403956,RF
89.66396316,29.41738187,-119.081345,16.26943769,-39.27784052,137.8250194,RF
69.56661383,54.4003323,-123.9669461,32.57511099,-39.00301009,137.8096449,RF
46.25598207,76.93761322,-123.1935953,47.17231883,-38.74475945,137.7942722,RF
20.76963661,96.03643109,-116.8060677,59.82030343,-38.51576231,137.7789011,RF
-2.312816665,109.0656877,-106.752871,67.51768726,-38.30925632,137.7654818,RF
-2.312816665,109.0656877,-106.752871,67.51768726,-38.30925632,137.7654818,RF
-28.54771525,119.357047,-90.80933171,75.46626617,-38.12285503,137.7501139,RF
-53.52943893,124.2152578,-70.68581883,78.57990665,-37.97230341,137.7347478,RF
-76.04547605,123.4114503,-47.3659743,78.75594754,-37.86521284,137.7193834,RF
-95.10141357,116.9840172,-21.88260362,75.79047822,-37.81134691,137.7040206,RF
-107.8261725,107.3034272,0.522745314,68.4441113,-37.79568046,137.6909834,RF
-107.8261725,107.3034272,0.522745314,68.4441113,-37.79568046,137.6909834,RF
-118.2265653,91.4186565,26.80790884,58.9931525,-37.83350221,137.6756239,RF
-123.201697,71.38235191,51.81934512,46.28929939,-37.93335892,137.6602661,RF
-122.51918,48.11587526,74.40330476,31.76080594,-38.09713581,137.6449099,RF
-116.2192412,22.6505109,93.56873029,16.70685195,-38.33796736,137.6295555,RF
-106.257415,-0.389046218,106.6464612,3.36E-10,-38.57162068,137.6161682,RF
-106.257415,-0.389046218,106.6464612,1.54E-10,-38.57162068,137.6161682,RF
-90.38982322,-26.62939084,117.0192141,-15.65450684,-38.91132154,137.600817,RF
-70.33384671,-51.6442561,121.9781028,-32.7918473,-39.32173492,137.5854675,RF
-47.06336009,-74.20539525,121.2687553,-48.12355484,-39.78828892,137.5701198,RF
-21.6174482,-93.30708081,114.924529,-60.14656104,-40.31385077,137.5547737,RF
3.591851778,-107.4568513,103.8649995,-68.60539408,-40.85892153,137.5401518,RF
3.591851778,-107.4568513,103.8649995,-68.60539408,-40.85892153,137.5401518,RF
29.76595542,-117.3883973,87.62244187,-77.4887999,-41.46517476,137.5248091,RF
54.61358837,-121.8687315,67.25514312,-80.5363848,-42.11466947,137.5094681,RF
76.91912071,-120.6793626,43.76024193,-81.01179435,-42.78870989,137.4941289,RF
95.67250065,-113.8657973,18.19329664,-77.2867785,-43.47935269,137.4787913,RF
109.5844539,-102.2697777,-7.314676246,-69.8903613,-44.15388362,137.4640005,RF
109.5844539,-102.2697777,-7.314676246,-69.8903613,-44.15388362,137.4640005,RF
119.0101578,-85.56421872,-33.44593906,-60.38472073,-44.84033906,137.4486663,RF
122.9539227,-64.86353928,-58.0903834,-47.4821678,-45.51660361,137.4333339,RF
121.2233552,-41.11750876,-80.10584645,-32.8612936,-46.16708101,137.4180031,RF
113.8753276,-15.40092436,-98.47440321,-16.23993183,-46.77573466,137.4026741,RF
101.9258956,9.892675879,-111.8185715,2.55E-10,-47.30396013,137.3880235,RF
101.9258956,9.892675879,-111.8185715,4.78E-10,-47.30396013,137.3880235,RF
84.84799912,35.94078553,-120.7887846,16.23576681,-47.80488933,137.3726978,RF
63.83779474,60.39789686,-124.2356916,32.55482675,-48.23633647,137.3573739,RF
39.87673771,82.13325496,-122.0099927,46.94267351,-48.59446662,137.3420517,RF
14.08278998,100.1301368,-114.2129268,58.91761699,-48.86599079,137.3267312,RF
-11.33436977,113.1288159,-101.7944462,68.11287436,-49.04271471,137.3120613,RF
-11.33436977,113.1288159,-101.7944462,68.11287436,-49.04271471,137.3120613,RF
-37.25882564,121.5864416,-84.32761591,74.31527868,-49.11653843,137.2967441,RF
-61.53123729,124.5391196,-63.00788235,77.84978546,-49.1110125,137.2814287,RF
-82.97574966,121.806275,-38.83052534,77.65093191,-49.00579376,137.2661149,RF
-100.5960615,113.4829728,-12.88691124,73.90975601,-48.78889887,137.2508029,RF
-113.1070091,100.7117644,12.39524468,66.54036489,-48.49340323,137.2361808,RF
-113.1070091,100.7117644,12.39524468,66.54036489,-48.49340323,137.2361808,RF
-121.134792,82.8832925,38.25149954,56.80819705,-48.1004477,137.2208721,RF
-123.5876258,61.2739579,62.31366791,43.96342984,-47.61344494,137.2055651,RF
-120.3531557,36.89730138,83.45585429,29.78037973,-47.04023082,137.1902598,RF
-111.5970672,10.86637909,100.7306881,13.48011386,-46.39697746,137.1749562,RF
-100.2703224,-11.32434728,111.5946697,4.20E-10,-45.79243254,137.1621446,RF
-100.2703224,-11.32434729,111.5946697,2.10E-10,-45.79243254,137.1621446,RF
-82.56610032,-37.21942319,119.7855235,-15.53010594,-45.01984626,137.1468441,RF
-61.05950624,-61.3580095,122.4175157,-30.82004166,-44.19164427,137.1315454,RF
-36.75367901,-82.61993072,119.3736097,-44.22681479,-43.32113899,137.1162483,RF
-10.72904569,-100.070657,110.7997027,-55.45776284,-42.42370555,137.1009529,RF
9.929752951,-110.3729847,100.4432317,-62.19900954,-41.67172847,137.0890314,RF
9.929752951,-110.3729847,100.4432317,-62.19900954,-41.67172847,137.0890314,RF
35.91584587,-119.0451738,83.12932794,-68.80504692,-40.72269485,137.0737391,RF
60.26474721,-122.1823747,61.91762745,-71.39682685,-39.75913132,137.0584484,RF
81.82464474,-119.642419,37.81777423,-70.93674641,-38.79786172,137.0431594,RF
99.64327346,-111.5441334,11.90085996,-67.54572269,-37.84866048,137.0278722,RF
109.8811155,-102.0849238,-7.796191721,-60.68452275,-37.13791687,137.0165136,RF
109.8811155,-102.0849238,-7.796191721,-60.68452275,-37.13791687,137.0165136,RF
119.2197022,-85.29933413,-33.92036811,-52.4836995,-36.21459917,137.0012293,RF
123.0737723,-64.530926,-58.54284629,-40.31381733,-35.32482175,136.9859467,RF
121.2545658,-40.7215932,-80.53297259,-26.4173551,-34.47451223,136.9706657,RF
113.7978962,-14.97288271,-98.82501345,-11.2361809,-33.66043504,136.9553865,RF
104.9935129,4.416162592,-109.4096754,4.30E-10,-33.10135976,136.9441904,RF
104.9935129,4.416162593,-109.4096754,6.23E-10,-33.10135976,136.9441904,RF
88.81650485,30.67096906,-119.4874739,15.83379603,-32.38631977,136.9289141,RF
68.53647029,55.58692373,-124.123394,29.70037991,-31.73584249,136.9136395,RF
45.06495097,77.98688901,-123.05184,43.86604848,-31.14617941,136.8983666,RF
19.53587469,96.82281665,-116.3586913,55.48432781,-30.62749223,136.8830954,RF
0.074634598,107.9448249,-108.0194595,61.32200852,-30.29711719,136.8718533,RF
0.074634598,107.9448249,-108.0194595,61.32200852,-30.29711719,136.8718533,RF
-26.29829905,118.7543928,-92.45609376,67.68031967,-29.92004797,136.8565851,RF
-51.43720802,124.0682729,-72.6310649,71.59451793,-29.61077458,136.8413185,RF
-74.14616632,123.7318217,-49.58565535,72.00486672,-29.38183759,136.8260537,RF
-93.61028983,117.8806969,-24.27040704,66.60901772,-29.26509205,136.8107906,RF
-104.6142866,110.5064137,-5.892127147,63.01038361,-29.22147218,136.8001648,RF
-104.6142866,110.5064137,-5.892127146,63.01038361,-29.22147218,136.8001648,RF
-116.2823985,95.73918023,20.54321824,54.1938595,-29.23406259,136.7849046,RF
-122.6098995,76.62399625,45.98590324,42.65794655,-29.3329271,136.769646,RF
-123.3160054,54.02657478,69.28943066,29.96138989,-29.52094615,136.7543892,RF
-118.3023651,28.97091671,89.3314484,13.47255954,-29.78352554,136.739134,RF
-110.1460856,7.471802436,102.6742832,-6.20E-10,-30.05243201,136.7266216,RF
-110.1460856,7.471802436,102.6742832,-8.67E-10,-30.05243201,136.7266216,RF
-95.62511753,-18.980962,114.6060795,-15.54422899,-30.46010703,136.7113696,RF
-76.70432954,-44.49440285,121.1987324,-31.08823036,-30.93315979,136.6961192,RF
-54.27153567,-67.90887437,122.18041,-45.12189552,-31.47303053,136.6808706,RF
-29.37123356,-88.11579846,117.487032,-57.2865712,-32.06183379,136.6656237,RF
-5.412278596,-103.0227465,108.4350251,-65.78710659,-32.66085537,136.6517456,RF
-5.412278595,-103.0227465,108.4350251,-65.78710659,-32.66085537,136.6517456,RF
20.98633478,-114.6916037,93.70526889,-72.72053026,-33.32495106,136.636502,RF
46.44992212,-121.0697856,74.61986353,-76.67959595,-34.03696832,136.62126,RF
69.75437166,-121.8091323,52.05476065,-77.11619835,-34.76713405,136.6060198,RF
89.81934702,-116.8945816,27.07523461,-74.49691858,-35.50421891,136.5907812,RF
104.8547665,-107.3124542,2.457687699,-66.91639426,-36.1957209,136.5765454,RF
104.8547665,-107.3124542,2.457687698,-66.91639426,-36.1957209,136.5765454,RF
116.1944814,-92.28856968,-23.90591175,-58.41239334,-36.90745145,136.5613102,RF
122.2039336,-72.94538593,-49.25854766,-45.83896258,-37.61145904,136.5460767,RF
122.5655985,-50.19015571,-72.37544277,-31.79722017,-38.28031938,136.5308448,RF
117.266233,-25.02982099,-92.23641206,-16.73639065,-38.91716121,136.5156147,RF
107.4225706,-0.551163853,-106.8714068,5.61E-10,-39.43259812,136.5014439,RF
107.4225706,-0.551163852,-106.8714068,7.67E-10,-39.43259812,136.5014439,RF
92.13338987,25.7888259,-117.9222158,15.40909885,-39.95160077,136.486217,RF
72.5506932,51.03282202,-123.5835152,32.02439303,-40.40366464,136.4709919,RF
49.61963161,73.9715193,-123.5911509,46.21090173,-40.78267346,136.4557685,RF
24.40098183,93.55883096,-117.9598128,58.23157617,-41.0888819,136.4405468,RF
-0.214812357,108.0279834,-107.813171,68.09398756,-41.30453651,136.4263507,RF
-0.214812358,108.0279834,-107.813171,68.09398756,-41.30453651,136.4263507,RF
-26.52895978,118.7248724,-92.1959126,74.32665555,-41.4459388,136.4111323,RF
-51.65834887,124.0356293,-72.37728041,78.12384554,-41.51883628,136.3959155,RF
-74.42182309,123.68894,-49.26711693,78.12038471,-41.51537005,136.3807005,RF
-93.75891402,117.7122272,-23.95331322,74.66258201,-41.43909476,136.3654872,RF
-107.8388512,107.3382698,0.500581324,67.51743976,-41.29681513,136.3514304,RF
-107.8388512,107.3382698,0.500581324,67.51743976,-41.29681513,136.3514304,RF
-118.2372726,91.47738051,26.75989213,58.3714177,-41.07950316,136.3362203,RF
-123.2378412,71.44612536,51.79171589,45.57765621,-40.81571939,136.3210119,RF
-122.5699809,48.18308063,74.38690028,31.33608248,-40.5032405,136.3058053,RF
-116.2521607,22.7385693,93.51359139,14.91336822,-40.14748591,136.2906003,RF
-106.3277193,-0.365794582,106.6935139,2.61E-11,-39.81103419,136.2772942,RF
-106.3277193,-0.365794582,106.6935139,-2.02E-10,-39.81103419,136.2772942,RF
-90.43555236,-26.65276736,117.0883197,-16.02370529,-39.40968542,136.2620924,RF
-70.38595223,-51.66321533,122.0491676,-32.06863943,-38.99715733,136.2468923,RF
-47.10995893,-74.24322507,121.353184,-46.34049267,-38.58586589,136.2316938,RF
-21.64754434,-93.39909886,115.0466432,-58.66088852,-38.19317773,136.2164971,RF
0.692077392,-106.1224856,105.4304082,-66.56852009,-37.84134618,136.2036541,RF
0.692077392,-106.1224856,105.4304082,-66.56852009,-37.84134618,136.2036541,RF
26.9640065,-116.6311242,89.66711773,-73.86794021,-37.4737052,136.1884604,RF
52.02460663,-121.7221953,69.69758868,-77.0609267,-37.13586707,136.1732685,RF
74.66688706,-121.154282,46.4873949,-77.12592396,-36.83867002,136.1580782,RF
93.89006302,-114.9573998,21.06733679,-73.95110844,-36.5913792,136.1428897,RF
106.7849617,-105.4458579,-1.339103843,-66.82865718,-36.40966723,136.129993,RF
106.7849617,-105.4458579,-1.339103843,-66.82865718,-36.40966723,136.129993,RF
117.3996408,-89.74607951,-27.65356128,-57.23003978,-36.25070244,136.1148076,RF
122.6051096,-69.8602474,-52.74486223,-44.78916621,-36.15170641,136.0996239,RF
122.1556876,-46.70258145,-75.45310613,-30.33804278,-36.11377572,136.0844418,RF
116.0817007,-21.30421734,-94.77748338,-15.19072196,-36.1460346,136.0692615,RF
106.5982614,1.135559719,-107.7338211,2.54E-10,-36.19820119,136.0563627,RF
106.5982614,1.13555972,-107.7338211,4.19E-10,-36.19820119,136.0563627,RF
91.01533268,27.4258185,-118.4411512,15.85515988,-36.32966991,136.0411854,RF
71.19213122,52.55988855,-123.7520198,32.4424878,-36.52498783,136.0260099,RF
48.08843641,75.31108739,-123.3995238,46.78266323,-36.77638194,136.0108361,RF
22.73694185,94.6922154,-117.4291572,59.45983418,-37.09475486,135.995664,RF
-0.868099246,108.3310233,-107.4629241,68.0233364,-37.40633461,135.9820997,RF
-0.868099246,108.3310233,-107.4629241,68.0233364,-37.40633461,135.9820997,RF
-27.15266444,118.91031,-91.75764554,75.55770067,-37.80735095,135.9669308,RF
-52.23443754,124.0761347,-71.8416972,78.94840463,-38.25766809,135.9517636,RF
-74.91621773,123.5852002,-48.66898246,79.20829886,-38.74878295,135.936598,RF
-94.16568385,117.4436853,-23.27800147,75.23162918,-39.2763217,135.9214342,RF
-108.0124892,107.0958389,0.916650372,68.89261767,-39.78254353,135.9075367,RF
-108.0124892,107.0958389,0.916650372,68.89261767,-39.78254353,135.9075367,RF
-118.3446398,91.15694239,27.18769738,59.30766436,-40.35794922,135.8923762,RF
-123.2440665,71.06919594,52.17487051,46.85566189,-40.95495787,135.8772173,RF
-122.4842513,47.76679091,74.71746041,32.47154335,-41.56584339,135.8620601,RF
-116.1089875,22.28482022,93.82416725,17.45367142,-42.19902693,135.8469046,RF
-104.8836027,-3.066287498,107.9498902,-2.62E-10,-42.76517514,135.8323811,RF
-104.8836027,-3.066287498,107.9498902,-4.33E-10,-42.76517514,135.8323811,RF
-88.5719775,-29.22566157,117.7976391,-15.46375261,-43.35901846,135.817229,RF
-68.14294047,-54.0497797,122.1927202,-32.30714468,-43.94576098,135.8020785,RF
-44.60584199,-76.30503776,120.9108797,-47.10087882,-44.50248561,135.7869297,RF
-19.00826754,-95.00898077,114.0172483,-58.69239854,-45.03234305,135.7717827,RF
7.367495885,-109.2264362,101.8589403,-68.20434438,-45.51315707,135.7566853,RF
7.367495885,-109.2264362,101.8589403,-68.20434438,-45.51315707,135.7566853,RF
33.44153702,-118.3965861,84.95504904,-74.10032846,-45.94190921,135.7415416,RF
58.00355625,-122.0970798,64.09352356,-77.13560587,-46.33161747,135.7263996,RF
79.86362604,-120.0583654,40.19473931,-77.85208448,-46.63423765,135.7112593,RF
98.03032509,-112.4561412,14.42581615,-74.01404622,-46.87446993,135.6961207,RF
111.4343636,-99.91329504,-11.52106854,-67.35304717,-47.03013608,135.6812854,RF
111.4343636,-99.91329504,-11.52106854,-67.35304717,-47.03013608,135.6812854,RF
120.0229871,-82.51043712,-37.51255,-57.21205167,-47.11186546,135.6661501,RF
123.0602389,-61.24929902,-61.81093987,-44.68682418,-47.10216552,135.6510166,RF
120.4245062,-37.10962776,-83.31487844,-30.30383666,-47.00572928,135.6358847,RF
112.2066714,-11.18023705,-101.0264343,-13.94737143,-46.80955056,135.6207545,RF
100.6607121,12.12402644,-112.7847385,7.58E-10,-46.54797231,135.6074455,RF
100.6607121,12.12402644,-112.7847385,9.72E-10,-46.54797231,135.6074455,RF
83.21942846,38.09118443,-121.3106129,15.44094967,-46.17455029,135.5923185,RF
61.91493682,62.36852444,-124.2834613,30.85044648,-45.70237084,135.5771932,RF
37.74730059,83.83455238,-121.581853,44.34013826,-45.14344523,135.5620695,RF
11.78905407,101.5406466,-113.3297007,55.65452369,-44.50746927,135.5469475,RF
-10.50303719,112.7859441,-102.2829069,63.05044877,-43.87389312,135.5342263,RF
-10.50303719,112.7859441,-102.2829069,63.05044877,-43.87389312,135.5342263,RF
-36.48340108,121.4544012,-84.97100012,69.60866549,-43.08682679,135.5191074,RF
-60.83051357,124.5828885,-63.75237492,72.15946775,-42.22684162,135.5039902,RF
-82.38638038,122.0356086,-39.64922822,71.70052323,-41.31520373,135.4888746,RF
-100.2017027,113.9289704,-13.72726768,68.30006955,-40.36365949,135.4737608,RF
-110.8275085,103.9880813,6.839427123,61.39769085,-39.58527132,135.4620259,RF
-110.8275085,103.9880813,6.839427124,61.39769085,-39.58527132,135.4620259,RF
-119.9858057,87.04248041,32.94332526,52.55342204,-38.57246006,135.446915,RF
-123.6479114,66.15497218,57.49293927,40.18142396,-37.55521162,135.4318058,RF
-121.6465286,42.26251269,79.38401591,26.48040684,-36.54529735,135.4166982,RF
-113.9673128,16.43962434,97.52768842,12.07834243,-35.52800002,135.4015924,RF
-104.6280028,-3.710690247,108.3386931,9.30E-10,-34.78530465,135.390083,RF
-104.6280028,-3.710690247,108.3386931,7.44E-10,-34.78530465,135.390083,RF
-88.17125263,-29.91591609,118.0871687,-15.72963906,-33.84543406,135.3749801,RF
-67.65592554,-54.68798887,122.3439144,-30.27648289,-32.95284897,135.3598789,RF
-44.04245664,-76.89507476,120.9375314,-43.54340176,-32.12459241,135.3447793,RF
-18.38578031,-95.557311,113.9430913,-55.07167771,-31.37382801,135.3296814,RF
-1.373384084,-105.1671727,106.5405568,-60.05266152,-30.91539801,135.3199737,RF
-1.373384084,-105.1671727,106.5405568,-60.05266152,-30.91539801,135.3199737,RF
24.98615458,-116.0817546,91.09560004,-66.89404131,-30.28851654,135.3048786,RF
50.1881857,-121.6118642,71.42367847,-70.08494497,-29.75543092,135.2897851,RF
73.0620028,-121.4862953,48.42429249,-69.97458429,-29.31756941,135.2746934,RF
92.58157121,-115.6970145,23.11544327,-66.84748331,-28.97820397,135.2596033,RF
104.8192969,-107.4396119,2.620314987,-61.41499239,-28.78067318,135.2478655,RF
104.8192969,-107.4396119,2.620314987,-61.41499239,-28.78067318,135.2478655,RF
116.2178874,-92.43683668,-23.78105072,-52.65853074,-28.61920066,135.2327784,RF
122.2529509,-73.1111833,-49.14176759,-40.96747785,-28.55686214,135.217693,RF
122.6531625,-50.36913574,-72.2840268,-27.36849584,-28.59247224,135.2026092,RF
117.4075479,-25.22253246,-92.18501547,-12.98003234,-28.72883415,135.1875272,RF
109.8401062,-5.542725387,-104.2973808,4.78E-10,-28.87244429,135.1762357,RF
109.8401062,-5.542725387,-104.2973808,6.50E-10,-28.87244429,135.1762357,RF
95.40595456,20.88498516,-116.2909397,14.25139435,-29.1429953,135.1611566,RF
76.55810473,46.44399567,-123.0021004,30.4254976,-29.49770761,135.1460792,RF
54.17258403,69.9079249,-124.0805089,44.38605531,-29.91858172,135.1310035,RF
29.27998984,90.21318302,-119.4931729,56.34815242,-30.40194258,135.1159294,RF
5.300199475,105.1920631,-110.4922626,65.3235723,-30.88230821,135.1021391,RF
5.300199474,105.1920631,-110.4922626,65.3235723,-30.88230821,135.1021391,RF
-21.16633314,116.9846347,-95.81830155,71.80702519,-31.45824851,135.0870682,RF
-46.63628267,123.4335447,-76.79726201,75.38397813,-32.06457794,135.0719991,RF
-69.98737591,124.2636673,-54.27629144,75.23113106,-32.70182349,135.0569317,RF
-90.13180784,119.3985636,-29.26675576,71.83653771,-33.35541003,135.0418659,RF
-104.2972535,110.6892964,-6.392042933,66.54245505,-33.91982734,135.0287381,RF
-104.2972535,110.6892964,-6.392042932,66.54245505,-33.91982734,135.0287381,RF
-116.0701191,96.03629688,20.03382222,57.16215206,-34.57850919,135.0136755,RF
-122.5017977,76.9964105,45.50538724,45.15509392,-35.22815418,134.9986146,RF
-123.3121156,54.47237129,68.83974432,31.11656783,-35.86545618,134.9835554,RF
-118.4549893,29.50786165,88.94712765,16.31240114,-36.47594426,134.9684979,RF
-108.9848645,4.965769417,104.0190951,1.02E-09,-37.02909653,134.9544613,RF
-108.9848645,4.965769417,104.0190951,8.42E-10,-37.02909653,134.9544613,RF
-94.00246456,-21.42342267,115.4258872,-15.11082224,-37.56357658,134.939407,RF
-74.71289548,-46.80776141,121.5206569,-31.20702378,-38.07735073,134.9243544,RF
-52.004843,-69.94386742,121.9487104,-46.31479037,-38.53134843,134.9093035,RF
-26.9152439,-89.81983123,116.7350751,-58.21896671,-38.94186571,134.8942543,RF
-0.530740287,-105.5473143,106.0780546,-65.85168214,-39.30827258,134.8792067,RF
-0.001218058,-105.8115694,105.8127874,-66.07828216,-39.31421746,134.8789052,RF
-0.001218058,-105.8115694,105.8127874,-66.07828216,-39.31421746,134.8789052,RF
26.27539353,-116.4290449,90.15365139,-73.69704147,-39.59286451,134.8638594,RF
51.40178607,-121.6814,70.27961398,-76.78205781,-39.82997459,134.8488152,RF
74.13670281,-121.2679263,47.13122348,-76.61168276,-40.00264669,134.8337727,RF
93.42387771,-115.1736186,21.7497409,-73.4719175,-40.09730526,134.818732,RF
107.1991701,-105.0102137,-2.188956401,-66.73850066,-40.13054236,134.8050865,RF
107.1991701,-105.0102137,-2.188956402,-66.73850066,-40.13054236,134.8050865,RF
117.6642781,-89.1801324,-28.4841457,-56.89670338,-40.11589784,134.7900489,RF
122.6850417,-69.1655546,-53.51948713,-44.30318943,-40.03313588,134.775013,RF
122.0390957,-45.91249364,-76.12660209,-30.1006247,-39.89032939,134.7599788,RF
115.7681822,-20.48182849,-95.28635372,-13.76573119,-39.69663195,134.7449462,RF
106.2680392,1.82307029,-108.0911095,1.39E-09,-39.48457363,134.732253,RF
106.2680392,1.82307029,-108.0911095,1.61E-09,-39.48457363,134.732253,RF
90.53841914,28.1331656,-118.6715847,15.99016534,-39.19464559,134.7172235,RF
70.61788761,53.21331373,-123.8312013,31.7196949,-38.86352399,134.7021957,RF
47.43388283,75.90184788,-123.3357307,45.77281205,-38.50113088,134.6871696,RF
22.01616821,95.1961208,-117.212289,57.82738283,-38.12044068,134.6721452,RF
-0.81969774,108.3175202,-107.4978224,65.55892543,-37.7477845,134.6591521,RF
-0.81969774,108.3175202,-107.4978224,65.55892543,-37.7477845,134.6591521,RF
-27.10575444,118.9163654,-91.81061098,72.97718606,-37.33488233,134.6441308,RF
-52.19793977,124.0958266,-71.89788687,75.95604558,-36.91721275,134.6291111,RF
-74.89098915,123.6205177,-48.72952855,75.97246307,-36.51231025,134.6140931,RF
-94.18355556,117.5155981,-23.33204258,72.99195622,-36.13266969,134.5990768,RF
-106.8688964,108.3364825,-1.467586044,65.82663096,-35.82756068,134.5866312,RF
-106.8688964,108.3364825,-1.467586044,65.82663096,-35.82756068,134.5866312,RF
-117.6729042,92.79777457,24.87512966,56.73544449,-35.50102921,134.571618,RF
-123.0866326,73.05138217,50.03525044,44.07495994,-35.22630824,134.5566064,RF
-122.8601931,49.9823779,72.87781522,30.06986076,-35.01253828,134.5415964,RF
-116.8999757,24.63048338,92.26949232,14.71975892,-34.84492154,134.5265882,RF
-107.3631923,1.678700604,105.6844917,9.11E-10,-34.76070683,134.5135041,RF
-107.3631923,1.678700604,105.6844917,7.06E-10,-34.76070683,134.5135041,RF
-91.83276376,-24.66833259,116.5010963,-16.67520869,-34.74313792,134.498499,RF
-72.06907887,-49.81582686,121.8849057,-32.34890724,-34.79875121,134.4834955,RF
-48.99735741,-72.61554006,121.6128975,-46.40078704,-34.9361914,134.4684938,RF
-23.68243109,-92.05048465,115.7329157,-58.82256836,-35.16594016,134.4534937,RF
-1.236638231,-105.1761774,106.4128156,-67.09588234,-35.41129524,134.4407426,RF
-1.23663823,-105.1761774,106.4128156,-67.09588234,-35.41129524,134.4407426,RF
25.08848482,-116.0549054,90.96642056,-74.499442,-35.77513929,134.4257456,RF
50.28113322,-121.5464813,71.26534812,-78.15828439,-36.21927452,134.4107503,RF
73.13194239,-121.379505,48.24756261,-77.51799084,-36.73119297,134.3957566,RF
92.60732027,-115.5775938,22.97027354,-73.93377143,-37.30825273,134.3807647,RF
107.0369427,-105.1522582,-1.884684499,-69.07441626,-37.89809264,134.3666525,RF
107.0369427,-105.1522582,-1.8846845,-69.07441626,-37.89809264,134.3666525,RF
117.5394699,-89.37830892,-28.16116103,-58.55961793,-38.56287907,134.3516638,RF
122.6276135,-69.41152893,-53.21608459,-46.03864988,-39.26726158,134.3366768,RF
122.0541194,-46.1973945,-75.8567249,-32.01637384,-39.99339488,134.3216915,RF
115.855701,-20.76721702,-95.08848395,-17.46986747,-40.7441363,134.3067078,RF
104.9674638,4.289258866,-109.2567227,9.82E-10,-41.4232252,134.2924835,RF
104.9674638,4.289258866,-109.2567227,1.14E-09,-41.4232252,134.2924835,RF
88.8030774,30.53513844,-119.3382158,16.31386135,-42.13774538,134.2775031,RF
68.5460991,55.43534599,-123.9814451,32.18389517,-42.83239168,134.2625244,RF
45.09075368,77.87885342,-122.9696071,46.27033739,-43.50179292,134.2475474,RF
19.53073818,96.70526411,-116.2360023,58.72472129,-44.08103029,134.232572,RF
-6.225839364,110.8273628,-104.6015235,68.02680656,-44.58990797,134.2179489,RF
-6.225839364,110.8273628,-104.6015235,68.02680656,-44.58990797,134.2179489,RF
-32.4113001,120.392673,-87.98137286,74.66627765,-45.08164576,134.2029769,RF
-57.07904337,124.4057563,-67.32671295,77.74543804,-45.4690643,134.1880065,RF
-79.14784987,122.7697788,-43.62192897,77.39908006,-45.78343172,134.1730378,RF
-97.60059226,115.506339,-17.90574678,73.67161241,-46.0055295,134.1580708,RF
-110.8228531,103.8464137,6.976439417,66.697958,-46.11234803,134.1440106,RF
-110.8228531,103.8464137,6.976439418,66.697958,-46.11234803,134.1440106,RF
-119.9552651,86.90924562,33.0460195,57.31778292,-46.14125964,134.1290468,RF
-123.5780449,65.99639599,57.58164891,44.79943928,-46.07147767,134.1140847,RF
-121.5251711,42.10506493,79.4201062,30.76651936,-45.90582357,134.0991243,RF
-113.8931265,16.2930859,97.60004055,16.12272328,-45.65467635,134.0841655,RF
-102.4302244,-7.622561637,110.0527861,1.45E-09,-45.31246082,134.0706636,RF
-102.4302244,-7.622561638,110.0527861,1.26E-09,-45.31246082,134.0706636,RF
-85.34694166,-33.64913705,118.9960787,-14.80718279,-44.8705042,134.0557079,RF
-64.31276017,-58.11842514,122.4311853,-30.50059245,-44.34390468,134.040754,RF
-40.33428784,-79.84201469,120.1763025,-43.66430788,-43.73552236,134.0258017,RF
-14.49190778,-97.88048689,112.3723947,-55.11706259,-43.0705763,134.0108511,RF
7.943063379,-109.5376996,101.5946362,-62.80280269,-42.42404783,133.9981998,RF
7.943063379,-109.5376996,101.5946362,-62.80280269,-42.42404783,133.9981998,RF
34.00704242,-118.6065797,84.59953733,-68.9096211,-41.63110202,133.9832523,RF
58.52271243,-122.1641534,63.641441,-71.57654735,-40.78590771,133.9683064,RF
80.32789817,-120.0438204,39.71592221,-71.03718757,-39.90329366,133.9533621,RF
98.42866168,-112.3243454,13.89568369,-66.54201138,-38.98589594,133.9384195,RF
109.626626,-102.3807085,-7.245917447,-61.12029083,-38.2361002,133.9264953,RF
109.626626,-102.3807085,-7.245917447,-61.12029083,-38.2361002,133.9264953,RF
119.0810689,-85.68351988,-33.39754904,-51.81550859,-37.29028043,133.9115557,RF
123.0399381,-64.97696698,-58.06297112,-39.92477106,-36.34030226,133.8966178,RF
121.3262551,-41.22396147,-80.10229368,-26.22381396,-35.39944154,133.8816815,RF
114.0253894,-15.48390727,-98.54148218,-11.51627068,-34.47989652,133.8667468,RF
105.550254,3.310499984,-108.860754,1.04E-09,-33.82397039,133.856145,RF
105.550254,3.310499984,-108.860754,1.21E-09,-33.82397039,133.856145,RF
89.5617358,29.57717647,-119.1389123,13.98988639,-32.94566846,133.8412132,RF
69.42714476,54.57137221,-123.998517,28.75383206,-32.11138863,133.826283,RF
46.09154151,77.09684087,-123.1883824,41.68113153,-31.32925378,133.8113546,RF
20.5981949,96.13920565,-116.7374005,54.00896527,-30.60463812,133.7964277,RF
0.744955669,107.5915467,-108.3365024,60.39886208,-30.10077245,133.7852087,RF
0.744955669,107.5915467,-108.3365024,60.39886208,-30.10077245,133.7852087,RF
-25.61508716,118.5080899,-92.89300271,66.65433091,-29.4993088,133.7702848,RF
-50.81535705,124.0178355,-73.20247846,69.68263802,-28.97540028,133.7553625,RF
-73.69330286,123.8813492,-50.18804638,69.44148381,-28.53813348,133.7404419,RF
-93.19821481,118.0756853,-24.87747051,65.71289202,-28.18926231,133.725523,RF
-104.6332795,110.5090125,-5.875732982,61.1433007,-27.99272132,133.7147591,RF
-104.6332795,110.5090125,-5.875732982,61.1433007,-27.99272132,133.7147591,RF
-116.3101203,95.75498052,20.5551398,52.41887194,-27.80685026,133.699843,RF
-122.6417466,76.63859406,46.0031525,40.89521352,-27.71815061,133.6849286,RF
-123.3476955,54.05295053,69.29474499,27.49615311,-27.72922536,133.6700158,RF
-118.4052471,29.00387744,89.40136971,13.42126049,-27.84655364,133.6551048,RF
-110.8951269,9.014303334,101.8808236,1.26E-09,-27.98316176,133.6437517,RF
-110.8951269,9.014303333,101.8808236,1.09E-09,-27.98316176,133.6437517,RF
-96.65321355,-17.42534635,114.0785599,-13.96247824,-28.25007031,133.6288436,RF
-77.97011166,-43.04623707,121.0163487,-29.98750502,-28.61427606,133.6139371,RF
-55.70836407,-66.61869678,122.3270609,-43.82819066,-29.05824674,133.5990322,RF
-30.89579448,-87.07279782,117.9685923,-55.68339857,-29.57928232,133.5841291,RF
-5.796411455,-102.8751012,108.6715126,-64.40108903,-30.14955193,133.5698774,RF
-5.796411455,-102.8751012,108.6715126,-64.40108903,-30.14955193,133.5698774,RF
20.61642165,-114.6055707,93.9891491,-71.23533477,-30.77559925,133.5549775,RF
46.10689872,-121.0614714,74.9545727,-74.79608613,-31.46741508,133.5400793,RF
69.45411281,-121.875968,52.42185515,-74.87793429,-32.19289503,133.5251828,RF
89.57887822,-116.9966632,27.41778493,-70.94351653,-32.9380515,133.5102879,RF
103.5049527,-108.5095084,5.004555662,-65.8582194,-33.57934558,133.4975612,RF
103.5049527,-108.5095084,5.004555661,-65.8582194,-33.57934558,133.4975612,RF
115.3624503,-93.92459394,-21.43785639,-56.77124944,-34.33871192,133.4826694,RF
121.8845934,-74.95070234,-46.93389107,-44.8063764,-35.08368606,133.4677793,RF
122.7875505,-52.4732632,-70.31428725,-30.94503945,-35.80773842,133.4528909,RF
118.0046575,-27.50057902,-90.50407849,-15.23697232,-36.49507493,133.4380041,RF
108.4873129,-2.743834198,-105.7434787,7.07E-10,-37.09217675,133.4239739,RF
108.4873129,-2.743834198,-105.7434787,9.16E-10,-37.09217675,133.4239739,RF
93.55672576,23.65784086,-117.2145666,15.67838608,-37.6749436,133.4090904,RF
74.29094507,49.03877197,-123.329717,31.42408553,-38.19324998,133.3942085,RF
51.59344063,72.21774253,-123.8111832,45.4512405,-38.64154902,133.3793283,RF
26.52070581,92.11398165,-118.6346875,57.19168941,-39.00930815,133.3644497,RF
1.888205934,106.959712,-108.847918,66.36301724,-39.27837419,133.3505512,RF
1.888205934,106.959712,-108.847918,66.36301724,-39.27837419,133.3505512,RF
-24.46382305,118.0676936,-93.60387053,72.56793169,-39.47158981,133.3356759,RF
-49.74231188,123.8270839,-74.08477205,76.3261158,-39.5911796,133.3208022,RF
-72.73945294,123.9357117,-51.19625874,76.38171929,-39.62565363,133.3059302,RF
-92.3894513,118.4027086,-26.01325729,72.90838174,-39.57914081,133.2910598,RF
-106.7860758,108.4342589,-1.648183124,66.13779452,-39.45512575,133.2773468,RF
-106.7860758,108.4342589,-1.648183124,66.13779452,-39.45512575,133.2773468,RF
-117.6169861,92.94836958,24.6686165,57.05288487,-39.25149979,133.2624796,RF
-123.0750213,73.22177803,49.85324328,44.58093679,-38.98995497,133.2476141,RF
-122.8738687,50.18151849,72.69235026,30.61541473,-38.67112376,133.2327502,RF
-117.0304314,24.84780641,92.18262496,15.9108917,-38.31134712,133.217888,RF
-107.4696954,1.837881658,105.6318138,1.13E-09,-37.94326676,133.2049189,RF
-107.4696954,1.837881657,105.6318138,9.30E-10,-37.94326676,133.2049189,RF
-91.97893183,-24.48119524,116.4601271,-15.33134883,-37.5149298,133.1900598,RF
-72.23780251,-49.65746017,121.8952627,-31.37332837,-37.06836585,133.1752023,RF
-49.18749154,-72.48026585,121.6677574,-45.12730976,-36.61493185,133.1603465,RF
-23.87474698,-91.95035521,115.8251022,-57.35690719,-36.17757535,133.1454924,RF
-1.514863375,-105.0601874,106.5750508,-65.32094998,-35.79746401,133.1329084,RF
-1.514863375,-105.0601874,106.5750508,-65.32094998,-35.79746401,133.1329084,RF
24.8225366,-116.0009624,91.17842583,-72.27996009,-35.38655154,133.1180573,RF
50.03600337,-121.55115,71.51514659,-75.73600944,-35.00786974,133.1032079,RF
72.93290542,-121.4464085,48.51350304,-76.07917144,-34.67289146,133.0883601,RF
92.43770406,-115.6925075,23.25480346,-71.41373839,-34.38755132,133.0735139,RF
105.86686,-106.3816302,0.514770255,-65.57868298,-34.18654063,133.0607078,RF
105.86686,-106.3816302,0.514770254,-65.57868298,-34.18654063,133.0607078,RF
116.8656105,-91.00940561,-25.85620492,-55.0192018,-34.0151283,133.0458647,RF
122.4367611,-71.36191387,-51.07484721,-44.36355871,-33.90285691,133.0310233,RF
122.3611362,-48.38644909,-73.97468711,-30.06936566,-33.8616077,133.0161836,RF
116.6577432,-23.13603335,-93.52170984,-13.11458878,-33.89607264,133.0013455,RF
107.8511211,-1.396026633,-106.4550945,2.08E-09,-33.97387022,132.9891054,RF
107.8511211,-1.396026633,-106.4550945,2.29E-09,-33.97387022,132.9891054,RF
92.66701682,24.99403505,-117.6610519,15.80070169,-34.13484214,132.9742703,RF
73.21688354,50.27672578,-123.4936093,32.3475145,-34.36648419,132.9594369,RF
50.36213474,73.31844327,-123.680578,45.83316968,-34.66814034,132.9446052,RF
25.16814094,93.02608781,-118.1942288,57.53317939,-35.03133475,132.9297751,RF
1.75345125,107.0126514,-108.7661026,66.85517659,-35.40302473,132.916586,RF
1.75345125,107.0126514,-108.7661026,66.85517659,-35.40302473,132.916586,RF
-24.61531201,118.1118372,-93.49652518,73.77193059,-35.87342579,132.901759,RF
-49.87087715,123.8273577,-73.95648059,77.33251942,-36.39406424,132.8869337,RF
-72.84479318,123.9001319,-51.05533874,77.5751602,-36.95897097,132.8721101,RF
-92.4579178,118.3234044,-25.86548657,75.04757372,-37.55401483,132.8572881,RF
-107.4955075,107.6998211,-0.204313571,66.80265043,-38.17340738,132.8428997,RF
-107.4955075,107.6998211,-0.20431357,66.80265043,-38.17340738,132.8428997,RF
-118.0278028,91.95147725,26.07632552,58.22482188,-38.80329481,132.828081,RF
-123.1802407,72.02230041,51.1579403,45.64239301,-39.46064821,132.8132639,RF
-122.6629474,48.82916389,73.83378351,31.69593832,-40.11723641,132.7984485,RF
-116.5070505,23.39970697,93.10734356,16.81213554,-40.77993452,132.7836348,RF
-106.0825889,-0.826649894,106.9092388,1.38E-09,-41.33812105,132.7700343,RF
-106.0825889,-0.826649894,106.9092388,1.17E-09,-41.33812105,132.7700343,RF
-90.13906687,-27.07751109,117.216578,-14.75628914,-41.94378438,132.7552237,RF
-70.02068337,-52.06272115,122.0834045,-31.16467734,-42.51650997,132.7404148,RF
-46.69661287,-74.58407238,121.2806853,-44.97415353,-43.04337627,132.7256076,RF
-21.21962586,-93.65118273,114.8708086,-57.04071491,-43.53281163,132.710802,RF
5.147621961,-108.2482588,103.1006368,-66.55344979,-43.93027044,132.696047,RF
5.147621962,-108.2482588,103.1006368,-66.55344979,-43.93027044,132.696047,RF
31.29796433,-117.8703208,86.57235649,-73.16625114,-44.27037197,132.6812447,RF
56.03053941,-122.0157105,65.9851711,-76.1013078,-44.53654101,132.6664441,RF
78.16279064,-120.4875088,42.32471812,-75.86808427,-44.72066102,132.6516451,RF
96.67332312,-113.3581939,16.68487079,-72.647579,-44.81494544,132.6368478,RF
110.3027401,-101.4801502,-8.822589897,-64.47878979,-44.81913103,132.6226176,RF
110.3027401,-101.4801502,-8.822589897,-64.47878979,-44.81913103,132.6226176,RF
119.4117914,-84.51788877,-34.89390264,-55.63954348,-44.71469775,132.6078235,RF
123.0369464,-63.6031864,-59.43375996,-43.14580418,-44.52229172,132.593031,RF
120.9771802,-39.70132039,-81.27585982,-29.30930414,-44.22923666,132.5782403,RF
113.3298645,-13.87290113,-99.45696339,-14.47792613,-43.84414295,132.5634511,RF
102.3890259,9.086608257,-111.4756342,1.02E-09,-43.39915489,132.5506256,RF
102.3890259,9.086608257,-111.4756342,1.21E-09,-43.39915489,132.5506256,RF
85.45944604,35.15889767,-120.6183437,14.6422565,-42.83048105,132.5358396,RF
64.54246291,59.70376109,-124.246224,29.97403999,-42.16586237,132.5210551,RF
40.64497292,81.54484069,-122.1898136,42.97617484,-41.41915952,132.5062724,RF
14.84188121,99.72924369,-114.5711249,54.13127931,-40.61003688,132.4914912,RF
-6.565606695,111.0702626,-104.5046559,61.25302578,-39.88314534,132.4795524,RF
-6.565606696,111.0702626,-104.5046559,61.25302578,-39.88314534,132.4795524,RF
-32.70724886,120.5341132,-87.82686434,67.35591146,-38.95439554,132.4647742,RF
-57.38106375,124.5065188,-67.12545503,69.98111889,-37.97832019,132.4499977,RF
-79.426678,122.8056085,-43.37893047,69.46116383,-36.97376558,132.4352228,RF
-97.87433788,115.5133039,-17.63896601,65.98138748,-35.955582,132.4204496,RF
-108.6250261,106.6156814,2.009344679,59.63315678,-35.18088943,132.4094779,RF
-108.6250261,106.6156814,2.00934468,59.63315678,-35.18088943,132.4094779,RF
-118.7551807,90.47921,28.27597068,51.28541532,-34.15523871,132.3947075,RF
-123.4453299,70.24365861,53.20167133,39.23220294,-33.15540635,132.3799387,RF
-122.481087,46.81754053,75.66354652,26.00818348,-32.19385103,132.3651716,RF
-115.8102397,21.24853718,94.56170248,11.90965934,-31.26455768,132.3504061,RF
-107.3684626,1.519595259,105.8488673,7.61E-10,-30.61916615,132.3393672,RF
-107.3684626,1.519595258,105.8488673,5.72E-10,-30.61916615,132.3393672,RF
-91.8010155,-24.83173543,116.6327509,-15.3373574,-29.81828565,132.3246046,RF
-72.01118368,-49.98428804,121.9954717,-29.77503675,-29.09731235,132.3098436,RF
-48.92264967,-72.78792096,121.7105706,-42.92825693,-28.46968401,132.2950842,RF
-23.56739669,-92.23211747,115.7995142,-54.18885205,-27.9463878,132.2803265,RF
-5.949853913,-102.8014487,108.7513026,-59.62934332,-27.64208183,132.2704626,RF
-5.949853913,-102.8014487,108.7513026,-59.62934332,-27.64208183,132.2704626,RF
20.48912131,-114.5999779,94.11085664,-66.57339975,-27.28807374,132.2557076,RF
45.98115874,-121.0849998,75.10384107,-69.83396586,-27.0483287,132.2409543,RF
69.33491158,-121.9373945,52.6024829,-69.98944669,-26.92033891,132.2262026,RF
89.50710981,-117.1063111,27.59920131,-66.91892164,-26.90573011,132.2114526,RF
102.8724693,-109.1303719,6.257902591,-61.49331051,-26.9704136,132.1994544,RF
102.8724693,-109.1303719,6.25790259,-61.49331051,-26.9704136,132.1994544,RF
114.9671966,-94.77205141,-20.19514517,-52.88738286,-27.14785979,132.1847073,RF
121.7553778,-75.9823947,-45.77298305,-41.38287339,-27.42536881,132.1699619,RF
122.9297173,-53.64443488,-69.28528241,-27.99766893,-27.79601446,132.1552181,RF
118.4423417,-28.75230366,-89.69003805,-13.82903404,-28.25904313,132.140476,RF
110.7885308,-7.705162366,-103.0833685,7.22E-10,-28.66620069,132.1286314,RF
110.7885308,-7.705162365,-103.0833685,8.93E-10,-28.66620069,132.1286314,RF
96.74962055,18.7464333,-115.4960538,14.7385778,-29.23748657,132.1138922,RF
78.2253724,44.42336263,-122.648735,30.36617966,-29.86785851,132.0991548,RF
56.09176775,68.10397716,-124.1957449,44.3051484,-30.53896356,132.0844189,RF
31.3310426,88.74262194,-120.0736645,56.21843238,-31.24995761,132.0696848,RF
6.710840257,104.3924197,-111.10326,64.28504926,-31.90633467,132.055837,RF
6.710840257,104.3924197,-111.10326,64.28504926,-31.90633467,132.055837,RF
-19.7069538,116.4524856,-96.74553182,72.09561571,-32.62035321,132.041106,RF
-45.279246,123.2083869,-77.92914089,75.22355102,-33.33169835,132.0263767,RF
-68.76824257,124.3477978,-55.57955519,75.62041956,-34.02498191,132.011649,RF
-89.13517374,119.8204442,-30.68527041,72.9313462,-34.69987904,131.9969229,RF
-104.322489,110.6811095,-6.35862044,65.0843067,-35.27135705,131.9832732,RF
-104.322489,110.6811095,-6.35862044,65.0843067,-35.27135705,131.9832732,RF
-116.0862774,96.03640587,20.04987154,56.61198107,-35.85193528,131.9685504,RF
-122.5198387,76.98481776,45.53502092,44.38181611,-36.38197483,131.9538292,RF
-123.3161502,54.4570579,68.85909228,31.05617253,-36.8488939,131.9391096,RF
-118.4619416,29.47349489,88.98844673,15.6112789,-37.25975811,131.9243917,RF
-109.5732982,6.188940419,103.3843578,1.01E-09,-37.56354426,131.9113605,RF
-109.5732982,6.188940418,103.3843578,7.64E-10,-37.56354426,131.9113605,RF
-94.83567295,-20.20965982,115.0453328,-14.61844357,-37.83037363,131.8966457,RF
-75.73234033,-45.65988579,121.3922261,-30.27861782,-38.0339467,131.8819325,RF
-53.15478198,-68.95446397,122.1092459,-44.28939735,-38.1673257,131.867221,RF
-28.15835873,-89.00333344,117.1616922,-55.97579281,-38.22718393,131.8525111,RF
-2.821505387,-104.4075579,107.2290633,-65.25593561,-38.21833732,131.8383686,RF
-2.821505386,-104.4075579,107.2290633,-65.25593561,-38.21833732,131.8383686,RF
23.5369706,-115.5848951,92.04792447,-71.45930038,-38.13405204,131.8236619,RF
48.84254893,-121.422748,72.58019903,-75.06645391,-37.99880967,131.8089569,RF
71.88055305,-121.6096157,49.72906266,-75.05692481,-37.80579623,131.7942535,RF
91.5844552,-116.1513964,24.56694116,-71.50148479,-37.56290396,131.7795518,RF
105.7800036,-106.4986346,0.718630961,-65.04901196,-37.29112101,131.7662749,RF
105.7800036,-106.4986346,0.71863096,-65.04901196,-37.29112101,131.7662749,RF
116.7860864,-91.16365323,-25.62243316,-55.89487937,-36.958868,131.7515763,RF
122.4275324,-71.5614367,-50.86609572,-43.60437322,-36.59977068,131.7368793,RF
122.4142676,-48.61239664,-73.80187098,-29.75950807,-36.218061,131.722184,RF
116.7535743,-23.3348663,-93.418708,-15.20217559,-35.82659923,131.7074902,RF
107.7167256,-1.100714092,-106.6160115,3.28E-10,-35.47531705,131.6950897,RF
107.7167256,-1.100714092,-106.6160115,5.20E-10,-35.47531705,131.6950897,RF
92.50678984,25.25726714,-117.764057,15.28705699,-35.07586964,131.680399,RF
73.00071927,50.54298179,-123.5437011,31.08507893,-34.68745956,131.6657099,RF
50.12335513,73.54376347,-123.6671186,44.76992637,-34.3188258,131.6510225,RF
24.91011893,93.25479005,-118.164909,56.87424375,-33.9888485,131.6363367,RF
2.482399601,106.656502,-109.1389016,64.65293966,-33.72120349,131.6238403,RF
2.4823996,106.656502,-109.1389016,64.65293966,-33.72120349,131.6238403,RF
-23.88546554,117.8975032,-94.0120377,71.83919879,-33.46040786,131.6091575,RF
-49.20100298,123.770112,-74.56910903,75.24706227,-33.2522263,131.5944764,RF
-72.26534409,123.9963087,-51.73096456,75.79905645,-33.10596934,131.5797969,RF
-91.99056811,118.5641566,-26.5735885,71.24264506,-33.02440467,131.565119,RF
-105.7782597,109.394407,-3.616147336,65.48881552,-33.01213872,131.552321,RF
-105.7782597,109.394407,-3.616147336,65.48881552,-33.01213872,131.552321,RF
-117.0288421,94.24736866,22.78147345,55.09453907,-33.07249761,131.5376462,RF
-122.869207,74.78487293,48.0843341,44.63444755,-33.20490575,131.5229731,RF
-123.0710054,51.94847006,71.12253535,30.47610366,-33.41856314,131.5083015,RF
-117.637093,26.78092931,90.85616368,13.7967626,-33.71641122,131.4936317,RF
-108.4551265,3.84015577,104.6149708,1.78E-09,-34.03534675,131.4808525,RF
-108.4551265,3.84015577,104.6149708,1.56E-09,-34.03534675,131.4808525,RF
-93.27939217,-22.55256208,115.8319542,-15.77312908,-34.47283726,131.4661856,RF
-73.83783048,-47.8367888,121.6746193,-32.16719929,-34.98078519,131.4515205,RF
-50.98988084,-70.88528163,121.8751625,-45.26662479,-35.55802005,131.4368569,RF
-25.79869462,-90.60403407,116.4027287,-56.98726811,-36.18986356,131.422195,RF
-1.896190292,-104.8492428,106.7454331,-66.58414352,-36.80210888,131.4088856,RF
-1.896190292,-104.8492428,106.7454331,-66.58414352,-36.80210888,131.4088856,RF
24.46458435,-115.8637767,91.39919238,-73.31688205,-37.51407606,131.3942269,RF
49.69234602,-121.4882624,71.79591637,-76.87948928,-38.25466785,131.3795698,RF
72.61947168,-121.4668287,48.84735703,-77.09581766,-39.01198323,131.3649143,RF
92.19559644,-115.7762377,23.58064127,-73.30680091,-39.77114629,131.3502605,RF
107.2922445,-104.8889197,-2.403324832,-66.67928411,-40.49948877,131.3358242,RF
107.2922445,-104.8889197,-2.403324832,-66.67928411,-40.49948877,131.3358242,RF
117.6971332,-89.00975191,-28.68738127,-57.48201589,-41.21561525,131.3211737,RF
122.6704494,-68.96516035,-53.70528903,-45.32494641,-41.89422427,131.3065247,RF
121.9832923,-45.6908887,-76.29240357,-31.39444865,-42.52161975,131.2918774,RF
115.6702324,-20.222307,-95.44792543,-16.60626056,-43.09656459,131.2772318,RF
104.2733617,5.580760605,-109.8541223,1.06E-09,-43.54224183,131.2629415,RF
104.2733617,5.580760605,-109.8541223,1.23E-09,-43.54224183,131.2629415,RF
87.93667943,31.75416124,-119.6908407,14.92131028,-43.9338498,131.2482991,RF
67.487861,56.5732454,-124.0611064,30.83546135,-44.22800577,131.2336583,RF
43.92881423,78.82557527,-122.7543895,44.2808205,-44.41436297,131.2190191,RF
18.3059055,97.54702858,-115.8529341,55.90507079,-44.50446789,131.2043816,RF
-6.631132315,111.0594302,-104.4282978,64.55493553,-44.44813618,131.1905946,RF
-6.631132316,111.0594302,-104.4282978,64.55493553,-44.44813618,131.1905946,RF
-32.75610112,120.508063,-87.75196191,70.89786258,-44.29565689,131.1759603,RF
-57.42227959,124.4632555,-67.04097587,73.59856637,-44.02227168,131.1613276,RF
-79.45317232,122.7445961,-43.29142381,73.19055736,-43.63576682,131.1466965,RF
-97.87825313,115.4317864,-17.5535333,69.56381468,-43.14566089,131.1320671,RF
-110.3875241,104.5073877,5.8801364,62.60089051,-42.59870695,131.1191114,RF
-110.3875241,104.5073877,5.880136401,62.60089051,-42.59870695,131.1191114,RF
-119.7440221,87.72437797,32.01964414,53.42060907,-41.90035461,131.104485,RF
-123.6143184,66.96319586,56.65112249,41.13338662,-41.11927336,131.0898603,RF
-121.7749246,43.1654654,78.60945922,27.95438845,-40.24904228,131.0752371,RF
-114.3674987,17.41310332,96.95439536,12.45554957,-39.3249422,131.0606156,RF
-104.5540937,-3.874395983,108.4284897,9.94E-10,-38.53316839,131.0488648,RF
-104.5540937,-3.874395983,108.4284897,7.90E-10,-38.53316839,131.0488648,RF
-88.06910231,-30.06942377,118.1385261,-14.80230475,-37.51842433,131.0342462,RF
-67.53166368,-54.83566201,122.3673257,-29.41185378,-36.47516958,131.0196292,RF
-43.89878399,-77.02734237,120.9261264,-42.27141374,-35.42214329,131.0050139,RF
-18.22565296,-95.66428757,113.8899405,-53.13053172,-34.37703816,130.9904002,RF
0.756274915,-106.2428957,105.4866208,-59.0576524,-33.61610275,130.979918,RF
0.756274916,-106.2428957,105.4866208,-59.0576524,-33.61610275,130.979918,RF
27.06127628,-116.7485002,89.68722393,-65.65453066,-32.6008305,130.965307,RF
52.12714258,-121.8312191,69.70407655,-68.26589913,-31.62464227,130.9506977,RF
74.77027337,-121.2516935,46.48142012,-67.81338689,-30.70302013,130.93609,RF
93.98319416,-115.012256,21.02906183,-64.36490571,-29.840776,130.9214839,RF
105.4450712,-106.8923757,1.447304469,-59.12856829,-29.24814703,130.9106444,RF
105.4450712,-106.8923757,1.447304469,-59.12856829,-29.24814703,130.9106444,RF
116.618885,-91.67833217,-24.94055283,-50.49791087,-28.52554024,130.8960411,RF
122.4085973,-72.17740962,-50.23118764,-38.96353444,-27.89097972,130.8814395,RF
122.5565156,-49.30205012,-73.25446552,-25.65972232,-27.35363463,130.8668394,RF
117.0642654,-24.07353439,-92.99073102,-11.5549276,-26.92121346,130.852241,RF
110.0512703,-5.965261411,-104.0860089,3.07E-10,-26.67255755,130.842192,RF
110.0512703,-5.965261411,-104.0860089,4.78E-10,-26.67255755,130.842192,RF
95.68081855,20.48107347,-116.161892,14.14759192,-26.40738708,130.8275964,RF
76.89611732,46.06861508,-122.9647324,29.22298443,-26.25276439,130.8130024,RF
54.55411685,69.58036348,-124.1344803,42.5494531,-26.2014956,130.79841,RF
29.68649505,89.94925045,-119.6357455,53.93309283,-26.25429102,130.7838192,RF
8.439907623,103.4935447,-111.9334523,61.51716799,-26.36898363,130.7719926,RF
8.439907623,103.4935447,-111.9334523,61.51716799,-26.36898363,130.7719926,RF
-18.03205538,115.8809567,-97.84890137,66.87453843,-26.59446318,130.7574047,RF
-43.70253644,123.0064303,-79.30389383,70.9450369,-26.91350638,130.7428185,RF
-67.36468403,124.4959675,-57.13128346,72.53192163,-27.3113352,130.728234,RF
-87.93543435,120.3036104,-32.36817605,68.77701661,-27.78449477,130.7136511,RF
-102.4402181,112.2951745,-9.854956456,63.53013269,-28.24368801,130.7010894,RF
-102.4402181,112.2951745,-9.854956456,63.53013269,-28.24368801,130.7010894,RF
-114.8775754,98.24146844,16.63610698,53.39105417,-28.83397013,130.6865096,RF
-122.0365348,79.74729097,42.28924379,42.98532141,-29.46879991,130.6719313,RF
-123.5858239,57.59256329,65.99326061,29.9180197,-30.14765841,130.6573547,RF
-119.4416015,32.83626153,86.60533994,14.04016453,-30.85123065,130.6427797,RF
-111.1395139,9.611898512,101.5276154,2.09E-10,-31.47954486,130.6298291,RF
-111.1395139,9.611898511,101.5276154,-6.46E-12,-31.47954486,130.6298291,RF
-96.99624441,-16.86308739,113.8593318,-14.5461156,-32.19875269,130.6152572,RF
-78.4029115,-42.50945371,120.9123652,-30.30048833,-32.9154523,130.6006869,RF
-56.20873096,-66.13586811,122.3445991,-45.18330344,-33.61235012,130.5861183,RF
-31.42565934,-86.66261276,118.0882721,-56.18838577,-34.28131259,130.5715513,RF
-5.610484494,-102.9284505,108.538935,-64.85785917,-34.90523569,130.5572024,RF
-5.610484493,-102.9284505,108.538935,-64.85785917,-34.90523569,130.5572024,RF
20.8036496,-114.6632894,93.85963984,-71.45187775,-35.48827641,130.5426387,RF
46.28737644,-121.0938946,74.80651811,-74.20585409,-36.02839278,130.5280765,RF
69.63788999,-121.8589588,52.22106881,-75.20580066,-36.49848936,130.513516,RF
89.7106145,-116.9093275,27.19871304,-72.15078268,-36.8803852,130.4989571,RF
105.6070589,-106.5583839,0.951324989,-64.42381156,-37.18796839,130.4843999,RF
105.7371295,-106.4357036,0.698574093,-64.391204,-37.19102227,130.4842617,RF
105.7371295,-106.4357036,0.698574093,-64.391204,-37.19102227,130.4842617,RF
116.8136402,-91.11280222,-25.70083798,-54.62825564,-37.45559826,130.4697061,RF
122.4280902,-71.49416678,-50.93392345,-42.9057653,-37.61313134,130.4551521,RF
122.4055471,-48.54090919,-73.86463793,-28.44249649,-37.69444439,130.4405998,RF
116.7420748,-23.26810534,-93.47396948,-13.10176448,-37.70258526,130.426049,RF
108.0133319,-1.71130824,-106.3020237,3.52E-10,-37.62016368,130.4141487,RF
108.0133319,-1.71130824,-106.3020237,5.25E-10,-37.62016368,130.4141487,RF
92.90987342,24.66609716,-117.5759706,14.20886,-37.4731553,130.3996009,RF
73.49555526,49.98722389,-123.4827791,31.03382455,-37.25315825,130.3850548,RF
50.67707473,73.06313692,-123.7402116,45.01919108,-36.96701481,130.3705102,RF
25.50832764,92.82545288,-118.3337805,56.11135043,-36.62243679,130.3559673,RF
2.202695622,106.8090935,-109.0117891,63.98345394,-36.27386884,130.3431046,RF
2.202695622,106.8090935,-109.0117891,63.98345394,-36.27386884,130.3431046,RF
-24.16452547,118.0036183,-93.83909284,71.13587547,-35.85038801,130.3285647,RF
-49.46147557,123.8209592,-74.3594836,74.03864925,-35.39589575,130.3140265,RF
-72.49103532,123.9969177,-51.50588239,73.95985415,-34.92891237,130.2994898,RF
-92.23565841,118.5291513,-26.29349289,70.95149471,-34.46494032,130.2849548,RF
-105.5667601,109.6187474,-4.051987317,63.68141632,-34.06149448,130.2726855,RF
-105.5667601,109.6187474,-4.051987316,63.68141632,-34.06149448,130.2726855,RF
-116.8825461,94.56233214,22.32021394,55.09829839,-33.61980984,130.2581534,RF
-122.8366332,75.17242985,47.66420333,43.07995278,-33.20951393,130.243623,RF
-123.1411286,52.38540882,70.75571978,29.42621861,-32.84512431,130.2290942,RF
-117.7995736,27.24006624,90.5595074,13.61376358,-32.54119194,130.214567,RF
-109.1863241,5.3539053,103.8324188,8.26E-10,-32.33357936,130.2024926,RF
-109.1863241,5.3539053,103.8324188,6.00E-10,-32.33357936,130.2024926,RF
-94.30099436,-21.04708375,115.3480781,-15.11201237,-32.15722729,130.1879683,RF
-75.06769644,-46.44388252,121.511579,-30.8784405,-32.06218538,130.1734457,RF
-52.39698234,-69.64545801,122.0424404,-44.84743881,-32.05615027,130.1589247,RF
-27.3024511,-89.62067772,116.9231288,-56.64948201,-32.14801969,130.1444054,RF
-3.998357796,-103.7758236,107.7741814,-64.57719907,-32.29263563,130.13155,RF
-3.998357796,-103.7758236,107.7741814,-64.57719907,-32.29263563,130.13155,RF
22.37870495,-115.1958602,92.81715526,-72.41668016,-32.54943863,130.1170337,RF
47.75553166,-121.2633802,73.50784857,-75.68953044,-32.9000056,130.102519,RF
70.91159464,-121.6842145,50.77261986,-76.46784753,-33.33706246,130.0880059,RF
90.7695379,-116.4436471,25.67410917,-71.32459634,-33.85163736,130.0734945,RF
104.7606739,-107.4119003,2.65122645,-66.00783663,-34.3660624,130.0607824,RF
104.7606739,-107.4119003,2.65122645,-66.00783663,-34.3660624,130.0607824,RF
116.1631695,-92.38230047,-23.78086902,-56.6303107,-35.01353681,130.046274,RF
122.1742928,-73.06386685,-49.11042591,-45.85337905,-35.70383127,130.0317672,RF
122.5813154,-50.32084264,-72.26047279,-31.62956051,-36.44828468,130.0172621,RF
117.2909467,-25.2067232,-92.0842235,-16.46531785,-37.20586247,130.0027586,RF
106.9191914,0.500488675,-107.4196801,6.96E-11,-37.97024005,129.9886097,RF
106.9191914,0.500488676,-107.4196801,2.68E-10,-37.97024005,129.9886097,RF
91.3978089,26.84442423,-118.2422331,15.4406665,-38.73834915,129.9741094,RF
71.66962942,52.00908157,-123.678711,30.84924886,-39.49693563,129.9596107,RF
48.60717181,74.87515117,-123.482323,44.4996562,-40.23922754,129.9451137,RF
23.27731259,94.28432355,-117.5616361,57.10463231,-40.90844816,129.9306182,RF
-2.661985695,109.1848719,-106.5228862,66.38527425,-41.50864663,129.9163481,RF
-2.661985696,109.1848719,-106.5228862,66.38527425,-41.50864663,129.9163481,RF
-28.9528564,119.4498617,-90.49700534,72.5953935,-42.07521184,129.9018559,RF
-53.89960301,124.2273381,-70.3277351,75.54343893,-42.54473806,129.8873653,RF
-76.38904471,123.3537026,-46.96465785,75.01428187,-42.93087821,129.8728763,RF
-95.38554008,116.8373966,-21.45185657,71.24174523,-43.21804313,129.858389,RF
-109.2090784,105.8414573,3.367621146,65.17244796,-43.37929951,129.8447942,RF
-109.2090784,105.8414573,3.367621146,65.17244796,-43.37929951,129.8447942,RF
-119.0691494,89.49676269,29.57238667,55.67381966,-43.45153515,129.83031,RF
-123.4606967,69.06584102,54.3948557,43.64233299,-43.41157393,129.8158274,RF
-122.1829102,45.51272843,76.67018178,29.99244695,-43.26093128,129.8013464,RF
-115.3004773,19.88194702,95.41853033,15.58703907,-43.01024027,129.7868671,RF
-104.7775608,-3.401837394,108.1793982,3.00E-10,-42.66233889,129.7741299,RF
-104.7775608,-3.401837394,108.1793982,1.06E-10,-42.66233889,129.7741299,RF
-88.38762747,-29.58333246,117.9709599,-14.14595377,-42.19140985,129.7596535,RF
-67.91453526,-54.38983567,122.3043709,-29.20212805,-41.62185492,129.7451788,RF
-44.32937718,-76.63511466,120.9644918,-42.37205142,-40.96138534,129.7307056,RF
-18.68091903,-95.3400972,114.0210162,-53.30959476,-40.22491248,129.7162341,RF
4.151977736,-107.8353475,103.6833698,-60.79614344,-39.49589639,129.7037523,RF
4.151977736,-107.8353475,103.6833698,-60.79614344,-39.49589639,129.7037523,RF
30.34455815,-117.6696184,87.32506024,-67.13038156,-38.6215951,129.6892838,RF
55.16430921,-122.032457,66.86814783,-69.61904318,-37.68713982,129.6748169,RF
77.42641727,-120.7252243,43.29880707,-69.16853946,-36.71491577,129.6603516,RF
96.14682578,-113.8098491,17.66302335,-65.7972385,-35.71757623,129.6458879,RF
107.5625773,-104.7505492,-2.812028074,-58.97603368,-34.91932556,129.6346975,RF
107.5625773,-104.7505492,-2.812028074,-58.97603368,-34.91932556,129.6346975,RF
117.8905579,-88.79709225,-29.09346567,-51.03324689,-33.89667801,129.6202366,RF
122.7938806,-68.69757306,-54.09630758,-39.20675987,-32.8840868,129.6057774,RF
122.037573,-45.36640105,-76.67117192,-25.88002114,-31.89399591,129.5913197,RF
115.60063,-19.87698841,-95.72364163,-11.10707289,-30.92803013,129.5768637,RF
107.338772,-0.223199017,-107.115573,5.48E-10,-30.24379508,129.5660973,RF
107.338772,-0.223199017,-107.115573,7.38E-10,-30.24379508,129.5660973,RF
91.9559406,26.15426784,-118.1102084,15.30062392,-29.37252797,129.5516441,RF
72.32189502,51.39874672,-123.7206417,28.71266053,-28.56841039,129.5371924,RF
49.32215905,74.3203217,-123.6424807,42.29344037,-27.83479865,129.5227424,RF
24.06505429,93.85016879,-117.9152231,53.37210761,-27.18659707,129.5082939,RF
4.664059973,105.568778,-110.2328379,59.25545888,-26.76924241,129.497654,RF
4.664059972,105.568778,-110.2328379,59.25545888,-26.76924241,129.497654,RF
-21.77253345,117.2519114,-95.47937795,65.52325076,-26.2884278,129.4832083,RF
-47.22562206,123.5822182,-76.35659612,68.56724791,-25.90855278,129.4687642,RF
-70.5225509,124.287393,-53.76484206,68.36799574,-25.63706655,129.4543218,RF
-90.54906617,119.2895882,-28.740522,65.41249781,-25.46875964,129.439881,RF
-102.549416,112.2819914,-9.732575434,60.56609168,-25.42374684,129.4294306,RF
-102.549416,112.2819914,-9.732575433,60.56609168,-25.42374684,129.4294306,RF
-114.9569472,98.21093466,16.74601255,51.96866508,-25.44813589,129.4149926,RF
-122.0934567,79.67570791,42.41774884,40.75748253,-25.58220334,129.4005561,RF
-123.6248641,57.52779854,66.09706556,27.78137966,-25.82166811,129.3861213,RF
-119.4908417,32.75448704,86.73635463,14.24487776,-26.16966068,129.3716881,RF
-112.3195323,12.25250801,100.0670243,8.35E-10,-26.49105251,129.3603623,RF
-112.3195323,12.25250801,100.0670243,6.51E-10,-26.49105251,129.3603623,RF
-98.67076391,-14.22321618,112.8939801,-14.58610823,-26.98516536,129.345932,RF
-80.48081695,-40.00499436,120.4858113,-29.85920194,-27.5583659,129.3315032,RF
-58.5949048,-63.9018737,122.4967785,-42.4389884,-28.20221537,129.3170761,RF
-33.97385322,-84.82064636,118.7944996,-53.6065664,-28.90512444,129.3026506,RF
-10.4994503,-100.2297192,110.7291695,-63.55309781,-29.55459606,129.2896413,RF
-10.4994503,-100.2297192,110.7291695,-63.55309781,-29.55459606,129.2896413,RF
15.98693046,-112.9159295,96.92899905,-70.02388779,-30.32265304,129.2752189,RF
41.72415901,-120.3274677,78.60330868,-73.66590135,-31.10224825,129.2607981,RF
65.52856498,-122.1531126,56.62454764,-74.01372419,-31.88776681,129.2463789,RF
86.28316067,-118.2907949,32.00763422,-71.45734739,-32.65611539,129.2319613,RF
102.8785784,-109.0936736,6.215095211,-63.8366109,-33.40402989,129.2177714,RF
102.8785784,-109.0936736,6.215095211,-63.83661089,-33.40402989,129.2177714,RF
114.9346299,-94.71061024,-20.22401961,-55.67118952,-34.09944603,129.2033571,RF
121.7235007,-75.91925252,-45.80424816,-43.64221181,-34.75954956,129.1889443,RF
122.8849811,-53.57190847,-69.3130726,-30.17190551,-35.35606237,129.1745332,RF
118.3816806,-28.72230068,-89.6593799,-15.75872692,-35.88039077,129.1601237,RF
109.4071363,-4.665708399,-104.7414279,1.24E-09,-36.28746304,129.146931,RF
109.4071363,-4.665708399,-104.7414279,1.59E-09,-36.28746304,129.146931,RF
94.81663282,21.75695897,-116.5735918,15.3638105,-36.64343914,129.1325246,RF
75.8341988,47.25795726,-123.0921561,30.97053059,-36.91209469,129.1181197,RF
53.34767415,70.63917551,-123.9868497,43.79414182,-37.08882497,129.1037165,RF
28.34753338,90.84947971,-119.1970131,55.04963024,-37.17203208,129.0893149,RF
4.227299151,105.7405271,-109.9678263,64.7979965,-37.15218602,129.0760693,RF
4.22729915,105.7405271,-109.9678263,64.7979965,-37.15218602,129.0760693,RF
-22.19477389,117.3395134,-95.14473953,70.97473852,-37.05794994,129.0616708,RF
-47.61414883,123.5765192,-75.96237041,74.18856402,-36.87253023,129.0472739,RF
-70.8583694,124.1875183,-53.32914892,73.98022937,-36.61313182,129.0328786,RF
-90.8377146,119.1314059,-28.29369128,70.68116817,-36.28210473,129.0184848,RF
-105.1449028,110.0461185,-4.901215708,64.02213344,-35.93712216,129.0057065,RF
-105.1449028,110.0461185,-4.901215707,64.02213344,-35.93712216,129.0057065,RF
-116.6115225,95.11563047,21.49589208,55.32401496,-35.49759777,128.9913158,RF
-122.7514545,75.86039178,46.89106275,43.21521828,-35.02950591,128.9769267,RF
-123.2495697,53.16670681,70.08286287,29.60201211,-34.5399781,128.9625392,RF
-118.0952539,28.04442127,90.05083261,15.20535046,-34.04891141,128.9481533,RF
-109.2300887,5.413705875,103.8163828,5.84E-10,-33.60924423,128.935776,RF
-109.2300887,5.413705874,103.8163828,2.21E-10,-33.60924423,128.935776,RF
-94.36587714,-20.9733369,115.339214,-14.93628535,-33.13534489,128.9213931,RF
-75.13958976,-46.38442234,121.5240121,-30.65032637,-32.6923559,128.9070118,RF
-52.47291933,-69.5904973,122.0634166,-44.19773686,-32.29399779,128.8926321,RF
-27.39138212,-89.57513885,116.966521,-56.16963049,-31.96026756,128.878254,RF
-5.000235263,-103.2672899,108.2675252,-63.87145932,-31.71466306,128.8660182,RF
-5.000235262,-103.2672899,108.2675252,-63.87145932,-31.71466306,128.8660182,RF
21.40385852,-114.8828656,93.47900707,-70.9756813,-31.50470913,128.851643,RF
46.84175489,-121.1617396,74.31998466,-74.34499748,-31.37730879,128.8372695,RF
70.11163124,-121.8058974,51.6942662,-74.8406014,-31.33941537,128.8228975,RF
90.11929511,-116.7630601,26.64376499,-69.45406632,-31.38938733,128.8085272,RF
103.7191248,-108.3480589,4.628934038,-64.69053812,-31.50370042,128.7964704,RF
103.7191248,-108.3480589,4.628934037,-64.69053812,-31.50370042,128.7964704,RF
115.4641,-93.64395703,-21.820143,-56.79524468,-31.71912272,128.782103,RF
121.9461735,-74.67279039,-47.27338311,-43.16644131,-32.03681401,128.7677372,RF
122.8003507,-52.14708732,-70.65326334,-29.88436813,-32.44532624,128.753373,RF
117.8862113,-27.10952357,-90.77668774,-15.91566846,-32.9187466,128.7390104,RF
108.4288732,-2.602458088,-105.8264151,7.51E-10,-33.42532334,128.7255979,RF
108.4288732,-2.602458087,-105.8264151,1.12E-09,-33.42532334,128.7255979,RF
93.45824975,23.81092172,-117.2691715,15.60062836,-34.03280684,128.7112385,RF
74.16689115,49.20900807,-123.3758992,30.69252874,-34.70174162,128.6968806,RF
51.42205037,72.35735508,-123.7794055,45.04776395,-35.39640051,128.6825244,RF
26.35033098,92.19979149,-118.5501225,57.14272727,-36.11645453,128.6681697,RF
0.281315352,107.7939698,-108.0752851,66.6913401,-36.86578497,128.6539534,RF
0.281315351,107.7939698,-108.0752851,66.6913401,-36.86578497,128.6539534,RF
-26.08819894,118.5871718,-92.4989729,72.3948502,-37.60533566,128.639602,RF
-51.24477858,123.9903257,-72.74554708,75.91334616,-38.3383003,128.6252521,RF
-74.06282896,123.7429797,-49.68015071,75.38220291,-39.04929114,128.6109039,RF
-93.48827322,117.836603,-24.34832975,71.51480106,-39.72209669,128.5965573,RF
-107.4423584,107.7494504,-0.307091946,65.81778143,-40.28237756,128.5834872,RF
-107.4423585,107.7494504,-0.307091946,65.81778143,-40.28237756,128.5834872,RF
-118.0311644,92.02480375,26.00636068,56.21423913,-40.84279874,128.5691436,RF
-123.1959032,72.10516748,51.09073572,44.39026989,-41.33125933,128.5548017,RF
-122.7041441,48.92083846,73.78330568,30.6986621,-41.74049126,128.5404614,RF
-116.5827233,23.50420398,93.07851935,16.16539133,-42.07319087,128.5261226,RF
-105.7928578,-1.457482775,107.2503406,6.37E-10,-42.25903262,128.5125798,RF
-105.7928578,-1.457482776,107.2503406,2.78E-10,-42.25903262,128.5125798,RF
-89.74124593,-27.68914079,117.4303867,-14.38832022,-42.37812113,128.4982442,RF
-69.53115799,-52.6407898,122.1719478,-29.90779868,-42.39276499,128.4839102,RF
-46.13980552,-75.09787848,121.237684,-42.96707555,-42.29619121,128.4695778,RF
-20.61589429,-94.08336929,114.6992636,-54.18734007,-42.10461402,128.455247,RF
3.892241216,-107.7044612,103.8122199,-62.47363696,-41.79928047,128.4419749,RF
3.892241217,-107.7044612,103.8122199,-62.47363696,-41.79928047,128.4419749,RF
30.09334568,-117.5835924,87.49024675,-68.62993272,-41.38613319,128.4276471,RF
54.93042997,-121.9990857,67.06865575,-71.20712517,-40.86862605,128.413321,RF
77.2203357,-120.7427659,43.52243025,-70.72325768,-40.25664292,128.3989964,RF
95.97653431,-113.8744448,17.89791053,-67.10351079,-39.56030969,128.3846734,RF
108.3540587,-103.845036,-4.509022625,-60.08226068,-38.88532391,128.3725469,RF
108.3540587,-103.845036,-4.509022626,-60.08226068,-38.88532391,128.3725469,RF
118.3446738,-87.60870264,-30.73597113,-52.18171477,-38.03729919,128.3582269,RF
122.8910933,-67.28103586,-55.61005742,-39.44840562,-37.1303299,128.3439084,RF
121.7696426,-43.78514344,-77.98449913,-26.72225005,-36.1735962,128.3295916,RF
114.9638467,-18.14540904,-96.81843769,-12.55204764,-35.16167155,128.3152763,RF
106.178377,2.065577542,-108.2439545,1.25E-09,-34.38534552,128.30428,RF
106.178377,2.065577543,-108.2439545,1.65E-09,-34.38534552,128.30428,RF
90.37062845,28.43389857,-118.804527,14.68030926,-33.34973297,128.2899675,RF
70.41358074,53.49587472,-123.9094555,28.69035935,-32.31870465,128.2756566,RF
47.19220537,76.17139662,-123.363602,41.16656582,-31.30434561,128.2613473,RF
21.75161795,95.40346503,-117.155083,52.58345944,-30.3144254,128.2470396,RF
2.187461305,106.8633703,-109.0508316,58.56386582,-29.60399252,128.2364352,RF
2.187461304,106.8633703,-109.0508316,58.56386582,-29.60399252,128.2364352,RF
-24.20415874,118.0680573,-93.86389854,64.640263,-28.70229387,128.2221302,RF
-49.50584895,123.8858753,-74.38002633,67.43009909,-27.86451616,128.2078269,RF
-72.54529141,124.0630306,-51.51773918,67.1127135,-27.1073466,128.1935251,RF
-92.30127942,118.5978356,-26.29655619,64.04379011,-26.44316364,128.1792249,RF
-103.2032073,111.7825652,-8.579357856,58.27987878,-26.04182358,128.1695908,RF
-103.2032073,111.7825652,-8.579357855,58.27987878,-26.04182358,128.1695908,RF
-115.3921991,97.50301537,17.88918371,50.90120672,-25.5421943,128.1552933,RF
-122.2991159,78.79797561,43.50114028,39.29245948,-25.15667687,128.1409974,RF
-123.5999143,56.51352912,67.08638519,26.78986381,-24.89017077,128.126703,RF
-119.1617134,31.64568343,87.51602998,12.67057025,-24.7374734,128.1124103,RF
-111.6663145,10.68721916,100.9790954,1.50E-09,-24.70279642,128.1009504,RF
-111.6663145,10.68721916,100.9790954,1.10E-09,-24.70279642,128.1009504,RF
-97.72251306,-15.80316075,113.5256738,-15.4072421,-24.77141237,128.0866605,RF
-79.29432341,-41.51675255,120.811076,-28.87254498,-24.9592183,128.0723722,RF
-57.20287522,-65.26383078,122.466706,-43.12711805,-25.25764858,128.0580856,RF
-32.50867608,-85.92123005,118.4299061,-54.39831223,-25.65731174,128.0438005,RF
-9.628337566,-100.7573909,110.3857284,-61.42226126,-26.09093021,128.0312937,RF
-9.628337565,-100.7573909,110.3857284,-61.42226126,-26.09093021,128.0312937,RF
16.88535493,-113.3204899,96.43513501,-67.64578551,-26.6803061,128.0170116,RF
42.58225608,-120.4925133,77.91025719,-72.39664555,-27.3225661,128.0027311,RF
66.24674054,-122.1059947,55.85925417,-72.62175156,-28.02574082,127.9884523,RF
86.92713892,-118.1038808,31.17674186,-68.51497425,-28.79836931,127.974175,RF
101.0121019,-110.5679795,9.555877648,-63.22787445,-29.45693692,127.9623765,RF
101.0121019,-110.5679795,9.555877648,-63.22787445,-29.45693692,127.9623765,RF
113.7161038,-96.78927106,-16.9268327,-54.88828673,-30.26062241,127.9481021,RF
121.1878991,-78.5053895,-42.68250957,-43.40439082,-31.07444988,127.9338293,RF
123.0631388,-56.54935493,-66.51378386,-30.29240153,-31.87642795,127.9195582,RF
119.2654481,-31.89936934,-87.3660788,-16.21214195,-32.66384373,127.9052886,RF
110.9412975,-8.121883743,-102.8194138,1.04E-09,-33.31305474,127.892297,RF
110.9412975,-8.121883742,-102.8194138,1.43E-09,-33.31305474,127.892297,RF
96.98995456,18.32661825,-115.3165728,14.1344007,-33.98816948,127.8780305,RF
78.53149825,44.02871896,-122.5602172,29.59388704,-34.60234692,127.8637656,RF
56.44699023,67.75445734,-124.2014476,43.29608919,-35.14031654,127.8495023,RF
31.76327064,88.39987406,-120.1631447,54.7937896,-35.58948015,127.8352406,RF
6.00840071,104.8031686,-110.8115693,63.9661181,-35.94341523,127.8212381,RF
6.00840071,104.8031686,-110.8115693,63.9661181,-35.94341523,127.8212381,RF
-20.41382498,116.7116992,-96.29787422,70.27587704,-36.19448606,127.8069796,RF
-45.95267205,123.3368514,-77.38417935,73.83477683,-36.35906166,127.7927226,RF
-69.3839457,124.3327667,-54.94882104,73.87960629,-36.4246775,127.7784672,RF
-89.62099181,119.6639341,-30.0429423,70.55991777,-36.39432157,127.7642135,RF
-104.5810894,110.5418735,-5.960784175,64.02816957,-36.27837644,127.7511669,RF
-104.5810894,110.5418735,-5.960784174,64.02816957,-36.27837644,127.7511669,RF
-116.2569608,95.81030124,20.44665955,55.27494653,-36.06958151,127.7369162,RF
-122.6204404,76.71062033,45.90982008,43.23450479,-35.79018104,127.722667,RF
-123.3479119,54.13563026,69.21228161,29.68783318,-35.44443852,127.7084195,RF
-118.4161949,29.08905097,89.32714397,15.29332002,-35.0500909,127.6941735,RF
-109.4952574,5.95508677,103.5401706,1.59E-09,-34.64455646,127.6816323,RF
-109.4952574,5.955086769,103.5401706,1.23E-09,-34.64455646,127.6816323,RF
-94.72529072,-20.44535646,115.1706472,-14.96890353,-34.17518107,127.6673893,RF
-75.57864794,-45.89000182,121.4686498,-30.47056767,-33.68758616,127.6531479,RF
-52.97066287,-69.15400362,122.1246665,-43.87308163,-33.19732712,127.638908,RF
-27.92553753,-89.21778927,117.1433268,-55.63427924,-32.72796243,127.6246698,RF
-5.590604097,-102.9648955,108.5554996,-63.35901153,-32.33140984,127.6125771,RF
-5.590604096,-102.9648955,108.5554996,-63.35901153,-32.33140984,127.6125771,RF
20.82447654,-114.6950968,93.87062025,-70.25743904,-31.91141759,127.5983417,RF
46.2997718,-121.0977917,74.79801987,-73.59081921,-31.53934981,127.584108,RF
69.63348868,-121.8700142,52.23652551,-74.09274017,-31.22900858,127.5698759,RF
89.71713587,-116.9616376,27.24450173,-69.57492787,-30.98508924,127.5556453,RF
103.8993262,-108.2119024,4.312576184,-63.89185383,-30.83601,127.5432217,RF
103.8993262,-108.2119024,4.312576183,-63.89185383,-30.83601,127.5432217,RF
115.6332936,-93.5032462,-22.13004741,-53.72334742,-30.74638236,127.5289942,RF
121.9979715,-74.40562579,-47.5923457,-43.3503187,-30.73871977,127.5147681,RF
122.7357156,-51.83962589,-70.89608972,-29.39695989,-30.82254256,127.5005437,RF
117.8226461,-26.83707753,-90.98556853,-13.16548266,-31.00015922,127.4863209,RF
109.3313122,-4.515723333,-104.8155889,5.85E-10,-31.21806217,127.4742345,RF
109.3313122,-4.515723332,-104.8155889,1.00E-09,-31.21806217,127.4742345,RF
94.69929716,21.92864072,-116.6279379,15.42663753,-31.5552055,127.4600146,RF
75.70148755,47.41126939,-123.1127569,31.39014601,-31.97463246,127.4457963,RF
53.18683909,70.77998431,-123.9668234,44.48309969,-32.471572,127.4315796,RF
28.16106362,90.95244239,-119.113506,54.64833976,-33.03721835,127.4173645,RF
4.677675488,105.4867506,-110.1644261,64.8520836,-33.58219579,127.4046227,RF
4.677675487,105.4867506,-110.1644261,64.8520836,-33.58219579,127.4046227,RF
-21.75451434,117.1679119,-95.41339755,71.96153738,-34.24777645,127.3904106,RF
-47.19423322,123.4947478,-76.30051462,75.07879837,-34.94738444,127.3762001,RF
-70.49790987,124.212166,-53.71425608,75.35341145,-35.68084322,127.3619912,RF
-90.5512292,119.2063868,-28.65515756,71.16471231,-36.41698148,127.3477839,RF
-105.7634935,109.3829193,-3.61942575,65.21295601,-37.10704672,127.3342436,RF
-105.7634935,109.3829193,-3.619425749,65.21295601,-37.10704672,127.3342436,RF
-117.0127856,94.23955711,22.77322851,56.73053141,-37.83211525,127.3200394,RF
-122.8702988,74.79472818,48.0755706,44.61314942,-38.52489492,127.3058368,RF
-123.0906541,51.9636341,71.12701996,30.99753939,-39.18066994,127.2916358,RF
-117.6687307,26.7669625,90.90176818,16.62773695,-39.79709254,127.2774363,RF
-106.85272,0.588138052,106.2645819,1.84E-10,-40.3108478,127.2633527,RF
-106.85272,0.588138051,106.2645819,-1.36E-10,-40.3108478,127.2633527,RF
-91.15281185,-25.68963087,116.8424427,-14.72731003,-40.76318526,127.2491564,RF
-71.22734558,-50.78936414,122.0167097,-30.16297763,-41.1370146,127.2349618,RF
-48.04603677,-73.47506578,121.5211025,-43.30847027,-41.41250575,127.2207687,RF
-22.64004677,-92.7673063,115.4073531,-54.49997149,-41.60226449,127.2065771,RF
2.389139301,-106.9892681,104.6001288,-63.07986425,-41.65107817,127.1931391,RF
2.389139301,-106.9892681,104.6001288,-63.07986425,-41.65107817,127.1931391,RF
28.63184058,-117.1661382,88.53429759,-69.42111788,-41.61201316,127.1789507,RF
53.57916407,-121.8971712,68.31800709,-72.05062994,-41.45813217,127.1647638,RF
76.04071029,-120.9617272,44.92101687,-71.67830419,-41.19223083,127.1505785,RF
95.0241892,-114.4057078,19.38151857,-68.12719554,-40.82102732,127.1363949,RF
108.164175,-104.0346206,-4.129554365,-60.7947641,-40.3713966,127.1237892,RF
108.164175,-104.0346206,-4.129554366,-60.7947641,-40.3713966,127.1237892,RF
118.2361118,-87.87531191,-30.36079985,-52.47932874,-39.78774584,127.1096085,RF
122.8519036,-67.57768622,-55.27421737,-40.69612092,-39.09961472,127.0954293,RF
121.7901724,-44.11993248,-77.67023995,-27.68928666,-38.32066909,127.0812518,RF
115.1189387,-18.57352345,-96.54541523,-12.40315409,-37.46663327,127.0670758,RF
105.9636048,2.457979593,-108.4215844,9.06E-10,-36.72592151,127.0558073,RF
105.9636048,2.457979593,-108.4215844,1.37E-09,-36.72592151,127.0558073,RF
90.12923938,28.76388862,-118.893128,13.92890906,-35.75489928,127.0416341,RF
70.11256365,53.81191603,-123.9244797,28.50519156,-34.7339066,127.0274625,RF
46.85600592,76.44192676,-123.2979327,41.14966525,-33.68511723,127.0132925,RF
21.39777905,95.64888089,-117.0466599,51.76452253,-32.62476643,126.999124,RF
1.345271213,107.2931837,-108.6384549,57.95213518,-31.80282913,126.9883671,RF
1.345271213,107.2931837,-108.6384549,57.95213518,-31.80282913,126.9883671,RF
-25.02095995,118.3272232,-93.30626325,64.49928505,-30.75048307,126.9742014,RF
-50.27492581,123.9770331,-73.70210725,66.96176526,-29.72555297,126.9600373,RF
-73.21525804,123.9757125,-50.76045446,66.59882922,-28.74830571,126.9458747,RF
-92.82562123,118.2959462,-25.47032501,63.0734029,-27.82608949,126.9317138,RF
-104.4811104,110.7003715,-6.21926104,58.0694783,-27.19884948,126.9213564,RF
-104.4811104,110.7003715,-6.219261039,58.0694783,-27.19884948,126.9213564,RF
-116.2359445,96.01001692,20.22592753,49.55784059,-26.41970979,126.9071981,RF
-122.6516115,76.94684272,45.70476879,38.06260334,-25.73712522,126.8930415,RF
-123.4271964,54.38405659,69.04313984,25.73541967,-25.16145891,126.8788863,RF
-118.493335,29.33142514,89.16190989,12.15243864,-24.69885076,126.8647328,RF
-111.3145596,9.844646081,101.4699135,1.35E-09,-24.43707539,126.8541952,RF
-111.3145596,9.84464608,101.4699135,9.34E-10,-24.43707539,126.8541952,RF
-97.22018195,-16.63042058,113.8506025,-14.57061392,-24.19426544,126.8400444,RF
-78.65955999,-42.30050199,120.960062,-28.97439407,-24.08151371,126.8258951,RF
-56.46704086,-65.96303853,122.4300794,-42.33759995,-24.09461812,126.8117475,RF
-31.72761303,-86.54596194,118.273575,-52.79211939,-24.23911054,126.7976014,RF
-11.81038182,-99.53664871,111.3470305,-60.65003287,-24.4267403,126.7868288,RF
-11.81038182,-99.53664871,111.3470305,-60.65003287,-24.4267403,126.7868288,RF
14.6886527,-112.4498693,97.76121665,-66.18382719,-24.77459898,126.7726856,RF
40.4988127,-120.1463729,79.64756018,-70.31232522,-25.23268966,126.7585439,RF
64.43059906,-122.2376888,57.80708972,-71.17573701,-25.78559641,126.7444038,RF
85.38124114,-118.6433506,33.26210943,-67.42025088,-26.4233255,126.7302652,RF
99.98936636,-111.3100191,11.32065277,-61.79627318,-27.01271833,126.7183555,RF
99.98936637,-111.3100191,11.32065277,-61.79627318,-27.01271833,126.7183555,RF
113.0407454,-97.87573398,-15.16501142,-53.99116642,-27.76441856,126.7042199,RF
120.8751013,-79.86579773,-41.00930356,-42.58461161,-28.55846016,126.6900859,RF
123.1330646,-58.12807779,-65.00498685,-29.54198929,-29.37736409,126.6759534,RF
119.7195811,-33.63389022,-86.08569092,-15.68350151,-30.2140712,126.6618226,RF
111.2132182,-8.72117001,-102.4920482,4.37E-10,-30.97977753,126.6483321,RF
111.2132182,-8.721170009,-102.4920482,7.43E-10,-30.97977753,126.6483321,RF
97.37509204,17.72594224,-115.1010343,14.77988924,-31.76253899,126.6342044,RF
79.00313026,43.46489654,-122.4680268,30.11709743,-32.5116561,126.6200782,RF
56.98891134,67.23802094,-124.2269323,43.43548677,-33.20183048,126.6059536,RF
32.31512077,88.01421301,-120.3293338,54.81053838,-33.83948681,126.5918306,RF
7.947533492,103.7221361,-111.6696696,63.7489922,-34.33608833,126.5786738,RF
7.947533491,103.7221361,-111.6696696,63.7489922,-34.33608833,126.5786738,RF
-18.49851935,116.0212007,-97.52268138,70.75715701,-34.79698922,126.5645538,RF
-44.14242524,123.0432542,-78.90082897,73.64494147,-35.16707136,126.5504355,RF
-67.78709073,124.4653711,-56.67828033,74.38904261,-35.44595191,126.5363187,RF
-88.28428541,120.144843,-31.86055761,69.66977493,-35.60316594,126.5222034,RF
-103.6300424,111.3072072,-7.677164772,63.60613573,-35.66561358,126.50915,RF
-103.6300424,111.3072072,-7.677164771,63.60613573,-35.66561358,126.50915,RF
-115.6680781,96.87991879,18.78815933,55.43734596,-35.64897326,126.4950378,RF
-122.3771339,78.03573925,44.34139464,43.2130757,-35.53473478,126.4809272,RF
-123.473391,55.65462914,67.81876185,29.49677651,-35.33862318,126.4668182,RF
-118.8779098,30.73908937,88.13882045,14.22174424,-35.0614012,126.4527107,RF
-109.7758416,6.54638613,103.2294555,4.48E-10,-34.74020445,126.4397068,RF
-109.7758416,6.546386129,103.2294555,5.20E-11,-34.74020445,126.4397068,RF
-95.09876836,-19.88328406,114.9820524,-15.32805255,-34.34630004,126.4256024,RF
-76.03933576,-45.3587932,121.398129,-30.39396078,-33.90749927,126.4114995,RF
-53.49625493,-68.69219987,122.1884548,-43.83993069,-33.44240067,126.3973982,RF
-28.47705218,-88.84866332,117.3257155,-55.3043085,-32.96916516,126.3832984,RF
-6.358975925,-102.5551305,108.9141065,-62.8236181,-32.54700598,126.3714287,RF
-6.358975924,-102.5551305,108.9141065,-62.8236181,-32.54700598,126.3714287,RF
20.0635811,-114.4365339,94.3729528,-69.74005658,-32.07649701,126.3573319,RF
45.58399028,-121.0021126,75.41812232,-72.75461945,-31.62917421,126.3432366,RF
68.9857641,-121.9435248,52.95776071,-72.78668338,-31.22233292,126.3291429,RF
89.23135175,-117.2239125,27.99256079,-69.88007115,-30.87025532,126.3150507,RF
103.3085421,-108.7359343,5.427392193,-62.62025542,-30.60418354,126.3029405,RF
103.3085421,-108.7359343,5.427392193,-62.62025542,-30.60418354,126.3029405,RF
115.2356058,-94.23704353,-20.99856229,-54.46631561,-30.36911567,126.2888513,RF
121.8525407,-75.31595104,-46.53658963,-42.61067808,-30.21167952,126.2747636,RF
122.8374779,-52.879559,-69.95791886,-29.06151619,-30.13805761,126.2606775,RF
118.161652,-27.95401774,-90.20763428,-13.54977873,-30.15551647,126.246593,RF
109.7804337,-5.494361338,-104.2860724,-4.26E-10,-30.23906767,126.2345431,RF
109.7804337,-5.494361337,-104.2860724,-1.02E-12,-30.23906767,126.2345431,RF
95.34393028,20.94563261,-116.2895629,15.04777515,-30.42394848,126.2204614,RF
76.4831176,46.49496373,-122.9780813,30.46361114,-30.69912043,126.2063814,RF
54.09179164,69.95680517,-124.0485968,44.16820656,-31.06256056,126.1923029,RF
29.21016339,90.23948103,-119.4496444,56.10987182,-31.50608663,126.178226,RF
4.899760332,105.3919417,-110.291702,64.15697558,-31.98949027,126.1652108,RF
4.899760331,105.3919417,-110.291702,64.15697558,-31.98949027,126.1652108,RF
-21.51022991,117.0905955,-95.58036563,70.73248576,-32.56502793,126.1511369,RF
-46.97861952,123.4753768,-76.49675733,74.2823545,-33.20616793,126.1370646,RF
-70.29188331,124.2261959,-53.93431258,74.45257107,-33.89387147,126.1229939,RF
-90.36380376,119.3132733,-28.94946952,71.83699847,-34.61223948,126.1089248,RF
-105.6022606,109.5875395,-3.985278904,64.29964219,-35.32266226,126.0955956,RF
-105.6022606,109.5875395,-3.985278904,64.29964219,-35.32266226,126.0955956,RF
-116.8885013,94.50100815,22.38749317,55.9107841,-36.06214049,126.0815295,RF
-122.8356309,75.10980015,47.72583075,43.88083499,-36.80817131,126.0674651,RF
-123.1331012,52.31432306,70.8187781,30.4954981,-37.53329962,126.0534021,RF
-117.7750963,27.12857073,90.64652553,16.3396372,-38.23667124,126.0393408,RF
-107.8459676,2.586272555,105.2596951,6.04E-10,-38.81912032,126.0262374,RF
-107.8459676,2.586272555,105.2596951,2.30E-10,-38.81912032,126.0262374,RF
-92.48773565,-23.75018772,116.2379234,-14.34450166,-39.40202046,126.0121791,RF
-72.84771685,-48.98123744,121.8289543,-29.83476527,-39.9160361,125.9981224,RF
-49.8718251,-71.88773308,121.7595582,-42.98229142,-40.34311893,125.9840673,RF
-24.59588818,-91.46784702,116.0637352,-54.14224242,-40.69147958,125.9700137,RF
0.968621057,-106.3070797,105.3384586,-63.02648656,-40.90212825,125.9564082,RF
0.968621058,-106.3070797,105.3384586,-63.02648656,-40.90212825,125.9564082,RF
27.24902233,-116.7621105,89.51308815,-69.60375481,-41.02339659,125.9423577,RF
52.3030561,-121.7918156,69.48875953,-72.55795509,-41.02995604,125.9283088,RF
74.93631639,-121.1528964,46.21657999,-72.95428859,-40.91867782,125.9142615,RF
94.07501531,-114.8778993,20.80288399,-67.88703303,-40.68370263,125.9002157,RF
108.165277,-104.0486676,-4.116609375,-61.56856593,-40.35245821,125.8869723,RF
108.165277,-104.0486676,-4.116609376,-61.56856593,-40.35245821,125.8869723,RF
118.2402331,-87.86787798,-30.37235514,-52.27772675,-39.8873373,125.8729295,RF
122.8672987,-67.57332751,-55.29397123,-40.04283849,-39.31231407,125.8588884,RF
121.7983827,-44.10390674,-77.69447592,-26.6239094,-38.62425561,125.8448487,RF
115.0767273,-18.53484834,-96.54187896,-13.13242038,-37.82969318,125.8308107,RF
105.4202067,3.53427563,-108.9544824,1.42E-09,-37.11664299,125.8190861,RF
105.4202067,3.534275631,-108.9544824,1.79E-09,-37.11664299,125.8190861,RF
89.41263084,29.84762137,-119.2602522,15.31026184,-36.19756337,125.8050509,RF
69.20219985,54.81269823,-124.0148981,30.06682334,-35.18348862,125.7910172,RF
45.83185848,77.28292078,-123.1147793,41.41228972,-34.13033282,125.7769851,RF
20.35997225,96.29012483,-116.6500971,50.18436863,-33.06286091,125.7629546,RF
1.010702853,107.4638039,-108.4745068,58.70168588,-32.25982846,125.7526891,RF
1.010702853,107.4638039,-108.4745068,58.70168588,-32.25982846,125.7526891,RF
-25.37562304,118.4401222,-93.06449913,63.94759642,-31.16523778,125.7386613,RF
-50.59921815,124.0139629,-73.41474479,66.82569483,-30.08706553,125.724635,RF
-73.53428185,123.9472706,-50.41298871,66.46986326,-29.04343826,125.7106103,RF
-93.06226686,118.1674347,-25.10516781,62.153866,-28.03888646,125.6965871,RF
-104.5967135,110.5999706,-6.003257068,57.76392006,-27.3561566,125.6864044,RF
-104.5967135,110.5999706,-6.003257067,57.76392006,-27.3561566,125.6864044,RF
-116.3113248,95.87103506,20.44028976,50.45801227,-26.48394403,125.6723839,RF
-122.678694,76.76894867,45.90974531,38.12082927,-25.70173054,125.658365,RF
-123.4072885,54.18763225,69.21965629,25.08028039,-25.02364648,125.6443476,RF
-118.475206,29.16727582,89.30793022,10.82771909,-24.46168869,125.6303318,RF
-111.539176,10.38581442,101.1533616,1.20E-09,-24.12956626,125.6203006,RF
-111.539176,10.38581442,101.1533616,8.71E-10,-24.12956626,125.6203006,RF
-97.55826832,-16.10441967,113.662688,-14.8102946,-23.78475283,125.6062874,RF
-79.07365063,-41.79610562,120.8697563,-28.98320216,-23.56843476,125.5922758,RF
-56.97127976,-65.51374843,122.4850282,-41.95253748,-23.48812477,125.5782658,RF
-32.23957558,-86.19803094,118.4376065,-52.79021647,-23.54634407,125.5642573,RF
-12.7983191,-98.96877534,111.7670944,-59.36295429,-23.66490135,125.5538325,RF
-12.7983191,-98.96877534,111.7670944,-59.36295429,-23.66490135,125.5538325,RF
13.68789957,-112.0663398,98.3784402,-66.4256926,-23.93642175,125.5398268,RF
39.55380069,-119.9672363,80.41343559,-69.71710829,-24.3294703,125.5258226,RF
63.59692559,-122.2960566,58.69913103,-70.78080549,-24.83299019,125.51182,RF
84.66501766,-118.8801648,34.21514713,-66.67986044,-25.4232913,125.4978189,RF
99.95915474,-111.3478246,11.38866987,-61.15233959,-26.00738418,125.4855189,RF
99.95915474,-111.3478246,11.38866987,-61.15233959,-26.00738418,125.4855189,RF
113.0313051,-97.91717802,-15.1141271,-53.47239389,-26.74261442,125.4715208,RF
120.8747923,-79.91507957,-40.95971277,-41.94244225,-27.52698505,125.4575242,RF
123.1451249,-58.1814659,-64.96365898,-28.90624003,-28.34720302,125.4435293,RF
119.7220929,-33.72491205,-85.9971808,-15.06865798,-29.17783328,125.4295359,RF
111.7474509,-9.912618618,-101.8348322,4.63E-10,-29.9465645,125.4167688,RF
111.7474509,-9.912618618,-101.8348322,8.04E-10,-29.9465645,125.4167688,RF
98.08422843,16.56638195,-114.6506104,14.40946851,-30.75033361,125.4027784,RF
79.90004689,42.36829939,-122.2683463,29.4692607,-31.53471822,125.3887896,RF
57.99656591,66.29103477,-124.2876007,43.09704049,-32.27168522,125.3748023,RF
33.43716796,87.13019514,-120.5673631,55.04645868,-32.91735144,125.3608166,RF
7.367867069,104.0401003,-111.4079673,63.68426066,-33.50367636,125.3468325,RF
7.111600528,104.1807655,-111.292366,63.79889917,-33.50868971,125.3466979,RF
7.111600528,104.1807655,-111.292366,63.79889917,-33.50868971,125.3466979,RF
-19.39160286,116.352592,-96.96098911,70.80003563,-34.01932495,125.3327153,RF
-44.97328348,123.179631,-78.2063475,73.18824214,-34.42294511,125.3187344,RF
-68.50625824,124.3869253,-55.8806671,73.11202872,-34.72794574,125.304755,RF
-88.91361545,119.9347099,-31.02109444,69.04540937,-34.93778859,125.2907771,RF
-103.2776222,111.6308006,-8.35317844,63.81751,-35.02618231,125.2786903,RF
-103.2776222,111.6308006,-8.353178439,63.81751,-35.02618231,125.2786903,RF
-115.4295005,97.32453491,18.10496557,54.68141592,-35.03621456,125.2647153,RF
-122.2854411,78.58224131,43.70319979,42.99801694,-34.95040851,125.250742,RF
-123.5270126,56.27797612,67.24903651,29.53844197,-34.77594023,125.2367701,RF
-119.1092818,31.40754258,87.70173918,15.00130195,-34.52887361,125.2227999,RF
-110.6187654,8.375451987,102.2433134,1.07E-09,-34.22251046,125.2105284,RF
-110.6187654,8.375451986,102.2433134,6.96E-10,-34.22251046,125.2105284,RF
-96.27904218,-18.05856935,114.3376115,-14.48161151,-33.8380145,125.1965611,RF
-77.49788606,-43.64516603,121.1430521,-29.63449992,-33.40576556,125.1825953,RF
-55.16499994,-67.16557301,122.330573,-43.14499914,-32.94126981,125.1686311,RF
-30.27925648,-87.57918475,117.8584412,-54.5517911,-32.46411305,125.1546684,RF
-7.098788191,-102.1597039,109.2584921,-62.45213418,-32.01534155,125.1423317,RF
-7.09878819,-102.1597039,109.2584921,-62.45213418,-32.01534155,125.1423317,RF
19.32853504,-114.1823166,94.8537816,-69.43186717,-31.53662072,125.1283719,RF
44.89396547,-120.9025193,76.0085538,-72.38980088,-31.07916197,125.1144137,RF
68.37057319,-122.0026915,53.63211836,-72.43769621,-30.66179355,125.1004571,RF
88.71783205,-117.4384964,28.72066437,-69.5441756,-30.2992709,125.086502,RF
102.910135,-109.0764509,6.166315922,-62.2909036,-30.02628539,125.074505,RF
102.910135,-109.0764509,6.166315922,-62.2909036,-30.02628539,125.074505,RF
114.9783478,-94.70773311,-20.27061466,-54.16724602,-29.78432099,125.0605527,RF
121.7486583,-75.89701049,-45.85164777,-42.36960468,-29.62276736,125.0466021,RF
122.8905376,-53.54264417,-69.34789345,-28.89540611,-29.54806633,125.032653,RF
118.3689449,-28.66965564,-89.69928927,-13.50498805,-29.56790059,125.0187054,RF
110.1050383,-6.209844843,-103.8951935,7.24E-10,-29.65698299,125.0067627,RF
110.1050383,-6.209844842,-103.8951935,1.14E-09,-29.65698299,125.0067627,RF
95.7957858,20.23890788,-116.0346937,15.01060515,-29.85141356,124.9928181,RF
77.04230591,45.82964588,-122.8719518,30.30405769,-30.14012992,124.978875,RF
54.73210345,69.36318837,-124.0952918,43.93172398,-30.52046766,124.9649334,RF
29.90137845,89.74542367,-119.6468021,55.8041768,-30.98406785,124.9509935,RF
5.410545266,105.1183218,-110.5288671,63.83842853,-31.49240938,124.9379992,RF
5.410545266,105.1183218,-110.5288671,63.83842853,-31.49240938,124.9379992,RF
-21.00862925,116.91595,-95.90732073,70.33850415,-32.09240219,124.9240622,RF
-46.50800201,123.4077475,-76.89974546,73.85870787,-32.75856827,124.9101268,RF
-69.87407541,124.2684207,-54.39434532,74.00928897,-33.47090282,124.8961929,RF
-90.01851633,119.4625999,-29.44408361,71.36552507,-34.21253603,124.8822607,RF
-105.2761209,109.8930076,-4.61688669,63.94438115,-34.93907781,124.8691254,RF
-105.2761209,109.8930076,-4.616886689,63.94438115,-34.93907781,124.8691254,RF
-116.6869041,94.91716376,21.76974037,55.57083891,-35.69616983,124.8551962,RF
-122.7669926,75.61846696,47.14852559,43.63301356,-36.4546518,124.8412685,RF
-123.2013704,52.89199802,70.30937242,30.33882459,-37.18675989,124.8273424,RF
-117.9795751,27.74973026,90.22984485,16.29195621,-37.89085654,124.8134178,RF
-108.1849716,3.259811871,104.9251597,8.37E-10,-38.46612352,124.8004647,RF
-108.1849716,3.259811871,104.9251597,4.68E-10,-38.46612352,124.8004647,RF
-92.9434277,-23.09034393,116.0337716,-14.19723237,-39.03377327,124.7865431,RF
-73.40048391,-48.36751307,121.767997,-29.56757712,-39.52507535,124.7726231,RF
-50.49617207,-71.34784695,121.844019,-42.60333224,-39.92060287,124.7587047,RF
-25.2626683,-91.02700147,116.2896698,-53.66292775,-40.22856774,124.7447878,RF
0.27176617,-105.9734266,105.7016605,-62.44211557,-40.39257792,124.731324,RF
0.271766171,-105.9734266,105.7016605,-62.44211557,-40.39257792,124.731324,RF
26.57126724,-116.5661467,89.99487949,-68.95710214,-40.45842632,124.7174101,RF
51.67557072,-121.743489,70.06791824,-71.85650218,-40.40250748,124.7034979,RF
74.38974085,-121.2556988,46.86595799,-72.22839512,-40.2232707,124.6895871,RF
93.63082605,-115.1238138,21.49298778,-67.19074441,-39.91455013,124.675678,RF
107.7208891,-104.5465866,-3.174302444,-60.97146342,-39.51577069,124.6626908,RF
107.7208891,-104.5465866,-3.174302445,-60.97146342,-39.51577069,124.6626908,RF
117.9957645,-88.52518112,-29.47058342,-51.13507624,-38.9773829,124.6487846,RF
122.8003535,-68.35336996,-54.44698353,-40.13421053,-38.31829281,124.6348799,RF
121.9152465,-44.96013022,-76.95511625,-27.3373611,-37.5490127,124.6209769,RF
115.4096259,-19.44926853,-95.9603574,-12.74633132,-36.69191296,124.6070753,RF
106.1523226,2.103456751,-108.2557793,-1.77E-10,-35.93978085,124.5957187,RF
106.1523226,2.103456752,-108.2557793,2.56E-10,-35.93978085,124.5957187,RF
90.36998715,28.43137439,-118.8013615,14.99215484,-34.95019975,124.58182,RF
70.4001282,53.50439352,-123.9045217,28.8378515,-33.90210395,124.5679228,RF
47.17537191,76.17708267,-123.3524546,41.32673753,-32.81894274,124.5540271,RF
21.73497455,95.43958473,-117.1745593,51.9555878,-31.71905572,124.540133,RF
3.156058948,106.3636038,-109.5196627,57.38922863,-30.92507858,124.5303529,RF
3.156058947,106.3636038,-109.5196627,57.38922863,-30.92507858,124.5303529,RF
-23.25274789,117.7469384,-94.49419049,63.68756859,-29.82470206,124.5164614,RF
-48.62077745,123.7766127,-75.15583523,66.25079207,-28.75386922,124.5025714,RF
-71.77975882,124.1727139,-52.39295504,66.44348358,-27.73166439,124.488683,RF
-91.62164391,118.8508361,-27.2291922,62.45119263,-26.76415089,124.4747961,RF
-103.8070833,111.2864268,-7.479343424,57.37340401,-26.09418946,124.4643538,RF
-103.8070833,111.2864268,-7.479343423,57.37340401,-26.09418946,124.4643538,RF
-115.8025333,96.82476968,18.97776365,49.77778776,-25.28431402,124.4504696,RF
-122.4795592,77.94023365,44.53932551,37.96588925,-24.5776231,124.436587,RF
-123.5258678,55.52545075,68.0004171,25.01552494,-23.98730894,124.4227059,RF
-118.9052465,30.60984132,88.29540514,10.85981658,-23.52359231,124.4088263,RF
-112.1195804,11.71619953,100.4033809,1.62E-10,-23.26625321,124.3988152,RF
-112.1195804,11.71619953,100.4033809,-1.63E-10,-23.26625321,124.3988152,RF
-98.38057642,-14.7832188,113.1637952,-14.76065907,-23.03440237,124.3849383,RF
-80.1011651,-40.54473201,120.6458971,-28.89713423,-22.93673403,124.371063,RF
-58.15651287,-64.38963536,122.5461482,-41.83084143,-22.97802794,124.3571892,RF
-33.52804059,-85.25288073,118.7809213,-52.59103038,-23.15886114,124.3433169,RF
-13.711094,-98.43200095,112.143095,-59.35825129,-23.37251395,124.3327762,RF
-13.711094,-98.43200095,112.143095,-59.35825129,-23.37251395,124.3327762,RF
12.77480428,-111.6997354,98.92493109,-66.4634021,-23.76262148,124.3189067,RF
38.68465975,-119.787694,81.10303428,-69.70816858,-24.26821304,124.3050387,RF
62.81053024,-122.3113006,59.50077038,-70.78676791,-24.87530461,124.2911723,RF
83.99647272,-119.0905507,35.09407796,-66.75603062,-25.55710532,124.2773074,RF
99.6459696,-111.5668354,11.92086584,-61.13281161,-26.22221267,124.2649278,RF
99.6459696,-111.5668354,11.92086584,-61.13281161,-26.22221267,124.2649278,RF
112.8184509,-98.23412738,-14.5843235,-53.47771163,-27.02361294,124.2510658,RF
120.7711259,-80.31520433,-40.45592154,-41.96965458,-27.85698725,124.2372055,RF
123.1551376,-58.64592925,-64.50920832,-28.97551206,-28.70830174,124.2233466,RF
119.8444478,-34.23185377,-85.61259401,-15.1999608,-29.55093568,124.2094894,RF
111.856035,-10.169635,-101.6864,-4.07E-10,-30.32185121,124.1967053,RF
111.856035,-10.169635,-101.6864,-6.88E-11,-30.32185121,124.1967053,RF
98.23984036,16.31132638,-114.5511667,14.35752946,-31.09978884,124.182851,RF
80.09637087,42.12690406,-122.2232749,29.3559852,-31.83974066,124.1689983,RF
58.22536524,66.07523482,-124.3006001,42.92533496,-32.51416367,124.1551471,RF
33.68126194,86.95169692,-120.6329589,54.72277083,-33.08014565,124.1412975,RF
7.620931821,103.9012831,-111.5222149,63.23681643,-33.57136047,124.1274494,RF
7.464458642,103.9875665,-111.4520252,63.30602291,-33.57383327,124.127368,RF
7.464458641,103.9875665,-111.4520252,63.30602291,-33.57383327,124.127368,RF
-19.04087729,116.2289379,-97.18806065,70.28559411,-33.97694506,124.1135215,RF
-44.64440129,123.1306291,-78.48622778,72.65628669,-34.26283038,124.0996765,RF
-68.2142528,124.4158778,-56.201625,72.56341935,-34.4425112,124.0858331,RF
-88.67002015,120.0384071,-31.36838692,68.55085003,-34.52125365,124.0719912,RF
-103.0898816,111.7952567,-8.705375128,63.29593595,-34.4958804,124.0600196,RF
-103.0898816,111.7952567,-8.705375127,63.29593595,-34.4958804,124.0600196,RF
-115.3100391,97.55240997,17.75762912,54.16850759,-34.37569818,124.0461806,RF
-122.2400007,78.86321922,43.3767815,42.53034866,-34.16395678,124.0323432,RF
-123.5575362,56.59864593,66.95889023,29.11343745,-33.87122439,124.0185073,RF
-119.1976937,31.79618464,87.40150909,14.65409052,-33.50607744,124.0046729,RF
-110.8182632,8.76843513,102.0498281,4.69E-10,-33.13458374,123.9925345,RF
-110.8182632,8.76843513,102.0498281,1.14E-10,-33.13458374,123.9925345,RF
-96.52123201,-17.6870102,114.2082422,-14.46787039,-32.66564289,123.9787031,RF
-77.80597201,-43.28801266,121.0939847,-29.57180837,-32.17446118,123.9648731,RF
-55.50625657,-66.87435422,122.3806108,-42.98286949,-31.67471983,123.9510447,RF
-30.6385788,-87.28018974,117.9187685,-54.54052951,-31.16152924,123.9372178,RF
-7.305990945,-102.0442945,109.3502855,-62.39267859,-30.7267532,123.9248909,RF
-7.305990944,-102.0442945,109.3502855,-62.39267859,-30.7267532,123.9248909,RF
19.15979689,-114.127376,94.96757912,-68.90030708,-30.27735554,123.9110669,RF
44.72823963,-120.8800006,76.15176093,-71.89256779,-29.87158914,123.8972445,RF
68.22817873,-122.0216979,53.79351918,-71.63920994,-29.53025664,123.8834236,RF
88.60951233,-117.5059745,28.89646219,-68.43617721,-29.26772072,123.8696043,RF
102.2892692,-109.5811601,7.291890921,-62.50640893,-29.09892378,123.8582197,RF
102.2892692,-109.5811601,7.291890921,-62.50640893,-29.09892378,123.8582197,RF
114.5726886,-95.41572474,-19.15696386,-54.22343764,-28.98763753,123.8444032,RF
121.5756321,-76.77569144,-44.79994065,-42.71839944,-28.97318652,123.8305882,RF
122.9600756,-54.5493079,-68.41076772,-29.20208444,-29.05878806,123.8167747,RF
118.6744842,-29.7584583,-88.91602587,-13.71871872,-29.2477076,123.8029628,RF
110.2429133,-6.52042893,-103.7224844,-4.78E-10,-29.49638012,123.7907139,RF
110.2429133,-6.520428929,-103.7224844,-5.81E-11,-29.49638012,123.7907139,RF
95.99085706,19.93172036,-115.9225774,14.92342156,-29.86988504,123.7769049,RF
77.28327393,45.54017908,-122.823453,30.1612025,-30.33546367,123.7630974,RF
55.00817171,69.10476557,-124.1129373,43.69096295,-30.88601914,123.7492915,RF
30.19958887,89.5288979,-119.7284868,55.49950059,-31.50820865,123.7354872,RF
5.367959764,105.1411802,-110.50914,63.56207933,-32.16158159,123.7224376,RF
5.367959763,105.1411802,-110.50914,63.56207933,-32.16158159,123.7224376,RF
-21.05093429,116.930315,-95.8793807,70.09708627,-32.88675184,123.7086363,RF
-46.54918293,123.414043,-76.8648601,73.52414516,-33.65608289,123.6948364,RF
-69.91207582,124.2657115,-54.3536357,73.62439699,-34.44482089,123.6810382,RF
-90.06712239,119.4269224,-29.35980005,70.03876766,-35.235384,123.6672415,RF
-105.2971465,109.8512437,-4.554097177,63.95652131,-35.96592301,123.6542152,RF
-105.2971465,109.8512437,-4.554097177,63.95652131,-35.96592301,123.6542152,RF
-116.7202226,94.86696202,21.85326057,54.92645103,-36.71478742,123.6404215,RF
-122.7792536,75.55641577,47.22283785,43.29606751,-37.41932976,123.6266293,RF
-123.2010775,52.82219925,70.37887828,29.95373117,-38.06583004,123.6128387,RF
-117.9719224,27.67918002,90.29274242,15.82406525,-38.65026432,123.5990496,RF
-108.0364964,2.934948019,105.1015484,3.81E-10,-39.08474562,123.5861,RF
-108.0364964,2.934948018,105.1015484,3.74E-11,-39.08474562,123.5861,RF
-92.73834206,-23.40748008,116.1458221,-14.15613506,-39.46654742,123.572314,RF
-73.1478929,-48.66650491,121.8143978,-29.27319792,-39.74282285,123.5585294,RF
-50.20948287,-71.62245644,121.8319393,-42.40937236,-39.9017732,123.5447464,RF
-24.98244609,-91.21460489,116.197051,-53.21947518,-39.93451776,123.530965,RF
0.347164808,-106.0355452,105.6883804,-61.40766902,-39.84329399,123.5177558,RF
0.347164809,-106.0355452,105.6883804,-61.40766902,-39.84329399,123.5177558,RF
26.65185467,-116.6031109,89.95125625,-66.91668984,-39.6142745,123.5039773,RF
51.75068007,-121.7718495,70.02116946,-69.86698373,-39.26382506,123.4902004,RF
74.45026582,-121.2754574,46.82519162,-69.35893457,-38.78801647,123.476425,RF
93.69446734,-115.140843,21.44637562,-65.82283913,-38.19190189,123.4626512,RF
106.6067678,-105.7473049,-0.859462825,-59.62059387,-37.59309078,123.4510395,RF
106.6067678,-105.7473049,-0.859462826,-59.62059387,-37.59309078,123.4510395,RF
117.3138707,-90.12504387,-27.18882679,-51.07673372,-36.79089843,123.4372685,RF
122.6242088,-70.29015195,-52.33405685,-39.51324825,-35.89959205,123.423499,RF
122.2730806,-47.16316629,-75.10991432,-26.55194895,-34.93074094,123.409731,RF
116.2843729,-21.77723391,-94.50713903,-12.79567343,-33.90203013,123.3959646,RF
107.758802,-1.095755915,-106.663046,2.93E-10,-33.04560858,123.3851731,RF
107.758802,-1.095755915,-106.663046,6.43E-10,-33.04560858,123.3851731,RF
92.53473468,25.27763567,-117.8123703,13.22978998,-31.94069858,123.3714094,RF
73.02390679,50.5786484,-123.6025552,28.0866754,-30.82177781,123.3576472,RF
50.14495602,73.59404802,-123.739004,40.3930706,-29.70834294,123.3438865,RF
24.90298109,93.29741748,-118.2003986,51.18763388,-28.61258118,123.3301273,RF
5.122839801,105.3249278,-110.4477676,57.4077273,-27.81458561,123.3197858,RF
5.1228398,105.3249278,-110.4477676,57.4077273,-27.81458561,123.3197858,RF
-21.32389144,117.0998971,-95.77600569,63.38734418,-26.80731515,123.3060293,RF
-46.81024372,123.5325072,-76.72226344,66.12030772,-25.86999641,123.2922743,RF
-70.1596608,124.3397573,-54.18009653,65.81641939,-25.0220887,123.2785209,RF
-90.33275167,119.4904999,-29.15774825,62.86344976,-24.27856277,123.264769,RF
-101.6224049,113.0332914,-11.41088651,57.13082318,-23.83183447,123.2554585,RF
-101.6224049,113.0332914,-11.41088651,57.13082318,-23.83183447,123.2554585,RF
-114.3530298,99.27078303,15.08224672,49.88543623,-23.28113513,123.2417092,RF
-121.8493736,80.99975041,40.84962322,38.55095408,-22.86214235,123.2279613,RF
-123.7590821,59.04766039,64.7114217,26.33014031,-22.5806181,123.2142151,RF
-119.9273424,34.39766163,85.52968072,12.30713412,-22.43331556,123.2004703,RF
-112.907456,13.56123417,99.34622179,7.56E-10,-22.41585507,123.1894718,RF
-112.907456,13.56123417,99.34622179,3.66E-10,-22.41585507,123.1894718,RF
-99.4928551,-12.94485772,112.4377128,-15.00541998,-22.52109392,123.1757298,RF
-81.50891262,-38.8100442,120.3189568,-28.31863568,-22.7613453,123.1619893,RF
-59.76208649,-62.82782417,122.5899107,-42.09096192,-23.12490016,123.1482504,RF
-35.30073059,-83.87060213,119.1713327,-53.21798309,-23.60084511,123.134513,RF
-12.541208,-99.10979809,111.6510061,-60.49011251,-24.10698505,123.1225015,RF
-12.54120799,-99.10979809,111.6510061,-60.49011251,-24.10698505,123.1225015,RF
13.97865647,-112.2034666,98.22481015,-67.00518261,-24.77714033,123.1087669,RF
39.82205656,-119.9953159,80.17325935,-71.27369245,-25.50782595,123.095034,RF
63.80691523,-122.2478504,58.44093516,-71.35418177,-26.30283369,123.0813025,RF
84.84468822,-118.8175639,33.97287565,-67.10247941,-27.13892151,123.0675727,RF
99.7166983,-111.5323886,11.81569029,-61.80955653,-27.8729036,123.0558825,RF
99.7166983,-111.5323886,11.81569029,-61.80955653,-27.8729036,123.0558825,RF
112.8519879,-98.16636253,-14.68562536,-53.26053513,-28.72973924,123.0421554,RF
120.7877434,-80.23311113,-40.5546323,-42.18485301,-29.57658245,123.0284299,RF
123.1477262,-58.54848916,-64.599237,-29.27043716,-30.39209598,123.014706,RF
119.8035065,-34.08968776,-85.71381873,-14.33202448,-31.15647359,123.0009836,RF
111.6555631,-9.742382163,-101.9131809,7.76E-10,-31.8056219,122.9881527,RF
111.6555631,-9.742382163,-101.9131809,1.18E-09,-31.8056219,122.9881527,RF
97.98145985,16.74599794,-114.7274578,14.75105964,-32.42797231,122.9744333,RF
79.76925241,42.5289845,-122.2982369,29.57023958,-32.9596898,122.9607154,RF
57.87158187,66.41019057,-124.2817724,42.75346329,-33.39365623,122.946999,RF
33.30631064,87.27274723,-120.5790579,53.91828792,-33.71771265,122.9332841,RF
8.91949358,103.2039813,-112.1234748,62.53310799,-33.92193679,122.9204968,RF
8.919493579,103.2039813,-112.1234748,62.53310799,-33.92193679,122.9204968,RF
-17.54307384,115.6746758,-98.13160195,68.57350811,-34.02257213,122.9067849,RF
-43.24483957,122.9034085,-79.65856893,72.01338221,-34.0218304,122.8930745,RF
-66.96606804,124.5242391,-57.55817107,71.98483371,-33.91550269,122.8793657,RF
-87.60172165,120.4659753,-32.86425367,68.78331807,-33.70976667,122.8656584,RF
-102.8115862,112.0486256,-9.237039318,62.43066503,-33.44305037,122.8533023,RF
-102.8115862,112.0486256,-9.237039317,62.43066503,-33.44305037,122.8533023,RF
-115.1192942,97.90117072,17.21812344,53.90859323,-33.07245432,122.8395979,RF
-122.1658953,79.29421875,42.87167659,42.17561821,-32.64283554,122.8258951,RF
-123.5988222,57.09215844,66.50666381,28.92208929,-32.16545746,122.8121937,RF
-119.366041,32.28704246,87.07899857,14.78340417,-31.66205247,122.7984939,RF
-111.0977561,9.415447481,101.6823086,1.46E-09,-31.19015439,122.7865287,RF
-111.0977561,9.41544748,101.6823086,1.11E-09,-31.19015439,122.7865287,RF
-96.94696502,-17.03365777,113.9806228,-15.30460807,-30.66951735,122.7728318,RF
-78.3219053,-42.67614908,120.9980544,-29.60021991,-30.16563723,122.7591363,RF
-56.09809119,-66.32188088,122.4199721,-43.201347,-29.70252746,122.7454424,RF
-31.27998149,-86.81845894,118.0984404,-54.12945555,-29.27992395,122.73175,RF
-8.484567762,-101.398858,109.8834258,-62.06887784,-28.97185594,122.7198111,RF
-8.484567761,-101.398858,109.8834258,-62.06887785,-28.97185594,122.7198111,RF
17.99240392,-113.7001085,95.70770461,-68.7737554,-28.69562199,122.7061216,RF
43.62725659,-120.6984631,77.0712065,-71.85194913,-28.50731904,122.6924335,RF
67.24310025,-122.091987,54.84888676,-71.78625964,-28.41989823,122.6787471,RF
87.78531722,-117.8245426,30.03922534,-68.90606747,-28.44334826,122.6650621,RF
102.0864034,-109.7351885,7.648785148,-62.4869385,-28.53588214,122.6533681,RF
102.0864034,-109.7351885,7.648785147,-62.4869385,-28.53588214,122.6533681,RF
114.434534,-95.63604562,-18.79848841,-54.39827835,-28.75246413,122.6396859,RF
121.5111206,-77.04780762,-44.463313,-42.92146853,-29.07966865,122.6260053,RF
122.9707181,-54.86582293,-68.10489522,-29.45290631,-29.5089226,122.6123263,RF
118.7647071,-30.10525566,-88.65945144,-14.0780578,-30.03721998,122.5986487,RF
110.1122715,-6.232037196,-103.8802343,7.27E-10,-30.59273519,122.5861899,RF
110.1122715,-6.232037195,-103.8802343,1.14E-09,-30.59273519,122.5861899,RF
95.8065913,20.21216403,-116.0187553,14.89288102,-31.27094973,122.5725153,RF
77.05526269,45.80660221,-122.8618649,29.99315334,-32.01421043,122.5588422,RF
54.74560958,69.34318605,-124.0887956,43.39560437,-32.80443107,122.5451707,RF
29.91514086,89.72874307,-119.6438839,55.10391572,-33.62166609,122.5315006,RF
4.113417373,105.8079231,-109.9213405,63.19348594,-34.44329283,122.5180835,RF
4.113417373,105.8079231,-109.9213405,63.19348594,-34.44329283,122.5180835,RF
-22.2860787,117.3569624,-95.07088367,69.76451572,-35.25827318,122.5044165,RF
-47.71169949,123.5809605,-75.86926098,72.96687042,-36.05861235,122.4907511,RF
-70.94802694,124.1648107,-53.21678375,72.89935185,-36.8152552,122.4770871,RF
-90.91351692,119.0842343,-28.17071735,70.03242442,-37.50704664,122.4634248,RF
-105.9336108,109.3021152,-3.368504377,62.72576204,-38.09428984,122.4505723,RF
-105.9336108,109.3021152,-3.368504376,62.72576204,-38.09428984,122.4505723,RF
-117.107896,94.10650227,23.0013937,54.40526847,-38.61365457,122.4369129,RF
-122.929409,74.62471792,48.30469104,42.58277915,-39.03871061,122.423255,RF
-123.0988174,51.75993587,71.33888148,29.45206736,-39.34677977,122.4095987,RF
-117.617758,26.53214837,91.08560959,15.46578498,-39.54000912,122.3959438,RF
-107.7277826,2.281013086,105.4467695,8.23E-10,-39.56861312,122.3833799,RF
-107.7277826,2.281013085,105.4467695,4.62E-10,-39.56861312,122.3833799,RF
-92.31291105,-24.05719023,116.3701013,-13.96521951,-39.4907604,122.369728,RF
-72.62800174,-49.27439432,121.9023961,-28.78238937,-39.2749722,122.3560776,RF
-49.61803827,-72.16339186,121.7814301,-41.62416031,-38.92458435,122.3424287,RF
-24.3449115,-91.66372888,116.0086404,-52.11053249,-38.43977768,122.3287814,RF
-0.861002143,-105.4514932,106.3124954,-59.84243706,-37.89736589,122.3166546,RF
-0.861002143,-105.4514932,106.3124954,-59.84243706,-37.89736589,122.3166546,RF
25.48104957,-116.262273,90.7812234,-65.74536714,-37.17469042,122.3030101,RF
50.67020876,-121.6920141,71.02180535,-68.11809942,-36.35077469,122.2893671,RF
73.49025893,-121.4582899,47.96803101,-67.59715678,-35.43330092,122.2757257,RF
92.94360264,-115.5381457,22.59454307,-63.53391433,-34.42376287,122.2620857,RF
105.5977195,-106.7390068,1.141287293,-57.98042198,-33.55788153,122.2509845,RF
105.5977195,-106.7390068,1.141287292,-57.98042198,-33.55788153,122.2509845,RF
116.7207524,-91.47080452,-25.24994791,-49.19168761,-32.4595101,122.2373473,RF
122.449189,-71.92427557,-50.52491338,-37.55065654,-31.32895851,122.2237116,RF
122.5204743,-48.99728279,-73.5231915,-25.36115702,-30.18648657,122.2100774,RF
116.8921078,-23.71541724,-93.17669053,-12.03290052,-29.04355136,122.1964447,RF
109.1924276,-4.081979358,-105.1104483,7.61E-10,-28.22137963,122.186258,RF
109.1924276,-4.081979358,-105.1104483,1.16E-09,-28.22137963,122.186258,RF
94.49089727,22.35834366,-116.8492409,14.29853886,-27.15196764,122.172628,RF
75.41815568,47.84340009,-123.2615558,28.20088506,-26.14370588,122.1589995,RF
52.85951618,71.1641453,-124.0236615,40.34499569,-25.21218734,122.1453725,RF
27.8155467,91.30512414,-119.1206708,51.58499781,-24.37439689,122.1317469,RF
9.235837102,103.0645158,-112.3003529,57.38017469,-23.84200874,122.1220919,RF
9.235837102,103.0645158,-112.3003529,57.38017469,-23.84200874,122.1220919,RF
-17.25485352,115.6258309,-98.37097741,63.52141759,-23.19603054,122.108469,RF
-42.97103384,122.9111396,-79.94010573,66.47697724,-22.67441878,122.0948476,RF
-66.72632004,124.6002937,-57.87397368,66.42010984,-22.2872381,122.0812277,RF
-87.46216901,120.6225356,-33.16036659,63.68999033,-22.04187712,122.0676093,RF
-99.69418811,114.4063883,-14.71220021,57.8377049,-21.94562383,122.0579767,RF
-99.69418811,114.4063883,-14.71220021,57.8377049,-21.94562383,122.0579767,RF
-113.0409869,101.2554841,11.78550288,50.79881055,-21.93314177,122.0443609,RF
-121.2164061,83.50379629,37.71260983,39.50240048,-22.06081308,122.0307467,RF
-123.8325355,61.95519664,61.87733889,27.39469915,-22.32313747,122.0171339,RF
-120.7045992,37.5787835,83.12581565,13.20595132,-22.70424701,122.0035227,RF
-113.5856989,15.2444219,98.34127697,1.37E-09,-23.1217215,121.991799,RF
-113.5856989,15.2444219,98.34127697,9.65E-10,-23.1217215,121.991799,RF
-100.4879792,-11.26145399,111.7494332,-14.73505227,-23.70797683,121.9781906,RF
-82.7652308,-37.19263196,119.9578628,-29.02619583,-24.38076824,121.9645837,RF
-61.25001914,-61.35999854,122.6100177,-42.00049135,-25.12819027,121.9509784,RF
-36.90575137,-82.68385608,119.5896074,-52.59685677,-25.94034454,121.9373746,RF
-14.60495675,-97.87772143,112.4826782,-60.70053208,-26.64950893,121.925695,RF
-14.60495675,-97.87772143,112.4826782,-60.70053208,-26.64950893,121.925695,RF
11.8701361,-111.3109078,99.44077174,-67.91067628,-27.49787439,121.912094,RF
37.82474026,-119.5796664,81.75492613,-71.3614815,-28.35452258,121.8984945,RF
62.00593152,-122.272737,60.26680548,-71.286675,-29.18944381,121.8848966,RF
83.32430877,-119.2924152,35.96810643,-67.78183592,-29.99317605,121.8713002,RF
99.82085129,-111.4333045,11.61245326,-62.61532812,-30.69747776,121.858563,RF
99.82085129,-111.4333045,11.61245325,-62.61532812,-30.69747776,121.858563,RF
112.9181105,-98.05297195,-14.86513853,-54.02765852,-31.37742134,121.8449696,RF
120.8167486,-80.08578345,-40.73096518,-42.75890891,-31.98162185,121.8313777,RF
123.1363711,-58.38013546,-64.75623566,-29.85613968,-32.49363461,121.8177872,RF
119.780228,-33.9023252,-85.87790282,-16.06271784,-32.91347276,121.8041984,RF
111.5618526,-9.522540402,-102.0393122,6.75E-10,-33.18266852,121.7914863,RF
111.5618526,-9.522540402,-102.0393122,1.04E-09,-33.18266852,121.7914863,RF
97.86572966,16.94579583,-114.8115255,14.85031092,-33.37824652,121.7779004,RF
79.62277912,42.71382076,-122.3365999,29.64616565,-33.45802841,121.764316,RF
57.69920728,66.58499991,-124.2842072,42.0163353,-33.43378173,121.7507331,RF
33.04684339,87.46907106,-120.5159144,52.95023122,-33.29927691,121.7371517,RF
8.968124318,103.1638322,-112.1319565,62.29360958,-33.07954122,121.7246043,RF
8.968124318,103.1638322,-112.1319565,62.29360958,-33.07954122,121.7246043,RF
-17.51352658,115.6800542,-98.16652763,68.38696866,-32.77210045,121.7110258,RF
-43.21040741,122.9067097,-79.69630228,71.4647877,-32.3824831,121.6974488,RF
-66.93486894,124.5385143,-57.60364535,71.31450038,-31.93611124,121.6838733,RF
-87.63018583,120.5057677,-32.87558191,68.1718824,-31.45140792,121.6702994,RF
-102.4944651,112.2983286,-9.803863511,61.61620012,-30.97942582,121.6583347,RF
-102.4944651,112.2983286,-9.80386351,61.61620012,-30.97942582,121.6583347,RF
-114.9201156,98.27251102,16.64760458,53.4107191,-30.45210406,121.6447636,RF
-122.0846223,79.75311206,42.33151026,41.62571191,-29.93151426,121.631194,RF
-123.6402574,57.6290516,66.01120576,28.30209017,-29.4382114,121.6176259,RF
-119.503349,32.90965426,86.59369476,13.34259015,-28.98535036,121.6040593,RF
-111.501593,10.26957129,101.2320217,4.30E-11,-28.64921279,121.5923316,RF
-111.501593,10.26957129,101.2320217,-3.59E-10,-28.64921279,121.5923316,RF
-97.45610195,-16.2207722,113.6768741,-14.93260932,-28.32078221,121.5787679,RF
-78.96068441,-41.90535981,120.8660442,-29.70431912,-28.08550383,121.5652056,RF
-56.8377163,-65.6094215,122.4471378,-42.83606955,-27.9495674,121.5516448,RF
-32.11336578,-86.20258945,118.3159552,-54.83475366,-27.91516343,121.5380856,RF
-8.903196399,-101.1746044,110.0778008,-62.4922675,-27.98892821,121.5260647,RF
-8.903196398,-101.1746044,110.0778008,-62.4922675,-27.98892821,121.5260647,RF
17.56403077,-113.53575,95.97171924,-68.22878647,-28.17385369,121.5125083,RF
43.23151395,-120.6371798,77.40566589,-72.07891698,-28.47911635,121.4989535,RF
66.89021492,-122.0935428,55.20332787,-72.96669166,-28.89317415,121.4854001,RF
87.43631582,-117.8663055,30.42998969,-68.79992109,-29.41199589,121.4718483,RF
102.517254,-109.3733681,6.85611413,-62.99270473,-29.96449848,121.4596349,RF
102.517254,-109.3733681,6.85611413,-62.99270473,-29.96449848,121.4596349,RF
114.7431503,-95.13781642,-19.60533386,-53.49093965,-30.66198542,121.446086,RF
121.6549898,-76.42510997,-45.22987985,-42.66475719,-31.4297611,121.4325385,RF
122.8932189,-54.12996792,-68.76325094,-29.74881225,-32.23754228,121.4189926,RF
118.5267351,-29.28188969,-89.24484545,-14.8249301,-33.10772098,121.4054482,RF
109.5513128,-5.009131072,-104.5421818,1.77E-11,-33.91262039,121.3929064,RF
109.5513128,-5.009131071,-104.5421818,4.46E-10,-33.91262039,121.3929064,RF
95.01387766,21.43554942,-116.4494271,14.54374901,-34.78126206,121.3793649,RF
76.08018848,46.95903519,-123.0392237,29.44327377,-35.62990892,121.365825,RF
53.62867687,70.37616018,-124.0048371,42.57331941,-36.43679437,121.3522866,RF
28.70613696,90.58961875,-119.2957557,53.88578216,-37.17582173,121.3387496,RF
2.375384159,106.7272737,-109.1026578,62.1507692,-37.84284941,121.3252142,RF
2.260266838,106.7868042,-109.0470711,62.18901592,-37.84539245,121.3251554,RF
2.260266837,106.7868042,-109.0470711,62.18901592,-37.84539245,121.3251554,RF
-24.10930324,117.9752247,-93.86592144,68.53258654,-38.39338942,121.3116215,RF
-49.42290357,123.817758,-74.39485443,71.49495679,-38.83963482,121.2980892,RF
-72.46963129,124.0075768,-51.53794551,71.20966493,-39.15763273,121.2845583,RF
-92.17679781,118.5411177,-26.36431985,68.04862737,-39.33540841,121.271029,RF
-106.4929894,108.8068182,-2.313828868,61.11296242,-39.37055735,121.2587057,RF
-106.4929894,108.8068182,-2.313828867,61.11296242,-39.37055735,121.2587057,RF
-117.4682357,93.42822181,24.04001391,52.74792933,-39.25983148,121.2451792,RF
-123.071472,73.79331243,49.27815959,41.06164266,-39.00654701,121.2316543,RF
-123.0184941,50.8144603,72.20403378,28.06289496,-38.60576733,121.2181309,RF
-117.3150059,25.56436516,91.75064073,14.05974801,-38.06184036,121.2046089,RF
-107.8806903,2.499225962,105.3814644,5.90E-10,-37.47188975,121.1928046,RF
-107.8806903,2.499225961,105.3814644,2.60E-10,-37.47188975,121.1928046,RF
-92.47881746,-23.86009118,116.3389086,-14.34594976,-36.67908829,121.1792855,RF
-72.82859469,-49.08667284,121.9152675,-28.16483604,-35.77840408,121.1657679,RF
-49.82757197,-72.03174137,121.8593133,-40.63305906,-34.78948684,121.1522517,RF
-24.51687272,-91.55888873,116.0757615,-51.1422206,-33.70061734,121.1387371,RF
-2.913180142,-104.4098409,107.323021,-57.74046695,-32.77377429,121.1276481,RF
-2.913180141,-104.4098409,107.323021,-57.74046695,-32.77377429,121.1276481,RF
23.49290837,-115.6487794,92.15587099,-63.57496781,-31.61174187,121.1141362,RF
48.80573459,-121.4921373,72.68640271,-66.01791248,-30.42453251,121.1006258,RF
71.86364979,-121.6953366,49.83168681,-65.33039935,-29.24132861,121.0871168,RF
91.63669716,-116.2546549,24.61795773,-61.75575507,-28.08373651,121.0736094,RF
102.7616263,-109.2835642,6.52193785,-56.66021565,-27.2986019,121.0643184,RF
102.7616263,-109.2835642,6.521937849,-56.66021565,-27.2986019,121.0643184,RF
114.9080234,-94.95965802,-19.94836535,-49.00144286,-26.22015255,121.0508135,RF
121.7609754,-76.20884703,-45.55212833,-37.64069062,-25.21863672,121.0373101,RF
123.0037957,-53.88840048,-69.11539525,-25.26943282,-24.31154783,121.0238082,RF
118.5170043,-29.00176379,-89.51524052,-11.29891203,-23.50614385,121.0103078,RF
111.5656469,-9.394406327,-102.1712405,6.37E-10,-22.98464087,121.0001814,RF
111.5656469,-9.394406326,-102.1712405,1.01E-09,-22.98464087,121.0001814,RF
97.82156568,17.10788675,-114.9294524,14.72626636,-22.40292604,120.9866836,RF
79.55750129,42.89057835,-122.4480796,28.01472276,-21.95948173,120.9731873,RF
57.59052405,66.74544573,-124.3359698,41.16602416,-21.6555201,120.9596925,RF
32.9857656,87.55650197,-120.5422676,51.93288461,-21.49548355,120.9461993,RF
12.7184056,101.0529946,-113.7714002,58.52535862,-21.47238947,120.9357055,RF
12.7184056,101.0529946,-113.7714002,58.52535862,-21.47238947,120.9357055,RF
-13.78709626,114.26884,-100.4817437,64.64954082,-21.56847771,120.9222149,RF
-39.67507168,122.2683493,-82.59327759,67.89731047,-21.79924193,120.9087258,RF
-63.75329849,124.7003923,-60.94709378,67.96904521,-22.15840679,120.8952383,RF
-84.89092348,121.4402049,-36.54928144,65.44521973,-22.63049745,120.8817522,RF
-98.90596568,114.9168841,-16.01091845,59.81765657,-23.0840807,120.8711044,RF
-98.90596568,114.9168841,-16.01091845,59.81765657,-23.0840807,120.8711044,RF
-112.4884013,102.0081252,10.48027605,51.95709867,-23.72772014,120.857621,RF
-120.9237732,84.45947572,36.46429753,40.95122711,-24.45123859,120.8441391,RF
-123.8036498,63.0771869,60.72646288,28.41605348,-25.232314,120.8306588,RF
-121.0080927,38.81856174,82.18953092,15.14457683,-26.06254911,120.81718,RF
-113.5655776,15.21546581,98.35011181,6.55E-10,-26.81345424,120.8049023,RF
-113.5655776,15.21546581,98.35011181,3.65E-10,-26.81345424,120.8049023,RF
-100.4509542,-11.28371311,111.7346673,-14.83362306,-27.65019318,120.7914263,RF
-82.72111521,-37.21762279,119.938738,-28.90473984,-28.47403215,120.7779519,RF
-61.20248372,-61.40357485,122.6060586,-41.86139984,-29.27418453,120.764479,RF
-36.83845449,-82.67879157,119.5172461,-53.67957594,-30.00714678,120.7510076,RF
-12.29387999,-99.2147212,111.5086012,-62.09529859,-30.63411968,120.7382755,RF
-12.29387999,-99.2147212,111.5086012,-62.09529859,-30.63411968,120.7382755,RF
14.20585826,-112.2463468,98.04048854,-68.37122518,-31.237691,120.724807,RF
40.04082748,-120.0308434,79.99001592,-71.46135064,-31.74385352,120.7113401,RF
64.02116581,-122.2425839,58.22141806,-71.38569324,-32.15575242,120.6978746,RF
85.02361251,-118.7602526,33.73664011,-68.36513742,-32.45850616,120.6844106,RF
100.8176223,-110.7380749,9.920452655,-61.86592792,-32.6453792,120.672127,RF
100.8176223,-110.7380749,9.920452655,-61.86592792,-32.6453792,120.672127,RF
113.5924159,-97.03176742,-16.56064846,-53.58406149,-32.73413676,120.6586659,RF
121.1475437,-78.80378241,-42.34376127,-42.02065379,-32.72348285,120.6452063,RF
123.1071659,-56.89052342,-66.21664244,-28.94163403,-32.61070011,120.6317483,RF
119.3832001,-32.31734728,-87.06585279,-14.72796688,-32.40222374,120.6182917,RF
111.2110473,-8.629538591,-102.5815087,-4.86E-10,-32.13649563,120.6061025,RF
111.2110473,-8.62953859,-102.5815087,-1.46E-10,-32.13649563,120.6061025,RF
97.32236567,17.84583842,-115.1682041,14.31365213,-31.7693818,120.5926488,RF
78.94934637,43.57127533,-122.5206217,29.14768855,-31.34913278,120.5791965,RF
56.90955817,67.37980881,-124.289367,42.34308579,-30.88851281,120.5657458,RF
32.2124339,88.09062195,-120.3030558,53.69770113,-30.38334001,120.5522966,RF
8.678644933,103.3424323,-112.0210772,61.52608974,-29.92680085,120.5401698,RF
8.678644932,103.3424323,-112.0210772,61.52608974,-29.92680085,120.5401698,RF
-17.80994439,115.8044702,-97.9945258,67.94164971,-29.43220383,120.5267234,RF
-43.4901459,122.9682216,-79.47807574,70.87260083,-28.95753287,120.5132785,RF
-67.1873343,124.534931,-57.34759669,70.64376308,-28.52749064,120.4998351,RF
-87.8427788,120.439066,-32.59628724,67.55505471,-28.16077673,120.4863932,RF
-101.861943,112.7879849,-10.92604194,61.53241154,-27.89733221,120.4752595,RF
-101.861943,112.7879849,-10.92604194,61.53241154,-27.89733221,120.4752595,RF
-114.4979013,98.95996636,15.53793493,53.46382463,-27.66870984,120.4618203,RF
-121.8867905,80.60373367,41.28305688,42.12530677,-27.53653486,120.4483826,RF
-123.669523,58.5937779,65.07574507,28.85436177,-27.5095661,120.4349464,RF
-119.7770964,33.94333563,85.83376076,13.64066925,-27.59589749,120.4215118,RF
-111.5958349,10.57233175,101.0235032,5.96E-10,-27.76790257,120.4095023,RF
-111.5958349,10.57233175,101.0235032,1.84E-10,-27.76790257,120.4095023,RF
-97.64459825,-15.89548957,113.5400878,-14.73311448,-28.07025831,120.3960705,RF
-79.19077956,-41.59744554,120.7882251,-29.6610081,-28.48597657,120.3826401,RF
-57.10941785,-65.32649377,122.4359116,-42.95379794,-29.00933792,120.3692113,RF
-32.42435129,-85.97822518,118.4025765,-54.56329021,-29.62806136,120.355784,RF
-7.590597266,-101.8886204,109.4792177,-62.54729511,-30.3020857,120.3430637,RF
-7.590597266,-101.8886204,109.4792177,-62.54729511,-30.3020857,120.3430637,RF
18.85361146,-113.9891504,95.13553898,-68.97575107,-31.07009596,120.3296393,RF
44.4470352,-120.8098491,76.36281387,-72.30495903,-31.9021736,120.3162164,RF
67.9743365,-122.0082282,54.03389171,-72.37371938,-32.77111083,120.302795,RF
88.33869009,-117.5299575,29.19126738,-69.7070595,-33.65288697,120.2893751,RF
103.9952881,-108.138333,4.143044876,-62.37415484,-34.49994116,120.2765882,RF
103.9952881,-108.138333,4.143044876,-62.37415484,-34.49994116,120.2765882,RF
115.6628593,-93.39015418,-22.27270514,-54.13602495,-35.34700312,120.2631712,RF
122.0168278,-74.28234527,-47.73448257,-42.44991005,-36.15839438,120.2497558,RF
122.7322599,-51.6971752,-71.03508465,-29.42133328,-36.90190136,120.2363419,RF
117.7861593,-26.6447933,-91.14136596,-15.55292927,-37.56921724,120.2229294,RF
108.2899952,-2.299605066,-105.9903901,-5.81E-10,-38.06486375,120.2105129,RF
108.2899952,-2.299605065,-105.9903901,-2.27E-10,-38.06486375,120.2105129,RF
93.29356579,24.09058832,-117.3841541,14.73560557,-38.50134143,120.1971034,RF
73.95976887,49.4497125,-123.4094814,29.20914539,-38.80071692,120.1836954,RF
51.20254913,72.60255468,-123.8051038,41.29758714,-38.96159893,120.1702888,RF
26.01541926,92.487101,-118.5025203,51.60050165,-38.96461014,120.1568838,RF
2.285877861,106.7790464,-109.0649243,60.35093925,-38.82521957,120.1447986,RF
2.285877861,106.7790464,-109.0649243,60.35093925,-38.82521957,120.1447986,RF
-24.06792127,117.9908562,-93.92293494,66.38194564,-38.52873527,120.1313964,RF
-49.38574125,123.8414968,-74.4557555,68.69273725,-38.07511002,120.1179957,RF
-72.43982205,124.0451476,-51.60532551,68.46338961,-37.47402292,120.1045965,RF
-92.15796933,118.5882998,-26.43033045,65.13685057,-36.7316556,120.0911988,RF
-106.0082396,109.3276775,-3.319437852,58.55290039,-35.97227026,120.0794693,RF
-106.0082396,109.3276775,-3.319437852,58.55290038,-35.97227026,120.0794693,RF
-117.1820321,94.11921843,23.06281364,50.2169411,-34.99841548,120.0660744,RF
-122.9971533,74.62748081,48.36967251,38.78736071,-33.93301174,120.0526809,RF
-123.161177,51.75338058,71.40779642,25.98990553,-32.79328443,120.039289,RF
-117.6783794,26.52139112,91.15698824,12.3841252,-31.60396648,120.0258985,RF
-109.8012747,6.485807956,103.3154667,5.66E-10,-30.66173392,120.0157072,RF
-109.8012747,6.485807955,103.3154667,2.21E-10,-30.66173392,120.0157072,RF
-95.10345376,-19.94268252,115.0461363,-13.26123323,-29.42977223,120.0023193,RF
-76.03107314,-45.43236422,121.4634374,-27.32333168,-28.21068484,119.9889329,RF
-53.48015091,-68.76250164,122.2426526,-39.71060645,-27.02886377,119.975548,RF
-28.4495259,-88.89310717,117.3426331,-50.78351679,-25.90279815,119.9621645,RF
-8.870232335,-101.2293282,110.0995605,-56.90454621,-25.11171386,119.9521764,RF
-8.870232334,-101.2293282,110.0995605,-56.90454621,-25.11171386,119.9521764,RF
17.61417743,-113.6067716,95.99259412,-62.82914935,-24.14034703,119.9387955,RF
43.28092337,-120.693735,77.41281161,-65.64082242,-23.27975537,119.9254162,RF
66.94459027,-122.1755241,55.23093386,-65.40972159,-22.54775772,119.9120383,RF
87.54788378,-117.9911028,30.44321898,-62.46993469,-21.95743303,119.8986619,RF
99.40760206,-111.821194,12.41359194,-56.92786175,-21.62967176,119.8894261,RF
99.40760206,-111.821194,12.41359194,-56.92786175,-21.62967176,119.8894261,RF
112.6621769,-98.57362956,-14.08854729,-49.69638301,-21.28885821,119.8760522,RF
120.7319166,-80.73868308,-39.99323357,-38.54085669,-21.10490659,119.8626798,RF
123.2371589,-59.12459579,-64.11256314,-26.47834238,-21.07733651,119.849309,RF
120.002363,-34.7035079,-85.29885508,-12.34491727,-21.19654571,119.8359395,RF
113.2935583,-13.59804193,-99.69551638,6.66E-10,-21.3984888,119.8250588,RF
113.2935583,-13.59804193,-99.69551638,1.06E-09,-21.3984888,119.8250588,RF
100.3301118,12.90885902,-113.2389708,14.84237617,-21.77244492,119.8116921,RF
82.72925604,38.8878529,-121.6171089,28.13401869,-22.27112098,119.7983269,RF
61.28313715,63.12278442,-124.4059216,41.72692709,-22.87399159,119.7849632,RF
37.02631619,84.4803844,-121.5067006,52.89511755,-23.56326226,119.771601,RF
13.51237672,100.5684366,-114.0808134,60.5714133,-24.25528597,119.7594913,RF
13.51237672,100.5684366,-114.0808134,60.5714133,-24.25528597,119.7594913,RF
-12.98764857,113.9243578,-100.9367093,66.78307847,-25.06684215,119.746132,RF
-38.91225935,122.0844888,-83.17222949,70.01947875,-25.91121671,119.7327741,RF
-63.05975821,124.6828625,-61.62310432,70.01948236,-26.76930963,119.7194178,RF
-84.32033361,121.5776036,-37.25727002,66.64032388,-27.61850898,119.7060629,RF
-99.61005291,114.3884491,-14.77839623,61.61101602,-28.32567302,119.6945003,RF
-99.61005291,114.3884491,-14.77839623,61.61101602,-28.32567302,119.6945003,RF
-112.9786193,101.2590807,11.71953861,52.89798011,-29.10436156,119.6811483,RF
-121.1560325,83.50997672,37.64605581,41.82440746,-29.82192839,119.6677977,RF
-123.7716619,61.97253192,61.79912997,28.9043169,-30.46539487,119.6544486,RF
-120.6942496,37.6469917,83.04725793,15.11695863,-31.01572458,119.6411011,RF
-112.8639645,13.51917308,99.34479143,1.35E-09,-31.4443152,119.6287319,RF
-112.8639645,13.51917308,99.34479143,1.01E-09,-31.4443152,119.6287319,RF
-99.43028479,-12.96986504,112.4001498,-14.13341159,-31.7897437,119.6153872,RF
-81.44710878,-38.82019199,120.2673008,-28.8281885,-32.03575154,119.602044,RF
-59.7079607,-62.86521339,122.5731741,-41.87103124,-32.17875705,119.5887023,RF
-35.21252245,-83.90607497,119.1185974,-53.63119529,-32.18796833,119.5753621,RF
-10.46293891,-100.2728892,110.7358281,-61.87508962,-32.10548051,119.5626771,RF
-10.46293891,-100.2728892,110.7358281,-61.87508962,-32.10548051,119.5626771,RF
16.03959084,-112.9682946,96.92870371,-67.97330409,-31.93624679,119.5493398,RF
41.78206453,-120.3767578,78.59469331,-70.85820528,-31.66961782,119.536004,RF
65.5942859,-122.1984272,56.60414133,-70.469053,-31.33097764,119.5226696,RF
86.35764065,-118.328931,31.97129031,-67.23384715,-30.92745648,119.5093367,RF
100.8639926,-110.7289174,9.864924788,-61.54119127,-30.54808366,119.4980624,RF
100.8639926,-110.7289174,9.864924787,-61.54119127,-30.54808366,119.4980624,RF
113.6354394,-97.01543901,-16.62000036,-53.03369862,-30.06825976,119.4847322,RF
121.1787906,-78.77927286,-42.39951771,-41.54003397,-29.57669839,119.4714036,RF
123.1283218,-56.86075053,-66.26757128,-28.44416343,-29.0890225,119.4580764,RF
119.4063683,-32.24400935,-87.16235893,-14.48969464,-28.6262223,119.4447507,RF
111.5355456,-9.379786934,-102.1557587,1.16E-10,-28.23726818,119.433081,RF
111.5355456,-9.379786934,-102.1557587,4.46E-10,-28.23726818,119.433081,RF
97.80924408,17.08800326,-114.8972473,15.12841782,-27.8555969,119.4197581,RF
79.54438422,42.85559298,-122.3999772,29.33048161,-27.54031492,119.4064367,RF
57.59528281,66.72757596,-124.3228588,42.6413188,-27.30948097,119.3931168,RF
32.95740032,87.54284435,-120.5002447,53.44798177,-27.16253774,119.3797983,RF
9.9499174,102.6252334,-112.5751508,61.65183603,-27.11938547,119.3680421,RF
9.9499174,102.6252334,-112.5751508,61.65183603,-27.11938547,119.3680421,RF
-16.54585397,115.3173706,-98.77151663,68.24028284,-27.17454982,119.3547265,RF
-42.29114626,122.7412556,-80.45010933,71.38472011,-27.33847401,119.3414123,RF
-66.10635668,124.5748773,-58.46852058,71.44781053,-27.61519343,119.3280996,RF
-86.92558675,120.7401448,-33.81455806,68.75077419,-28.00726655,119.3147884,RF
-102.1667802,112.5194326,-10.35265234,61.90671033,-28.43448884,119.3028455,RF
-102.1667802,112.5194326,-10.35265234,61.90671033,-28.43448884,119.3028455,RF
-114.6880817,98.58789939,16.10018226,54.06659474,-29.00393512,119.2895372,RF
-121.9557053,80.13777933,41.817926,42.69388247,-29.66476824,119.2762303,RF
-123.6108706,58.06255805,65.54831257,29.47845919,-30.39514973,119.2629249,RF
-119.5979083,33.37071502,86.22719329,14.50627564,-31.18595757,119.249621,RF
-110.6805669,8.540870925,102.139696,1.68E-09,-31.97318874,119.237011,RF
-110.6805669,8.540870924,102.139696,1.28E-09,-31.97318874,119.237011,RF
-96.35761907,-17.90344022,114.2610593,-14.6595933,-32.81625959,119.22371,RF
-77.59474047,-43.49778731,121.0925278,-29.32078994,-33.66690985,119.2104105,RF
-55.27424721,-67.03029734,122.3045446,-42.33533169,-34.4990611,119.1971125,RF
-30.4336715,-87.40840198,117.8420735,-53.59952892,-35.28919884,119.1838159,RF
-4.624168344,-103.4813509,108.1055192,-61.53714222,-36.01355189,119.1707622,RF
-4.624168343,-103.4813509,108.1055192,-61.53714222,-36.01355189,119.1707622,RF
21.78713192,-115.0205213,93.23338942,-68.36922128,-36.6596415,119.1574686,RF
47.21546889,-121.2370298,74.02156086,-70.62335526,-37.22058145,119.1441765,RF
70.43221717,-121.8067788,51.37456159,-70.61290918,-37.66364305,119.1308859,RF
90.42167199,-116.6741463,26.25247436,-66.59850539,-37.97558775,119.1175968,RF
105.1446472,-107.1031238,1.95847661,-60.7309819,-38.13244564,119.1053177,RF
105.1446472,-107.1031238,1.958476609,-60.7309819,-38.13244564,119.1053177,RF
116.4274159,-91.98339398,-24.44402191,-52.13808313,-38.1753309,119.0920315,RF
122.3218878,-72.55209914,-49.76978869,-40.59344494,-38.06030648,119.0787467,RF
122.5759389,-49.72634807,-72.84959085,-27.55113071,-37.79433783,119.0654634,RF
117.1648015,-24.56197643,-92.60282507,-13.78201219,-37.37239702,119.0521816,RF
108.0536092,-1.685668966,-106.3679402,8.45E-10,-36.8839777,119.0406648,RF
108.0536092,-1.685668965,-106.3679402,1.19E-09,-36.8839777,119.0406648,RF
92.9186675,24.71166392,-117.6303314,13.73105169,-36.1848794,119.0273858,RF
73.49576111,50.05042383,-123.5461849,28.0707383,-35.3639458,119.0141082,RF
50.65639763,73.16130667,-123.8177043,40.80413763,-34.42852341,119.0008321,RF
25.45670533,92.89812565,-118.354831,50.6448406,-33.3730002,118.9875575,RF
3.041869099,106.4263229,-109.468192,57.14930293,-32.42777922,118.9762422,RF
3.041869098,106.4263229,-109.468192,57.14930293,-32.42777922,118.9762422,RF
-23.38715357,117.8067507,-94.41959715,63.06653174,-31.26080321,118.9629703,RF
-48.75084703,123.8142716,-75.06342454,65.25073207,-30.05648334,118.9496998,RF
-71.8875596,124.158788,-52.27122841,65.61762983,-28.83352714,118.9364309,RF
-91.71117382,118.7913182,-27.08014434,62.40897078,-27.61087191,118.9231634,RF
-103.5853314,111.4935606,-7.908229264,56.24969136,-26.7552252,118.9134714,RF
-103.5853314,111.4935606,-7.908229263,56.24969136,-26.7552252,118.9134714,RF
-115.7088903,97.13242947,18.57646084,47.75578712,-25.62740805,118.9002064,RF
-122.421173,78.19375232,44.22742064,37.45138926,-24.54799164,118.8869429,RF
-123.5079111,55.88033268,67.62757845,24.64932071,-23.58213796,118.8736809,RF
-119.0410613,31.06859214,87.97246916,10.25530294,-22.74112549,118.8604203,RF
-112.7871993,13.23838151,99.54881775,4.09E-10,-22.23377231,118.8514074,RF
-112.7871993,13.23838151,99.54881775,2.56E-11,-22.23377231,118.8514074,RF
-99.29491375,-13.28569316,112.5806069,-14.19966604,-21.60854314,118.8381494,RF
-81.26130733,-39.12234074,120.3836481,-28.08100221,-21.135203,118.8248927,RF
-59.50091159,-63.10105528,122.6019669,-40.76371204,-20.81942379,118.8116376,RF
-34.97606917,-84.15182645,119.1278956,-50.91899588,-20.66690821,118.798384,RF
-15.03980289,-97.64620878,112.6860117,-57.91018,-20.65639147,118.7882178,RF
-15.03980288,-97.64620878,112.6860117,-57.91018,-20.65639147,118.7882178,RF
11.46155699,-111.1788296,99.71727265,-64.25385083,-20.78452199,118.7749667,RF
37.42936125,-119.5357216,82.10636034,-67.48567534,-21.06435328,118.7617172,RF
61.66133552,-122.338862,60.67752644,-67.71374966,-21.48627729,118.7484691,RF
83.02288776,-119.4475766,36.42468886,-65.22778838,-22.03276277,118.7352225,RF
98.02656815,-112.7284318,14.70186362,-59.35019867,-22.58447401,118.7241371,RF
98.02656815,-112.7284318,14.70186362,-59.35019867,-22.58447401,118.7241371,RF
111.6963126,-99.90961975,-11.78669283,-51.50941476,-23.31804957,118.7108932,RF
120.231108,-82.43793152,-37.79317645,-40.5390228,-24.13233554,118.6976508,RF
123.2134272,-61.11527213,-62.09815512,-28.04329362,-24.99964049,118.6844099,RF
120.5176214,-36.89775859,-83.61986284,-14.71888901,-25.90654256,118.6711705,RF
113.6231464,-14.48342305,-99.1397234,5.16E-10,-26.67925787,118.6597087,RF
113.6231464,-14.48342305,-99.1397234,8.71E-10,-26.67925787,118.6597087,RF
100.8385311,11.99662525,-112.8351563,14.2867216,-27.56727161,118.646472,RF
83.3790877,37.9989688,-121.3780565,28.92174276,-28.42202437,118.6332369,RF
62.0651579,62.31708271,-124.3822406,41.21823183,-29.226304,118.6200032,RF
37.83130101,83.8390409,-121.6703419,52.19011795,-29.95755839,118.606771,RF
13.23923074,100.6991159,-113.9383467,61.73769448,-30.55273483,118.5941973,RF
13.23923074,100.6991159,-113.9383467,61.73769448,-30.55273483,118.5941973,RF
-13.26222962,114.0159506,-100.753721,67.76502725,-31.09627076,118.580968,RF
-39.17158515,122.1189472,-82.947362,70.98001219,-31.52101982,118.5677402,RF
-63.29342934,124.6618956,-61.36846624,70.96375234,-31.83013728,118.5545138,RF
-84.49700541,121.5090886,-37.01208321,68.05004114,-32.01205554,118.541289,RF
-100.8214741,113.5618246,-12.74035056,61.38702216,-32.0759569,118.5289687,RF
-100.8214741,113.5618246,-12.74035056,61.38702216,-32.0759569,118.5289687,RF
-113.7897895,100.0455978,13.74419173,53.22350657,-32.01818864,118.5157467,RF
-121.5589186,81.97880627,39.58011228,41.70930858,-31.85604656,118.5025262,RF
-123.7406842,60.19028707,63.55039716,28.7067744,-31.59219123,118.4893071,RF
-120.2367457,35.69988927,84.53685639,14.52255731,-31.23890343,118.4760895,RF
-112.3020605,12.15851899,100.1435415,1.30E-09,-30.8539567,118.4641722,RF
-112.3020605,12.15851899,100.1435415,9.61E-10,-30.8539567,118.4641722,RF
-98.62380092,-14.3242449,112.9480458,-14.29506682,-30.37029761,118.4509574,RF
-80.42767701,-40.10939416,120.5370712,-29.05046584,-29.85441585,118.4377441,RF
-58.52772438,-64.02482752,122.5525519,-42.12489311,-29.32430542,118.4245322,RF
-33.91823211,-84.89488779,118.8131199,-53.41654844,-28.78135323,118.4113218,RF
-10.75209758,-100.1276296,110.8797272,-61.19425503,-28.32322454,118.3995769,RF
-10.75209758,-100.1276296,110.8797272,-61.19425503,-28.32322454,118.3995769,RF
15.7441256,-112.8674074,97.12328183,-67.5380424,-27.85124791,118.3863693,RF
41.50359073,-120.3388687,78.83527792,-70.57341142,-27.43432011,118.3731631,RF
65.34240412,-122.2227058,56.88030173,-70.43009385,-27.09499143,118.3599585,RF
86.19247459,-118.4384374,32.24596278,-67.46062846,-26.84991972,118.3467552,RF
100.7086018,-110.8310465,10.12244477,-61.3134151,-26.70979108,118.3355712,RF
100.7086018,-110.8310465,10.12244477,-61.3134151,-26.70979108,118.3355712,RF
113.530014,-97.18198599,-16.34802804,-53.22608197,-26.65453845,118.3223707,RF
121.1224527,-78.97793212,-42.14452054,-41.94931089,-26.71689473,118.3091717,RF
123.1160775,-57.0855091,-66.03056837,-28.68713097,-26.8986569,118.2959742,RF
119.4324203,-32.51279154,-86.91962879,-13.63211481,-27.2014189,118.2827781,RF
111.3444252,-8.97488349,-102.3695417,7.75E-10,-27.5720501,118.2708832,RF
111.3444252,-8.974883489,-102.3695417,1.18E-09,-27.5720501,118.2708832,RF
97.53574655,17.49938917,-115.0351357,14.72449821,-28.0868467,118.2576899,RF
79.20187966,43.24380586,-122.4456855,29.50136724,-28.70249481,118.2444981,RF
57.21165908,67.04947873,-124.2611378,42.67108063,-29.40572072,118.2313078,RF
32.5858008,87.80836291,-120.3941637,54.16984029,-30.17753831,118.218119,RF
7.360954611,104.072474,-111.4334286,62.11703436,-30.97987743,118.2054178,RF
7.36095461,104.072474,-111.4334286,62.11703436,-30.97987743,118.2054178,RF
-19.09281131,116.244353,-97.15154172,69.01772617,-31.83257122,118.1922318,RF
-44.71365619,123.150443,-78.43678683,71.60394634,-32.71008918,118.1790474,RF
-68.25992265,124.4268051,-56.16688242,72.04160372,-33.57272942,118.1658644,RF
-88.7166829,119.9976732,-31.28099029,67.65927338,-34.4117308,118.1526829,RF
-103.7950029,111.1710295,-7.376026574,61.97590534,-35.11879506,118.1406527,RF
-103.7950029,111.1710295,-7.376026574,61.97590534,-35.11879506,118.1406527,RF
-115.7738441,96.69262342,19.08122066,53.29801395,-35.83896913,118.1274741,RF
-122.4226451,77.8014134,44.62123168,41.71144403,-36.46525962,118.1142969,RF
-123.4459588,55.36930667,68.07665215,29.56889246,-36.98579607,118.1011212,RF
-118.7552238,30.39029901,88.36492481,15.43284634,-37.3779629,118.087947,RF
-109.2547727,5.449194547,103.8055782,-5.06E-11,-37.61821542,118.075411,RF
-109.2547727,5.449194546,103.8055782,-4.89E-10,-37.61821542,118.075411,RF
-94.38166164,-20.9819735,115.3636351,-14.55275076,-37.7416049,118.0622396,RF
-75.15742108,-46.39326606,121.5506871,-28.41913189,-37.70604428,118.0490697,RF
-52.48176853,-69.6429801,122.1247486,-41.10044982,-37.52621599,118.0359013,RF
-27.36268864,-89.59584205,116.9585307,-51.59407519,-37.16512066,118.0227343,RF
-3.088045181,-104.2987465,107.3867917,-58.98012788,-36.70227528,118.0105766,RF
-3.08804518,-104.2987465,107.3867917,-58.98012788,-36.70227528,118.0105766,RF
23.31841659,-115.5767647,92.25834811,-64.73960936,-36.07444302,117.9974125,RF
48.64370775,-121.4593783,72.81567058,-67.17146428,-35.30359721,117.9842498,RF
71.72101259,-121.7027067,49.98169414,-66.44786112,-34.4150453,117.9710886,RF
91.51945514,-116.300518,24.78106286,-62.63900312,-33.42683509,117.9579288,RF
103.8322873,-108.3827781,4.550490863,-57.32855657,-32.58539614,117.9478176,RF
103.8322873,-108.3827781,4.550490862,-57.32855657,-32.58539614,117.9478176,RF
115.6028697,-93.71297477,-21.88989491,-49.47465353,-31.4484694,117.9346605,RF
122.049685,-74.66482161,-47.3848634,-37.95936964,-30.26282382,117.9215047,RF
122.8716411,-52.11795251,-70.7536886,-25.48329001,-29.05355006,117.9083505,RF
117.9706973,-27.09294694,-90.87775031,-11.51099365,-27.83145546,117.8951976,RF
110.341422,-6.565419595,-103.7760024,3.59E-11,-26.896765,117.8849005,RF
110.341422,-6.565419594,-103.7760024,4.06E-10,-26.896765,117.8849005,RF
96.08138928,19.91783618,-115.9992255,14.59772711,-25.73903947,117.8717502,RF
77.38009098,45.5543079,-122.9343989,27.62063105,-24.64544573,117.8586015,RF
55.07653194,69.13774329,-124.2142752,40.44655077,-23.63137398,117.8454542,RF
30.25068853,89.56955073,-119.8202393,50.76429408,-22.72372475,117.8323083,RF
11.18907417,101.9600051,-113.1490792,56.6911556,-22.13776868,117.8227268,RF
11.18907417,101.9600051,-113.1490792,56.6911556,-22.13776868,117.8227268,RF
-15.31696138,114.8923239,-99.57536248,62.56393007,-21.45041629,117.8095835,RF
-41.13461786,122.5779235,-81.44330562,65.53905257,-20.90518948,117.7964416,RF
-65.07585324,124.6823556,-59.60650234,65.41097687,-20.51343461,117.7833012,RF
-86.06839701,121.1137067,-35.04530967,62.58341516,-20.28234757,117.7701623,RF
-98.42093268,115.2478091,-16.82687637,57.11139255,-20.20952303,117.7609549,RF
-98.42093268,115.2478091,-16.82687637,57.11139255,-20.20952303,117.7609549,RF
-112.1620432,102.4921847,9.669858509,50.04649522,-20.24327613,117.7478184,RF
-120.7689337,85.07802354,35.69091015,39.01183579,-20.43290911,117.7346835,RF
-123.8371926,63.79536183,60.04183073,27.0977643,-20.7707047,117.7215499,RF
-121.1636722,39.59795932,81.56571291,12.89201471,-21.23878657,117.7084179,RF
-114.4420418,17.4164862,97.02555557,4.48E-10,-21.73363064,117.6971441,RF
-114.4420418,17.4164862,97.02555557,4.79E-11,-21.73363064,117.6971441,RF
-101.7516539,-9.085452102,110.837106,-14.80454841,-22.41372192,117.6840148,RF
-84.38150225,-35.12648537,119.5079876,-27.87953871,-23.18305906,117.670887,RF
-63.11989832,-59.48656399,122.6064623,-41.57674639,-24.01468178,117.6577606,RF
-38.98753016,-81.02751093,120.0150411,-52.69905088,-24.88647593,117.6446357,RF
-14.24819725,-98.10011972,112.348317,-60.5351075,-25.74667233,117.6321029,RF
-14.24819725,-98.10011972,112.348317,-60.5351075,-25.74667233,117.6321029,RF
12.25277767,-111.4824245,99.22964686,-66.81364587,-26.64382036,117.6189809,RF
38.18579706,-119.6737807,81.48798364,-69.88036061,-27.51941269,117.6058603,RF
62.34761377,-122.3033085,59.95569475,-69.77029114,-28.35372792,117.5927412,RF
83.62714505,-119.2299386,35.60279358,-66.38348628,-29.12381677,117.5796236,RF
99.09933117,-111.9595214,12.86019022,-61.29343222,-29.72732283,117.5681333,RF
99.09933117,-111.9595214,12.86019022,-61.29343222,-29.72732283,117.5681333,RF
112.4461371,-98.80626319,-13.63987387,-52.50033845,-30.33217351,117.5550184,RF
120.5990299,-81.03692529,-39.56210461,-41.44104377,-30.83012097,117.5419051,RF
123.188496,-59.48284417,-63.70565179,-28.52559283,-31.21451064,117.5287932,RF
120.0846733,-35.14430735,-84.94036595,-14.70770676,-31.47384285,117.5156827,RF
112.3918123,-11.40427999,-100.9875323,-2.51E-10,-31.60457081,117.5037268,RF
112.3918123,-11.40427999,-100.9875323,9.19E-11,-31.60457081,117.5037268,RF
99.00992908,15.08744105,-114.0973701,14.09715201,-31.62087741,117.4906192,RF
81.06727391,40.95216212,-122.019436,28.68510511,-31.52687329,117.477513,RF
59.36179852,65.02121979,-124.3830183,41.65503581,-31.32895286,117.4644083,RF
34.93305331,86.0576115,-120.9906648,52.96922898,-31.00914685,117.451305,RF
10.95888644,102.0795875,-113.0384739,61.22938201,-30.66383105,117.4392468,RF
10.95888644,102.0795875,-113.0384739,61.22938201,-30.66383105,117.4392468,RF
-15.55742523,114.9424279,-99.38500262,66.81813944,-30.20256689,117.4261464,RF
-41.36223288,122.5956223,-81.23338937,69.9502862,-29.70227138,117.4130474,RF
-65.31868686,124.671946,-59.35325914,70.12078797,-29.17374792,117.3999498,RF
-86.19909472,120.9479287,-34.74883398,66.74456437,-28.61162951,117.3868537,RF
-101.7956238,112.8117573,-11.01613352,60.58309586,-28.12403561,117.3749146,RF
-101.7956238,112.8117573,-11.01613352,60.58309586,-28.12403561,117.3749146,RF
-114.4890864,99.00095567,15.48813076,51.75452874,-27.6272963,117.3618213,RF
-121.8849762,80.65800814,41.22696804,40.33520656,-27.17554537,117.3487295,RF
-123.6971986,58.66266932,65.03452927,27.04221671,-26.79826357,117.3356391,RF
-119.842968,34.0040384,85.83892962,12.86563873,-26.51339271,117.3225501,RF
-112.4717862,12.57058724,99.90119896,2.49E-10,-26.34381085,117.3118126,RF
-112.4717862,12.57058724,99.90119896,-5.62E-11,-26.34381085,117.3118126,RF
-98.88683015,-13.90419152,112.7910217,-14.90873829,-26.24840506,117.2987263,RF
-80.74198117,-39.72015856,120.4621397,-29.41828207,-26.27617978,117.2856415,RF
-58.89013365,-63.65897385,122.5491075,-42.5682693,-26.43289216,117.2725581,RF
-34.32076626,-84.57869144,118.8994577,-52.9952624,-26.71128915,117.2594762,RF
-10.92752359,-100.0190413,110.9465649,-61.48094316,-27.06970912,117.2477247,RF
-10.92752359,-100.0190413,110.9465649,-61.48094316,-27.06970912,117.2477247,RF
15.57222844,-112.7816456,97.20941719,-68.11402123,-27.58705904,117.2346456,RF
41.3376071,-120.2855324,78.94792528,-71.25858538,-28.21407301,117.2215679,RF
65.1892147,-122.200159,57.0109443,-71.37209537,-28.9406928,117.2084917,RF
86.05663059,-118.4428589,32.38622835,-68.61133296,-29.75682724,117.195417,RF
102.0972427,-109.7244483,7.62720555,-61.54157758,-30.57169308,117.1830408,RF
102.0972427,-109.7244483,7.627205549,-61.54157758,-30.57169308,117.1830408,RF
114.4430002,-95.62426551,-18.81873464,-53.70875532,-31.47450189,117.1699689,RF
121.5182816,-77.02937583,-44.48890575,-42.32875576,-32.40364381,117.1568985,RF
122.9779231,-54.85925658,-68.11866655,-29.03262846,-33.32279031,117.1438296,RF
118.756736,-30.06961389,-88.68712214,-14.79816494,-34.22010689,117.1307621,RF
109.6174262,-5.103301866,-104.5141243,5.70E-10,-35.01952122,117.1183089,RF
109.6174262,-5.103301865,-104.5141243,9.66E-10,-35.01952122,117.1183089,RF
95.08951079,21.35252565,-116.4420364,14.50553879,-35.78190471,117.1052443,RF
76.17844886,46.87956296,-123.0580118,28.37099626,-36.44943204,117.0921811,RF
53.70537933,70.3290506,-124.0344299,41.64531621,-36.99822903,117.0791194,RF
28.77013148,90.55346495,-119.3235964,52.80385302,-37.40189345,117.0660592,RF
2.524517103,106.6522273,-109.1767444,61.34935258,-37.65806153,117.0530164,RF
2.524517103,106.6522273,-109.1767444,61.34935258,-37.65806153,117.0530164,RF
-23.87970755,117.9269118,-94.04720428,66.57005128,-37.75899728,117.0399591,RF
-49.20500035,123.8134913,-74.60849092,69.079506,-37.68713652,117.0269033,RF
-72.28226217,124.0583914,-51.77612924,68.3229999,-37.44769656,117.0138489,RF
-92.0489915,118.6281152,-26.57912366,64.28371617,-37.03503826,117.0007959,RF
-105.3186228,109.9284087,-4.609785861,59.08452491,-36.55987576,116.989906,RF
-105.3186228,109.9284087,-4.60978586,59.08452491,-36.55987576,116.989906,RF
-116.7629883,94.9534114,21.80957693,50.08724727,-35.85456456,116.9768557,RF
-122.8421254,75.64747397,47.19465139,38.90466953,-35.0037887,116.9638068,RF
-123.2829778,52.91329842,70.36967943,26.02783165,-34.02857751,116.9507595,RF
-118.0549222,27.80621656,90.24870565,12.34753759,-32.94470889,116.9377135,RF
-110.1410459,7.203208919,102.9378369,9.48E-10,-32.03090846,116.9275094,RF
-110.1410459,7.203208918,102.9378369,6.01E-10,-32.03090846,116.9275094,RF
-95.56117265,-19.24957068,114.8107433,-13.98778192,-30.8071177,116.914466,RF
-76.60562831,-44.77244659,121.3780749,-28.38032446,-29.54758045,116.9014241,RF
-54.11089102,-68.19508058,122.3059716,-39.60412413,-28.26956521,116.8883836,RF
-29.10052378,-88.42478719,117.525311,-48.82920871,-26.99695138,116.8753446,RF
-8.973251963,-101.1697844,110.1430364,-56.26425351,-26.0520381,116.865312,RF
-8.973251962,-101.1697844,110.1430364,-56.26425351,-26.0520381,116.865312,RF
17.52023907,-113.5814384,96.06119935,-62.17354121,-24.87679015,116.8522755,RF
43.19280239,-120.6874035,77.4946011,-64.82950058,-23.78015941,116.8392405,RF
66.86888939,-122.1920136,55.32312423,-64.44098674,-22.78982869,116.8262069,RF
87.48536686,-118.030277,30.5449101,-61.33911191,-21.92502821,116.8131747,RF
99.22298794,-111.9643665,12.74137854,-56.22371763,-21.40828411,116.8042889,RF
99.22298794,-111.9643665,12.74137854,-56.22371763,-21.40828411,116.8042889,RF
112.5422062,-98.77854161,-13.76366454,-48.86752509,-20.78297336,116.7912592,RF
120.6793003,-80.99377791,-39.68552238,-37.86763141,-20.31787305,116.7782309,RF
123.2556148,-59.41968185,-63.83593292,-25.90573726,-20.01945306,116.7652041,RF
120.0921367,-35.02295748,-85.06917923,-11.81095113,-19.88524659,116.7521787,RF
113.6612934,-14.50371655,-99.15757687,-1.68E-11,-19.89605804,116.7418635,RF
113.6612934,-14.50371655,-99.15757687,3.70E-10,-19.89605804,116.7418635,RF
100.86799,12.00171874,-112.8697087,14.59573517,-20.05663516,116.7288408,RF
83.41199691,38.02293272,-121.4349296,27.78448806,-20.37157477,116.7158195,RF
62.07830575,62.33938732,-124.4176931,41.05358608,-20.82396521,116.7027996,RF
37.89925834,83.81449701,-121.7137553,52.0063769,-21.39772598,116.6897812,RF
15.46138389,99.40235969,-114.8637436,59.40178775,-21.98575799,116.6784968,RF
15.46138389,99.40235969,-114.8637436,59.40178775,-21.98575799,116.6784968,RF
-11.03762012,113.122825,-102.0852049,65.44342783,-22.7447173,116.6654811,RF
-37.04936209,121.6832428,-84.63388068,68.73014665,-23.57045459,116.6524669,RF
-61.36987341,124.7000187,-63.33014529,68.80292473,-24.44161175,116.6394541,RF
-82.88181602,122.0138755,-39.13205946,65.49686636,-25.33343277,116.6264428,RF
-98.43761078,115.1770889,-16.73947807,60.52476333,-26.09855968,116.6151838,RF
-98.43761078,115.1770889,-16.73947807,60.52476333,-26.09855968,116.6151838,RF
-112.1709118,102.4149964,9.755915356,51.98154869,-26.96336806,116.6021753,RF
-120.7516843,84.98101861,35.77066566,41.0978664,-27.78481952,116.5891682,RF
-123.7887089,63.69077448,60.09793438,28.39354223,-28.54423194,116.5761625,RF
-121.1305106,39.53220725,81.59830337,14.79095458,-29.21788566,116.5631583,RF
-113.7558887,15.6872829,98.06860582,6.85E-10,-29.76047095,116.5512069,RF
-113.7558887,15.6872829,98.06860582,3.49E-10,-29.76047095,116.5512069,RF
-100.726653,-10.80515129,111.5318043,-14.01611188,-30.23285568,116.5382055,RF
-83.08673861,-36.7575926,119.8443312,-28.50351566,-30.59937942,116.5252056,RF
-61.61817939,-60.99754374,122.6157231,-41.30057769,-30.8540166,116.5122071,RF
-37.30254352,-82.32589891,119.6284424,-52.92746772,-30.96482607,116.49921,RF
-12.73143167,-98.97344999,111.7048817,-61.20903724,-30.96422613,116.4868998,RF
-12.73143167,-98.97344999,111.7048817,-61.20903724,-30.96422613,116.4868998,RF
13.77958777,-112.0942314,98.31464359,-67.1789114,-30.86501811,116.4739056,RF
39.63758913,-119.9727055,80.33511641,-70.14565917,-30.65283023,116.4609128,RF
63.66314489,-122.2816265,58.61848158,-69.85203434,-30.35121236,116.4479215,RF
84.7284052,-118.8953777,34.16697252,-66.71029368,-29.9683078,116.4349316,RF
99.81896012,-111.4996239,11.6806638,-60.93048491,-29.5867005,116.4237238,RF
99.81896012,-111.4996239,11.6806638,-60.93048491,-29.5867005,116.4237238,RF
112.9319858,-98.12076169,-14.81122409,-52.53057605,-29.10038183,116.4107366,RF
120.8500482,-80.16814439,-40.68190379,-41.16415091,-28.59116244,116.3977508,RF
123.1888239,-58.46920111,-64.71962283,-28.20689784,-28.07720197,116.3847665,RF
119.8529043,-34.0004357,-85.85246865,-14.34983931,-27.5820046,116.3717837,RF
112.2270404,-11.00363162,-101.2234087,4.33E-10,-27.16029074,116.3603193,RF
112.2270404,-11.00363162,-101.2234087,7.59E-10,-27.16029074,116.3603193,RF
98.79842877,15.47284553,-114.2712743,14.96660913,-26.74471613,116.3473392,RF
80.78080483,41.33093023,-122.1117351,29.35069851,-26.39839232,116.3343605,RF
59.04196042,65.31153986,-124.3535003,42.18561913,-26.13676399,116.3213832,RF
34.5718839,86.34813099,-120.9200149,53.34569787,-25.9760861,116.3084074,RF
11.41081602,101.8124441,-113.2232601,61.72338166,-25.92929115,116.2968736,RF
11.41081602,101.8124441,-113.2232601,61.72338166,-25.92929115,116.2968736,RF
-15.0990258,114.7618602,-99.66283437,67.26862993,-25.98173972,116.2839006,RF
-40.92295521,122.4989637,-81.57600852,70.93757072,-26.15894431,116.2709289,RF
-64.90593113,124.6585969,-59.75266575,71.4274508,-26.46212903,116.2579588,RF
-85.84324742,121.0711823,-35.22793491,67.52384368,-26.87198056,116.24499,RF
-101.8511242,112.7773096,-10.92618532,61.85640008,-27.3610608,116.2329061,RF
-101.8511242,112.7773096,-10.92618532,61.85640008,-27.3610608,116.2329061,RF
-114.4886751,98.92637119,15.56230389,53.03899412,-27.98438406,116.2199402,RF
-121.872378,80.58208538,41.29029264,42.23041662,-28.69863412,116.2069757,RF
-123.6623086,58.54322191,65.11908667,28.18591564,-29.49517101,116.1940127,RF
-119.732794,33.87894394,85.85385004,13.44562126,-30.33495546,116.1810511,RF
-110.6133182,8.417173823,102.1961444,5.02E-10,-31.18320403,116.1684312,RF
-110.6133182,8.417173822,102.1961444,1.53E-10,-31.18320403,116.1684312,RF
-96.27941653,-18.05163441,114.3310509,-15.17063103,-32.08005444,116.1554726,RF
-77.49034537,-43.63472339,121.1250688,-29.4972598,-32.95798805,116.1425153,RF
-55.15240439,-67.15783851,122.3102429,-42.28431616,-33.80605271,116.1295595,RF
-30.26496275,-87.5639647,117.8289274,-52.6311507,-34.60620252,116.1166052,RF
-7.109439631,-102.14829,109.2577296,-60.79065304,-35.22533871,116.1051712,RF
-7.10943963,-102.14829,109.2577296,-60.79065304,-35.22533871,116.1051712,RF
19.33409322,-114.176258,94.8421648,-67.17985481,-35.84180694,116.0922196,RF
44.90772906,-120.9018772,75.99414813,-70.11871065,-36.34446908,116.0792694,RF
68.39051811,-121.9924789,53.60196076,-69.50768422,-36.70939927,116.0663207,RF
88.71207507,-117.4144543,28.70237927,-65.62846143,-36.92900561,116.0533735,RF
104.0264073,-108.1504674,4.124060057,-60.18961961,-36.98612103,116.0412592,RF
104.0264073,-108.1504674,4.124060057,-60.18961961,-36.98612103,116.0412592,RF
115.7154495,-93.41628782,-22.29916163,-51.31273353,-36.89055337,116.0283148,RF
122.0683108,-74.30134141,-47.76696937,-40.1248566,-36.62685805,116.0153718,RF
122.7878923,-51.71377145,-71.07412087,-27.39042015,-36.19922185,116.0024302,RF
117.8480512,-26.66278224,-91.18526896,-13.86862805,-35.617238,115.9894901,RF
109.2172023,-4.145391304,-105.071811,5.11E-10,-34.97633101,115.9784073,RF
109.2172023,-4.145391303,-105.071811,8.54E-10,-34.97633101,115.9784073,RF
94.53772536,22.2859227,-116.8236481,14.07858426,-34.11703718,115.9654698,RF
75.47201767,47.77132621,-123.2433439,27.43454595,-33.13152414,115.9525338,RF
52.91245004,71.13758927,-124.0500393,39.84758643,-32.04820804,115.9395992,RF
27.93566588,91.22745272,-119.1631186,49.84848447,-30.87890315,115.926666,RF
7.229053524,104.2086677,-111.4377212,57.13286914,-29.90974,115.9164838,RF
7.229053524,104.2086677,-111.4377212,57.13286914,-29.90974,115.9164838,RF
-19.2533772,116.3729485,-97.11957126,61.75143568,-28.6517385,115.9035532,RF
-44.86133397,123.245042,-78.383708,64.67037037,-27.38837146,115.8906241,RF
-68.44487491,124.5219625,-56.07708758,64.7792311,-26.14637953,115.8776963,RF
-88.86119472,120.0480091,-31.1868144,60.99731336,-24.93602132,115.86477,RF
-101.7211495,112.9635195,-11.24237005,55.90254008,-24.06606015,115.8549085,RF
-101.7211495,112.9635195,-11.24237005,55.90254008,-24.06606015,115.8549085,RF
-114.437161,99.18508003,15.252081,48.44502351,-23.00715711,115.8419847,RF
-121.8930615,80.8707185,41.02234305,36.91972982,-22.05704625,115.8290624,RF
-123.7459375,58.89132192,64.85461563,24.31280454,-21.23889658,115.8161414,RF
-119.9199933,34.25598211,85.6640112,10.56217287,-20.56938755,115.803222,RF
-113.6983427,15.5036924,98.19465028,6.70E-10,-20.18249676,115.7939239,RF
-113.6983427,15.5036924,98.19465028,3.56E-10,-20.18249676,115.7939239,RF
-100.6618401,-11.00924787,111.671088,-14.34784815,-19.79612121,115.7810069,RF
-82.97704327,-36.95762088,119.9346641,-28.02494442,-19.57936486,115.7680913,RF
-61.49306044,-61.15452201,122.6475825,-40.5328692,-19.53775452,115.7551771,RF
-37.17432922,-82.51141846,119.6857477,-50.98675883,-19.67042992,115.7422644,RF
-17.64426809,-96.06201541,113.7062835,-57.48737024,-19.87293215,115.7325326,RF
-17.64426809,-96.06201541,113.7062835,-57.48737024,-19.87293215,115.7325326,RF
8.839240545,-110.0613725,101.2221319,-64.00485026,-20.27710358,115.7196224,RF
34.92095727,-118.9598048,84.0388475,-67.24833356,-20.8255737,115.7067137,RF
59.39322489,-122.3308205,62.93759564,-67.90635091,-21.49929897,115.6938064,RF
81.09053517,-119.9644903,38.87395511,-64.33899399,-22.26862689,115.6809006,RF
97.29098309,-113.1652954,15.8743123,-59.20033441,-23.01967603,115.6693903,RF
97.29098309,-113.1652954,15.8743123,-59.20033441,-23.01967603,115.6693903,RF
111.1931281,-100.5713503,-10.62177776,-52.50475431,-23.91938459,115.6564872,RF
119.9709877,-83.2910282,-36.67995948,-40.40936723,-24.85425308,115.6435856,RF
123.1965819,-62.11398287,-61.08259906,-27.69210871,-25.79206973,115.6306854,RF
120.7396148,-38.02289642,-82.71671836,-13.76597643,-26.7123587,115.6177866,RF
113.1556135,-13.22308156,-99.93253196,3.38E-10,-27.55863164,115.6054364,RF
113.1556135,-13.22308156,-99.93253196,6.13E-10,-27.55863164,115.6054364,RF
100.0982662,13.27060397,-113.3688701,15.03920384,-28.35857477,115.5925405,RF
82.4378201,39.22813915,-121.6659592,29.1191371,-29.08665793,115.579646,RF
60.96089773,63.43222442,-124.3931221,41.76608528,-29.71073354,115.566753,RF
36.65014518,84.76809904,-121.4182442,53.12821754,-30.21609356,115.5538614,RF
13.57597898,100.5182279,-114.0942069,61.12841125,-30.5563577,115.5423968,RF
13.57597898,100.5182279,-114.0942069,61.12841125,-30.5563577,115.5423968,RF
-12.92611729,113.8888839,-100.9627666,67.08573414,-30.81920058,115.529508,RF
-38.85472836,122.0662339,-83.21150558,70.13045465,-30.94707813,115.5166205,RF
-63.00995501,124.6816037,-61.67164869,69.97753713,-30.9457922,115.5037345,RF
-84.26044474,121.6029237,-37.34247899,67.00150384,-30.81634922,115.49085,RF
-100.0197959,114.1435855,-14.12378961,60.76476479,-30.60347496,115.4793524,RF
-100.0197959,114.1435855,-14.12378961,60.76476479,-30.60347496,115.4793524,RF
-113.252383,100.8861379,12.36624516,52.55595659,-30.26276004,115.4664706,RF
-121.3056123,83.03666567,38.26894665,41.1962686,-29.839931,115.4535902,RF
-123.7847382,61.41832818,62.36641002,28.29767252,-29.35019786,115.4407112,RF
-120.5904268,37.004544,83.58588277,14.38784937,-28.81906385,115.4278337,RF
-112.9936108,13.81826001,99.17535082,8.44E-10,-28.30764133,115.416359,RF
-112.9936108,13.81826001,99.17535082,5.12E-10,-28.30764133,115.416359,RF
-99.64699181,-12.65926608,112.3062579,-14.85863252,-27.74710846,115.4034841,RF
-81.70383339,-38.53120959,120.235043,-28.87893624,-27.20526844,115.3906107,RF
-60.00821941,-62.59575754,122.6039769,-42.00420844,-26.71088605,115.3777388,RF
-35.53204601,-83.69025425,119.2223003,-52.70572992,-26.27134544,115.3648682,RF
-12.56818749,-99.08374058,111.6519281,-60.64149269,-25.95715103,115.3534965,RF
-12.56818749,-99.08374059,111.6519281,-60.64149269,-25.95715103,115.3534965,RF
13.93536953,-112.1611163,98.22574679,-67.09699518,-25.69880793,115.3406286,RF
39.78589966,-120.0069973,80.22109763,-70.19725549,-25.55219376,115.3277622,RF
63.79347218,-122.2781266,58.48465441,-70.221717,-25.53121499,115.3148973,RF
84.87954356,-118.8758891,33.99634549,-67.49916115,-25.64531236,115.3020337,RF
100.3180386,-111.1129437,10.79490506,-60.95259173,-25.84976177,115.2905851,RF
100.3180386,-111.1129437,10.79490506,-60.95259173,-25.84976177,115.2905851,RF
113.2643626,-97.58728399,-15.67707865,-52.98923191,-26.2073819,115.2777243,RF
120.9954341,-79.48609169,-41.50934243,-41.7934707,-26.69533046,115.2648649,RF
123.1443434,-57.69436134,-65.44998204,-28.77175384,-27.29967412,115.252007,RF
119.5838654,-33.14064911,-86.44321634,-14.43657379,-28.01145819,115.2391505,RF
111.5342756,-9.414035584,-102.12024,9.28E-10,-28.73096068,115.2274454,RF
111.5342756,-9.414035584,-102.12024,1.34E-09,-28.73096068,115.2274454,RF
97.79364848,17.07593632,-114.8695848,14.39010983,-29.58910444,115.2145916,RF
79.5275536,42.84408029,-122.3716339,28.91928233,-30.4966241,115.2017393,RF
57.58635013,66.69431624,-124.2806664,41.8122678,-31.42917564,115.1888885,RF
32.95617389,87.55919416,-120.515368,52.38835457,-32.36953992,115.1760391,RF
7.620356226,103.9198022,-111.5401584,60.88666557,-33.23462257,115.1635954,RF
7.620356225,103.9198022,-111.5401584,60.88666557,-33.23462257,115.1635954,RF
-18.82332958,116.1552615,-97.3319319,67.868479,-34.08118968,115.1507488,RF
-44.46225677,123.107068,-78.6448112,70.6807679,-34.85667363,115.1379037,RF
-68.0356186,124.4359692,-56.40035062,70.14499016,-35.52733097,115.12506,RF
-88.52307616,120.1017492,-31.57867307,66.94957727,-36.08657198,115.1122177,RF
-104.2630261,110.8372371,-6.574211052,60.30659238,-36.4824789,115.099977,RF
-104.2630261,110.8372371,-6.574211051,60.30659238,-36.4824789,115.099977,RF
-116.0720406,96.19336686,19.87867375,51.75018635,-36.74483057,115.0871376,RF
-122.5673875,77.18421138,45.38317616,40.29416081,-36.85066194,115.0742995,RF
-123.4190406,54.67763004,68.74141052,27.88623677,-36.78022034,115.061463,RF
-118.5859099,29.65344882,88.93246109,12.97042791,-36.53594455,115.0486278,RF
-109.7633966,6.471272964,103.2921237,6.72E-10,-36.16627648,115.0372964,RF
-109.7633966,6.471272964,103.2921237,2.66E-10,-36.16627648,115.0372964,RF
-95.07074038,-19.97255375,115.0432941,-13.89943153,-35.60207216,115.0244639,RF
-75.99522222,-45.45337119,121.4485934,-27.85451258,-34.87528289,115.0116328,RF
-53.43490542,-68.790261,122.2251664,-40.07580893,-34.00642024,114.9988032,RF
-28.40409535,-88.93898836,117.3430837,-50.26087872,-33.01504619,114.985975,RF
-7.316686722,-102.0857464,109.4024331,-56.93857824,-32.12068019,114.9756778,RF
-7.316686721,-102.0857464,109.4024331,-56.93857824,-32.12068019,114.9756778,RF
19.14191345,-114.1588913,95.01697781,-62.80303793,-30.94553898,114.9628522,RF
44.73124909,-120.9357483,76.20449922,-65.1720604,-29.7070583,114.9500279,RF
68.26106823,-122.097849,53.83678073,-65.12575646,-28.43418648,114.9372052,RF
88.60530845,-117.5297777,28.92446925,-61.09309296,-27.14085067,114.9243838,RF
101.7675626,-110.1034371,8.335874427,-56.02855795,-26.14322174,114.9142975,RF
101.7675626,-110.1034371,8.335874426,-56.02855795,-26.14322174,114.9142975,RF
114.2728855,-96.11706165,-18.15582387,-48.40833677,-24.91250091,114.9014786,RF
121.4991881,-77.63214517,-43.86704297,-36.78111452,-23.74565938,114.8886612,RF
123.1133945,-55.51987951,-67.593515,-24.13400907,-22.67068483,114.8758452,RF
119.0505513,-30.79644798,-88.25410335,-10.3626242,-21.71023578,114.8630306,RF
112.7914781,-12.32355936,-100.4679187,3.49E-11,-21.10501234,114.8539588,RF
112.7914781,-12.32355936,-100.4679187,3.58E-10,-21.10501234,114.8539588,RF
99.60539551,14.19329501,-113.7986905,14.29123676,-20.38325051,114.8411466,RF
81.79215209,40.10611932,-121.8982714,27.86952281,-19.81597073,114.8283359,RF
60.2068378,64.23346684,-124.4403046,40.27788444,-19.41712154,114.8155266,RF
35.81852789,85.48894888,-121.3074768,50.72738807,-19.19276822,114.8027187,RF
16.90844554,98.54159426,-115.4500398,56.7965996,-19.13346416,114.7933808,RF
16.90844554,98.54159426,-115.4500398,56.7965996,-19.13346416,114.7933808,RF
-9.579361854,112.5163194,-102.9369576,63.23809982,-19.20108383,114.7805754,RF
-35.65607084,121.3846971,-85.72862626,66.44472049,-19.43508091,114.7677714,RF
-60.11786442,124.724908,-64.60704361,67.09494869,-19.82462281,114.7549689,RF
-81.79939256,122.3254894,-40.52609684,63.28994822,-20.34872393,114.7421677,RF
-97.35946204,115.877774,-18.51831192,58.44696012,-20.89022108,114.7312366,RF
-97.35946204,115.877774,-18.51831192,58.44696012,-20.89022108,114.7312366,RF
-111.4198354,103.4465357,7.97329962,51.68128246,-21.6242529,114.7184381,RF
-120.3712543,86.30503167,34.06622263,39.84967993,-22.44305837,114.7056411,RF
-123.780467,65.23857258,58.54189442,27.25046187,-23.31788043,114.6928455,RF
-121.5076875,41.22429736,80.28339011,13.46244631,-24.22773606,114.6800514,RF
-114.1796071,16.68817315,97.49143399,6.08E-10,-25.10447535,114.6679101,RF
-114.1796071,16.68817314,97.49143399,3.55E-10,-25.10447535,114.6679101,RF
-101.3252454,-9.806266777,111.1315122,-15.02787361,-25.99613146,114.6551187,RF
-83.83877852,-35.81122076,119.6499993,-28.98164528,-26.86054086,114.6423288,RF
-62.49896932,-60.11052108,122.6094904,-41.5386979,-27.66296167,114.6295403,RF
-38.28104097,-81.58765664,119.8686976,-52.85219331,-28.38372084,114.6167533,RF
-15.65412049,-97.2463097,112.9004302,-60.68260523,-28.92984756,114.6055788,RF
-15.65412049,-97.2463097,112.9004302,-60.68260523,-28.92984756,114.6055788,RF
10.84440472,-110.8910618,100.0466571,-67.02257863,-29.4554251,114.5927944,RF
36.86378124,-119.3959954,82.53221416,-69.46201493,-29.8683655,114.5800115,RF
61.13706016,-122.295736,61.15867588,-69.53318464,-30.13887377,114.56723,RF
82.56608726,-119.5283708,36.96228355,-66.50556154,-30.2851538,114.5544499,RF
99.45206655,-111.7580905,12.30602395,-60.74496748,-30.31596544,114.5423052,RF
99.45206655,-111.7580905,12.30602395,-60.74496748,-30.31596544,114.5423052,RF
112.6861378,-98.48581798,-14.20031977,-51.49509726,-30.21637203,114.5295279,RF
120.7301106,-80.62991685,-40.10019375,-40.53178411,-30.00782683,114.516752,RF
123.2014019,-59.00380535,-64.19759651,-27.56694029,-29.69926887,114.5039775,RF
119.9801243,-34.61823427,-85.36188999,-13.63693541,-29.30402418,114.4912045,RF
112.8285268,-12.43674451,-100.3917823,5.46E-11,-28.91121243,114.4803199,RF
112.8285268,-12.4367445,-100.3917823,4.03E-10,-28.91121243,114.4803199,RF
99.64223921,14.05832928,-113.7005685,14.1211059,-28.4044855,114.4675495,RF
81.85915546,39.98249806,-121.8416535,28.80703964,-27.87500642,114.4547806,RF
60.28045699,64.13715182,-124.4176088,41.88108783,-27.34169292,114.442013,RF
35.88999742,85.34942282,-121.2394202,52.33855471,-26.81443818,114.4292468,RF
12.30178852,101.2804149,-113.5822034,60.24323013,-26.37827917,114.4176457,RF
12.30178852,101.2804149,-113.5822034,60.24323013,-26.37827917,114.4176457,RF
-14.20714536,114.4215266,-100.2143813,66.87334842,-25.9573692,114.4048822,RF
-40.07412177,122.3337299,-82.25960812,69.77172916,-25.61369174,114.3921202,RF
-64.11334274,124.6746216,-60.56127888,69.71709164,-25.36838239,114.3793596,RF
-85.24471302,121.3424343,-36.0977213,66.9478319,-25.23782385,114.3666004,RF
-100.3474333,113.9031789,-13.55574556,60.60030377,-25.21321768,114.3555572,RF
-100.3474333,113.9031789,-13.55574556,60.60030377,-25.21321768,114.3555572,RF
-113.4769235,100.5565102,12.92041332,52.68187419,-25.30984577,114.3428007,RF
-121.4086524,82.60891823,38.79973418,41.56649771,-25.54049895,114.3300456,RF
-123.7510249,60.92555604,62.8254689,28.30561645,-25.90004339,114.3172919,RF
-120.4044585,36.47100545,83.93345307,13.67674621,-26.38858852,114.3045397,RF
-112.27434,12.11043453,100.1639054,2.94E-10,-26.9536397,114.2926055,RF
-112.27434,12.11043453,100.1639054,-1.11E-10,-26.9536397,114.2926055,RF
-98.57277316,-14.40018997,112.9729631,-14.83598438,-27.65803063,114.2798561,RF
-80.36009943,-40.18292736,120.5430268,-29.04320647,-28.45307136,114.267108,RF
-58.46313247,-64.04311345,122.5062459,-42.03009716,-29.3137592,114.2543614,RF
-33.83216736,-84.95203427,118.7842016,-52.499407,-30.2343799,114.2416162,RF
-10.15380369,-100.4508186,110.6046223,-61.17103883,-31.07549539,114.2300515,RF
-10.15380369,-100.4508186,110.6046223,-61.17103883,-31.07549539,114.2300515,RF
16.32854457,-113.0643359,96.73579128,-67.23728502,-32.00844683,114.217309,RF
42.06012835,-120.4125624,78.3524341,-70.26734312,-32.91545769,114.204568,RF
65.84065322,-122.1634538,56.32280054,-70.2463378,-33.77155518,114.1918284,RF
86.55914154,-118.2250235,31.66588195,-67.44957264,-34.5449521,114.1790903,RF
103.3178012,-108.7683342,5.450533023,-60.00361024,-35.22544474,114.1663535,RF
103.3329615,-108.7555765,5.422614939,-59.99772151,-35.22606685,114.1663401,RF
103.3329615,-108.7555765,5.422614938,-59.99772151,-35.22606685,114.1663401,RF
115.2541176,-94.23198742,-21.02213019,-51.84033162,-35.76591099,114.1536048,RF
121.8787843,-75.31373003,-46.56505429,-40.42441659,-36.17161318,114.1408709,RF
122.872418,-52.86866121,-70.00375676,-27.6797578,-36.41796742,114.1281384,RF
118.2004911,-27.90679069,-90.29370037,-13.98611991,-36.50199583,114.1154074,RF
109.5396105,-4.880978964,-104.6586315,-5.02E-10,-36.40409609,114.1042411,RF
109.5396105,-4.880978963,-104.6586315,-1.58E-10,-36.40409609,114.1042411,RF
94.99498652,21.55918222,-116.5541687,14.16485734,-36.14213487,114.0915127,RF
76.03931435,47.08739022,-123.1267046,27.5341822,-35.69877415,114.0787858,RF
53.56202423,70.52857449,-124.0905987,39.919758,-35.09046493,114.0660602,RF
28.57805507,90.73846206,-119.3165171,50.25622778,-34.29946967,114.0533361,RF
5.542808621,105.0989697,-110.6417783,57.30605053,-33.49223736,114.0421609,RF
5.54280862,105.0989697,-110.6417783,57.30605053,-33.49223736,114.0421609,RF
-20.91792796,116.9638922,-96.04596421,62.93116848,-32.45738984,114.0294394,RF
-46.43275784,123.4835043,-77.05074647,65.36251485,-31.3096836,114.0167194,RF
-69.82921775,124.3796668,-54.55044907,64.71240338,-30.08236771,114.0040007,RF
-90.05881927,119.616231,-29.55741171,61.20502714,-28.8033018,113.9912834,RF
-102.1237155,112.6697421,-10.54602657,55.93430634,-27.84421723,113.9820645,RF
-102.1237155,112.6697421,-10.54602657,55.93430634,-27.84421723,113.9820645,RF
-114.697843,98.75382737,15.94401565,48.316956,-26.53426307,113.9693496,RF
-122.0171778,80.34276236,41.6744154,37.15173526,-25.25076389,113.9566362,RF
-123.742352,58.28268718,65.45966485,24.99169059,-24.02408156,113.9439242,RF
-119.7304994,33.56241368,86.16808574,11.15175049,-22.87289025,113.9312136,RF
-112.9624811,13.64113622,99.32134486,9.11E-10,-22.07047109,113.9215002,RF
-112.9624811,13.64113622,99.32134486,5.42E-10,-22.07047109,113.9215002,RF
-99.56191637,-12.87016181,112.4320782,-14.38615664,-21.13340917,113.9087921,RF
-81.58861826,-38.74821008,120.3368283,-27.41207905,-20.34384189,113.8960854,RF
-59.84435561,-62.78139754,122.6257531,-40.17187715,-19.71425067,113.8833801,RF
-35.38352642,-83.84444776,119.2279742,-50.56544337,-19.25972905,113.8706762,RF
-15.77151694,-97.21171486,112.9832318,-56.84197057,-19.03736714,113.8610843,RF
-15.77151694,-97.21171486,112.9832318,-56.84197057,-19.03736714,113.8610843,RF
10.73448265,-110.8889173,100.1544346,-62.77511039,-18.90537295,113.8483829,RF
36.73675612,-119.3939421,82.65718595,-65.91767756,-18.95457077,113.8356829,RF
61.03629697,-122.3531885,61.31689149,-65.96762729,-19.1805376,113.8229843,RF
82.49500728,-119.6164248,37.12141749,-63.34507776,-19.56914498,113.8102871,RF
96.65262616,-113.5958253,16.94319909,-58.05196497,-19.98215094,113.8003911,RF
96.65262616,-113.5958253,16.94319909,-58.05196497,-19.98215094,113.8003911,RF
110.74216,-101.1995663,-9.542593668,-50.30455057,-20.62273758,113.7876965,RF
119.7395955,-84.095309,-35.64428653,-39.48372909,-21.38129353,113.7750033,RF
123.2139895,-63.05284589,-60.16114365,-27.53696075,-22.23264521,113.7623115,RF
120.9486704,-39.03168817,-81.91698227,-12.85339556,-23.13855836,113.7496211,RF
114.3157025,-16.26440093,-98.0513016,1.62E-10,-23.96714536,113.7384035,RF
114.3157025,-16.26440092,-98.0513016,5.76E-10,-23.96714536,113.7384035,RF
101.8608806,10.23413107,-112.0950116,14.45701469,-24.92383908,113.7257159,RF
84.68773341,36.3131802,-121.0009136,28.43350103,-25.86077483,113.7130296,RF
63.6042784,60.77905868,-124.3833371,41.08232393,-26.75840288,113.7003448,RF
39.55745288,82.5331859,-122.0906388,51.47606656,-27.59866104,113.6876614,RF
16.41673569,98.80495238,-115.2216881,59.90163901,-28.25625115,113.6763012,RF
16.41673569,98.80495238,-115.2216881,59.90163901,-28.25625115,113.6763012,RF
-10.05605343,112.6848454,-102.628792,66.39513199,-28.89676807,113.6636205,RF
-36.11627756,121.4542679,-85.33799035,69.65639919,-29.42509975,113.6509412,RF
-60.53306369,124.6881018,-64.15503811,70.10146774,-29.82568857,113.6382633,RF
-82.14686059,122.1921703,-40.0453097,66.11114199,-30.07665502,113.6255869,RF
-99.12234414,114.7321419,-15.60979779,60.42658971,-30.19230386,113.6136029,RF
-99.12234414,114.7321419,-15.60979779,60.42658971,-30.19230386,113.6136029,RF
-112.6560079,101.7539005,10.90210739,52.2092888,-30.18476376,113.6009292,RF
-121.0064657,84.13895675,36.86750896,40.91297736,-30.04619359,113.5882569,RF
-123.8035159,62.70438122,61.09913471,27.9890432,-29.79196819,113.575586,RF
-120.9024213,38.44422256,82.45819876,14.18736932,-29.4315482,113.5629165,RF
-113.6288514,15.33574716,98.2931042,4.39E-10,-29.03905491,113.5516472,RF
-113.6288514,15.33574716,98.2931042,8.58E-11,-29.03905491,113.5516472,RF
-100.5371109,-11.15990715,111.697018,-14.03641731,-28.53182735,113.5389804,RF
-82.83759505,-37.10802078,119.9456158,-28.77010025,-27.98744975,113.526315,RF
-61.32386476,-61.31045833,122.6343231,-41.85910118,-27.4250411,113.513651,RF
-36.97552874,-82.58884355,119.5643723,-52.28082317,-26.85431143,113.5009884,RF
-13.33731475,-98.63668679,111.9740015,-60.09519272,-26.36942875,113.4894474,RF
-13.33731475,-98.63668679,111.9740015,-60.09519272,-26.36942875,113.4894474,RF
13.17249809,-111.8630194,98.69052135,-66.76567463,-25.88924947,113.4767875,RF
39.0611234,-119.8673498,80.80622643,-69.6291816,-25.48008521,113.464129,RF
63.14129027,-122.3044516,59.16316135,-69.54795052,-25.16609221,113.4514719,RF
84.32997331,-119.0682343,34.73826097,-66.70668368,-24.96560873,113.4388163,RF
99.46279806,-111.7336208,12.27082271,-60.5117251,-24.88140802,113.4278909,RF
99.46279806,-111.7336208,12.27082271,-60.5117251,-24.88140802,113.4278909,RF
112.6832434,-98.47492055,-14.20832288,-52.77106308,-24.91157642,113.4152379,RF
120.7217677,-80.61049229,-40.1112754,-41.42454722,-25.08094167,113.4025862,RF
123.188719,-58.97651589,-64.21220314,-29.02681422,-25.38951091,113.389936,RF
119.9352619,-34.56312237,-85.37213956,-13.83697758,-25.82778976,113.3772872,RF
112.2253883,-11.03321702,-101.1921713,5.69E-10,-26.333187,113.3658332,RF
112.2253883,-11.03321702,-101.1921713,9.95E-10,-26.333187,113.3658332,RF
98.77793765,15.47591906,-114.2538567,14.44040494,-27.00383989,113.3531871,RF
80.76479955,41.32193003,-122.0867296,28.84061677,-27.77245699,113.3405425,RF
59.01871063,65.32357307,-124.3422837,41.68643272,-28.62235708,113.3278992,RF
34.5503271,86.35227752,-120.9026046,52.84288313,-29.52515839,113.3152574,RF
9.160777895,103.0827424,-112.2435203,60.87461015,-30.44540506,113.3029708,RF
9.160777894,103.0827424,-112.2435203,60.87461015,-30.44540506,113.3029708,RF
-17.30269587,115.6015611,-98.29886519,66.11341613,-31.38251119,113.2903318,RF
-43.03214079,122.8921409,-79.8600001,69.66867854,-32.31365537,113.2776942,RF
-66.78085213,124.5300836,-57.74923146,70.74515651,-33.18711118,113.265058,RF
-87.44439856,120.4815917,-33.03719316,66.54317029,-33.98333709,113.2524232,RF
-102.6851472,112.1159858,-9.430838596,59.89680978,-34.62308148,113.2410127,RF
-102.6851472,112.1159858,-9.430838595,59.89680978,-34.62308148,113.2410127,RF
-115.0512882,98.0031041,17.0481841,52.36504517,-35.21723079,113.2283806,RF
-122.1304662,79.41782544,42.71264075,40.92528387,-35.67149848,113.2157499,RF
-123.60075,57.23015205,66.37059798,28.22587776,-35.97118638,113.2031207,RF
-119.4021623,32.43812642,86.96403593,14.6241804,-36.11058705,113.1904928,RF
-110.4502253,7.96389194,102.4863333,7.58E-10,-36.05218373,113.1787061,RF
-110.4502253,7.96389194,102.4863333,4.40E-10,-36.05218373,113.1787061,RF
-96.03494383,-18.47537884,114.5103227,-14.2339583,-35.83113759,113.166081,RF
-77.17786784,-44.05409806,121.2319659,-28.01083186,-35.42890272,113.1534572,RF
-54.7793916,-67.55606347,122.3354551,-40.12017272,-34.85550995,113.1408349,RF
-29.85323995,-87.86360185,117.7168418,-49.55017476,-34.10200581,113.128214,RF
-7.398346719,-102.0312245,109.4295712,-57.23873883,-33.34629838,113.1173954,RF
-7.398346719,-102.0312245,109.4295712,-57.23873883,-33.34629838,113.1173954,RF
19.08053821,-114.1323561,95.05181785,-62.91517357,-32.33868709,113.1047771,RF
44.66864344,-120.9177813,76.24913785,-65.38977672,-31.21665539,113.0921602,RF
68.19240444,-122.0851405,53.89273608,-64.79444799,-30.00795073,113.0795446,RF
88.59650928,-117.5890761,28.99256682,-61.33292959,-28.74116491,113.0669305,RF
101.2632782,-110.4927858,9.229507553,-55.95177052,-27.74698134,113.057415,RF
101.2632782,-110.4927858,9.229507552,-55.95177052,-27.74698134,113.057415,RF
113.9274964,-96.66648559,-17.26101085,-48.32156495,-26.43724513,113.0448033,RF
121.3466078,-78.3286683,-43.01793947,-37.12417143,-25.14688091,113.032193,RF
123.1739155,-56.3251013,-66.8488142,-24.96390249,-23.90663802,113.0195841,RF
119.2652415,-31.64410814,-87.62113339,-11.11183533,-22.73550668,113.0069766,RF
112.5648669,-11.71791529,-100.8469516,1.53E-10,-21.91300475,112.9973331,RF
112.5648669,-11.71791529,-100.8469516,5.21E-10,-21.91300475,112.9973331,RF
99.24960177,14.79525816,-114.0448599,14.35756395,-20.94500713,112.9847281,RF
81.34670952,40.69674835,-122.0434579,27.36587608,-20.11856927,112.9721245,RF
59.66001558,64.77061018,-124.4306258,40.01323378,-19.4474002,112.9595222,RF
35.23908336,85.89518095,-121.1342643,50.43016886,-18.94762251,112.9469214,RF
15.55687517,99.36954394,-114.9264191,56.76452048,-18.68768824,112.937368,RF
15.55687517,99.36954394,-114.9264191,56.76452048,-18.68768824,112.937368,RF
-10.94764998,113.1168561,-102.1692061,62.57459437,-18.5057348,112.9247696,RF
-36.96668347,121.6991672,-84.73248373,65.70323044,-18.50385159,112.9121726,RF
-61.29948022,124.739635,-63.44015476,65.72462313,-18.6787413,112.899577,RF
-82.80576379,122.0833034,-39.2775396,63.08628253,-19.01765606,112.8869829,RF
-96.80860325,116.2426365,-19.43403325,57.87314153,-19.38734197,112.8773212,RF
-96.80860325,116.2426365,-19.43403325,57.87314153,-19.38734197,112.8773212,RF
-111.0269322,103.9793072,7.047625022,50.1367371,-19.98269294,112.8647295,RF
-120.1664669,86.9904051,33.1760618,39.40065772,-20.7007819,112.8521392,RF
-123.7916843,66.04094539,57.75073888,27.54478267,-21.51798691,112.8395504,RF
-121.6779556,42.08107087,79.5968847,12.86683773,-22.39820591,112.8269629,RF
-115.164961,19.32896938,95.83599161,9.06E-10,-23.2100065,112.8158294,RF
-115.164961,19.32896938,95.83599161,4.92E-10,-23.2100065,112.8158294,RF
-102.8402198,-7.16318438,110.0034042,-14.68502709,-24.15502121,112.8032446,RF
-85.77930714,-33.28342136,119.0627285,-27.54259682,-25.09416124,112.7906613,RF
-64.76682295,-57.80703829,122.5738612,-41.03705417,-25.99495072,112.7780793,RF
-40.80567949,-79.59036564,120.3960451,-52.27475513,-26.83418639,112.7654988,RF
-15.31863697,-97.4589992,112.7776362,-60.43280983,-27.59018354,112.7530907,RF
-15.31863697,-97.4589992,112.7776362,-60.43280983,-27.59018354,112.7530907,RF
11.18170828,-111.0429763,99.86126801,-66.19105775,-28.25511089,112.740513,RF
37.16473975,-119.4565808,82.29184106,-69.21991757,-28.80512868,112.7279367,RF
61.42386175,-122.3179121,60.89405039,-68.97567718,-29.23100811,112.7153618,RF
82.84360549,-119.4769146,36.63330911,-65.48354597,-29.52087083,112.7027883,RF
98.27508281,-112.5291982,14.2541154,-60.40742803,-29.65734708,112.691929,RF
98.27508281,-112.5291982,14.2541154,-60.40742803,-29.65734708,112.691929,RF
111.8847789,-99.6384756,-12.24630335,-51.63346754,-29.69373665,112.6793581,RF
120.3274299,-82.09354769,-38.23388219,-40.64166348,-29.59905288,112.6667886,RF
123.2191633,-60.71506965,-62.50409365,-27.80108701,-29.38602799,112.6542205,RF
120.4365465,-36.46663818,-83.96990834,-13.847266,-29.07193245,112.6416538,RF
113.2678092,-13.54654052,-99.72126866,-1.75E-10,-28.6993012,112.6305488,RF
113.2678092,-13.54654052,-99.72126866,1.61E-10,-28.6993012,112.6305488,RF
100.3116359,12.93530075,-113.2469367,14.54999351,-28.22653973,112.6179847,RF
82.6998592,38.91332647,-121.6131857,28.76715691,-27.70266897,112.6054221,RF
61.27354034,63.12750933,-124.4010497,41.33767983,-27.15065792,112.5928608,RF
37.021982,84.52279224,-121.5447742,51.92613765,-26.60627211,112.5803009,RF
14.05038814,100.2688562,-114.3192444,60.50945857,-26.13367624,112.5691898,RF
14.05038814,100.2688562,-114.3192444,60.50945857,-26.13367624,112.5691898,RF
-12.45248838,113.7105864,-101.258098,65.71462204,-25.64454134,112.5566325,RF
-38.40098661,121.9874072,-83.58642057,69.18011148,-25.22658873,112.5440767,RF
-62.6202325,124.7275139,-62.10728141,69.81980977,-24.90169483,112.5315222,RF
-83.93587441,121.7000169,-37.7641425,66.34330351,-24.67371446,112.5189692,RF
-100.1395477,114.0400228,-13.90047508,60.13397973,-24.57331321,112.5074216,RF
-100.1395477,114.0400228,-13.90047508,60.13397973,-24.57331321,112.5074216,RF
-113.355443,100.7538611,12.60158192,52.12191997,-24.59448946,112.4948712,RF
-121.3502108,82.86077296,38.48943781,40.7222342,-24.75122837,112.4823222,RF
-123.7767362,61.2122722,62.56446404,27.8552464,-25.04887498,112.4697747,RF
-120.5277421,36.78250693,83.74523519,14.27468067,-25.48830261,112.4572285,RF
-112.771711,13.30171834,99.46999264,1.32E-09,-25.98650987,112.4459178,RF
-112.771711,13.30171834,99.46999265,1.03E-09,-25.98650987,112.4459178,RF
-99.32026805,-13.17506078,112.4953288,-14.71029032,-26.65242499,112.4333743,RF
-81.28764257,-39.03035905,120.3180016,-28.84612872,-27.42753575,112.4208323,RF
-59.5180846,-63.04208812,122.5601727,-41.62201771,-28.28943511,112.4082916,RF
-35.00920106,-84.05240767,119.0616087,-52.08676155,-29.20053309,112.3957523,RF
-10.56503486,-100.219035,110.7840699,-60.55297942,-30.09019087,112.3839777,RF
-10.56503486,-100.219035,110.7840699,-60.55297942,-30.09019087,112.3839777,RF
15.94396729,-112.9219957,96.9780284,-66.54934816,-31.05591846,112.3714412,RF
41.69790156,-120.3611455,78.6632439,-69.39566132,-32.00196557,112.3589061,RF
65.52585213,-122.1902977,56.66444556,-69.86360976,-32.9009333,112.3463724,RF
86.30922417,-118.290766,31.98154185,-66.68971453,-33.71730356,112.3338401,RF
103.0975715,-108.9090422,5.811470698,-60.53495226,-34.43752247,112.3213092,RF
103.604973,-108.4892157,4.884242761,-60.21957118,-34.4613513,112.32087,RF
103.604973,-108.4892157,4.88424276,-60.21957118,-34.4613513,112.32087,RF
115.4424903,-93.91497683,-21.52751342,-50.78577709,-35.05086513,112.3083405,RF
121.95718,-74.910417,-47.04676298,-39.53998536,-35.4939913,112.2958125,RF
122.8424203,-52.41079429,-70.43162602,-26.70412536,-35.77358711,112.2832858,RF
118.062283,-27.41636886,-90.6459141,-13.19376427,-35.88267649,112.2707606,RF
110.0669776,-6.011678117,-104.0552995,5.90E-10,-35.81506798,112.2605468,RF
110.0669776,-6.011678116,-104.0552995,9.35E-10,-35.81506798,112.2605468,RF
95.71673673,20.44978623,-116.166523,14.01482319,-35.57349782,112.2480241,RF
76.93031966,46.04266543,-122.9729851,27.44051685,-35.14283865,112.2355027,RF
54.58336098,69.59452958,-124.1778906,39.65840604,-34.53770606,112.2229828,RF
29.68159733,89.96606273,-119.6476601,50.06767873,-33.74338369,112.2104643,RF
6.734290983,104.4612826,-111.1955736,57.11701536,-32.92650722,112.1994993,RF
6.734290983,104.4612826,-111.1955736,57.11701536,-32.92650722,112.1994993,RF
-19.74050729,116.5530594,-96.81255208,62.61830171,-31.87212893,112.1869834,RF
-45.32525839,123.3208192,-77.99556077,65.09793666,-30.69975785,112.1744688,RF
-68.84178829,124.4720989,-55.63031065,64.47238674,-29.44382858,112.1619557,RF
-89.23541412,119.9596476,-30.72423346,61.00110575,-28.13419735,112.1494439,RF
-101.4635766,113.1756857,-11.71210904,55.74193503,-27.15248681,112.1403604,RF
-101.4635766,113.1756857,-11.71210904,55.74193503,-27.15248681,112.1403604,RF
-114.2573535,99.47172609,14.78562741,48.14571338,-25.81433443,112.127851,RF
-121.8167589,81.24030722,40.57645172,37.06016764,-24.50671975,112.115343,RF
-123.7909861,59.31918993,64.4717962,24.96443793,-23.26180901,112.1028364,RF
-120.0270433,34.68921707,85.33782621,11.14239707,-22.10049834,112.0903311,RF
-113.3990359,14.70669599,98.69233993,7.37E-10,-21.29236207,112.0807296,RF
-113.3990359,14.70669599,98.69233993,3.70E-10,-21.29236207,112.0807296,RF
-100.1963224,-11.80622736,112.0025497,-14.31596728,-20.36203102,112.0682268,RF
-82.38978934,-37.73523511,120.1250244,-27.30294932,-19.58942262,112.0557254,RF
-60.77759676,-61.86458031,122.6421771,-39.96998248,-18.98780527,112.0432253,RF
-36.40590803,-83.06789118,119.4737992,-50.3347887,-18.57153467,112.0307267,RF
-16.709393,-96.6373927,113.3467857,-56.67697532,-18.38338335,112.0212339,RF
-16.709393,-96.6373927,113.3467857,-56.67697532,-18.38338335,112.0212339,RF
9.792283791,-110.4881073,100.6958235,-62.53060607,-18.30570161,112.0087378,RF
35.83489783,-119.1860373,83.35113946,-65.6896893,-18.4160544,111.996243,RF
60.21576168,-122.3472301,62.13146841,-65.74682325,-18.70766707,111.9837496,RF
81.79361468,-119.8113031,38.0176884,-63.13007476,-19.1640068,111.9712576,RF
96.18391492,-113.8771452,17.69323026,-57.83682075,-19.63457214,111.9614345,RF
96.18391492,-113.8771452,17.69323026,-57.83682075,-19.63457214,111.9614345,RF
110.4122565,-101.6248932,-8.787363245,-50.09941357,-20.34112351,111.948945,RF
119.5637712,-84.64514759,-34.91862357,-39.34014953,-21.16022039,111.9364569,RF
123.2002282,-63.70176787,-59.4984603,-27.44128644,-22.06388412,111.9239702,RF
121.0987346,-39.74996132,-81.34877324,-12.81291095,-23.01128879,111.911485,RF
114.5827689,-16.95893072,-97.62383816,6.02E-11,-23.86804069,111.900422,RF
114.5827689,-16.95893072,-97.62383816,4.70E-10,-23.86804069,111.900422,RF
102.2612055,9.534573351,-111.7957789,14.38421138,-24.84029106,111.8879394,RF
85.20258837,35.64200074,-120.8445891,28.28543875,-25.77698586,111.8754581,RF
64.209852,60.16700271,-124.3768547,40.86342377,-26.65760013,111.8629783,RF
40.22659715,82.00751867,-122.2341158,51.23370546,-27.46355526,111.8504998,RF
17.25904899,98.28943824,-115.5484872,59.52080051,-28.07297754,111.8393903,RF
17.25904899,98.28943824,-115.5484872,59.52080051,-28.07297754,111.8393903,RF
-9.210835706,112.3278199,-103.1169842,66.03610513,-28.65155606,111.8269145,RF
-35.30481232,121.2685157,-85.96370334,69.28229752,-29.1027354,111.8144401,RF
-59.79439677,124.6846412,-64.8902444,69.72618238,-29.41559844,111.8019671,RF
-81.51533446,122.3682535,-40.85291901,65.70225671,-29.57003152,111.7894955,RF
-98.58675738,115.0891241,-16.50236672,60.0798593,-29.58986804,111.7777275,RF
-98.58675738,115.0891241,-16.50236672,60.0798593,-29.58986804,111.7777275,RF
-112.2866996,102.2795021,10.00719746,51.93014101,-29.48031641,111.7652586,RF
-120.8196661,84.80754613,36.01211995,40.69477127,-29.24188896,111.7527911,RF
-123.8078437,63.48562217,60.3222215,27.84331774,-28.89418349,111.7403249,RF
-121.0975751,39.30194537,81.79562972,14.0726662,-28.45108154,111.7278602,RF
-113.9505591,16.13694598,97.81361314,9.36E-10,-27.99459727,111.7167292,RF
-113.9505591,16.13694598,97.81361314,5.88E-10,-27.99459727,111.7167292,RF
-101.0088398,-10.3577747,111.3666145,-14.02721575,-27.43494201,111.704267,RF
-83.43724331,-36.34208001,119.7793233,-28.64342446,-26.85793651,111.6918063,RF
-62.02454721,-60.61527568,122.6398229,-41.60911081,-26.28576591,111.679347,RF
-37.74284522,-81.99889633,119.7417415,-52.04902872,-25.73147299,111.666889,RF
-14.21940474,-98.11295776,112.3323625,-59.90235745,-25.28392414,111.6555742,RF
-14.21940474,-98.11295776,112.3323625,-59.90235745,-25.28392414,111.6555742,RF
12.29023808,-111.5039164,99.21367834,-66.48692277,-24.86755274,111.6431189,RF
38.22029616,-119.6898061,81.46950997,-69.40338461,-24.54725792,111.630665,RF
62.37993973,-122.3157813,59.93584162,-69.3678841,-24.34492236,111.6182124,RF
83.68067292,-119.2662846,35.58561172,-66.58444668,-24.2762567,111.6057612,RF
99.17656477,-111.9315548,12.75498999,-60.29495755,-24.32294398,111.5948261,RF
99.17656477,-111.9315548,12.75498999,-60.29495755,-24.32294398,111.5948261,RF
112.4878273,-98.76254413,-13.72528322,-52.56042993,-24.51485253,111.5823776,RF
120.626843,-80.9753714,-39.65147162,-41.27846191,-24.85488464,111.5699304,RF
123.1991715,-59.40198501,-63.79718646,-28.93645199,-25.33687015,111.5574846,RF
120.048686,-35.02720926,-85.02147678,-13.84639215,-25.94493038,111.5450402,RF
112.321813,-11.25964484,-101.0621681,1.88E-10,-26.60289935,111.5336512,RF
112.321813,-11.25964484,-101.0621681,6.09E-10,-26.60289935,111.5336512,RF
98.91735042,15.25052709,-114.1678775,14.33150289,-27.42107564,111.5212095,RF
80.93928201,41.10893156,-122.0482136,28.61525886,-28.31588665,111.5087692,RF
59.22002202,65.13279982,-124.3528218,41.3298522,-29.26536376,111.4963303,RF
34.76856422,86.19289054,-120.9614548,52.35657979,-30.23581349,111.4838928,RF
9.52238492,102.8822642,-112.4046491,60.23080755,-31.18207739,111.4718679,RF
9.522384919,102.8822642,-112.4046491,60.23080755,-31.18207739,111.4718679,RF
-16.94578669,115.4696666,-98.52387992,65.35031489,-32.11271531,111.4594332,RF
-42.69353146,122.8334789,-80.13994741,68.80581249,-32.99609838,111.4469998,RF
-66.4602951,124.5395586,-58.07926355,69.64816478,-33.77444632,111.4345678,RF
-87.24942002,120.658901,-33.40948101,66.34816534,-34.47026584,111.4221372,RF
-102.8233446,112.0408057,-9.217461182,59.80300675,-34.94566153,111.4106387,RF
-102.8233446,112.0408057,-9.217461181,59.80300675,-34.94566153,111.4106387,RF
-115.1445542,97.8731386,17.27141562,51.25720797,-35.32891485,111.3982108,RF
-122.1842999,79.25854818,42.92575175,40.16699344,-35.54273594,111.3857843,RF
-123.6231593,57.0324256,66.59073374,27.77166311,-35.57874311,111.3733591,RF
-119.3102053,32.20707493,87.10313034,12.93628828,-35.39957293,111.3609354,RF
-110.6455923,8.399329386,102.2462629,5.89E-10,-35.0761343,111.3496296,RF
-110.6455923,8.399329386,102.2462629,1.82E-10,-35.0761343,111.3496296,RF
-96.29915667,-18.08115608,114.3803128,-14.35948591,-34.5542802,111.3372085,RF
-77.50874244,-43.67292731,121.1816697,-27.80733159,-33.84488549,111.3247888,RF
-55.16512448,-67.2054865,122.370611,-39.8768749,-32.97476692,111.3123704,RF
-30.27436697,-87.62019762,117.8945646,-49.88912687,-31.96358124,111.2999535,RF
-8.850495757,-101.2647511,110.1152469,-56.5461604,-31.03243267,111.2898013,RF
-8.850495756,-101.2647511,110.1152469,-56.5461604,-31.03243267,111.2898013,RF
17.63917381,-113.6164042,95.97723042,-62.21843485,-29.80182581,111.2773869,RF
43.31262755,-120.71031,77.39768248,-64.69321734,-28.50683291,111.2649738,RF
66.98100797,-122.1880203,55.20701236,-64.13871233,-27.16949076,111.252562,RF
87.58526195,-117.9983291,30.41306714,-60.80002924,-25.82465462,111.2401517,RF
99.92077192,-111.491385,11.57061306,-55.39326086,-24.85620043,111.2312021,RF
99.92077192,-111.491385,11.57061306,-55.39326085,-24.85620043,111.2312021,RF
113.026105,-98.09308388,-14.93302114,-47.95010335,-23.56627103,111.2187941,RF
120.9277151,-80.12200319,-40.80571196,-36.91296466,-22.35260122,111.2063875,RF
123.257018,-58.40235918,-64.85465879,-24.91032424,-21.24415177,111.1939823,RF
119.847579,-33.90770948,-85.93986947,-11.13535389,-20.25991931,111.1815784,RF
113.5031552,-14.03649841,-99.4666568,-8.76E-11,-19.61142379,111.1720819,RF
113.5031552,-14.03649841,-99.4666568,2.80E-10,-19.61142379,111.1720819,RF
100.6214063,12.47429711,-113.0957034,14.27490805,-18.91134827,111.1596805,RF
83.09011607,38.47959339,-121.5697095,27.3014166,-18.39097396,111.1472804,RF
61.69356878,62.76122095,-124.4547897,39.94781105,-18.05650931,111.1348817,RF
37.46926524,84.18479761,-121.6540628,50.41070494,-17.91298107,111.1224844,RF
17.27945374,98.30824918,-115.5877029,56.99078408,-17.93373519,111.1128071,RF
17.27945374,98.30824918,-115.5877029,56.99078408,-17.93373519,111.1128071,RF
-9.214880043,112.3712708,-103.1563907,62.81216217,-18.12468278,111.1004123,RF
-35.30414848,121.3045821,-86.00043364,66.01594884,-18.48846004,111.0880188,RF
-59.78287427,124.7130207,-64.93014644,66.10171402,-19.0110233,111.0756267,RF
-81.50525122,122.4254173,-40.92016606,63.53484627,-19.66902721,111.0632361,RF
-96.3361797,116.5108519,-20.17467224,58.06008488,-20.28976094,111.0532722,RF
-96.3361797,116.5108519,-20.17467224,58.06008488,-20.28976094,111.0532722,RF
-110.6879671,104.3893161,6.298651004,50.37073432,-21.13463951,111.040884,RF
-119.9790341,87.52295818,32.45607593,39.56466696,-22.05176769,111.0284972,RF
-123.7629009,66.66978633,57.09311459,27.63314996,-23.01041379,111.0161118,RF
-121.8065013,42.78075962,79.0257417,13.0107313,-23.96656243,111.0037278,RF
-115.2476752,19.56565662,95.68201861,2.08E-10,-24.81159765,110.9925393,RF
-115.2476752,19.56565662,95.68201861,-2.03E-10,-24.81159765,110.9925393,RF
-102.9696093,-6.927365632,109.896975,-14.40138106,-25.71401071,110.9801579,RF
-85.94755088,-33.04361161,118.9911625,-28.2600583,-26.54142725,110.967778,RF
-64.98423912,-57.5874466,122.5716857,-40.8016361,-27.27916929,110.9553994,RF
-41.02348674,-79.45506243,120.4785492,-51.1554899,-27.9136376,110.9430222,RF
-18.03152931,-95.79103188,113.8225612,-59.50363292,-28.35194369,110.9319877,RF
-18.03152931,-95.79103188,113.8225612,-59.50363292,-28.35194369,110.9319877,RF
8.439818103,-109.8638442,101.4240261,-65.80941746,-28.72345075,110.9196131,RF
34.54203119,-118.8465823,84.30455108,-68.70902781,-28.95988448,110.9072399,RF
59.05146913,-122.3065079,63.25503881,-69.1957219,-29.05704775,110.8948681,RF
80.78933938,-120.0220128,39.23267338,-65.83697491,-28.9993452,110.8824977,RF
98.27014791,-112.5332734,14.26312554,-59.7012868,-28.82955664,110.8705306,RF
98.27014791,-112.5332734,14.26312554,-59.7012868,-28.82955664,110.8705306,RF
111.8943372,-99.64526476,-12.24907242,-51.45211228,-28.54368919,110.8581629,RF
120.3362461,-82.10025259,-38.23599355,-40.1348887,-28.15437488,110.8457965,RF
123.2300219,-60.72161578,-62.50840611,-27.22618067,-27.6886061,110.8334316,RF
120.4254299,-36.49763956,-83.92779031,-13.43948288,-27.16500119,110.821068,RF
113.5460767,-14.20203207,-99.34404459,1.39E-10,-26.68825104,110.8104419,RF
113.5460767,-14.20203207,-99.34404459,4.89E-10,-26.68825104,110.8104419,RF
100.6901207,12.29319326,-112.9833139,14.07272571,-26.12616565,110.7980809,RF
83.18974779,38.29621596,-121.4859638,28.54205936,-25.58611249,110.7857212,RF
61.83451835,62.60679829,-124.4413166,41.36111151,-25.09135581,110.7733629,RF
37.59112128,84.05250232,-121.6436236,51.86171053,-24.65601339,110.761006,RF
14.10725976,100.2173987,-114.3246585,59.86361821,-24.34426598,110.7497943,RF
14.10725976,100.2173987,-114.3246585,59.86361821,-24.34426598,110.7497943,RF
-12.40181107,113.6948247,-101.2930137,66.30790109,-24.10652869,110.73744,RF
-38.35319496,121.9773148,-83.62411981,69.30295504,-23.99073954,110.7250871,RF
-62.55477539,124.7038776,-62.14910216,69.32903768,-24.01152276,110.7127355,RF
-83.9163349,121.7542446,-37.83790974,66.6511288,-24.17815326,110.7003854,RF
-99.79922414,114.2882115,-14.48898733,60.10094368,-24.4431144,110.689289,RF
-99.79922414,114.2882115,-14.48898733,60.10094368,-24.4431144,110.689289,RF
-113.0965756,101.1071006,11.98947497,52.49389755,-24.87265841,110.6769414,RF
-121.2226158,83.30818661,37.91442915,41.21963656,-25.44100715,110.6645953,RF
-123.7807151,61.7250841,62.05563103,28.93442871,-26.13251648,110.6522505,RF
-120.6145316,37.34503457,83.26949702,13.93784272,-26.92221585,110.6399071,RF
-112.7051262,13.16390379,99.54122237,8.06E-10,-27.73151938,110.6284184,RF
-112.7051262,13.16390379,99.54122237,3.87E-10,-27.73151938,110.6284184,RF
-99.21112597,-13.34767677,112.5588027,-14.22738438,-28.66435569,110.6160777,RF
-81.15658003,-39.18365848,120.3402385,-28.3712607,-29.62888527,110.6037383,RF
-59.37748303,-63.16437908,122.5418621,-40.9271377,-30.6003503,110.5914004,RF
-34.85784968,-84.20994629,119.067796,-51.15878816,-31.55534888,110.5790638,RF
-10.37937672,-100.3347795,110.7141562,-59.48939272,-32.38308741,110.5674952,RF
-10.37937672,-100.3347795,110.7141562,-59.48939272,-32.38308741,110.5674952,RF
16.08939751,-112.9761457,96.88674824,-65.8416869,-33.18696718,110.5551613,RF
41.84637991,-120.3853058,78.53892589,-68.62304282,-33.89044906,110.5428288,RF
65.66843879,-122.1954174,56.52697861,-68.68793937,-34.46175614,110.5304977,RF
86.41917254,-118.281215,31.86204248,-64.55440577,-34.86268783,110.518168,RF
102.4299021,-109.5027579,7.072855748,-58.77422855,-35.08969519,110.5064679,RF
102.4299021,-109.5027579,7.072855747,-58.77422855,-35.08969519,110.5064679,RF
114.6981427,-95.27982459,-19.41831815,-50.37096593,-35.15132143,110.4941409,RF
121.6596402,-76.60750953,-45.0521307,-39.19241283,-35.01721138,110.4818152,RF
123.0096154,-54.35011882,-68.65949662,-26.53261457,-34.69055801,110.4694909,RF
118.6710488,-29.54052359,-89.13052517,-13.13718183,-34.16870579,110.457168,RF
110.7267228,-7.432829299,-103.2938935,3.35E-10,-33.58555583,110.44678,RF
110.7267228,-7.432829298,-103.2938935,6.74E-10,-33.58555583,110.44678,RF
96.61835045,19.04953959,-115.66789,13.47313153,-32.73329707,110.4344596,RF
78.0511108,44.72930321,-122.780414,27.29522604,-31.73404989,110.4221405,RF
55.86337435,68.42310696,-124.2864813,39.43330285,-30.60638148,110.4098229,RF
31.06584787,88.98175411,-120.047602,49.30533651,-29.35976683,110.3975066,RF
9.398217674,102.993369,-112.3915867,55.8398178,-28.28083447,110.387293,RF
9.398217673,102.993369,-112.3915867,55.8398178,-28.28083447,110.387293,RF
-17.10309786,115.5922832,-98.48918537,61.639817,-26.9394289,110.3749791,RF
-42.83496981,122.9128423,-80.07787245,64.09383614,-25.58177037,110.3626667,RF
-66.61275041,124.6355849,-58.02283449,63.59164231,-24.24667005,110.3503556,RF
-87.36754815,120.6873082,-33.3197601,60.38218082,-22.96690604,110.3380458,RF
-99.33098209,114.6920959,-15.36111385,55.24087664,-22.126246,110.3295676,RF
-99.33098209,114.6920959,-15.36111385,55.24087664,-22.126246,110.3295676,RF
-112.8079773,101.6616818,11.14629545,47.84062463,-21.00585129,110.3172601,RF
-121.1172545,84.00787271,37.10938174,37.00096566,-20.01948453,110.3049541,RF
-123.8732983,62.53737845,61.3359198,25.13577525,-19.19049576,110.2926493,RF
-120.8904556,38.20743494,82.68302068,11.30017826,-18.53300688,110.280346,RF
-114.7167435,18.04059527,96.67614823,9.89E-10,-18.15223406,110.2707563,RF
-114.7167435,18.04059526,96.67614823,6.18E-10,-18.15223406,110.2707563,RF
-102.1440763,-8.46033767,110.604414,-13.91060673,-17.83933413,110.2584554,RF
-84.87066905,-34.52232452,119.3929936,-27.5946984,-17.72491653,110.2461558,RF
-63.70612393,-58.94151863,122.6476426,-39.87919912,-17.80789932,110.2338576,RF
-39.6063501,-80.6188801,120.2252302,-50.10518603,-18.08332402,110.2215608,RF
-20.04211511,-94.55708299,114.5991981,-56.78896294,-18.4051962,110.2122312,RF
-20.04211511,-94.55708299,114.5991981,-56.78896294,-18.4051962,110.2122312,RF
6.424463814,-108.9984354,102.5739716,-63.1996737,-18.97138848,110.1999368,RF
32.59789478,-118.3844092,85.78651443,-66.40242671,-19.68198997,110.1876438,RF
57.26809185,-122.2697131,65.00162122,-66.96621675,-20.51088739,110.1753522,RF
79.26646074,-120.4237111,41.15725039,-63.39176262,-21.42165269,110.1630619,RF
95.85235802,-114.0373789,18.18502087,-58.40019892,-22.28289781,110.1520646,RF
95.85235802,-114.0373789,18.18502087,-58.40019892,-22.28289781,110.1520646,RF
110.1829538,-101.8853903,-8.297563507,-51.29006637,-23.2769319,110.139777,RF
119.4317829,-84.98648056,-34.44530231,-39.79690374,-24.27116589,110.1274907,RF
123.1555684,-64.11212182,-59.04344657,-27.29639116,-25.23057456,110.1152059,RF
121.1976963,-40.23094836,-80.96674796,-13.60138865,-26.1305379,110.1029224,RF
114.0434814,-15.46223751,-98.58124385,-1.60E-11,-26.91798554,110.0911253,RF
114.0434814,-15.46223751,-98.58124385,2.51E-10,-26.91798554,110.0911253,RF
101.4094619,11.02902552,-112.4384874,14.84925077,-27.6133234,110.0788445,RF
84.11108663,37.08420094,-121.1952876,28.69530775,-28.19354909,110.0665651,RF
62.91976035,61.48546617,-124.4052265,41.15754241,-28.63194674,110.0542871,RF
38.81921509,83.08441432,-121.9036294,52.40215544,-28.91366867,110.0420104,RF
16.13362884,98.99624164,-115.1298705,59.74059352,-29.04664456,110.0312417,RF
16.13362884,98.99624164,-115.1298705,59.74059352,-29.04664456,110.0312417,RF
-10.3579251,112.8325618,-102.4746367,65.13045588,-29.04826376,110.0189676,RF
-36.40807195,121.5499485,-85.14187658,68.52420996,-28.91298542,110.0066949,RF
-60.81715602,124.7388482,-63.9216922,68.89320202,-28.65206924,109.9944236,RF
-82.3910764,122.1473371,-39.75626071,65.92973612,-28.25400375,109.9821536,RF
-99.2640016,114.6426326,-15.37863097,59.42984786,-27.8050929,109.9705856,RF
-99.2640016,114.6426326,-15.37863097,59.42984786,-27.8050929,109.9705856,RF
-112.7678497,101.6407992,11.12705057,51.25133583,-27.27142996,109.9583183,RF
-121.068962,83.98302756,37.08593441,39.81884248,-26.68783325,109.9460523,RF
-123.8175068,62.51910536,61.29840148,26.87163808,-26.09261422,109.9337877,RF
-120.8907439,38.21529286,82.67545099,12.88147733,-25.51473687,109.9215244,RF
-114.0680261,16.44326548,97.62476066,8.47E-10,-25.04912922,109.9112346,RF
-114.0680261,16.44326548,97.62476066,5.24E-10,-25.04912922,109.9112346,RF
-101.2025025,-10.0409638,111.2434663,-14.53462687,-24.56573265,109.8989738,RF
-83.67348974,-36.0391761,119.7126658,-28.66825899,-24.17196949,109.8867144,RF
-62.30445328,-60.33105592,122.6355092,-41.48757,-23.8919396,109.8744564,RF
-38.05077354,-81.76511125,119.8158848,-51.76604047,-23.73546197,109.8621998,RF
-14.72115429,-97.8148139,112.5359682,-59.92814167,-23.71856035,109.8511556,RF
-14.72115429,-97.8148139,112.5359682,-59.92814167,-23.71856035,109.8511556,RF
11.78548585,-111.2916161,99.50613028,-66.31520531,-23.84541666,109.8389015,RF
37.73824058,-119.5801482,81.84190757,-69.40257178,-24.12523489,109.8266489,RF
61.94115606,-122.3109376,60.36978154,-69.48506563,-24.55767273,109.8143976,RF
83.30372851,-119.3641674,36.06043888,-66.81775163,-25.13865347,109.8021476,RF
99.68020589,-111.5697004,11.88949449,-60.02082178,-25.78796917,109.7907601,RF
99.68020589,-111.5697004,11.88949449,-60.02082178,-25.78796917,109.7907601,RF
112.8268538,-98.23931389,-14.58753995,-52.44579156,-26.59418954,109.7785128,RF
120.788695,-80.31246055,-40.4762345,-41.11563365,-27.49952737,109.7662669,RF
123.1741013,-58.62823247,-64.5458688,-28.75708664,-28.47273083,109.7540224,RF
119.8366234,-34.18388332,-85.65274008,-13.90557114,-29.47413881,109.7417792,RF
111.6850391,-9.754971075,-101.930068,2.21E-10,-30.42097543,109.7302835,RF
111.6850391,-9.754971074,-101.930068,6.33E-10,-30.42097543,109.7302835,RF
98.00191868,16.75493485,-114.7568535,14.24734535,-31.41089934,109.718043,RF
79.78658394,42.54137877,-122.3279627,28.23915841,-32.34189028,109.7058039,RF
57.88167426,66.42872422,-124.3103985,40.64826914,-33.18795436,109.6935661,RF
33.27631292,87.3410386,-120.6173515,50.75244655,-33.92613543,109.6813297,RF
9.261133338,103.0254234,-112.2865567,58.94254487,-34.45702651,109.6700834,RF
9.261133337,103.0254234,-112.2865567,58.94254487,-34.45702651,109.6700834,RF
-17.20876406,115.5722285,-98.36346447,65.07236998,-34.8844662,109.6578497,RF
-42.93832309,122.872413,-79.93408993,67.80997969,-35.13639607,109.6456173,RF
-66.71279373,124.5719238,-57.85913005,67.80456021,-35.19648532,109.6333863,RF
-87.39671221,120.5438902,-33.147178,63.45379812,-35.0387069,109.6211566,RF
-102.8299739,112.0583257,-9.228351808,57.83342807,-34.72302789,109.609962,RF
-102.8299739,112.0583257,-9.228351807,57.83342807,-34.72302789,109.609962,RF
-115.1683622,97.90364277,17.26471939,49.4778876,-34.18879369,109.597735,RF
-122.2068169,79.28578003,42.92103686,38.34215374,-33.46114669,109.5855093,RF
-123.6362326,57.07044452,66.56578813,25.71935033,-32.56070097,109.573285,RF
-119.3759196,32.28735908,87.08856054,12.32502122,-31.50334374,109.561062,RF
-111.9970181,11.35483642,100.6421817,9.33E-10,-30.56139105,109.5512952,RF
-111.9970181,11.35483642,100.6421817,5.93E-10,-30.56139105,109.5512952,RF
-98.16922282,-15.14053661,113.3097594,-13.77067822,-29.28911686,109.5390747,RF
-79.84053433,-40.89786912,120.7384034,-27.78953138,-27.94609253,109.5268555,RF
-57.82915452,-64.72779415,122.5569487,-39.03173624,-26.55905298,109.5146376,RF
-33.13779789,-85.52509325,118.6628911,-48.47494059,-25.16088149,109.5024212,RF
-13.61928581,-98.47956164,112.0988474,-55.62378108,-24.13206874,109.4932506,RF
-13.61928581,-98.47956164,112.0988474,-55.62378108,-24.13206874,109.4932506,RF
12.90925424,-111.8047601,98.89550588,-61.19114248,-22.8226538,109.4810365,RF
38.8132534,-119.8613048,81.04805139,-63.9548065,-21.59232137,109.4688237,RF
62.92715735,-122.3658146,59.43865722,-63.72437341,-20.48345216,109.4566122,RF
84.15656127,-119.1937869,35.03722562,-61.00614566,-19.52054687,109.4444022,RF
97.26340559,-113.2634502,16.00004461,-55.50163586,-18.9139678,109.4354477,RF
97.26340559,-113.2634502,16.00004461,-55.50163586,-18.9139678,109.4354477,RF
111.1864627,-100.6938812,-10.49258147,-48.14181139,-18.24992659,109.4232399,RF
119.9938883,-83.43341118,-36.56047709,-37.35642464,-17.78013998,109.4110336,RF
123.2692388,-62.2722059,-60.99703293,-25.62007553,-17.51239634,109.3988286,RF
120.8100883,-38.16115184,-82.64893646,-11.5686306,-17.44507045,109.3866249,RF
114.8479502,-17.58818655,-97.2597636,-2.33E-11,-17.53288505,109.3768802,RF
114.8479502,-17.58818655,-97.2597636,3.58E-10,-17.53288505,109.3768802,RF
102.6406361,8.900171552,-111.5408076,14.24270491,-17.81589245,109.364679,RF
85.68915242,35.04727309,-120.7364255,27.2835315,-18.2766949,109.3524792,RF
64.75417511,59.62783773,-124.3820128,40.16057956,-18.89166395,109.3402807,RF
40.85103595,81.49219866,-122.3432346,50.93818182,-19.63606731,109.3280836,RF
18.57912161,97.47800382,-116.0571254,58.33248682,-20.36991609,109.3175283,RF
18.57912161,97.47800382,-116.0571254,58.33248682,-20.36991609,109.3175283,RF
-7.901457659,111.7734625,-103.8720048,64.30937397,-21.29002766,109.3053337,RF
-34.04071741,120.9726248,-86.93190741,67.38176878,-22.25926792,109.2931406,RF
-58.62609868,124.6590728,-66.03297407,67.4285216,-23.24676043,109.2809487,RF
-80.53126065,122.6467974,-42.1155367,64.07155083,-24.2204866,109.2687583,RF
-96.55778435,116.3455452,-19.78776083,59.11661036,-25.02572153,109.2581794,RF
-96.55778435,116.3455452,-19.78776083,59.11661036,-25.02572153,109.2581794,RF
-110.8540578,104.1633227,6.690735095,50.75259013,-25.89053364,109.2459915,RF
-120.0595488,87.22916519,32.83038362,40.08160281,-26.66258865,109.233805,RF
-123.7520684,66.33444152,57.41762687,27.62292579,-27.32150225,109.2216199,RF
-121.7713697,42.42154334,79.34982634,14.14225956,-27.85717097,109.2094361,RF
-115.2372277,19.51649052,95.7207372,3.58E-10,-28.19296123,109.1986017,RF
-115.2372277,19.51649052,95.7207372,2.32E-11,-28.19296123,109.1986017,RF
-102.9578443,-6.950628482,109.9084728,-14.09699263,-28.44129434,109.1864205,RF
-85.93449279,-33.06874762,119.0032404,-27.822944,-28.5408244,109.1742406,RF
-64.96665736,-57.63129838,122.5979557,-40.49839771,-28.50220007,109.1620621,RF
-40.98755209,-79.45686861,120.4444207,-51.50719524,-28.31077877,109.149885,RF
-16.68786842,-96.62389138,113.3117598,-59.68452698,-28.02276056,109.138404,RF
-16.68786842,-96.62389138,113.3117598,-59.68452698,-28.02276056,109.138404,RF
9.813719554,-110.4755843,100.6618648,-65.68440643,-27.62403585,109.1262295,RF
35.85375379,-119.1710222,83.31726844,-68.71484905,-27.13895669,109.1140564,RF
60.23236423,-122.3302877,62.09792349,-68.59651447,-26.5993672,109.1018846,RF
81.85169264,-119.8145007,37.96280811,-65.55838743,-26.03358922,109.0897141,RF
97.77921896,-112.8787714,15.09955241,-59.68569988,-25.5178712,109.0789642,RF
97.77921896,-112.8787714,15.09955241,-59.68569988,-25.5178712,109.0789642,RF
111.5316497,-100.1515937,-11.380056,-51.83532898,-24.96765142,109.0667963,RF
120.1541061,-82.74346084,-37.41064522,-40.70081403,-24.46852833,109.0546297,RF
123.2353169,-61.46942428,-61.76589265,-28.42482608,-24.04791294,109.0424645,RF
120.5876127,-37.29016329,-83.29744941,-13.52154469,-23.72214315,109.0303007,RF
113.514655,-14.16032467,-99.35433035,-2.08E-10,-23.53344657,109.0194201,RF
113.514655,-14.16032467,-99.35433036,2.02E-10,-23.53344657,109.0194201,RF
100.6559638,12.34743749,-113.0034013,14.67382902,-23.45029029,109.0072588,RF
83.14298072,38.35225803,-121.4952387,28.24221691,-23.51203773,108.9950989,RF
61.76252306,62.638603,-124.4011261,41.23694403,-23.72064573,108.9829404,RF
37.55292321,84.07018018,-121.6231034,52.24700327,-24.07780475,108.9707832,RF
13.16127865,100.7767711,-113.9380498,60.73061785,-24.54857877,108.9593511,RF
13.16127864,100.7767711,-113.9380498,60.73061785,-24.54857877,108.9593511,RF
-13.34377994,114.0656947,-100.7219148,66.2475145,-25.17811281,108.9471965,RF
-39.25293103,122.153991,-82.90105995,69.42603825,-25.92699428,108.9350434,RF
-63.36886917,124.6740686,-61.30519942,69.35781978,-26.77581022,108.9228915,RF
-84.56167641,121.4979511,-36.93627468,66.6369695,-27.69550572,108.9107411,RF
-100.8675971,113.535568,-12.66797096,59.90449444,-28.6052204,108.8994241,RF
-100.8675971,113.535568,-12.66797096,59.90449444,-28.6052204,108.8994241,RF
-113.8240761,100.0020037,13.82207242,51.81170842,-29.58538007,108.8872762,RF
-121.5738393,81.91769094,39.65614841,40.65048049,-30.56083779,108.8751298,RF
-123.7337843,60.11384519,63.61993909,28.11246806,-31.49232967,108.8629847,RF
-120.2163599,35.57542965,84.64093023,14.79660103,-32.35738387,108.8508409,RF
-112.1152722,11.75244909,100.3628231,3.66E-10,-33.03765348,108.839752,RF
-112.1152722,11.75244909,100.3628231,3.72E-11,-33.03765348,108.839752,RF
-98.37956051,-14.72735333,113.1069138,-14.00391444,-33.66542529,108.8276108,RF
-80.10788867,-40.5000917,120.6079804,-27.43346574,-34.14167285,108.8154711,RF
-58.15379611,-64.37826574,122.5320619,-39.63705598,-34.45337899,108.8033327,RF
-33.50995669,-85.20233327,118.71229,-50.28760589,-34.55743184,108.7911956,RF
-9.245150956,-100.9906881,110.2358391,-58.06110051,-34.47986473,108.7799125,RF
-9.245150956,-100.9906881,110.2358391,-58.06110051,-34.47986473,108.7799125,RF
17.2502063,-113.4507634,96.20055715,-63.49297927,-34.21136319,108.767778,RF
42.94021737,-120.6170297,77.67681233,-66.05707895,-33.73766642,108.7556449,RF
66.64445602,-122.1798328,55.53537676,-65.47699885,-33.07466487,108.7435132,RF
87.25179071,-118.0499133,30.79812261,-62.16681525,-32.22968168,108.7313828,RF
101.2074971,-110.5376427,9.330145584,-56.59662733,-31.41553257,108.7214358,RF
101.2074971,-110.5376427,9.330145583,-56.59662733,-31.41553257,108.7214358,RF
113.8880144,-96.72095646,-17.16705791,-48.45437301,-30.29419027,108.7093078,RF
121.3316281,-78.39978282,-42.93184528,-37.40055452,-29.06385449,108.6971812,RF
123.1813685,-56.4024066,-66.77896193,-25.24598609,-27.75186105,108.6850559,RF
119.2859787,-31.72657574,-87.55940296,-11.32531119,-26.37776387,108.672932,RF
112.2291643,-10.90214268,-101.3270216,-3.65E-11,-25.27717981,108.6632435,RF
112.2291643,-10.90214268,-101.3270216,3.29E-10,-25.27717981,108.6632435,RF
98.76449215,15.61177874,-114.3762709,14.31379259,-23.91383037,108.651122,RF
80.73265909,41.47656346,-122.2092225,27.03005531,-22.59942434,108.6390018,RF
58.94476457,65.47918127,-124.4239458,39.55592537,-21.36304662,108.6268829,RF
34.4528141,86.50033601,-120.9531501,49.65227118,-20.24300936,108.6147654,RF
15.07904738,99.67121972,-114.7502671,55.59353155,-19.49816489,108.6057332,RF
15.07904738,99.67121973,-114.7502671,55.59353155,-19.49816489,108.6057332,RF
-11.4299989,113.3336674,-101.9036685,61.26139992,-18.64196927,108.5936181,RF
-37.43197698,121.8204051,-84.38842809,64.15663414,-17.96302126,108.5815043,RF
-61.72652937,124.7598047,-63.03327534,64.01615821,-17.47813211,108.5693918,RF
-83.21929953,122.0213328,-38.8020333,61.21629784,-17.19689678,108.5572806,RF
-96.1400037,116.6519916,-20.51198787,55.89850685,-17.11822832,108.5487049,RF
-96.1400037,116.6519916,-20.51198786,55.89850685,-17.11822832,108.5487049,RF
-110.5607015,104.5984233,5.962278197,48.80061259,-17.18105557,108.5365961,RF
-119.9195016,87.78854546,32.13095612,38.14124431,-17.44018542,108.5244886,RF
-123.7770856,66.98628028,56.79080529,26.50613739,-17.88244897,108.5123825,RF
-121.9039876,43.1241932,78.77979445,12.40881052,-18.4849603,108.5002777,RF
-115.8676442,21.18528907,94.68235516,6.15E-10,-19.10770201,108.4899278,RF
-115.8676442,21.18528907,94.68235516,2.25E-10,-19.10770201,108.4899278,RF
-103.8982913,-5.287654956,109.1859463,-13.86087942,-19.94762779,108.4778255,RF
-87.14629262,-31.46713656,118.6134292,-27.70796188,-20.8739547,108.4657247,RF
-66.39777165,-56.14392682,122.5416985,-40.08472611,-21.85677534,108.4536251,RF
-42.58940535,-78.20773913,120.7971445,-50.26606661,-22.86936745,108.441527,RF
-20.60984964,-94.17600893,114.7858586,-58.22096748,-23.71626113,108.4311727,RF
-20.60984964,-94.17600893,114.7858586,-58.22096748,-23.71626113,108.4311727,RF
5.842808928,-108.7187442,102.8759353,-64.55372594,-24.67207244,108.419077,RF
32.03888081,-118.2236293,86.18474845,-67.6139848,-25.56926825,108.4069828,RF
56.75792088,-122.2342178,65.47629692,-68.06024432,-26.37730775,108.3948898,RF
78.81742999,-120.5081287,41.69069866,-64.76641248,-27.05592883,108.3827983,RF
96.55083147,-113.6121102,17.06127873,-59.14526755,-27.5853201,108.3712016,RF
96.55083147,-113.6121102,17.06127873,-59.14526755,-27.5853201,108.3712016,RF
110.6890895,-101.2536916,-9.435397881,-51.00581086,-28.00220045,108.3591127,RF
119.7021533,-84.16395562,-35.53819771,-40.00859939,-28.26221061,108.3470251,RF
123.1948289,-63.14523079,-60.04959808,-27.38334001,-28.37024777,108.3349389,RF
120.9896953,-39.16858562,-81.82110968,-13.8519736,-28.32440591,108.322854,RF
114.3152199,-16.202586,-98.11263394,6.83E-10,-28.16620374,108.3121056,RF
114.3152199,-16.202586,-98.11263394,1.03E-09,-28.16620374,108.3121056,RF
101.8374026,10.28436439,-112.121767,13.90132995,-27.86265436,108.3000232,RF
84.66344377,36.37167902,-121.0351228,28.22973675,-27.45613115,108.2879423,RF
63.56577459,60.85653231,-124.4223069,40.98158292,-26.9650736,108.2758626,RF
39.50067591,82.55363445,-122.0543104,51.51708555,-26.39956019,108.2637843,RF
15.48041711,99.38886143,-114.8692785,59.37517449,-25.85330544,108.2525412,RF
15.48041711,99.38886143,-114.8692785,59.37517449,-25.85330544,108.2525412,RF
-11.02678743,113.1261357,-102.0993482,65.75118606,-25.26606276,108.2404655,RF
-37.04050337,121.692778,-84.65227465,68.63452232,-24.70118964,108.2283911,RF
-61.36548614,124.7171351,-63.35164892,68.55869301,-24.19251623,108.2163181,RF
-82.90506745,122.0656206,-39.16055318,65.73358974,-23.76786115,108.2042464,RF
-98.60510549,115.1034267,-16.49832123,59.61916803,-23.47315254,108.1936884,RF
-98.60510549,115.1034267,-16.49832123,59.61916803,-23.47315254,108.1936884,RF
-112.2818557,102.3003299,9.981525797,51.89252872,-23.25842048,108.1816192,RF
-120.8220643,84.82652359,35.99554076,40.78027178,-23.1846447,108.1695514,RF
-123.8154999,63.49989943,60.31560042,28.60853525,-23.26324536,108.1574849,RF
-121.0815323,39.28680498,81.79472736,13.72250994,-23.49456417,108.1454198,RF
-113.7595473,15.69738213,98.06216521,1.15E-09,-23.84102492,108.1344245,RF
-113.7595473,15.69738213,98.06216521,7.33E-10,-23.84102492,108.1344245,RF
-100.7396028,-10.81321539,111.5528182,-14.17252565,-24.36807898,108.122362,RF
-83.08752425,-36.76932009,119.8568443,-28.31966973,-25.03376854,108.1103008,RF
-61.6226558,-60.98024842,122.6029042,-40.94480127,-25.82323912,108.098241,RF
-37.3422708,-82.30958325,119.651854,-51.9192471,-26.70980236,108.0861825,RF
-12.47490199,-99.14785979,111.6227618,-59.62986104,-27.63587651,108.0746592,RF
-12.47490199,-99.14785979,111.6227618,-59.62986104,-27.63587651,108.0746592,RF
14.01711349,-112.1831467,98.16603318,-66.12762036,-28.63726568,108.0626034,RF
39.87649346,-120.0236335,80.14714002,-68.71181986,-29.6615667,108.0505489,RF
63.86070953,-122.2665097,58.4058002,-68.9977484,-30.66103033,108.0384958,RF
84.93110053,-118.812453,33.88135249,-64.79214111,-31.61549305,108.026444,RF
100.8021724,-110.7508257,9.948653212,-59.2625051,-32.40657894,108.015372,RF
100.8021724,-110.7508257,9.948653212,-59.2625051,-32.40657894,108.015372,RF
113.6070094,-97.05767247,-16.54933692,-50.98695417,-33.16398585,108.0033228,RF
121.1636734,-78.82710893,-42.33656444,-40.01292232,-33.77872434,107.991275,RF
123.1290202,-56.91173369,-66.21728653,-27.51611921,-34.22855719,107.9792285,RF
119.4199228,-32.30034281,-87.11958001,-14.17803737,-34.4998701,107.9671834,RF
110.9937987,-8.087048031,-102.9067506,-4.55E-11,-34.54927293,107.9560142,RF
110.9937987,-8.08704803,-102.9067506,2.39E-10,-34.54927293,107.9560142,RF
97.0047988,18.40729453,-115.4120933,14.0056942,-34.41285655,107.9439717,RF
78.53813833,44.11818292,-122.6563212,27.49691946,-34.07018402,107.9319305,RF
56.43661965,67.83928294,-124.2759026,39.21748249,-33.51552727,107.9198906,RF
31.68671101,88.53210903,-120.21882,49.84611369,-32.76784819,107.9078521,RF
9.67411504,102.8241397,-112.4982547,56.78060264,-31.98900931,107.8977145,RF
9.674115039,102.8241397,-112.4982547,56.78060264,-31.98900931,107.8977145,RF
-16.82079701,115.4709006,-98.65010364,62.19513128,-30.92723869,107.8856785,RF
-42.568918,122.8516482,-80.28273022,64.66706305,-29.72677614,107.8736437,RF
-66.3731438,124.6352714,-58.26212756,64.14028348,-28.42440931,107.8616103,RF
-87.16612348,120.7470247,-33.58090126,60.8036132,-27.05433369,107.8495783,RF
-100.1492074,114.1288247,-13.97961731,55.32923406,-25.98878274,107.8405395,RF
-100.1492074,114.1288247,-13.97961731,55.32923406,-25.98878274,107.8405395,RF
-113.3702274,100.8459774,12.52425002,47.80639316,-24.57990419,107.8285097,RF
-121.3998603,82.97189524,38.42796505,36.8503497,-23.20300482,107.8164813,RF
-123.8633194,61.32878719,62.53453218,24.89875726,-21.89556284,107.8044542,RF
-120.5859697,36.88288516,83.70308456,11.14445308,-20.68395277,107.7924285,RF
-114.1974934,16.67394641,97.52354697,1.85E-09,-19.83584703,107.783059,RF
-114.1974934,16.67394641,97.52354697,1.48E-09,-19.83584703,107.783059,RF
-101.3648296,-9.835509443,111.200339,-14.11545924,-18.8871838,107.7710356,RF
-83.87727592,-35.85154281,119.7288187,-27.06387083,-18.11746295,107.7590135,RF
-62.51141319,-60.16008064,122.6714938,-39.59900425,-17.54154448,107.7469928,RF
-38.30418334,-81.61895846,119.9231418,-49.78648654,-17.17319099,107.7349734,RF
-18.71130852,-95.4041583,114.1154668,-56.0466225,-17.0357722,107.7258589,RF
-18.71130852,-95.4041583,114.1154668,-56.0466225,-17.0357722,107.7258589,RF
7.778756556,-109.6247415,101.845985,-61.90125437,-17.04180246,107.7138418,RF
33.90203119,-118.7307315,84.82870027,-65.03385674,-17.25219458,107.7018261,RF
58.45206793,-122.3206477,63.86857974,-65.1139877,-17.65576847,107.6898118,RF
80.32133505,-120.2333784,39.91204333,-62.38230082,-18.23724962,107.6777988,RF
94.86995975,-114.6290261,19.75906633,-56.85260454,-18.79352766,107.6683858,RF
94.86995976,-114.6290261,19.75906633,-56.85260454,-18.79352766,107.6683858,RF
109.4765435,-102.7794167,-6.697126762,-49.76112435,-19.61632121,107.6563752,RF
119.0465919,-86.14311685,-32.90347505,-38.96431838,-20.54167616,107.6443659,RF
123.1255353,-65.47823617,-57.64729914,-27.1778969,-21.53524298,107.632358,RF
121.4856445,-41.74521045,-79.7404341,-13.09302795,-22.55019372,107.6203515,RF
115.0223948,-18.11845602,-96.90393875,1.25E-09,-23.48668416,107.6092992,RF
115.0223948,-18.11845602,-96.90393875,1.59E-09,-23.48668416,107.6092992,RF
102.9211827,8.366375673,-111.2875584,14.20017944,-24.4729114,107.5972952,RF
86.0595878,34.50858802,-120.5681758,27.53402964,-25.38848997,107.5852926,RF
65.19058031,59.16080309,-124.3513834,40.84760447,-26.21883787,107.5732913,RF
41.32707394,81.08956338,-122.4166373,52.12169835,-26.91866998,107.5612914,RF
16.24010978,98.91618504,-115.1562948,60.11701925,-27.47080787,107.5496094,RF
16.24010978,98.91618504,-115.1562948,60.11701925,-27.47080787,107.5496094,RF
-10.25531449,112.7931205,-102.537806,65.8019263,-27.89633294,107.5376122,RF
-36.30483945,121.518101,-85.21326154,68.55843411,-28.15867393,107.5256163,RF
-60.69655632,124.7071463,-64.01058994,68.23765309,-28.26316066,107.5136217,RF
-82.29296674,122.1983838,-39.90541706,65.16798925,-28.20851286,107.5016284,RF
-97.12491179,116.0355187,-18.91060686,59.70852374,-28.05768696,107.4918867,RF
-97.12491179,116.0355187,-18.91060686,59.70852374,-28.05768696,107.4918867,RF
-111.2526069,103.6773197,7.575287178,51.63771123,-27.74698734,107.4798959,RF
-120.2917,86.60684114,33.6848589,40.56832886,-27.32800969,107.4679064,RF
-123.8165494,65.59644465,58.22010473,28.21851756,-26.82242361,107.4559182,RF
-121.5855882,41.62042107,79.96516716,13.66739973,-26.23891779,107.4439314,RF
-114.4462707,17.34401396,97.10225675,3.79E-09,-25.67597037,107.4326577,RF
-114.4462707,17.34401396,97.10225675,3.40E-09,-25.67597037,107.4326577,RF
-101.7140253,-9.174608722,110.888634,-14.50218731,-25.06475494,107.4206735,RF
-84.33942911,-35.20410884,119.543538,-28.65812053,-24.48792962,107.4086906,RF
-63.07679629,-59.58855996,122.6653563,-41.22748027,-23.97077915,107.396709,RF
-38.88035797,-81.13237906,120.012737,-51.72580063,-23.52837286,107.3847287,RF
-15.92149148,-97.09497761,113.0164691,-59.42886567,-23.23338755,107.3740827,RF
-15.92149148,-97.09497761,113.0164691,-59.42886567,-23.23338755,107.3740827,RF
10.58264352,-110.8037246,100.221081,-65.8499814,-23.02893857,107.3621049,RF
36.58921304,-119.3373375,82.74812443,-68.84049017,-22.96810039,107.3501285,RF
60.89878771,-122.3270908,61.42830312,-68.87323262,-23.06559702,107.3381535,RF
82.41395843,-119.639231,37.22527254,-66.17315732,-23.32834616,107.3261797,RF
98.55156552,-112.362956,13.81139052,-59.99884923,-23.69643232,107.3153596,RF
98.55156552,-112.362956,13.81139052,-59.99884923,-23.69643232,107.3153596,RF
112.0693162,-99.37305729,-12.69625887,-51.77399237,-24.25372208,107.3033884,RF
120.4200771,-81.75591831,-38.66415882,-40.78553742,-24.95405201,107.2914186,RF
123.2166127,-60.30727983,-62.90933287,-28.62116272,-25.78045733,107.2794501,RF
120.275843,-36.00709391,-84.26874904,-13.96438771,-26.69870004,107.2674829,RF
112.4945415,-11.68573566,-100.8088059,-1.54E-09,-27.62243253,107.2562617,RF
112.4945415,-11.68573566,-100.8088059,-1.13E-09,-27.62243253,107.2562617,RF
99.17386176,14.82711569,-114.0009775,14.31894204,-28.65450868,107.2442972,RF
81.25958821,40.70889871,-121.9684869,28.15947731,-29.69159997,107.232334,RF
59.59007006,64.77492054,-124.3649906,40.56979679,-30.70434412,107.2203721,RF
35.14255954,85.93908794,-121.0816475,50.72255536,-31.66310885,107.2084116,RF
11.002752,102.0293237,-113.0320757,58.68330989,-32.44881943,107.1973318,RF
11.002752,102.0293237,-113.0320757,58.68330989,-32.44881943,107.1973318,RF
-15.47680327,114.9044941,-99.42769079,64.96910561,-33.17993333,107.1853739,RF
-41.29600747,122.5641995,-81.26819205,67.67081966,-33.7655318,107.1734173,RF
-65.23576805,124.6382622,-59.40249413,67.67267599,-34.17782022,107.1614621,RF
-86.15486819,120.9797123,-34.82484414,63.49283015,-34.37928694,107.1495082,RF
-102.0650448,112.6468395,-10.58179472,57.84447619,-34.3843849,107.1383933,RF
-102.0650448,112.6468395,-10.58179472,57.84447619,-34.3843849,107.1383933,RF
-114.6521938,98.73349109,15.91870266,50.89957948,-34.18462019,107.126442,RF
-121.9820095,80.32891097,41.65309852,38.46701407,-33.7733051,107.114492,RF
-123.693465,58.26974523,65.42371972,25.83321988,-33.14897827,107.1025433,RF
-119.7262266,33.58051491,86.14571173,12.16456242,-32.33099105,107.090596,RF
-111.9246487,11.23475892,100.6898898,-3.71E-10,-31.47993929,107.0803777,RF
-111.9246487,11.23475892,100.6898898,-6.65E-10,-31.47993929,107.0803777,RF
-98.08805267,-15.28182463,113.3698773,-14.31557638,-30.35508004,107.0684328,RF
-79.73095496,-41.02874706,120.759702,-27.49869402,-29.09649203,107.0564893,RF
-57.71767701,-64.84018026,122.5578573,-39.40560839,-27.74643604,107.044547,RF
-33.04534388,-85.63926198,118.6846059,-49.39808067,-26.34058012,107.0326061,RF
-14.1779658,-98.1947095,112.3726753,-55.40597932,-25.29616064,107.0239685,RF
-14.1779658,-98.1947095,112.3726753,-55.40597932,-25.29616064,107.0239685,RF
12.33024418,-111.5669665,99.23672231,-61.08627453,-23.87352333,107.0120299,RF
38.2696885,-119.7592828,81.48959435,-63.81338252,-22.49663181,107.0000925,RF
62.44658859,-122.3922863,59.94569773,-63.88316079,-21.20260302,106.9881565,RF
83.8011732,-119.3368041,35.53563091,-62.19904147,-20.02186095,106.9762218,RF
96.80355892,-113.5694537,16.76589481,-54.22447388,-19.25345087,106.9675522,RF
96.80355892,-113.5694537,16.7658948,-54.22447388,-19.25345087,106.9675522,RF
110.8462066,-101.1323642,-9.71384239,-47.32875518,-18.34107943,106.9556198,RF
119.8258511,-84.00717354,-35.8186776,-36.59739008,-17.61859351,106.9436887,RF
123.2776318,-62.95431372,-60.32331804,-24.72238204,-17.09928849,106.9317589,RF
120.9750377,-38.89132738,-82.08371034,-12.00501267,-16.78917184,106.9198304,RF
114.9101084,-17.73648122,-97.17362714,-1.64E-09,-16.69489309,106.9100302,RF
114.9101084,-17.73648122,-97.17362714,-1.31E-09,-16.69489309,106.9100302,RF
102.7337801,8.745418346,-111.4791985,14.21834641,-16.7745653,106.8981041,RF
85.81143383,34.89889189,-120.7103257,27.1836147,-17.05903874,106.8861794,RF
64.8764648,59.57648454,-124.4529493,39.19130667,-17.54088624,106.8742561,RF
40.94050044,81.39759052,-122.338091,50.03006114,-18.16351195,106.8623341,RF
19.30909894,97.0060062,-116.3151051,56.93340213,-18.8010005,106.8522658,RF
19.30909894,97.0060062,-116.3151051,56.93340213,-18.8010005,106.8522658,RF
-7.193296398,111.4663512,-104.2730548,63.45729047,-19.67871156,106.8403463,RF
-33.35266902,120.8028771,-87.4502081,66.43790883,-20.63079913,106.8284281,RF
-57.99946732,124.6447191,-66.64525177,66.51864249,-21.63513537,106.8165112,RF
-80.0145572,122.8118852,-42.79732799,63.6856425,-22.66003502,106.8045956,RF
-95.34851098,117.0461272,-21.69761625,58.31454475,-23.47351375,106.7947998,RF
-95.34851098,117.0461272,-21.69761625,58.31454475,-23.47351375,106.7947998,RF
-109.9891241,105.220221,4.768903128,50.61918758,-24.42594541,106.7828867,RF
-119.5869747,88.6106883,30.97628637,39.9355713,-25.3040286,106.7709749,RF
-123.7018001,67.96685229,55.73494779,27.92240972,-26.08309457,106.7590645,RF
-122.0863776,44.24268871,77.84368885,13.70416102,-26.72074563,106.7471554,RF
-115.3025162,19.67084102,95.63167519,-6.83E-11,-27.20382084,106.7357605,RF
-115.3025162,19.67084102,95.63167519,-4.09E-10,-27.20382084,106.7357605,RF
-103.0454025,-6.820339204,109.8657417,-14.50477955,-27.56117255,106.7238541,RF
-86.04763916,-32.97372968,119.0213688,-28.04375723,-27.76576705,106.7119489,RF
-65.04914243,-57.52643953,122.575582,-41.24543522,-27.78984108,106.7000451,RF
-41.13301505,-79.32830386,120.4613189,-51.77840612,-27.66756654,106.6881426,RF
-16.9230515,-96.50439277,113.4274443,-59.60754696,-27.44250595,106.6769595,RF
-16.9230515,-96.50439277,113.4274443,-59.60754696,-27.44250595,106.6769595,RF
9.599525619,-110.3914495,100.7919239,-65.45265469,-27.07450652,106.6650596,RF
35.64703741,-119.1340152,83.4869778,-68.33139908,-26.61023932,106.653161,RF
60.04798348,-122.3392051,62.29122162,-68.04728019,-26.07465384,106.6412637,RF
81.69785876,-119.8697242,38.17186544,-64.85671244,-25.49969988,106.6293678,RF
96.8572984,-113.4630223,16.60572392,-59.38840386,-24.99540211,106.6194402,RF
96.8572984,-113.4630223,16.60572392,-59.38840386,-24.99540211,106.6194402,RF
110.8911254,-101.0191767,-9.871948692,-51.69269817,-24.41615641,106.6075466,RF
119.8216243,-83.85840236,-35.96322195,-40.40344052,-23.88128834,106.5956544,RF
123.2249613,-62.77837222,-60.4465891,-28.12083084,-23.42091155,106.5837635,RF
120.8984836,-38.73298872,-82.16549489,-13.87379224,-23.05493602,106.5718739,RF
113.8071247,-14.89133496,-98.91578978,3.41E-11,-22.82785771,106.5608895,RF
113.8071247,-14.89133496,-98.91578978,4.20E-10,-22.82785771,106.5608895,RF
101.0838324,11.61531163,-112.6991441,14.67641626,-22.71668153,106.5490025,RF
83.69026475,37.65287336,-121.3431381,28.14686362,-22.75880291,106.5371168,RF
62.41083005,61.96582866,-124.3766587,41.38666411,-22.9521856,106.5252324,RF
38.24597254,83.53609383,-121.7820664,51.53000351,-23.3151159,106.5133494,RF
14.59547889,99.92400737,-114.5194863,59.99809191,-23.77792421,106.5024872,RF
14.59547889,99.92400737,-114.5194863,59.99809191,-23.77792421,106.5024872,RF
-11.90670022,113.4716,-101.5648998,65.19064468,-24.42114929,106.4906068,RF
-37.95227411,121.9064837,-83.95420954,69.36525698,-25.2076054,106.4787276,RF
-62.14354158,124.6580659,-62.51452436,69.28948661,-26.07284599,106.4668498,RF
-83.50564792,121.794302,-38.28865404,65.20800553,-27.02545695,106.4549733,RF
-99.28334834,114.6563042,-15.37295588,60.16410466,-27.92307024,106.4444783,RF
-99.28334834,114.6563042,-15.37295588,60.16410466,-27.92307024,106.4444783,RF
-112.7445355,101.6004706,11.14406492,51.86343837,-28.93901361,106.4326043,RF
-121.0489252,83.94894348,37.09998167,41.20706308,-29.94598522,106.4207317,RF
-123.7860928,62.47646687,61.30962591,28.85080523,-30.90297344,106.4088604,RF
-120.8419927,38.16238462,82.67960807,15.66147884,-31.78312574,106.3969904,RF
-112.3059268,12.16893393,100.1369929,0.388465454,-32.52678764,106.3851217,RF
-112.0193344,11.49561521,100.5237192,6.78E-09,-32.54413263,106.3848204,RF
-112.0193344,11.49561521,100.5237192,6.40E-09,-32.54413263,106.3848204,RF
-98.21790259,-15.00932402,113.2272266,-14.38230034,-33.14748148,106.3729531,RF
-79.90939961,-40.77027252,120.6796721,-27.62197646,-33.5816171,106.3610871,RF
-57.92480191,-64.62749256,122.5522945,-39.0285573,-33.8327081,106.3492225,RF
-33.23844371,-85.42905134,118.6674951,-50.23080251,-33.85674393,106.3373592,RF
-11.22052533,-99.87635368,111.096879,-57.20736809,-33.70776528,106.3273411,RF
-11.22052533,-99.87635368,111.096879,-57.20736809,-33.70776528,106.3273411,RF
15.28344337,-112.7145016,97.43105824,-62.74712159,-33.35138588,106.3154802,RF
41.07784949,-120.2888016,79.21095207,-65.30283677,-32.77647498,106.3036207,RF
64.97106574,-122.2764447,57.305379,-64.84572992,-32.0056505,106.2917625,RF
85.88701072,-118.5884265,32.70141581,-61.45010122,-31.05718154,106.2799055,RF
100.4142079,-111.1275236,10.7133157,-55.65913604,-30.11663954,106.2699166,RF
100.4142079,-111.1275236,10.7133157,-55.65913604,-30.11663954,106.2699166,RF
113.3572441,-97.57547723,-15.78176683,-47.96196234,-28.89175738,106.2580621,RF
121.0847897,-79.46640284,-41.61838686,-36.81561735,-27.56503663,106.2462089,RF
123.2290137,-57.63775944,-65.59125421,-24.72163172,-26.17324937,106.234357,RF
119.6368993,-33.07776871,-86.55913056,-11.03310783,-24.74334467,106.2225064,RF
113.0522977,-12.90339224,-100.1489055,4.09E-09,-23.64614474,106.2133114,RF
113.0522977,-12.90339224,-100.1489055,4.81E-09,-23.64614474,106.2133114,RF
99.95710436,13.61237039,-113.5694748,14.11901278,-22.26901815,106.2014632,RF
82.24386491,39.57029188,-121.8141568,27.01168411,-20.97014717,106.1896162,RF
60.7015158,63.75578629,-124.4573021,39.32524126,-19.77966416,106.1777706,RF
36.37545408,85.03839018,-121.4138443,49.39724298,-18.73583757,106.1659263,RF
16.55225595,98.76830404,-115.32056,55.61332352,-18.05087569,106.1568649,RF
16.55225595,98.76830404,-115.32056,55.61332352,-18.05087569,106.1568649,RF
-9.950446221,112.7028826,-102.7524364,61.21289339,-17.32433423,106.1450229,RF
-36.01465863,121.4912457,-85.47658711,64.13852789,-16.80042552,106.1331822,RF
-60.43653489,124.7467492,-64.31021432,64.03781838,-16.49112266,106.1213428,RF
-82.11536905,122.3243503,-40.20898125,61.29886237,-16.40107275,106.1095048,RF
-95.24697977,117.1504459,-21.90346608,56.03318508,-16.46392604,106.1010878,RF
-95.24697977,117.1504459,-21.90346608,56.03318508,-16.46392604,106.1010878,RF
-109.924628,105.3620008,4.562627211,48.79073336,-16.73006362,106.089252,RF
-119.564959,88.78717573,30.77778327,38.32214889,-17.18917955,106.0774175,RF
-123.7222812,68.17308644,55.54919475,26.75362232,-17.821913,106.0655844,RF
-122.1504634,44.44031596,77.71014746,12.56427915,-18.59777857,106.0537526,RF
-116.2069783,22.1298047,94.07717356,2.06E-09,-19.36399858,106.0434387,RF
-116.2069783,22.1298047,94.07717356,1.28E-09,-19.36399858,106.0434387,RF
-104.4228166,-4.33157614,108.7543928,-13.73502585,-20.32870424,106.0316094,RF
-87.83017038,-30.54466045,118.3748308,-27.54712701,-21.34458801,106.0197814,RF
-67.20927599,-55.29762519,122.5069012,-39.86898668,-22.3779646,106.0079548,RF
-43.49154789,-77.47512211,120.96667,-50.043069,-23.39907818,105.9961294,RF
-21.41682835,-93.66139062,115.078219,-57.99415024,-24.22369379,105.9859451,RF
-21.41682835,-93.66139062,115.078219,-57.99415025,-24.22369379,105.9859451,RF
5.026884426,-108.3527649,103.3258804,-64.2812402,-25.10876536,105.9741222,RF
31.25108338,-118.0216958,86.77061246,-67.31780446,-25.89380909,105.9623007,RF
56.0334649,-122.2059803,66.17251544,-67.71250602,-26.55229706,105.9504805,RF
78.19406495,-120.6574264,42.46336142,-64.45983477,-27.05014077,105.9386616,RF
95.89019796,-114.0154146,18.12521666,-59.00852389,-27.38019438,105.9274403,RF
95.89019796,-114.0154146,18.12521666,-59.00852389,-27.38019438,105.9274403,RF
110.2156876,-101.8549508,-8.360736806,-52.09497559,-27.57283162,105.915624,RF
119.4535565,-84.94534951,-34.50820701,-39.98455428,-27.6042427,105.903809,RF
123.166107,-64.06288061,-59.10322639,-27.35483137,-27.47892351,105.8919953,RF
121.1963041,-40.17527561,-81.02102852,-13.50564656,-27.21458802,105.880183,RF
114.2885057,-16.09819074,-98.19031497,-1.89E-09,-26.85722811,105.8691481,RF
114.2885057,-16.09819074,-98.19031497,-1.24E-09,-26.85722811,105.8691481,RF
101.7832216,10.39322367,-112.1764452,14.57912759,-26.37234373,105.8573383,RF
84.58740686,36.47360384,-121.0610107,28.43233401,-25.82056591,105.8455298,RF
63.48054654,60.92837588,-124.4089224,40.92656956,-25.22692949,105.8337226,RF
39.42361803,82.65941283,-122.0830309,51.54339669,-24.62657442,105.8219167,RF
17.22364131,98.32624504,-115.5498864,59.13816541,-24.1163979,105.811768,RF
17.22364131,98.32624504,-115.5498864,59.13816541,-24.1163979,105.811768,RF
-9.252584845,112.3605542,-103.1079694,65.44074537,-23.57878987,105.7999646,RF
-35.34510185,121.2957955,-85.95069369,68.35986828,-23.12130328,105.7881624,RF
-59.83163036,124.7056918,-64.8740614,68.86197024,-22.77149797,105.7763616,RF
-81.64468983,122.4191006,-40.77441079,67.64362813,-22.55355059,105.7645621,RF
-98.3079061,115.3024496,-16.99454354,59.14734804,-22.47007855,105.7536669,RF
-98.3079061,115.3024496,-16.99454353,59.14734804,-22.47007855,105.7536669,RF
-112.0809924,102.5733373,9.507655012,51.34176927,-22.53930638,105.7418699,RF
-120.7227745,85.18616985,35.53660468,40.24929316,-22.77548463,105.7300743,RF
-123.8273232,63.92016633,59.9071569,28.19636565,-23.1787504,105.7182799,RF
-121.1916438,39.76058671,81.43105711,13.72701712,-23.7318482,105.7064869,RF
-113.5328982,15.11706966,98.41582858,3.04E-10,-24.39588901,105.6952705,RF
-113.5328982,15.11706966,98.41582859,-3.84E-10,-24.39588901,105.6952705,RF
-100.41011,-11.39440663,111.8045166,-14.56083604,-25.21857073,105.68348,RF
-82.66424477,-37.35388975,120.0181345,-27.85841252,-26.14878529,105.6716909,RF
-61.07814845,-61.51487638,122.5930248,-40.66396269,-27.14143934,105.6599031,RF
-36.76050925,-82.74040815,119.5009174,-51.64101597,-28.16840734,105.6481167,RF
-12.21597897,-99.30316151,111.5191405,-60.21983085,-29.15651339,105.636982,RF
-12.21597897,-99.30316151,111.5191405,-60.21983085,-29.15651339,105.636982,RF
14.31547713,-112.3125991,97.99712195,-65.16661901,-30.17185944,105.6251981,RF
40.1488508,-120.0822272,79.93337642,-67.91957804,-31.1187245,105.6134156,RF
64.12864388,-122.2700145,58.14137058,-67.46224283,-31.96780653,105.6016343,RF
85.14644335,-118.759384,33.61294062,-63.73463392,-32.68346184,105.5898544,RF
100.7498082,-110.8181544,10.06834616,-58.36922192,-33.18580517,105.5792153,RF
100.7498082,-110.8181544,10.06834616,-58.36922192,-33.18580517,105.5792153,RF
113.576131,-97.14415015,-16.4319808,-49.7095231,-33.56934561,105.5674378,RF
121.1591795,-78.93094804,-42.2282315,-38.90503829,-33.75016754,105.5556618,RF
123.1503004,-57.02739124,-66.12290921,-26.45117187,-33.71692967,105.543887,RF
119.4651454,-32.42364907,-87.04149638,-13.0883947,-33.46826419,105.5321135,RF
111.7911647,-9.910869046,-101.8802956,9.48E-10,-33.0579649,105.5219514,RF
111.7911647,-9.910869045,-101.8802956,1.56E-09,-33.0579649,105.5219514,RF
98.13486566,16.59502831,-114.729894,13.68067049,-32.39415323,105.5101804,RF
79.94342729,42.40119578,-122.3446231,26.95628933,-31.53347363,105.4984107,RF
58.05751208,66.32744424,-124.3849563,38.90860334,-30.50085175,105.4866422,RF
33.45202717,87.23336403,-120.6853912,49.27377278,-29.3025384,105.4748751,RF
11.72436887,101.6541982,-113.3785671,55.69024883,-28.21566537,105.4650621,RF
11.72436887,101.6541982,-113.3785671,55.69024883,-28.21566537,105.4650621,RF
-14.78542417,114.6917851,-99.90636098,61.17654158,-26.8374843,105.4532974,RF
-40.63731749,122.4951404,-81.8578229,63.73906316,-25.40494339,105.4415339,RF
-64.63467639,124.7179687,-60.08329234,63.2648231,-23.96358814,105.4297718,RF
-85.69505519,121.2636702,-35.56861497,60.03148944,-22.55330065,105.418011,RF
-98.34175274,115.3436435,-17.00189075,55.00666104,-21.57994971,105.4096071,RF
-98.34175274,115.3436435,-17.00189075,55.00666104,-21.57994971,105.4096071,RF
-112.128864,102.6202834,9.508580618,47.36776176,-20.30928687,105.3978485,RF
-120.7750253,85.23206828,35.54295698,36.74323614,-19.17133517,105.3860912,RF
-123.8845263,63.96968485,59.91484147,24.9280627,-18.19607434,105.3743351,RF
-121.2564908,39.78135169,81.47513908,11.16753164,-17.40466419,105.3625804,RF
-115.2980417,19.54520581,95.75283591,2.17E-09,-16.92927993,105.3533617,RF
-115.2980417,19.5452058,95.75283591,1.44E-09,-16.92927993,105.3533617,RF
-103.0114041,-6.946622179,109.9580262,-14.01456524,-16.51787788,105.3416093,RF
-85.99274658,-33.07896586,119.0717124,-26.95441217,-16.3305103,105.3298582,RF
-65.0339199,-57.57882549,122.6127454,-39.70356852,-16.36059223,105.3181085,RF
-41.04506152,-79.47065463,120.5157162,-49.35168729,-16.61494717,105.30636,RF
-21.13008276,-93.86683153,114.9969143,-56.42280157,-16.94371714,105.2972535,RF
-21.13008276,-93.86683154,114.9969143,-56.42280157,-16.94371714,105.2972535,RF
5.333327031,-108.5202687,103.1869417,-62.26479949,-17.53244845,105.2855074,RF
31.54361208,-118.1197309,86.57611884,-65.52174043,-18.28013228,105.2737626,RF
56.28831375,-122.2279477,65.9396339,-65.70000337,-19.15700276,105.2620191,RF
78.41091996,-120.6422651,42.23134513,-63.18952171,-20.12540538,105.250277,RF
94.67028118,-114.7421073,20.07182612,-57.4597015,-21.01825785,105.2401348,RF
94.67028119,-114.7421073,20.07182612,-57.4597015,-21.01825785,105.2401348,RF
109.3296255,-102.9465459,-6.383079665,-49.82612084,-22.06306148,105.2283951,RF
118.9659264,-86.36405553,-32.60187088,-39.08904577,-23.10409318,105.2166567,RF
123.114992,-65.7389604,-57.37603164,-27.18971863,-24.10232858,105.2049197,RF
121.5252886,-42.00864158,-79.516647,-12.73672587,-25.00794918,105.1931839,RF
115.2805942,-18.86473328,-96.41586094,6.38E-10,-25.73329357,105.1825783,RF
115.2805942,-18.86473328,-96.41586094,1.43E-09,-25.73329357,105.1825783,RF
103.325479,7.610945732,-110.9364247,14.53677313,-26.4201321,105.1708451,RF
86.58584675,33.80501622,-120.390863,27.35226794,-26.95790444,105.1591132,RF
65.86323025,58.43574439,-124.2989746,40.45295601,-27.31916658,105.1473826,RF
42.03038592,80.53472562,-122.5651115,50.83433658,-27.53053357,105.1356533,RF
19.05522031,97.16469172,-116.219912,59.20857802,-27.5621419,105.1251565,RF
19.05522031,97.16469172,-116.219912,59.20857803,-27.5621419,105.1251565,RF
-7.420518163,111.5503619,-104.1298438,65.06489675,-27.45162713,105.1134297,RF
-33.57803531,120.8511102,-87.27307488,68.12693074,-27.1912429,105.1017042,RF
-58.20431236,124.6451879,-66.44087559,68.12070651,-26.8038317,105.08998,RF
-80.19198327,122.7668886,-42.57490532,65.19360096,-26.31600549,105.0782571,RF
-97.8261413,115.6416285,-17.8154872,59.35208847,-25.76565071,105.0669757,RF
-97.8261413,115.6416285,-17.8154872,59.35208847,-25.76565071,105.0669757,RF
-111.7567475,103.0406588,8.716088752,50.5712113,-25.14637563,105.0552554,RF
-120.5582744,85.78328526,34.77498913,39.66769289,-24.5218715,105.0435364,RF
-123.8221314,64.62169269,59.20043874,26.96035443,-23.91906194,105.0318186,RF
-121.4096666,40.52664319,80.88302342,13.26203027,-23.37402342,105.0201022,RF
-114.7820224,18.25444839,96.52757402,2.68E-09,-22.96309528,105.0100056,RF
-114.7820224,18.25444839,96.52757402,2.04E-09,-22.96309528,105.0100056,RF
-102.2554474,-8.223477819,110.4789252,-13.96606754,-22.59709783,104.9982916,RF
-85.02206306,-34.29955531,119.3216184,-28.09532474,-22.36607941,104.9865789,RF
-63.88158988,-58.74954457,122.6311345,-40.72952021,-22.289143,104.9748674,RF
-39.82027319,-80.39904769,120.2193209,-51.59410878,-22.37299037,104.9631574,RF
-15.61916649,-97.29254816,112.9117147,-59.62900467,-22.60887567,104.9521969,RF
-15.61916649,-97.29254816,112.9117147,-59.62900467,-22.60887567,104.9521969,RF
10.89048516,-110.9398722,100.0493871,-65.27699118,-23.02748732,104.9404893,RF
36.90904108,-119.4375301,82.52848903,-68.48770372,-23.61297556,104.928783,RF
61.19113076,-122.3129528,61.12182207,-67.97819798,-24.34018468,104.9170781,RF
82.60036895,-119.5204229,36.92005396,-64.76848304,-25.19180144,104.9053745,RF
99.36406056,-111.8132379,12.44917736,-60.04974864,-26.09862482,104.8943276,RF
99.36406056,-111.8132379,12.44917736,-60.04974864,-26.09862482,104.8943276,RF
112.6345599,-98.55751472,-14.07704516,-50.71117408,-27.1281545,104.8826266,RF
120.6971217,-80.71781358,-39.9793081,-39.99338256,-28.19492072,104.8709268,RF
123.1890594,-59.10161417,-64.0874452,-27.44701634,-29.26537351,104.8592284,RF
120.0010059,-34.69188147,-85.30912441,-14.22126484,-30.30659543,104.8475312,RF
112.2868707,-11.15354607,-101.1333246,1.95E-09,-31.16907173,104.8369438,RF
112.2868707,-11.15354607,-101.1333246,2.54E-09,-31.16907173,104.8369438,RF
98.85782712,15.35483328,-114.2126604,14.03590215,-32.02595737,104.8252492,RF
80.86557187,41.21948252,-122.0850544,27.66118762,-32.74680237,104.8135559,RF
59.12434907,65.26156921,-124.3859183,39.63522964,-33.30291774,104.8018639,RF
34.61387367,86.32185476,-120.9357284,50.18337318,-33.64542894,104.7901732,RF
10.63626283,102.2454271,-112.8816899,57.66017633,-33.77391521,104.779405,RF
10.63626282,102.2454271,-112.8816899,57.66017633,-33.77391521,104.779405,RF
-15.87004367,115.0812238,-99.21118013,63.13759932,-33.70943182,104.7677168,RF
-41.665106,122.6573942,-80.9922882,65.71913198,-33.41028542,104.75603,RF
-65.55916873,124.6448699,-59.08570116,65.20174702,-32.88755859,104.7443444,RF
-86.47547152,120.9565843,-34.48111281,61.7047027,-32.15359289,104.7326601,RF
-100.7085235,113.7098647,-13.00134117,56.2978899,-31.38188809,104.7230335,RF
-100.7085235,113.7098647,-13.00134117,56.2978899,-31.38188809,104.7230335,RF
-113.7530022,100.240424,13.5125782,48.20274633,-30.29370091,104.7113515,RF
-121.5806889,82.21219508,39.3684938,37.35229157,-29.05774497,104.6996709,RF
-123.8335127,60.44403771,63.38947496,25.19414933,-27.70740452,104.6879916,RF
-120.3461331,35.91912539,84.42700767,11.39191912,-26.26716801,104.6763135,RF
-113.4370053,14.76690506,98.67010027,2.92E-09,-25.0733494,104.666813,RF
-113.4370053,14.76690506,98.67010027,2.21E-09,-25.0733494,104.666813,RF
-100.2491938,-11.74640033,111.9955941,-14.07571205,-23.60599012,104.6551373,RF
-82.45709475,-37.68068004,120.1377748,-26.89744485,-22.1780503,104.6434629,RF
-60.84985995,-61.82339994,122.6732599,-39.3369422,-20.82382454,104.6317898,RF
-36.4748255,-83.04158839,119.5164139,-49.31560649,-19.58935922,104.6201179,RF
-16.93964594,-96.52056156,113.4602075,-55.32295477,-18.75770644,104.6113235,RF
-16.93964594,-96.52056156,113.4602075,-55.32295477,-18.75770644,104.6113235,RF
9.564694579,-110.4200934,100.8553988,-60.99281527,-17.81057771,104.5996539,RF
35.62160654,-119.1679193,83.54631271,-63.83572387,-17.05937559,104.5879856,RF
60.02668088,-122.380254,62.35357314,-63.67743683,-16.52423894,104.5763186,RF
81.67620692,-119.9126565,38.23644954,-60.82363954,-16.21615032,104.564653,RF
94.8313312,-114.6859453,19.85461412,-55.66501691,-16.13377386,104.5563323,RF
94.83133121,-114.6859453,19.85461412,-55.66501691,-16.13377386,104.5563323,RF
109.459795,-102.8516378,-6.608157233,-48.44899125,-16.21216893,104.5446688,RF
119.048624,-86.23095204,-32.81767196,-37.90549911,-16.50778168,104.5330067,RF
123.1493369,-65.58127384,-57.56806308,-26.31867015,-17.00392546,104.5213458,RF
121.5235085,-41.82601095,-79.69749753,-12.19040144,-17.67386303,104.5096863,RF
115.7333341,-20.06832623,-95.66500791,-1.72E-09,-18.35571426,104.4997751,RF
115.7333341,-20.06832623,-95.66500791,-9.44E-10,-18.35571426,104.4997751,RF
104.0082967,6.390225677,-110.3985224,13.7738174,-19.27104262,104.4881179,RF
87.4681021,32.61433101,-120.0824331,27.49629488,-20.26896004,104.4764621,RF
66.88886017,57.39240509,-124.2812653,39.76991834,-21.3133065,104.4648076,RF
43.20073307,79.60692509,-122.8076582,49.90851566,-22.37095127,104.4531544,RF
21.50282392,95.59953825,-117.1023622,57.66524885,-23.2326718,104.4432788,RF
21.50282392,95.59953825,-117.1023622,57.66524885,-23.2326718,104.4432788,RF
-4.933359694,110.4140692,-105.4807095,63.97727543,-24.19410132,104.431628,RF
-31.17935592,120.2188683,-89.03951234,67.03127928,-25.06903436,104.4199785,RF
-56.01468388,124.54844,-68.53375614,67.41775032,-25.82679161,104.4083304,RF
-78.25737959,123.1463809,-44.88900133,64.07502318,-26.42844493,104.3966835,RF
-95.97094857,116.6814242,-20.71047567,58.68607893,-26.85296539,104.3856809,RF
-95.97094857,116.6814242,-20.71047567,58.68607893,-26.85296539,104.3856809,RF
-110.4429857,104.6755037,5.767481944,51.53112556,-27.14393963,104.3740365,RF
-119.8427296,87.89968148,31.94304817,39.74805247,-27.26443355,104.3623935,RF
-123.7273124,67.1239141,56.60339833,27.18720425,-27.21626536,104.3507518,RF
-121.93048,43.3113767,78.61910325,13.4026241,-27.01448306,104.3391114,RF
-115.2137159,19.37056268,95.8431532,1.03E-09,-26.70232515,104.3282802,RF
-115.2137159,19.37056268,95.84315321,3.92E-10,-26.70232515,104.3282802,RF
-102.8816108,-7.114789089,109.9963999,-14.55039542,-26.24860924,104.3166422,RF
-85.83401463,-33.23004357,119.0640582,-28.35205866,-25.71086759,104.3050056,RF
-64.84576241,-57.75920078,122.6049632,-40.80810531,-25.11526878,104.2933703,RF
-40.87459582,-79.59916827,120.4737641,-51.37596589,-24.49877468,104.2817362,RF
-18.68070809,-95.41190126,114.0926094,-59.11521972,-23.96381751,104.2717215,RF
-18.68070809,-95.41190126,114.0926094,-59.11521972,-23.96381751,104.2717215,RF
7.791446509,-109.6058928,101.8144463,-65.2804126,-23.38848702,104.2600899,RF
33.91736455,-118.7180852,84.80072065,-68.2891686,-22.88634283,104.2484595,RF
58.47663762,-122.3143932,63.83775559,-68.80380626,-22.48760301,104.2368305,RF
80.39726738,-120.2170272,39.81975982,-67.59050182,-22.2189925,104.2252027,RF
97.37213544,-113.1502966,15.77816114,-59.09785287,-22.09041084,104.214334,RF
97.37213544,-113.1502966,15.77816114,-59.09785287,-22.09041084,104.214334,RF
111.2519672,-100.529741,-10.72222617,-51.18858178,-22.11708081,104.2027088,RF
120.0102841,-83.2349292,-36.77535486,-40.14830094,-22.31686083,104.1910848,RF
123.2370936,-62.04221286,-61.19488075,-28.0937425,-22.69151079,104.1794622,RF
120.7135611,-37.90357237,-82.8099887,-13.66610686,-23.22780589,104.1678408,RF
113.5067328,-14.17135289,-99.33537989,1.60E-09,-23.85394154,104.1571667,RF
113.5067328,-14.17135288,-99.33537989,2.39E-09,-23.85394154,104.1571667,RF
100.6532258,12.33725433,-112.9904801,14.61106641,-24.67223783,104.1455478,RF
83.1373145,38.34423633,-121.4815508,27.5639585,-25.603617,104.1339303,RF
61.77560077,62.61860602,-124.3942068,40.5758959,-26.61147853,104.122314,RF
37.55458531,84.06934495,-121.6239303,51.17488551,-27.66914195,104.1106991,RF
12.21438135,101.3379296,-113.552311,59.29035648,-28.71364055,104.0993603,RF
12.21438135,101.3379296,-113.552311,59.29035648,-28.71364055,104.0993603,RF
-14.30120144,114.4513166,-100.1501151,65.08621727,-29.75474409,104.087748,RF
-40.16988685,122.3477674,-82.17788057,67.71127674,-30.73119287,104.0761369,RF
-64.20540114,124.6650849,-60.45968375,67.33888966,-31.60643958,104.0645272,RF
-85.30117199,121.2814294,-35.98025738,63.62513375,-32.34338229,104.0529187,RF
-100.8686578,113.5394345,-12.67077662,58.19481061,-32.85600393,104.0425282,RF
-100.8686578,113.5394345,-12.67077662,58.19481061,-32.85600393,104.0425282,RF
-113.8491319,100.0170176,13.83211433,49.56052957,-33.25002087,104.0309222,RF
-121.6009594,81.93123435,39.66972508,38.78147046,-33.43281716,104.0193175,RF
-123.7683154,60.12749522,63.64082013,26.37148902,-33.3926356,104.0077141,RF
-120.2611318,35.5923437,84.66878811,13.08735832,-33.12875367,103.996112,RF
-112.8371045,13.37023352,99.46687098,-2.51E-10,-32.70215182,103.9862148,RF
-112.8371045,13.37023351,99.46687098,-8.45E-10,-32.70215182,103.9862148,RF
-99.37925288,-13.14096262,112.5202155,-13.58429334,-32.00833262,103.974615,RF
-81.36467914,-39.00136011,120.3660393,-27.05325912,-31.11403621,103.9630166,RF
-59.60842066,-63.03050496,122.6389256,-38.9976226,-30.0398465,103.9514195,RF
-35.08278193,-84.07973692,119.1625189,-49.16691934,-28.79498992,103.9398236,RF
-13.28956942,-98.70668014,111.9962496,-55.51521308,-27.66522523,103.9301073,RF
-13.28956942,-98.70668014,111.9962496,-55.51521308,-27.66522523,103.9301073,RF
13.22159213,-111.9286327,98.70704054,-61.12555214,-26.24394385,103.9185138,RF
39.12068181,-119.9331615,80.81247968,-63.66738757,-24.77181975,103.9069216,RF
63.20792026,-122.3662081,59.15828789,-63.21978363,-23.29730456,103.8953307,RF
84.39777388,-119.122165,34.72439112,-60.04350935,-21.86225008,103.883741,RF
97.17363877,-113.3324897,16.15885095,-54.8946599,-20.87526811,103.8754493,RF
97.17363877,-113.3324897,16.15885094,-54.8946599,-20.87526811,103.8754493,RF
111.1323819,-100.7927416,-10.33964026,-47.44876443,-19.59854258,103.8638618,RF
119.9730538,-83.55756188,-36.41549189,-36.76378648,-18.4653302,103.8522756,RF
123.282038,-62.41567559,-60.8663624,-24.98457029,-17.50665821,103.8406907,RF
120.8625848,-38.32008064,-82.54250416,-11.2863914,-16.74451626,103.8291071,RF
115.0176554,-17.9969614,-97.02069403,-1.27E-09,-16.29715898,103.8199679,RF
115.0176554,-17.9969614,-97.02069403,-5.37E-10,-16.29715898,103.8199679,RF
102.8877675,8.489963623,-111.3777312,13.99452429,-15.93341856,103.8083866,RF
86.00333998,34.65551901,-120.658859,26.94894489,-15.80130413,103.7968066,RF
65.1208454,59.27248926,-124.3933347,39.3169279,-15.89554323,103.7852278,RF
41.25415507,81.19306484,-122.4472199,49.75711705,-16.20513207,103.7736504,RF
20.60385917,96.20155789,-116.8054171,56.58334584,-16.60097122,103.7643409,RF
20.60385917,96.20155789,-116.8054171,56.58334584,-16.60097122,103.7643409,RF
-5.856743278,110.8698634,-105.0131201,62.44637809,-17.2538463,103.7527658,RF
-32.07039907,120.4811005,-88.4107014,65.47488478,-18.05819958,103.741192,RF
-56.82043142,124.6027746,-67.78234321,65.55455088,-18.98149327,103.7296195,RF
-78.9516342,123.0306893,-44.07905514,62.95451265,-19.98349345,103.7180483,RF
-94.7546532,117.390249,-22.63559576,57.36024915,-20.86455667,103.7083686,RF
-94.7546532,117.390249,-22.63559576,57.36024915,-20.86455667,103.7083686,RF
-109.5563692,105.7460033,3.810365843,49.70252465,-21.91412944,103.6967998,RF
-119.3488568,89.29441162,30.05444517,39.02468647,-22.94298884,103.6852323,RF
-123.663421,68.77621445,54.88720652,27.13580795,-23.91226192,103.6736661,RF
-122.2464139,45.12192965,77.1244843,12.72771137,-24.77451433,103.6621011,RF
-116.1490613,22.0168459,94.13221535,1.05E-10,-25.4474676,103.6516516,RF
-116.1490613,22.0168459,94.13221536,-6.82E-10,-25.4474676,103.6516516,RF
-104.3436815,-4.448449377,108.7921309,-14.39283471,-26.0630701,103.6400891,RF
-87.73823009,-30.6688044,118.4070345,-27.34439233,-26.5208427,103.628528,RF
-67.08199937,-55.41629467,122.498294,-40.52262784,-26.80140314,103.6169681,RF
-43.37168082,-77.53187935,120.9035602,-51.26984013,-26.90893093,103.6054095,RF
-19.09748104,-95.14092404,114.2384051,-59.01710719,-26.86108223,103.5944822,RF
-19.09748103,-95.14092404,114.2384051,-59.01710719,-26.86108223,103.5944822,RF
7.383169646,-109.4268906,102.043721,-64.77969443,-26.65938375,103.5829262,RF
33.52206654,-118.6162169,85.09415035,-67.79607742,-26.317864,103.5713714,RF
58.10431647,-122.2920348,64.18771834,-67.65594783,-25.86398851,103.5598179,RF
80.02254254,-120.2937019,40.27115932,-64.55683456,-25.32776095,103.5482657,RF
96.55748457,-113.6776934,17.12020884,-58.97104404,-24.79051373,103.5378739,RF
96.55748457,-113.6776934,17.12020884,-58.97104404,-24.79051373,103.5378739,RF
110.6842369,-101.2970574,-9.387179504,-50.39956845,-24.17063977,103.5263241,RF
119.7130733,-84.22004915,-35.49302416,-39.62113787,-23.56760086,103.5147756,RF
123.2155459,-63.20580387,-60.00974206,-27.04624792,-23.01053692,103.5032284,RF
121.0468879,-39.21658868,-81.83029922,-13.5123234,-22.53488552,103.4916825,RF
114.5557924,-16.82841051,-97.72738186,5.24E-10,-22.19972769,103.4816649,RF
114.5557924,-16.82841051,-97.72738186,1.15E-09,-22.19972769,103.4816649,RF
102.2077105,9.642113824,-111.8498243,13.78165065,-21.94185728,103.4701214,RF
85.13130429,35.75561228,-120.8869166,27.94954656,-21.83591495,103.4585792,RF
64.11753497,60.28332843,-124.4008634,40.49312649,-21.89583737,103.4470382,RF
40.11579846,82.06604996,-122.1818484,50.87985923,-22.12406467,103.4354985,RF
15.96747514,99.09215444,-115.0596296,59.15162816,-22.49392889,103.4246913,RF
15.96747514,99.09215444,-115.0596296,59.15162816,-22.49392889,103.4246913,RF
-10.5402744,112.9106682,-102.3703938,65.45958398,-23.05240671,103.4131542,RF
-36.58499389,121.5896081,-85.00461417,68.18050514,-23.76486806,103.4016183,RF
-60.92264449,124.696102,-63.77345754,68.23288287,-24.60205571,103.3900837,RF
-82.51794338,122.1329607,-39.61501734,64.80972457,-25.55480392,103.3785504,RF
-99.60855706,114.4251422,-14.81658511,59.1826163,-26.52779662,103.3675139,RF
-99.60855706,114.4251422,-14.81658511,59.1826163,-26.52779662,103.3675139,RF
-112.9892538,101.2963328,11.69292101,50.33764043,-27.58585714,103.3559832,RF
-121.2032081,83.55543016,37.64777798,40.12216417,-28.65404652,103.3444537,RF
-123.7864889,61.99351595,61.79297299,27.09621297,-29.66972256,103.3329256,RF
-120.7065444,37.64636052,83.06018387,13.48400062,-30.61629624,103.3213987,RF
-112.7105309,13.11725243,99.59327851,6.98E-10,-31.40703864,103.3105267,RF
-112.7105309,13.11725243,99.59327851,6.94E-11,-31.40703864,103.3105267,RF
-99.21191669,-13.39862566,112.6105423,-14.62132322,-32.10445048,103.2990023,RF
-81.1321619,-39.25774507,120.389907,-27.4458134,-32.62405404,103.2874793,RF
-59.31598211,-63.2434993,122.5594814,-40.12476228,-32.93788406,103.2759575,RF
-34.83551817,-84.2233311,119.0588493,-50.44126309,-33.03398539,103.264437,RF
-11.4087006,-99.78726464,111.1959652,-57.14547566,-32.93266372,103.2540825,RF
-11.4087006,-99.78726464,111.1959652,-57.14547566,-32.93266372,103.2540825,RF
15.10439401,-112.6413575,97.53696353,-62.54900457,-32.59077605,103.2425644,RF
40.9312434,-120.2861667,79.35492333,-64.95655622,-32.0312057,103.2310477,RF
64.84017837,-122.2758376,57.43565924,-63.99461494,-31.23551863,103.2195322,RF
85.71918308,-118.5926904,32.8735073,-60.66389538,-30.24856419,103.208018,RF
100.2366508,-111.2486403,11.01198945,-55.9034102,-29.29144127,103.1983642,RF
100.2366508,-111.2486403,11.01198945,-55.9034102,-29.29144127,103.1983642,RF
113.2538767,-97.75222366,-15.50165308,-46.83247336,-28.01853417,103.1868523,RF
121.0334298,-79.6852708,-41.34815904,-36.19949771,-26.63354505,103.1753417,RF
123.2326185,-57.89655282,-65.33606567,-23.81633414,-25.18206172,103.1638324,RF
119.7587335,-33.37373693,-86.38499657,-10.55795722,-23.70667017,103.1523244,RF
114.1160997,-15.57863246,-98.53746725,2.63E-09,-22.69462005,103.1444405,RF
114.1160997,-15.57863246,-98.53746725,3.37E-09,-22.69462005,103.1444405,RF
101.5127558,10.92857571,-112.4413315,13.2405201,-21.26787264,103.1329346,RF
84.23662368,36.99200005,-121.2286237,26.71021793,-19.9330106,103.12143,RF
63.06117175,61.42064948,-124.4818212,38.72611203,-18.72542587,103.1099266,RF
38.95257826,83.0511356,-122.0037139,48.74267307,-17.6761644,103.0984245,RF
18.0837165,97.83288553,-115.916602,55.38394812,-16.96666764,103.0891244,RF
18.0837165,97.83288553,-115.916602,55.38394812,-16.96666764,103.0891244,RF
-8.41479125,112.0533764,-103.6385852,60.68238498,-16.28058753,103.0776246,RF
-34.5377246,121.1479741,-86.61024945,64.67402743,-15.81758299,103.0661261,RF
-59.08228576,124.7257431,-65.64345729,64.14227831,-15.58781188,103.0546288,RF
-80.9464079,122.6260255,-41.67961759,61.61914706,-15.59328995,103.0431329,RF
-94.88185714,117.3600321,-22.47817498,55.51191439,-15.74276935,103.034538,RF
-94.88185715,117.3600321,-22.47817498,55.51191439,-15.74276935,103.034538,RF
-109.6555759,105.6782673,3.97730864,47.74189647,-16.12950322,103.0230443,RF
-119.416492,89.20189171,30.21460031,37.58919053,-16.71320695,103.0115519,RF
-123.7000108,68.66820613,55.03180463,26.08142868,-17.46696882,103.0000608,RF
-122.2510986,45.0069831,77.24411555,12.16096904,-18.35083657,102.9885709,RF
-116.4427893,22.78936338,93.65342589,-1.39E-09,-19.20291034,102.9785941,RF
-116.4427893,22.78936338,93.65342589,-2.06E-09,-19.20291034,102.9785941,RF
-104.775991,-3.664636327,108.4406273,-13.83093246,-20.24341033,102.9671067,RF
-88.3003502,-29.917186,118.2175362,-26.9676549,-21.31767,102.9556205,RF
-67.75735053,-54.70730943,122.46466,-40.03630381,-22.36842047,102.9441357,RF
-44.11226667,-76.9314211,121.0436878,-50.51297643,-23.37241371,102.9326521,RF
-21.16348058,-93.82085616,114.9843367,-58.13191742,-24.20053885,102.9223588,RF
-21.16348058,-93.82085616,114.9843367,-58.13191742,-24.20053885,102.9223588,RF
5.300469213,-108.4744514,103.1739822,-64.35635614,-25.01399281,102.9108777,RF
31.49243732,-118.0806742,86.58823691,-67.07749084,-25.68923388,102.8993979,RF
56.27897287,-122.2267335,65.94776065,-66.54936122,-26.21859026,102.8879194,RF
78.42220392,-120.6261922,42.20398829,-63.8449083,-26.56056824,102.8764421,RF
95.44816837,-114.2780808,18.82991244,-58.4176742,-26.71810447,102.8659732,RF
95.44816837,-114.2780808,18.82991244,-58.4176742,-26.71810447,102.8659732,RF
109.9064063,-102.2541379,-7.652268367,-50.09974838,-26.73218466,102.8544984,RF
119.2822548,-85.45888083,-33.82337397,-39.30766853,-26.58027224,102.8430249,RF
123.15479,-64.6735454,-58.48124461,-26.80029857,-26.28179747,102.8315526,RF
121.3532318,-40.84196589,-80.51126593,-13.18105137,-25.8612003,102.8200816,RF
114.8865068,-17.67397712,-97.21252972,2.20E-09,-25.388216,102.8097369,RF
114.8865068,-17.67397712,-97.21252972,2.75E-09,-25.388216,102.8097369,RF
102.6704815,8.825151112,-111.4956327,14.75601455,-24.79716119,102.7982684,RF
85.73449758,34.96368529,-120.6981829,28.27359587,-24.17625885,102.7868011,RF
64.83217464,59.5504869,-124.3826615,40.69909644,-23.55563677,102.7753351,RF
40.92083068,81.4733643,-122.394195,51.35370097,-22.97385543,102.7638704,RF
17.95413966,97.87959186,-115.8337315,59.03459203,-22.50474987,102.7536529,RF
17.95413966,97.87959186,-115.8337315,59.03459203,-22.50474987,102.7536529,RF
-8.515635139,112.0473532,-103.5317181,65.26913504,-22.07969244,102.7421906,RF
-34.63862869,121.1318424,-86.49321375,68.13746183,-21.78201642,102.7307296,RF
-59.18654635,124.6968082,-65.5102619,68.62521548,-21.63482577,102.7192698,RF
-80.99942086,122.5281451,-41.52872423,64.70520281,-21.64930863,102.7078113,RF
-97.8450001,115.5851347,-17.74013462,59.17719065,-21.81864446,102.6972329,RF
-97.8450001,115.5851347,-17.74013462,59.17719065,-21.81864446,102.6972329,RF
-111.7618774,103.003672,8.758205362,52.06337664,-22.17332676,102.6857768,RF
-120.5549642,85.73153594,34.82342828,40.25944476,-22.70216011,102.6743221,RF
-123.7962502,64.56104745,59.23520279,27.67070647,-23.38909436,102.6628686,RF
-121.3521282,40.47270474,80.87942346,13.98765389,-24.21692283,102.6514165,RF
-113.3368512,14.55889692,98.77795432,0.227403923,-25.16366343,102.6399656,RF
-113.2099368,14.24770636,98.96223046,2.93E-09,-25.17520818,102.6398306,RF
-113.2099368,14.24770636,98.96223046,1.97E-09,-25.17520818,102.6398306,RF
-99.88605906,-12.26230221,112.1483613,-14.91895355,-26.19240027,102.628381,RF
-82.00376354,-38.15691903,120.1606826,-28.70633791,-27.26320218,102.6169327,RF
-60.35351105,-62.24142876,122.5949398,-40.71607924,-28.34195245,102.6054857,RF
-35.9434191,-83.38956567,119.3329848,-51.22773389,-29.38430172,102.59404,RF
-13.71997132,-98.42515672,112.145128,-58.18178784,-30.22531828,102.5842684,RF
-13.71997132,-98.42515672,112.145128,-58.18178784,-30.22531828,102.5842684,RF
12.78017667,-111.701099,98.92092233,-63.23004955,-31.09787532,102.5728251,RF
38.7017603,-119.8012117,81.09945137,-66.3838693,-31.83598706,102.561383,RF
62.84117192,-122.3344414,59.49326945,-66.34091181,-32.40333905,102.5499422,RF
84.04212067,-119.1167855,35.07466483,-62.81356122,-32.75150756,102.5385028,RF
100.3040793,-111.1480743,10.84399497,-56.86224488,-32.88114766,102.5278411,RF
100.3040793,-111.1480743,10.84399497,-56.86224488,-32.88114766,102.5278411,RF
113.2902161,-97.62565385,-15.66456228,-48.55897697,-32.80515057,102.5164041,RF
121.0336291,-79.53179587,-41.50183326,-37.64665224,-32.48675019,102.5049684,RF
123.1942947,-57.72225316,-65.4720415,-25.25155217,-31.93677147,102.4935339,RF
119.6784566,-33.1834947,-86.49496193,-11.93171735,-31.16878857,102.4821007,RF
112.9232812,-12.60689856,-100.3163826,2.42E-09,-30.40064732,102.4730617,RF
112.9232812,-12.60689856,-100.3163826,3.04E-09,-30.40064732,102.4730617,RF
99.76580225,13.9063441,-113.6721464,13.36335934,-29.27659679,102.4616307,RF
82.00814613,39.84311325,-121.8512594,26.77354583,-28.00557175,102.4502011,RF
60.45428199,64.01625341,-124.4705354,38.68112894,-26.62176193,102.4387727,RF
36.06303814,85.28250441,-121.3455426,48.82231262,-25.15187015,102.4273455,RF
14.40839277,100.0796934,-114.4880861,55.21894118,-23.90615761,102.4178083,RF
14.40839277,100.0796934,-114.4880861,55.21894118,-23.90615761,102.4178083,RF
-12.10123533,113.6190403,-101.517805,60.81211574,-22.42768877,102.4063834,RF
-38.07894364,121.9748232,-83.89587959,63.4091702,-20.9984717,102.3949599,RF
-62.31888147,124.7741495,-62.45526806,63.03758815,-19.66579938,102.3835375,RF
-83.72664129,121.8940766,-38.16743534,59.98734095,-18.46825274,102.3721165,RF
-96.30690117,116.5880712,-20.28117002,55.00794556,-17.73366434,102.3642137,RF
-96.30690117,116.5880712,-20.28117001,55.00794556,-17.73366434,102.3642137,RF
-110.694979,104.4881109,6.206868123,47.57317716,-16.8380309,102.3527948,RF
-120.0077787,87.63870567,32.36907304,37.13139815,-16.15672152,102.3413771,RF
-123.8147051,66.80294268,57.0117624,25.46899966,-15.70573509,102.3299607,RF
-121.9042685,42.93992882,78.96433972,11.67589754,-15.4911355,102.3185456,RF
-115.9813343,21.40165257,94.5796817,4.83E-09,-15.49541672,102.3089755,RF
-115.9813343,21.40165257,94.5796817,4.15E-09,-15.49541672,102.3089755,RF
-104.0451523,-5.071523112,109.1166754,-13.66353531,-15.71229213,102.2975627,RF
-87.33248196,-31.27806397,118.6105459,-26.67654636,-16.14854002,102.2861512,RF
-66.58333425,-55.9797087,122.5630429,-39.47355295,-16.77650603,102.274741,RF
-42.8117075,-78.01958572,120.8312932,-50.17324046,-17.56596071,102.2633321,RF
-21.51821125,-93.6055839,115.1237952,-56.95882171,-18.32592973,102.2538575,RF
-21.51821125,-93.6055839,115.1237952,-56.95882171,-18.32592973,102.2538575,RF
4.940018671,-108.3348182,103.3947996,-62.62654404,-19.33058827,102.2424509,RF
31.1641096,-118.0104614,86.84635177,-65.75955072,-20.39426786,102.2310455,RF
55.93986857,-122.2011654,66.26129681,-65.7852854,-21.4780264,102.2196415,RF
78.11039689,-120.698649,42.58825206,-63.16052696,-22.53633485,102.2082388,RF
94.04886393,-115.0597045,21.01084062,-57.82600429,-23.38763935,102.1986305,RF
94.04886393,-115.0597045,21.01084062,-57.82600429,-23.38763935,102.1986305,RF
108.891599,-103.450516,-5.441083049,-49.84008175,-24.30685584,102.1872302,RF
118.7150307,-87.02719733,-31.68783342,-39.35186967,-25.10769771,102.1758311,RF
123.0705154,-66.53618031,-56.53433513,-27.41453676,-25.76667422,102.1644332,RF
121.692197,-42.91506385,-78.7771332,-13.26098197,-26.24418413,102.1530367,RF
115.3319004,-18.96415198,-96.36774844,-2.28E-09,-26.53776565,102.142378,RF
115.3319004,-18.96415198,-96.36774844,-1.60E-09,-26.53776565,102.142378,RF
103.3969014,7.510373592,-110.907275,14.22116334,-26.68021625,102.130984,RF
86.67485824,33.68667788,-120.3615361,27.51039464,-26.64109265,102.1195911,RF
65.92751346,58.40692895,-124.3344424,40.66006492,-26.44218079,102.1081996,RF
42.14298178,80.44469113,-122.5876729,51.52005592,-26.08896733,102.0968093,RF
19.35086071,96.98962247,-116.3404832,58.65732281,-25.67583531,102.0866937,RF
19.35086071,96.98962247,-116.3404832,58.65732282,-25.67583531,102.0866937,RF
-7.134031481,111.4438084,-104.309777,64.2459266,-25.12563149,102.0753058,RF
-33.29839924,120.7908146,-87.49241539,68.61253104,-24.50723977,102.0639192,RF
-57.93842637,124.6382394,-66.69981299,67.60911425,-23.86636518,102.0525338,RF
-79.95207274,122.8206866,-42.86861384,65.13971582,-23.24091692,102.0411498,RF
-97.38765536,115.8839515,-18.4962961,58.4345657,-22.68509959,102.0303809,RF
-97.38765536,115.8839515,-18.4962961,58.4345657,-22.68509959,102.0303809,RF
-111.4335344,103.4561139,7.977420476,50.56546557,-22.1828094,102.0189993,RF
-120.3858301,86.30952468,34.07630544,39.60557533,-21.7949403,102.0076189,RF
-123.8146256,65.24354705,58.57107855,27.47416915,-21.54912409,101.9962398,RF
-121.5081037,41.19964636,80.3084573,12.92128378,-21.46060838,101.984862,RF
-114.8343355,18.42032274,96.41401276,-2.98E-09,-21.52864366,101.9748083,RF
-114.8343355,18.42032274,96.41401277,-3.76E-09,-21.52864366,101.9748083,RF
-102.3324536,-8.077900621,110.4103542,-14.35743934,-21.77913335,101.9634329,RF
-85.12895432,-34.16104138,119.2899957,-27.64946778,-22.21275572,101.9520587,RF
-64.02079921,-58.56329254,122.5840918,-40.73974961,-22.81056888,101.9406858,RF
-39.93192957,-80.30925668,120.2411863,-50.70422057,-23.58198814,101.9293142,RF
-15.72994572,-97.21561629,112.945562,-59.28143797,-24.41476552,101.9186669,RF
-15.72994572,-97.21561629,112.945562,-59.28143797,-24.41476552,101.9186669,RF
10.7714881,-110.875292,100.1038039,-65.06345251,-25.40869546,101.9072977,RF
36.7741272,-119.3737313,82.5996041,-67.90054055,-26.47591294,101.8959299,RF
61.06942815,-122.3212063,61.25177816,-67.78562442,-27.57787115,101.8845633,RF
82.56242246,-119.5887534,37.02633097,-64.78724251,-28.67920451,101.873198,RF
98.79437524,-112.20259,13.40821478,-58.15868351,-29.62778806,101.8628515,RF
98.79437524,-112.20259,13.40821478,-58.15868351,-29.62778806,101.8628515,RF
112.2325881,-99.14974213,-13.08284596,-50.79548672,-30.58525707,101.8514886,RF
120.5077673,-81.47143938,-39.03632794,-39.8308049,-31.42262495,101.840127,RF
123.231727,-59.97759806,-63.25412898,-27.69505613,-32.10413751,101.8287667,RF
120.2250424,-35.66405377,-84.56098867,-13.53725654,-32.57821613,101.8174077,RF
112.080111,-10.60341012,-101.4767008,-5.24E-09,-32.83603526,101.8064585,RF
112.080111,-10.60341012,-101.4767008,-4.57E-09,-32.83603526,101.8064585,RF
98.56132577,15.90929307,-114.4706188,14.02876829,-32.87721444,101.7951019,RF
80.48272368,41.77056857,-122.2532923,26.86784086,-32.68165161,101.7837467,RF
58.6334223,65.75027948,-124.3837018,39.63358075,-32.22277836,101.7723926,RF
34.11964879,86.71124776,-120.8308965,49.8343304,-31.53152867,101.7610399,RF
11.4249181,101.8250704,-113.2499885,56.42175935,-30.76072983,101.7511491,RF
11.4249181,101.8250704,-113.2499885,56.42175935,-30.76072983,101.7511491,RF
-15.06865073,114.8129042,-99.74425342,62.52765058,-29.69672919,101.7397987,RF
-40.9626357,122.5685238,-81.60588809,63.31191603,-28.45024697,101.7284495,RF
-64.90685503,124.6952138,-59.78835878,63.18233591,-27.07411872,101.7171016,RF
-85.89622461,121.1621682,-35.26594361,60.06125708,-25.61464578,101.705755,RF
-98.69136007,115.1175955,-16.42623544,55.51656549,-24.52275219,101.6975356,RF
-98.69136007,115.1175955,-16.42623544,55.51656549,-24.52275219,101.6975356,RF
-112.3756123,102.29184,10.08377232,47.24148295,-23.01162811,101.6861911,RF
-120.9055977,84.80770599,36.09789167,36.67481334,-21.53501786,101.6748478,RF
-123.8902801,63.4696113,60.42066877,24.68320697,-20.13879609,101.6635059,RF
-121.1501948,39.25557111,81.89462367,10.95379986,-18.86148883,101.6521651,RF
-115.053588,18.85850808,96.19507992,6.84E-09,-17.9656844,101.6432212,RF
-115.053588,18.85850808,96.19507992,6.17E-09,-17.9656844,101.6432212,RF
-102.632667,-7.639726753,110.2723937,-13.828947,-16.99929676,101.6318827,RF
-85.50373726,-33.74641332,119.2501506,-26.75741022,-16.24568949,101.6205454,RF
-64.41502293,-58.2476464,122.6626693,-38.99444124,-15.72133451,101.6092095,RF
-40.39797778,-79.98377055,120.3817483,-49.25999682,-15.43863338,101.5978748,RF
-20.96373405,-93.97756391,114.941298,-55.47729805,-15.38696492,101.5893117,RF
-20.96373405,-93.97756391,114.941298,-55.47729805,-15.38696492,101.5893117,RF
5.505154282,-108.6123762,103.1072219,-61.20444978,-15.5297862,101.5779792,RF
31.71129318,-118.1760966,86.46480337,-64.282471,-15.89819172,101.566648,RF
56.44484037,-122.2491119,65.80427154,-64.34250651,-16.47295186,101.555318,RF
78.58675485,-120.6472953,42.06054045,-61.61648635,-17.22928317,101.5439894,RF
93.62582048,-115.3080096,21.68218907,-56.32063166,-17.93023105,101.5349683,RF
93.62582048,-115.3080096,21.68218907,-56.32063166,-17.93023105,101.5349683,RF
108.5873572,-103.8261101,-4.761247099,-48.82373541,-18.91311477,101.5236419,RF
118.543574,-87.51534054,-31.02823349,-38.40558998,-19.97166493,101.5123168,RF
123.0352676,-67.11357044,-55.9216972,-26.72848084,-21.06532656,101.500993,RF
121.8046548,-43.53800204,-78.26665277,-12.45280037,-22.1421714,101.4896704,RF
116.0718886,-21.08296049,-94.98892811,2.09E-09,-23.04451799,101.479705,RF
116.0718886,-21.08296049,-94.98892811,2.88E-09,-23.04451799,101.479705,RF
104.5470909,5.36135834,-109.9084493,14.13335162,-23.99661657,101.4683848,RF
88.18332659,31.63211317,-119.8154398,27.16753524,-24.83423815,101.4570659,RF
67.73968802,56.47472351,-124.2144115,39.97079313,-25.51769006,101.4457483,RF
44.16300211,78.77973509,-122.9427372,50.53304141,-26.03919261,101.4344319,RF
20.15383417,96.4772093,-116.6310435,58.47080936,-26.36662657,101.4238144,RF
20.15383417,96.4772093,-116.6310435,58.47080936,-26.36662657,101.4238144,RF
-6.318539413,111.0545992,-104.7360598,64.40760899,-26.53439394,101.4125005,RF
-32.52810822,120.6289846,-88.10087636,66.56829333,-26.53793753,101.4011878,RF
-57.26377937,124.6273965,-67.36361713,66.98156183,-26.34902281,101.3898764,RF
-79.32124817,122.9177957,-43.59654748,64.32639318,-26.00384523,101.3785663,RF
-96.2987285,116.5221115,-20.22338298,58.62852158,-25.5909257,101.3682587,RF
-96.2987285,116.5221115,-20.22338298,58.62852158,-25.5909257,101.3682587,RF
-110.6694492,104.4161027,6.253346501,50.61076749,-25.0370842,101.356951,RF
-119.9663392,87.56984079,32.39649843,40.28072513,-24.42028535,101.3456445,RF
-123.7586233,66.71841239,57.04021091,26.87445064,-23.77342733,101.3343393,RF
-121.8495619,42.85797157,78.99159029,13.13623307,-23.13475556,101.3230353,RF
-115.227059,19.41724133,95.80981765,1.36E-09,-22.59314576,101.3127383,RF
-115.227059,19.41724132,95.80981766,6.70E-10,-22.59314576,101.3127383,RF
-102.9181441,-7.078273845,109.996418,-14.84842849,-22.07798018,101.3014367,RF
-85.86188032,-33.2037423,119.0656226,-28.28178684,-21.67410264,101.2901364,RF
-64.84104656,-57.74698298,122.5880295,-40.00220769,-21.41024094,101.2788373,RF
-40.857419,-79.5098218,120.3672408,-50.64454245,-21.30455371,101.2675395,RF
-17.70777084,-96.00867221,113.7164431,-58.96679899,-21.3735485,101.2573619,RF
-17.70777084,-96.00867221,113.7164431,-58.96679899,-21.3735485,101.2573619,RF
8.812006636,-110.0471491,101.2351425,-65.48929393,-21.62291514,101.2460665,RF
34.88710189,-118.9414848,84.05438289,-67.97708394,-22.05549968,101.2347723,RF
59.33953507,-122.2990778,62.95954269,-68.27026151,-22.66477873,101.2234795,RF
81.06217506,-119.9698297,38.90765462,-64.53697465,-23.43785385,101.2121879,RF
98.55742247,-112.3582043,13.80078182,-58.74862435,-24.31747319,101.2012264,RF
98.55742247,-112.3582043,13.80078182,-58.74862435,-24.31747319,101.2012264,RF
112.0852633,-99.37329502,-12.71196824,-50.31719407,-25.33012504,101.1899373,RF
120.4509932,-81.74920872,-38.70178451,-40.04192797,-26.41999784,101.1786494,RF
123.2049288,-60.29089256,-62.91403621,-26.66915251,-27.53053513,101.1673629,RF
120.2897005,-36.00893381,-84.28076664,-13.05639597,-28.63630173,101.1560776,RF
112.7744132,-12.33203228,-100.4423809,4.29E-09,-29.59999225,101.1457845,RF
112.7744132,-12.33203228,-100.4423809,4.93E-09,-29.59999225,101.1457845,RF
99.58344328,14.1912077,-113.774651,13.85945174,-30.57432304,101.1345016,RF
81.74264353,40.1247043,-121.8673478,28.1339733,-31.40582079,101.12322,RF
60.15152325,64.22678253,-124.3783058,40.10081156,-32.06439501,101.1119397,RF
35.77635955,85.4488793,-121.2252388,50.0410517,-32.53297052,101.1006606,RF
12.05803013,101.4356737,-113.4937039,57.61654977,-32.76184983,101.0903705,RF
12.05803013,101.4356737,-113.4937039,57.61654977,-32.76184983,101.0903705,RF
-14.46655046,114.5406684,-100.0741179,62.88222883,-32.78892883,101.0790938,RF
-40.33023631,122.4080795,-82.07784317,65.33505477,-32.56379911,101.0678184,RF
-64.35719981,124.6984404,-60.34124059,64.73303472,-32.09357511,101.0565442,RF
-85.42002938,121.2894495,-35.86942013,61.4947281,-31.38138874,101.0452713,RF
-99.46851264,114.5886346,-15.12012198,56.13705019,-30.65477419,101.0362864,RF
-99.46851264,114.5886346,-15.12012197,56.13705019,-30.65477419,101.0362864,RF
-112.9036612,101.513351,11.3903102,48.08708863,-29.56091497,101.0250157,RF
-121.1697082,83.82145117,37.34825701,37.31570418,-28.30073042,101.0137463,RF
-123.8757785,62.31652146,61.55925709,25.28377047,-26.90933731,101.0024782,RF
-120.8536039,37.99224317,82.86136072,11.51602033,-25.42098049,100.9912112,RF
-114.171666,16.58314357,97.58852248,2.92E-09,-24.15977498,100.981912,RF
-114.171666,16.58314357,97.58852248,2.25E-09,-24.15977498,100.981912,RF
-101.3191472,-9.928072282,111.2472195,-13.60947505,-22.63211541,100.9706473,RF
-83.81859444,-35.93784122,119.7564357,-26.60674611,-21.14854952,100.9593839,RF
-62.46253878,-60.28121622,122.743755,-38.37208285,-19.75552076,100.9481217,RF
-38.18006809,-81.73503292,119.915101,-49.10443519,-18.48025018,100.9368608,RF
-18.51639066,-95.54147434,114.057865,-54.46390538,-17.629185,100.928277,RF
-18.51639066,-95.54147434,114.057865,-54.46390538,-17.629185,100.928277,RF
7.980978833,-109.730262,101.7492832,-60.87911165,-16.68475083,100.9170182,RF
34.0940693,-118.7992164,84.7051471,-63.62261126,-15.95913602,100.9057607,RF
58.62428122,-122.3403572,63.71607603,-63.21604598,-15.47080024,100.8945045,RF
80.4278327,-120.1730618,39.74522914,-60.54041778,-15.22802188,100.8832495,RF
94.59819477,-114.8162789,20.21808413,-55.59125672,-15.2131053,100.8747037,RF
94.59819477,-114.8162789,20.21808413,-55.59125671,-15.2131053,100.8747037,RF
109.2932684,-103.0481682,-6.245100202,-47.68138572,-15.40060613,100.8634509,RF
118.9553587,-86.48681413,-32.46854454,-37.33155524,-15.8157198,100.8521994,RF
123.1312642,-65.88228621,-57.24897796,-25.69771937,-16.43587499,100.8409491,RF
121.5897746,-42.1840457,-79.40572889,-11.65098752,-17.22493948,100.8297001,RF
115.9960418,-20.80651258,-95.18952921,-6.82E-10,-17.99325324,100.8203044,RF
115.9960418,-20.80651258,-95.18952921,-4.85E-12,-17.99325324,100.8203044,RF
104.4086631,5.640804491,-110.0494676,13.6600715,-19.00548012,100.8090577,RF
88.00381663,31.90274785,-119.9065645,26.74659893,-20.08606829,100.7978123,RF
67.5007549,56.74690205,-124.247657,39.93726454,-21.18128108,100.7865682,RF
43.8980465,79.00146774,-122.8995142,50.75944771,-22.2474037,100.7753253,RF
20.54377949,96.22145146,-116.765231,58.09240646,-23.16949085,100.7650653,RF
20.54377949,96.22145146,-116.765231,58.09240646,-23.16949085,100.7650653,RF
-5.917209566,110.8847787,-104.9675692,63.77569762,-24.08725138,100.7538249,RF
-32.12941085,120.485843,-88.35643216,66.78413838,-24.87261424,100.7425857,RF
-56.87624073,124.5977081,-67.7214674,66.66800267,-25.50465722,100.7313477,RF
-79.00320156,123.0152517,-44.01205016,63.83213263,-25.95964849,100.720111,RF
-94.64537067,117.4469908,-22.80162013,58.43773089,-26.20190968,100.71081,RF
-94.64537067,117.4469908,-22.80162013,58.43773089,-26.20190968,100.71081,RF
-109.4834093,105.8402855,3.643123773,50.58959249,-26.3170958,100.6995756,RF
-119.3125606,89.42074088,29.89181972,39.83138656,-26.25716268,100.6883425,RF
-123.669668,68.9324253,54.73724267,27.71307763,-26.03253479,100.6771106,RF
-122.3157075,45.35425838,76.96144908,14.40967731,-25.65217828,100.66588,RF
-115.8983971,21.24060048,94.65779659,2.65E-09,-25.1847391,100.6553215,RF
-115.8983971,21.24060048,94.65779659,2.07E-09,-25.1847391,100.6553215,RF
-103.9298259,-5.239770463,109.1695964,-14.27732509,-24.60433001,100.6440932,RF
-87.19370012,-31.42257237,118.6162725,-28.00852713,-23.9724254,100.6328663,RF
-66.449579,-56.12337826,122.5729573,-40.4425819,-23.32789094,100.6216406,RF
-42.62281267,-78.16020115,120.7830138,-50.99667681,-22.69779351,100.6104161,RF
-19.13634047,-95.11825635,114.2545968,-58.72669609,-22.18024018,100.6001471,RF
-19.13634047,-95.11825635,114.2545968,-58.72669609,-22.18024018,100.6001471,RF
7.347816106,-109.4152756,102.0674595,-64.85770009,-21.70960989,100.5889251,RF
33.48621269,-118.6082632,85.1220505,-67.86454724,-21.3639537,100.5777042,RF
58.06951431,-122.2885601,64.21904576,-67.89993612,-21.17250057,100.5664846,RF
79.98547582,-120.2923023,40.30682651,-65.22503591,-21.15592613,100.5552663,RF
96.98216246,-113.3841444,16.40198196,-59.02409205,-21.29993803,100.5448599,RF
96.98216246,-113.3841444,16.40198196,-59.02409205,-21.29993803,100.5448599,RF
110.9822205,-100.8839107,-10.09830974,-50.78762618,-21.63946529,100.533644,RF
119.8646107,-83.6868801,-36.17773055,-39.99532247,-22.16457518,100.5224293,RF
123.2208972,-62.57278402,-60.64811319,-28.02226207,-22.86427254,100.5112159,RF
120.8382684,-38.49335228,-82.34491614,-13.49131792,-23.71090701,100.5000038,RF
113.704714,-14.6714202,-99.03329383,3.64E-10,-24.59882021,100.4896584,RF
113.704714,-14.6714202,-99.03329383,1.15E-09,-24.59882021,100.4896584,RF
100.9440558,11.83655701,-112.7806129,14.24679431,-25.65507256,100.4784487,RF
83.51024934,37.86791666,-121.378166,27.2153626,-26.76765183,100.4672402,RF
62.19696137,62.20135847,-124.3983198,39.90008063,-27.8875729,100.456033,RF
38.02956128,83.70389651,-121.7334578,50.36206115,-28.97285266,100.444827,RF
13.54854314,100.5539489,-114.102492,58.13616509,-29.93406089,100.4342463,RF
13.54854314,100.5539489,-114.102492,58.13616509,-29.93406089,100.4342463,RF
-12.95729591,113.9186861,-100.9613902,63.36187438,-30.83493055,100.4230428,RF
-38.89252246,122.093741,-83.20121854,66.18182788,-31.5823266,100.4118405,RF
-63.05104755,124.7014296,-61.65038206,65.81538856,-32.14215344,100.4006396,RF
-84.30500468,121.6109565,-37.30595186,62.79605429,-32.48164407,100.3894398,RF
-99.94923348,114.2294968,-14.28026336,56.59456431,-32.58968899,100.3795261,RF
-99.94923348,114.2294968,-14.28026336,56.59456431,-32.58968899,100.3795261,RF
-113.2208617,100.9955249,12.22533681,48.63572037,-32.46826311,100.3683287,RF
-121.3153503,83.16918404,38.14616631,37.64763519,-32.10203413,100.3571326,RF
-123.8416088,61.55676949,62.28483927,25.54720951,-31.49104766,100.3459377,RF
-120.6583327,37.20162134,83.45671135,12.55006734,-30.64027963,100.3347441,RF
-114.2501042,16.80423621,97.44586804,-3.17E-09,-29.82290404,100.3259652,RF
-114.2501042,16.8042362,97.44586804,-4.07E-09,-29.82290404,100.3259652,RF
-101.4253182,-9.707262269,111.1325805,-12.91383916,-28.61406611,100.3147738,RF
-83.95945138,-35.72473929,119.6841907,-26.47764239,-27.26142026,100.3035836,RF
-62.63152495,-60.05719409,122.688719,-38.18572691,-25.79987558,100.2923947,RF
-38.4012921,-81.55312686,119.954419,-48.22347853,-24.2641484,100.2812069,RF
-16.73284413,-96.64831292,113.381157,-54.93080252,-22.9697611,100.2718312,RF
-16.73284413,-96.64831292,113.381157,-54.93080252,-22.9697611,100.2718312,RF
9.773058343,-110.5075986,100.7345403,-60.57034126,-21.45256691,100.2606458,RF
35.82434503,-119.2180625,83.39371744,-63.26611466,-20.00578709,100.2494616,RF
60.21517428,-122.388499,62.17332476,-63.01266964,-18.67770132,100.2382786,RF
81.84200186,-119.8777657,38.03576388,-60.13000656,-17.50817798,100.2270968,RF
95.28773142,-114.4477855,19.16005403,-54.7306768,-16.76979936,100.2189139,RF
95.28773143,-114.4477855,19.16005403,-54.7306768,-16.76979936,100.2189139,RF
109.7932162,-102.4826515,-7.310564639,-47.4450221,-15.95146832,100.2077343,RF
119.244453,-85.74496899,-33.49948401,-36.88533104,-15.36844998,100.1965559,RF
123.1987943,-65.00255596,-58.19623833,-25.2779621,-15.03397442,100.1853788,RF
121.4274993,-41.18024733,-80.24725201,-11.46338919,-14.95017202,100.1742029,RF
115.7665878,-20.09445393,-95.67213386,-1.88E-09,-15.06482517,100.1650052,RF
115.7665878,-20.09445393,-95.67213386,-1.20E-09,-15.06482517,100.1650052,RF
104.0389805,6.364213654,-110.4031942,13.66392269,-15.4181575,100.1538316,RF
87.51617444,32.59075242,-120.1069269,26.84909095,-15.98606019,100.1426593,RF
66.90942474,57.37325176,-124.2826765,39.44002785,-16.73708088,100.1314882,RF
43.25250514,79.57107275,-122.8235779,49.86169087,-17.64036263,100.1203183,RF
22.55903984,94.92434418,-117.483384,56.77005856,-18.45295036,100.1112831,RF
22.55903984,94.92434418,-117.483384,56.77005856,-18.45295036,100.1112831,RF
-3.871730697,109.9363039,-106.0645732,62.77551082,-19.52014341,100.1001155,RF
-30.16666969,119.9654435,-89.79877381,65.59528943,-20.6260312,100.0889492,RF
-55.06481254,124.48156,-69.41674746,65.4114842,-21.7107623,100.0777842,RF
-77.42306584,123.3330572,-45.90999138,62.56615119,-22.74036442,100.0666203,RF
-94.59021086,117.4697186,-22.8795077,57.94724811,-23.59586596,100.0565531,RF
-94.59021086,117.4697186,-22.8795077,57.94724811,-23.59586596,100.0565531,RF
-109.4518984,105.8843603,3.567538098,49.16962084,-24.42184813,100.0453917,RF
-119.2868471,89.47019929,29.81664778,38.81402092,-25.09697051,100.0342315,RF
-123.6441053,68.9917794,54.65232589,26.54059968,-25.60177688,100.0230726,RF
-122.3321368,45.37926613,76.9528707,13.22165667,-25.92822882,100.0119149,RF
-116.5722331,23.16332419,93.40890896,-7.34E-10,-26.04425392,100.0022166,RF
-116.5722331,23.16332419,93.40890896,-1.35E-09,-26.04425392,100.0022166,RF
-104.9784831,-3.285916379,108.2643995,-13.92251064,-26.01376352,99.9910613,RF
-88.56951478,-29.53553701,118.1050518,-27.7048369,-25.81509348,99.9799072,RF
-68.08974767,-54.38629318,122.4760408,-40.13017138,-25.46709039,99.96875434,RF
-44.45336892,-76.65695076,121.1103197,-50.91715886,-24.98061569,99.95760272,RF
-20.26703921,-94.40024541,114.6672846,-58.75517301,-24.4390672,99.94706378,RF
-20.26703921,-94.40024541,114.6672846,-58.75517301,-24.4390672,99.94706378,RF
6.205571702,-108.9070741,102.7015024,-64.76793662,-23.81533099,99.93591457,RF
32.38625351,-118.3326116,85.94635814,-67.76921761,-23.16827098,99.9247666,RF
57.06320889,-122.2585722,65.19536329,-67.75438004,-22.5427315,99.91361986,RF
79.11918462,-120.5089397,41.38975508,-64.96321666,-21.97797405,99.90247436,RF
95.91437072,-114.0305457,18.11617496,-58.86639731,-21.54103815,99.89238826,RF
95.91437072,-114.0305457,18.11617495,-58.86639731,-21.54103815,99.89238826,RF
110.2222104,-101.8736154,-8.348595074,-51.12210567,-21.18349781,99.88124512,RF
119.4616874,-84.96103046,-34.50065697,-40.02219176,-20.97907987,99.87010322,RF
123.1885882,-64.07786599,-59.11072225,-27.96971497,-20.94849246,99.85896257,RF
121.1869272,-40.16632105,-81.02060614,-13.6274194,-21.10029816,99.84782315,RF
114.4156936,-16.47880289,-97.93689068,5.30E-09,-21.40824968,99.83756876,RF
114.4156936,-16.47880289,-97.93689069,6.08E-09,-21.40824968,99.83756876,RF
101.9944251,10.02152309,-112.0159482,14.35577642,-21.92356637,99.82643174,RF
84.86381471,36.11101981,-120.9748345,27.67999456,-22.61249543,99.81529596,RF
63.80184948,60.63343529,-124.4352848,39.83684223,-23.46308367,99.80416144,RF
39.77290922,82.34564029,-122.1185495,50.89153976,-24.4238017,99.79302817,RF
14.26614746,100.1329211,-114.3990686,58.99148686,-25.46811501,99.78204629,RF
14.26614746,100.1329211,-114.3990686,58.99148686,-25.46811501,99.78204629,RF
-12.24741063,113.6401517,-101.3927411,64.90468199,-26.5806174,99.7709155,RF
-38.2366122,121.9810934,-83.74448123,67.53970738,-27.7086421,99.75978597,RF
-62.43546622,124.7028852,-62.26741896,66.9037862,-28.78679743,99.74865769,RF
-83.78626452,121.7592028,-37.97293825,63.53130683,-29.79242873,99.73753066,RF
-99.56675694,114.4622654,-14.89550845,58.09031187,-30.58517756,99.72763747,RF
-99.56675694,114.4622654,-14.89550845,58.09031187,-30.58517756,99.72763747,RF
-112.967328,101.3474542,11.61987379,49.43284521,-31.32771183,99.7165128,RF
-121.1730085,83.61142477,37.56158374,38.71476151,-31.87721547,99.70538938,RF
-123.8146454,62.07979759,61.7348478,26.39203427,-32.20870094,99.69426721,RF
-120.7794848,37.73038925,83.04909554,13.25155133,-32.30684922,99.68314627,RF
-113.8493647,15.8537816,97.9955831,5.49E-09,-32.1757485,99.67377977,RF
-113.8493647,15.8537816,97.9955831,4.84E-09,-32.1757485,99.67377977,RF
-100.8610517,-10.64678897,111.5078407,-13.09012505,-31.7938626,99.66266112,RF
-83.23847806,-36.6250956,119.8635737,-26.65839387,-31.16712158,99.6515437,RF
-61.78992458,-60.87319327,122.6631178,-38.51905257,-30.30762692,99.64042752,RF
-37.53188108,-82.19775227,119.7296334,-48.81129632,-29.22541275,99.62931257,RF
-15.85969382,-97.1760587,113.0357525,-55.48864614,-28.19045162,99.62003302,RF
-15.85969382,-97.1760587,113.0357525,-55.48864614,-28.19045162,99.62003302,RF
10.65178769,-110.8632773,100.2114896,-60.43939457,-26.81234994,99.60892032,RF
36.66812658,-119.4034155,82.73528888,-63.38620855,-25.33157291,99.59780885,RF
60.99894303,-122.4003793,61.40143629,-63.31909563,-23.79345134,99.58669861,RF
82.43420089,-119.6505204,37.2163195,-59.89849077,-22.23991606,99.57558958,RF
96.81674335,-113.5589603,16.74221696,-54.88907746,-21.03943451,99.5668104,RF
96.81674335,-113.5589603,16.74221696,-54.88907746,-21.03943451,99.5668104,RF
110.8785607,-101.127327,-9.751233663,-46.9419184,-19.59477342,99.55570357,RF
119.8428326,-83.98867297,-35.85415967,-36.3691273,-18.27462823,99.54459797,RF
123.2783045,-62.92148694,-60.35681753,-24.61699262,-17.11909951,99.53349359,RF
120.9846806,-38.87708025,-82.10760035,-10.81896173,-16.15999217,99.52239044,RF
115.3918817,-19.01278515,-96.37909652,-5.39E-10,-15.57485123,99.51381554,RF
115.3918817,-19.01278514,-96.37909652,1.84E-10,-15.57485123,99.51381554,RF
103.4594659,7.46311616,-110.9225821,13.83249289,-15.03215753,99.50271457,RF
86.74976312,33.66241737,-120.4121805,26.72953915,-14.74257122,99.49161484,RF
66.02712271,58.32397466,-124.3510974,39.23500826,-14.70423925,99.48051634,RF
42.21971578,80.43372822,-122.653444,48.83183671,-14.91972356,99.46941909,RF
22.23843926,95.14970548,-117.3881447,55.76641986,-15.24458151,99.46075658,RF
22.23843926,95.14970548,-117.3881447,55.76641986,-15.24458151,99.46075658,RF
-4.203256072,110.1119715,-105.9087154,61.50620075,-15.84969771,99.44966154,RF
-30.4706619,120.0563361,-89.5856742,64.64471773,-16.63674745,99.43856774,RF
-55.34867311,124.5292596,-69.18058652,64.74663376,-17.56935018,99.42747518,RF
-77.67694172,123.3110021,-45.63406039,62.14358081,-18.60311093,99.41638387,RF
-93.72000497,117.9459442,-24.22593919,56.75053172,-19.52477969,99.40708541,RF
-93.72000497,117.9459442,-24.22593919,56.75053172,-19.52477969,99.40708541,RF
-108.8108992,106.613012,2.197887141,49.0994963,-20.63166664,99.39599639,RF
-118.9236781,90.43187567,28.49180242,38.58477246,-21.72111872,99.38490863,RF
-123.5764862,70.13253879,53.44394745,26.76794314,-22.74833013,99.37382211,RF
-122.5107446,46.64054925,75.87019537,12.62424126,-23.66290036,99.36273683,RF
-116.7080003,23.58864085,93.11935947,5.34E-09,-24.37343115,99.35271033,RF
-116.7080003,23.58864085,93.11935947,4.58E-09,-24.37343115,99.35271033,RF
-105.2046742,-2.855621735,108.060296,-14.1607213,-25.01204149,99.34162743,RF
-88.86846662,-29.13011702,117.9985836,-27.18385192,-25.47706075,99.33054577,RF
-68.43632911,-53.98413683,122.4204659,-40.12050437,-25.74204763,99.31946535,RF
-44.87157079,-76.30499581,121.1765666,-50.63768766,-25.82207296,99.30838616,RF
-21.37735372,-93.6904975,115.0678512,-58.45382778,-25.73444581,99.29820673,RF
-21.37735371,-93.6904975,115.0678512,-58.45382778,-25.73444581,99.29820673,RF
5.085350562,-108.4132494,103.3278988,-64.0392926,-25.48477923,99.28712991,RF
31.32816367,-118.0579446,86.72978095,-67.71911903,-25.07754841,99.27605433,RF
56.07203688,-122.1883651,66.11632827,-67.45155134,-24.55350794,99.26497998,RF
78.22652841,-120.6586667,42.43213833,-64.24197999,-23.95399646,99.25390686,RF
94.90923873,-114.5657836,19.65654487,-58.88200421,-23.38105481,99.24407077,RF
94.90923873,-114.5657836,19.65654487,-58.88200421,-23.38105481,99.24407077,RF
109.5170559,-102.7308449,-6.786210987,-50.669295,-22.73881135,99.23299997,RF
119.0637027,-86.07305979,-32.99064293,-39.98293592,-22.12449809,99.2219304,RF
123.1178317,-65.40572634,-57.71210538,-27.59049588,-21.58469084,99.21086206,RF
121.5010473,-41.66231248,-79.83873486,-14.25017834,-21.15533611,99.19979495,RF
114.7484705,-17.35310068,-97.39536984,-3.53E-09,-20.87105766,99.18932474,RF
114.7484705,-17.35310068,-97.39536984,-2.94E-09,-20.87105766,99.18932474,RF
102.4899987,9.137804789,-111.6278035,14.24490083,-20.73348296,99.17826003,RF
85.50165587,35.26800339,-120.7696593,27.96550138,-20.77830578,99.16719654,RF
64.55648658,59.84749197,-124.4039785,40.21502242,-21.01613613,99.1561343,RF
40.57968087,81.70320636,-122.2828872,50.59716274,-21.44128402,99.14507329,RF
16.95170127,98.48344808,-115.4351494,58.47312881,-21.98973881,99.13492353,RF
16.95170127,98.48344808,-115.4351494,58.47312881,-21.98973882,99.13492353,RF
-9.545469986,112.4904849,-102.9450149,64.48292762,-22.75376375,99.1238649,RF
-35.62369019,121.3590727,-85.73538246,67.42475506,-23.66040009,99.11280751,RF
-60.07620187,124.6965738,-64.62037193,67.39756032,-24.68017757,99.10175136,RF
-81.79399159,122.3503129,-40.55632132,64.5494532,-25.77895282,99.09069646,RF
-98.68862143,115.0585209,-16.36989947,58.34628435,-26.82645724,99.08035271,RF
-98.68862143,115.0585209,-16.36989947,58.34628435,-26.82645724,99.08035271,RF
-112.3556218,102.2138431,10.14177865,50.06328075,-27.94031122,99.06930022,RF
-120.8685316,84.71955577,36.14897581,39.33116527,-29.00151521,99.05824897,RF
-123.8357631,63.36793816,60.46782493,27.3229053,-29.96731678,99.04719896,RF
-121.072102,39.15185966,81.92024235,13.10538526,-30.77669942,99.03615019,RF
-113.4843752,14.95674865,98.52762654,2.11E-09,-31.37603553,99.02584273,RF
-113.4843752,14.95674865,98.52762654,1.44E-09,-31.37603553,99.02584273,RF
-100.3294224,-11.5613401,111.8907625,-13.88410805,-31.81791665,99.01479636,RF
-82.55633441,-37.51725793,120.0735923,-26.9626894,-32.03011483,99.00375122,RF
-60.96097753,-61.66494052,122.6259181,-39.60333457,-31.97292355,98.99270732,RF
-36.61686411,-82.88951071,119.5063748,-49.50798399,-31.6627099,98.98166464,RF
-14.06546287,-98.2420228,112.3074857,-56.20514489,-31.19482478,98.97207841,RF
-14.06546287,-98.2420228,112.3074857,-56.20514489,-31.19482478,98.97207841,RF
12.45086202,-111.6025766,99.15171457,-61.58619683,-30.42338405,98.96103803,RF
38.38521284,-119.7643388,81.37912598,-64.03449187,-29.42543352,98.94999887,RF
62.54067365,-122.3591448,59.81847113,-63.45227854,-28.23339692,98.93896093,RF
83.79048897,-119.2525404,35.46205146,-60.18108395,-26.87972841,98.92792421,RF
97.44609068,-113.1472025,15.70111178,-55.2700556,-25.76744398,98.91952007,RF
97.44609068,-113.1472025,15.70111178,-55.2700556,-25.76744398,98.91952007,RF
111.3225525,-100.5170383,-10.80551415,-47.21269724,-24.23875719,98.90848549,RF
120.071594,-83.20672414,-36.86486991,-36.63776658,-22.68008397,98.89745213,RF
123.2832547,-62.00389943,-61.27935527,-24.71544074,-21.14052586,98.88641999,RF
120.7708183,-37.88326288,-82.88755545,-11.01522892,-19.66623321,98.87538906,RF
114.7931078,-17.3802139,-97.41289392,-2.85E-10,-18.57660748,98.86662655,RF
114.7931078,-17.3802139,-97.41289392,3.90E-10,-18.57660748,98.86662655,RF
102.5476388,9.119104691,-111.6667435,13.25678842,-17.34436813,98.85559781,RF
85.55843863,35.26986603,-120.8283047,26.57097804,-16.30044472,98.84457028,RF
64.59082931,59.83281699,-124.4236463,39.02920511,-15.47397128,98.83354398,RF
40.66863105,81.67676569,-122.3453967,48.8911231,-14.89083624,98.82251889,RF
20.56224051,96.24708573,-116.8093262,55.30928621,-14.6123728,98.81389419,RF
20.56224051,96.24708574,-116.8093262,55.30928621,-14.6123728,98.81389419,RF
-5.903877147,110.9132255,-105.0093484,60.9300201,-14.48726283,98.8028713,RF
-32.11915494,120.5199255,-88.40077058,63.890098,-14.61632368,98.79184963,RF
-56.8700904,124.6357302,-67.76563977,63.85775746,-14.98664477,98.78082919,RF
-79.03538779,123.0752562,-44.03986844,61.07628171,-15.57817765,98.76980999,RF
-93.46295964,118.0934993,-24.63053963,55.89950087,-16.1508274,98.76144103,RF
-93.46295964,118.0934993,-24.63053963,55.89950087,-16.1508274,98.76144103,RF
-108.634474,106.8398603,1.794613727,48.49089158,-17.0450158,98.750424,RF
-118.8260159,90.72858912,28.09742678,38.14771401,-18.06082566,98.73940822,RF
-123.5653876,70.4884531,53.07693454,26.51220744,-19.15517291,98.72839367,RF
-122.6331298,47.00575379,75.62737598,14.49288743,-20.29166369,98.71738036,RF
-117.2894522,25.23697582,92.05247639,1.99E-09,-21.22220265,98.70794038,RF
-117.2894522,25.23697582,92.05247639,1.46E-09,-21.22220265,98.70794038,RF
-106.0958829,-1.174272146,107.2701551,-13.49291449,-22.27375592,98.69692937,RF
-90.03445484,-27.49065633,117.5251112,-26.8457547,-23.23678943,98.6859196,RF
-69.84357998,-52.4962487,122.3398287,-38.99017591,-24.07497852,98.67491107,RF
-46.41966956,-75.01271222,121.4323818,-49.95722612,-24.74433151,98.66390378,RF
-22.97133952,-92.64615036,115.6174899,-57.83994355,-25.20228886,98.65376568,RF
-22.97133952,-92.64615036,115.6174899,-57.83994355,-25.20228886,98.65376568,RF
3.464768141,-107.6368295,104.1720613,-63.72508977,-25.5227134,98.64276075,RF
29.73593582,-117.6106569,87.87472111,-66.85930601,-25.6477726,98.63175706,RF
54.62493427,-122.1160251,67.49109081,-66.91139396,-25.58642862,98.62075459,RF
77.00596712,-120.9520245,43.94605736,-64.01356731,-25.35503947,98.60975334,RF
94.05886332,-115.0494548,20.99059148,-58.31784002,-25.0034128,98.59987246,RF
94.05886332,-115.0494548,20.99059148,-58.31784002,-25.0034128,98.59987246,RF
108.8927472,-103.4504969,-5.442250297,-50.72880902,-24.50323575,98.58887354,RF
118.7173047,-87.02439593,-31.69290875,-39.77695741,-23.91330501,98.57787584,RF
123.0680641,-66.53484863,-56.53321546,-27.70387795,-23.27290125,98.56687936,RF
121.6887061,-42.89522359,-78.79348255,-13.65623936,-22.61266185,98.5558841,RF
115.2521197,-18.74864968,-96.50347005,-1.13E-10,-22.02156664,98.54551055,RF
115.2521197,-18.74864967,-96.50347005,6.36E-10,-22.02156664,98.54551055,RF
103.2727467,7.727204349,-110.9999511,14.39664075,-21.46384247,98.53451767,RF
86.51931132,33.9153578,-120.4346691,27.6543491,-21.01247336,98.523526,RF
65.74153716,58.59194685,-124.333484,40.35863802,-20.69631498,98.51253556,RF
41.94703541,80.60381339,-122.5508488,50.80401718,-20.54551176,98.50154634,RF
17.96677555,97.86948867,-115.8362642,58.71670891,-20.57090328,98.49129993,RF
17.96677555,97.86948867,-115.8362642,58.71670891,-20.57090328,98.49129993,RF
-8.515062063,112.0471683,-103.5321062,64.31604353,-20.78357006,98.48031308,RF
-34.63428496,121.1255125,-86.4912275,67.38472798,-21.19181715,98.46932745,RF
-59.16965738,124.6806239,-65.51096652,67.35185921,-21.78764772,98.45834306,RF
-81.0133395,122.5579514,-41.54461191,64.54768534,-22.55791838,98.44735991,RF
-98.16350973,115.3962439,-17.23273422,57.89220285,-23.4125843,98.43702293,RF
-98.16350973,115.3962439,-17.23273421,57.89220285,-23.4125843,98.43702293,RF
-111.9766325,102.724317,9.252315493,50.32808547,-24.42841515,98.42604217,RF
-120.6720883,85.37013092,35.30195737,39.16910654,-25.52870951,98.41506264,RF
-123.8242533,64.13166638,59.69258692,27.21862928,-26.66605548,98.40408435,RF
-121.2429989,39.97713961,81.26585926,12.97263379,-27.7834802,98.39310729,RF
-113.9425386,16.12943113,97.81310748,2.98E-09,-28.76304061,98.38298658,RF
-113.9425386,16.12943113,97.81310748,2.22E-09,-28.76304061,98.38298658,RF
-101.0045587,-10.38472444,111.3892831,-14.02289133,-29.73356016,98.37201189,RF
-83.43020831,-36.37778936,119.8079977,-26.73166683,-30.56572347,98.36103844,RF
-62.00387144,-60.62230438,122.6261758,-39.4087612,-31.20359039,98.35006623,RF
-37.74172848,-82.02580618,119.7675347,-49.48129015,-31.63165513,98.33909524,RF
-14.5065322,-97.96716451,112.4736967,-56.69893018,-31.81187811,98.32926909,RF
-14.5065322,-97.96716452,112.4736967,-56.69893018,-31.81187811,98.32926909,RF
12.0160794,-111.4191382,99.40305876,-61.86424483,-31.77593599,98.31830043,RF
37.971675,-119.6658424,81.69416736,-64.97629127,-31.47245679,98.30733298,RF
62.17391147,-122.3292031,60.15529164,-64.32551758,-30.90544209,98.29636676,RF
83.49358755,-119.324555,35.8309675,-61.03454088,-30.10111027,98.28540175,RF
100.2226583,-111.2669347,11.04427645,-55.85690448,-29.11816332,98.27497114,RF
100.2226583,-111.2669347,11.04427645,-55.85690448,-29.11816332,98.27497114,RF
104.591795,-107.7860062,3.194211152,-52.3425555,-28.77816744,98.27168222,RF
108.6155689,-103.7831278,-4.832441082,-49.44017699,-28.41271694,98.26839341,RF
113.3985444,-97.53745506,-15.86108934,-45.77309391,-27.88243458,98.26383122,RF
120.6417149,-81.18766739,-39.45404756,-35.81754968,-26.63034877,98.25385088,RF
123.27555,-61.70960672,-61.56594331,-25.01556261,-25.28746406,98.24387154,RF
121.1701863,-39.77890713,-81.39127913,-12.76696959,-23.87706123,98.2338932,RF
114.4192328,-16.28701015,-98.13222264,-0.267483161,-22.44708692,98.22391586,RF
114.2233777,-15.76709935,-98.45627833,5.44E-09,-22.41627782,98.22369891,RF
114.2233777,-15.76709934,-98.45627833,6.11E-09,-22.41627782,98.22369891,RF
103.0268546,8.320388574,-111.3472432,12.97261133,-21.01233955,98.2137226,RF
91.46271704,27.0598197,-118.5225367,22.04948749,-19.94411966,98.20592958,RF
72.52878527,51.33117354,-123.8599588,34.0752034,-18.59550403,98.19538988,RF
50.46386285,73.49054294,-123.9544058,44.59514397,-17.37967752,98.1848513,RF
26.21050441,92.56511344,-118.7756179,53.16597359,-16.33283431,98.17431384,RF
19.86608461,96.78925365,-116.6553383,54.82823609,-16.09917335,98.17165071,RF
19.8660846,96.78925366,-116.6553383,54.82823609,-16.09917335,98.17165071,RF
-5.617685285,110.8662281,-105.2485428,60.76645411,-15.3092845,98.16111465,RF
-30.87026153,120.2768385,-89.40657693,63.46392147,-14.74773335,98.15057972,RF
-54.84322089,124.6285897,-69.78536881,63.78354405,-14.42653608,98.14004591,RF
-76.45287416,123.6695358,-47.21666167,60.68009137,-14.34596856,98.12951324,RF
-94.71983577,117.5718568,-22.85202104,55.48145449,-14.50244739,98.11905159,RF
-94.71983577,117.5718568,-22.85202104,55.48145448,-14.50244739,98.11905159,RF
-109.099645,106.4984383,2.601206736,47.95882323,-14.88396063,98.10852117,RF
-118.8515516,90.93312114,27.91843051,38.65444349,-15.47096436,98.09799188,RF
-123.5676289,71.49925974,52.06836915,28.91051866,-16.24334153,98.08746373,RF
-122.9369459,49.13643537,73.80051052,13.57111501,-17.13078996,98.07693672,RF
-117.1291658,24.70684749,92.4223183,0.175163808,-18.13615047,98.06641085,RF
-117.0248109,24.39625865,92.62855224,1.52E-09,-18.14900436,98.06628093,RF
-117.0248109,24.39625865,92.62855224,7.88E-10,-18.14900436,98.06628093,RF
-106.1790116,-1.040041705,107.2190533,-13.22955646,-19.2187922,98.05575621,RF
-90.82062854,-26.38589451,117.206523,-25.70456775,-20.31162103,98.04523263,RF
-71.57534188,-50.55264687,122.1279888,-38.18498141,-21.37918197,98.03471019,RF
-49.3220038,-72.47756814,121.7995719,-48.92064943,-22.38108589,98.02418889,RF
-24.97310676,-91.2795545,116.2526613,-57.069751,-23.2923305,98.01366872,RF
-23.74216655,-92.10074917,115.8429157,-57.37770508,-23.33217848,98.01315249,RF
-23.74216655,-92.10074918,115.8429157,-57.37770508,-23.33217848,98.01315249,RF
1.694884907,-106.7485207,105.0536358,-63.03094591,-24.10914734,98.00263352,RF
27.03513997,-116.7770295,89.74188955,-66.12831645,-24.72953809,97.99211569,RF
51.2126539,-121.7755254,70.56287152,-66.42485518,-25.18052484,97.98159899,RF
73.18139665,-121.5162779,48.33488127,-64.2071101,-25.44788706,97.97108342,RF
92.00925123,-116.0222953,24.01304405,-59.10171217,-25.53232847,97.96056898,RF
94.28514917,-114.8798119,20.59466275,-58.35240159,-25.53045017,97.95914076,RF
94.28514917,-114.8798119,20.59466275,-58.35240158,-25.53045017,97.95914076,RF
108.6198166,-103.725513,-4.894303581,-49.72300393,-25.42059106,97.9486276,RF
118.2803402,-88.10237081,-30.17796935,-39.8058822,-25.1490107,97.93811557,RF
122.8921713,-68.66535274,-54.22681858,-27.96327097,-24.74231903,97.92760467,RF
122.2353569,-46.24860504,-75.98675189,-15.33431405,-24.2236386,97.91709489,RF
116.3518107,-21.78722977,-94.56458094,-1.230939704,-23.62903554,97.90658623,RF
115.5984645,-19.59982583,-95.99863867,-1.15E-10,-23.57449518,97.90567409,RF
115.5984645,-19.59982583,-95.99863867,6.17E-10,-23.57449518,97.90567409,RF
104.3245352,5.872030988,-110.1965662,13.66212936,-22.93809853,97.89516665,RF
88.59544572,31.13999211,-119.7354378,26.69759928,-22.30387174,97.88466033,RF
69.07234776,55.15194603,-124.2242938,38.52007203,-21.70997299,97.87415513,RF
46.55194694,76.85632868,-123.4082756,49.39208551,-21.18447027,97.86365106,RF
22.0764123,95.30147385,-117.3778861,57.92997667,-20.76881007,97.85314811,RF
19.10005285,97.23026906,-116.3303219,58.68534084,-20.72820036,97.85190807,RF
19.10005285,97.23026906,-116.3303219,58.68534084,-20.72820036,97.85190807,RF
-6.387902546,111.1843202,-104.7964176,64.55366918,-20.47014428,97.84140637,RF
-31.60677627,120.4338816,-88.82710529,67.7289195,-20.3717865,97.83090581,RF
-55.51300755,124.6077276,-69.09472003,67.42691536,-20.45087831,97.82040636,RF
-77.04214519,123.5084463,-46.46630111,64.84359146,-20.71169195,97.80990805,RF
-95.30558238,117.1865844,-21.88100202,60.04304432,-21.15585372,97.79941087,RF
-97.50468418,115.9117612,-18.40707702,58.55424205,-21.22865397,97.79796341,RF
-97.50468418,115.9117612,-18.40707701,58.55424205,-21.22865397,97.79796341,RF
-111.1166892,104.0165717,7.100117514,50.6725247,-21.87086851,97.78746751,RF
-119.9834869,87.7259438,32.25754311,40.34497674,-22.66422253,97.77697275,RF
-123.7518256,67.74957573,56.0022499,28.56713522,-23.58729065,97.76647913,RF
-122.2605955,44.92976381,77.33083164,15.99559371,-24.61046432,97.75598663,RF
-115.5302113,20.23016714,95.30004411,1.722882648,-25.68979307,97.74549528,RF
-114.2726322,16.90194699,97.3706852,1.06E-11,-25.83344989,97.74411473,RF
-114.2726322,16.90194699,97.3706852,-6.73E-10,-25.83344989,97.74411473,RF
-102.060156,-8.617788751,110.6779447,-13.69731315,-26.94109483,97.73362466,RF
-85.40755834,-33.76604228,119.1736006,-27.48021612,-28.01553743,97.72313573,RF
-65.26063845,-57.29532883,122.5559673,-38.4825845,-29.00803214,97.71264793,RF
-42.26357691,-78.41291488,120.6764918,-48.56169893,-29.90300583,97.70216126,RF
-17.49301132,-96.11589362,113.6089049,-56.52689091,-30.64615252,97.69167573,RF
-14.94456843,-97.67179146,112.6163599,-57.29649992,-30.70982478,97.69062347,RF
-14.94456843,-97.67179146,112.6163599,-57.29649992,-30.70982478,97.69062347,RF
10.58152862,-110.7738554,100.1923268,-63.44533992,-31.25178635,97.68013918,RF
35.64010125,-119.0931849,83.45308362,-65.12387479,-31.58105519,97.66965603,RF
59.16989319,-122.2856158,63.11572261,-64.68272882,-31.68107607,97.659174,RF
80.15218118,-120.1989214,40.04674025,-62.31181499,-31.53460928,97.64869309,RF
97.71247927,-112.9188441,15.2063648,-57.33230077,-31.14038079,97.63821331,RF
98.33867543,-112.5136172,14.1749418,-56.89523782,-31.11783492,97.63778562,RF
98.33867543,-112.5136172,14.1749418,-56.89523782,-31.11783492,97.63778562,RF
111.5235232,-100.191079,-11.33244418,-48.32552634,-30.47667907,97.627307,RF
119.9401459,-83.53074265,-36.40940325,-38.34657107,-29.60917932,97.6168295,RF
123.2310331,-63.25655445,-59.97447867,-26.67624544,-28.5416697,97.60635312,RF
121.2614198,-40.22290287,-81.03851691,-14.04903987,-27.30534238,97.59587785,RF
114.0742827,-15.4233471,-98.65093559,-0.412801404,-25.92708161,97.58540369,RF
113.7844724,-14.67128798,-99.11318447,-9.06E-09,-25.88451486,97.58509337,RF
113.7844724,-14.67128798,-99.11318447,-8.34E-09,-25.88451486,97.58509337,RF
101.5958276,10.84646054,-112.4422881,13.30258906,-24.41635094,97.57462036,RF
85.06489288,35.95429077,-121.0191836,25.83620769,-22.90403218,97.56414845,RF
64.88894767,59.5981087,-124.4870564,37.18884308,-21.3939344,97.55367766,RF
41.90265053,80.74035471,-122.6430052,47.12666056,-19.92548321,97.54320797,RF
19.04024298,97.28143929,-116.3216823,54.35945006,-18.65416299,97.53352028,RF
19.04024298,97.28143929,-116.3216823,54.35945006,-18.65416299,97.53352028,RF
-6.441382483,111.2186952,-104.7773128,59.94431893,-17.40998736,97.52305273,RF
-31.66977086,120.4620167,-88.79224583,62.85571735,-16.33393369,97.5125863,RF
-55.56259416,124.6251488,-69.06255465,63.0661069,-15.45889547,97.50212098,RF
-77.11497975,123.5337905,-46.41881078,60.81381228,-14.80842033,97.49165677,RF
-95.43934238,117.2134435,-21.77410116,57.0919307,-14.39924862,97.48119369,RF
-97.24479495,116.1839886,-18.93919362,54.93294009,-14.36792466,97.48001483,RF
-97.24479495,116.1839886,-18.93919362,54.93294009,-14.36792466,97.48001483,RF
-101.7289879,113.0968689,-11.36788095,52.39840463,-14.29647022,97.47687616,RF
-105.9586849,109.6353382,-3.676653254,49.3645544,-14.25405504,97.47373759,RF
-109.7287413,105.7287768,3.999964462,47.26310821,-14.23114351,97.47059912,RF
-115.300764,97.99290099,17.307863,42.01922923,-14.24541614,97.46513793,RF
-122.211679,79.94725258,42.26442645,31.23471246,-14.45462117,97.45457595,RF
-123.8314135,58.48034983,65.35106364,19.10114914,-14.89280181,97.44401512,RF
-120.0900646,34.50365786,85.58640679,6.790359524,-15.53929149,97.43345545,RF
-117.2978152,25.03959556,92.2582196,-3.93E-10,-15.82607086,97.42947321,RF
-117.2978152,25.03959555,92.2582196,-1.22E-09,-15.82607086,97.42947321,RF
-106.4316259,-0.64113812,107.072764,-13.4547613,-16.69557655,97.41891511,RF
-90.98543462,-26.2301549,117.2155895,-26.14481056,-17.68856395,97.40835818,RF
-71.59122719,-50.63248881,122.223716,-37.76277454,-18.76139602,97.39780239,RF
-49.07925688,-72.78761671,121.8668736,-48.20794792,-19.86965793,97.38724776,RF
-24.46692037,-91.70232011,116.1692405,-56.64804457,-20.96395614,97.37669428,RF
-24.46620689,-91.70279857,116.1690055,-56.64822084,-20.96398613,97.37669399,RF
-24.46620688,-91.70279858,116.1690055,-56.64822085,-20.96398613,97.37669399,RF
1.190628167,-106.581425,105.3907969,-62.59029914,-22.00764572,97.36614166,RF
26.80109698,-116.7954006,89.99430364,-65.47235458,-22.96660361,97.3555905,RF
51.21893272,-121.8430186,70.62408593,-65.68223722,-23.79150518,97.34504048,RF
73.37676191,-121.5504007,48.17363875,-63.14940431,-24.46401557,97.33449161,RF
92.35721629,-115.9314349,23.57421857,-58.25993614,-24.96971502,97.32394389,RF
93.50001036,-115.349884,21.84987364,-57.61530432,-24.99394836,97.32322547,RF
93.50001036,-115.349884,21.84987364,-57.61530432,-24.99394836,97.32322547,RF
108.1555703,-104.2952565,-3.860313856,-50.37907762,-25.30205059,97.31267897,RF
118.0599188,-88.65934443,-29.40057437,-39.39016049,-25.41385072,97.30213363,RF
122.8274192,-69.11024387,-53.71717535,-27.57049501,-25.34468324,97.29158942,RF
122.2435653,-46.50525342,-75.73831191,-14.48376121,-25.10718229,97.28104636,RF
116.3354886,-21.81645132,-94.51903724,-0.856060675,-24.72386937,97.27050443,RF
115.8731671,-20.46386788,-95.4092992,3.78E-09,-24.69920135,97.26994294,RF
115.8731671,-20.46386788,-95.4092992,4.59E-09,-24.69920135,97.26994294,RF
104.6011301,5.243573858,-109.8447039,13.86183562,-24.18140083,97.25940221,RF
88.78966434,30.77062888,-119.5602932,27.18264494,-23.58514084,97.24886262,RF
69.09856523,55.01457504,-124.1131403,39.28052628,-22.94117527,97.23832417,RF
46.38250711,76.9352311,-123.3177382,49.77694532,-22.29157365,97.22778685,RF
21.61834563,95.53213236,-117.150478,58.15394434,-21.66725321,97.21725067,RF
19.55508598,96.8707401,-116.4258261,58.72365107,-21.61963633,97.21639565,RF
19.55508598,96.8707401,-116.4258261,58.72365107,-21.61963633,97.21639565,RF
-6.160560366,111.0038699,-104.8433096,64.6771609,-21.07915397,97.2058607,RF
-31.63674119,120.3749995,-88.73825827,67.53590865,-20.64861023,97.19532688,RF
-55.76431579,124.5733723,-68.80905654,68.01709014,-20.3589858,97.18479421,RF
-77.46166895,123.3604094,-45.89874048,64.57841644,-20.22933825,97.17426267,RF
-95.78629624,116.860662,-21.07436577,58.94330126,-20.28150485,97.16373227,RF
-96.78788693,116.2877269,-19.49983996,58.58548713,-20.29071517,97.16308263,RF
-96.78788693,116.2877269,-19.49983996,58.58548713,-20.29071517,97.16308263,RF
-110.714917,104.4704214,6.244495584,50.85358672,-20.54710016,97.15255345,RF
-119.8263367,88.15359334,31.67274339,40.38892899,-20.99130382,97.14202541,RF
-123.7474901,68.05826814,55.68922193,28.50095006,-21.6166477,97.13149851,RF
-122.3108666,45.04961129,77.26125528,15.84347472,-22.40736122,97.12097277,RF
-115.5318317,20.13176758,95.40006413,1.415511786,-23.32908502,97.11044817,RF
-114.5817113,17.60252527,96.97918607,2.99E-09,-23.42694055,97.10940808,RF
-114.5817113,17.60252527,96.97918607,2.26E-09,-23.42694055,97.10940808,RF
-102.3390455,-8.159986905,110.4990324,-13.70712768,-24.46579358,97.09888474,RF
-85.66843429,-33.50797655,119.1764108,-26.59543121,-25.5677133,97.08836256,RF
-65.28196897,-57.33897839,122.6209474,-38.64951686,-26.68771231,97.07784153,RF
-42.04792177,-78.66381948,120.7117413,-48.68476141,-27.79417017,97.06732165,RF
-17.01518054,-96.47463517,113.4898157,-57.30695588,-28.8214553,97.05680291,RF
-16.39743533,-96.854048,113.2514833,-57.43409562,-28.84472542,97.05654883,RF
-16.39743533,-96.854048,113.2514833,-57.43409562,-28.84472542,97.05654883,RF
9.357076089,-110.3109408,100.9538647,-62.94641618,-29.75878367,97.04603128,RF
34.71001339,-118.9378349,84.22782147,-65.53614017,-30.52595398,97.03551487,RF
58.52635257,-122.3045356,63.77818303,-65.18532943,-31.09401857,97.02499961,RF
79.76732219,-120.3117369,40.54441473,-62.16072752,-31.44628086,97.01448549,RF
97.55177941,-113.0429769,15.49119745,-56.94982283,-31.56605139,97.00397252,RF
98.58907802,-112.3655562,13.77647816,-56.30872579,-31.56181384,97.00326852,RF
98.58907802,-112.3655562,13.77647816,-56.30872578,-31.56181384,97.00326852,RF
111.7978299,-99.80842765,-11.98940221,-47.95862231,-31.41036751,96.99275676,RF
120.1438097,-82.88687036,-37.25693935,-37.93213707,-31.01045443,96.98224614,RF
123.2462876,-62.24534975,-61.00093783,-25.34492329,-30.35658682,96.97173665,RF
120.9334183,-38.84975133,-82.08366696,-12.27506773,-29.46037514,96.96122829,RF
113.8497127,-14.96063207,-98.88908064,3.13E-09,-28.42212507,96.95121791,RF
113.8497127,-14.96063207,-98.88908064,3.86E-09,-28.42212507,96.95121791,RF
101.5722941,10.7941307,-112.3664248,13.39697694,-27.16040865,96.94071175,RF
84.85873332,36.1401131,-120.9988464,26.12917564,-25.76018097,96.93020673,RF
64.44273735,59.9683797,-124.411117,37.62727799,-24.267397,96.91970282,RF
41.20364403,81.25892057,-122.4625646,47.41595826,-22.73004133,96.90920004,RF
18.05679606,97.84822836,-115.9050244,54.75321523,-21.30260906,96.89948562,RF
18.05679606,97.84822836,-115.9050244,54.75321523,-21.30260906,96.89948562,RF
-7.670148674,111.7117592,-104.0416105,60.33446348,-19.81555602,96.888985,RF
-33.10183738,120.7905235,-87.68868614,62.97657728,-18.42434178,96.87848551,RF
-57.11507685,124.6761784,-67.56110155,63.23511073,-17.17460568,96.86798714,RF
-78.711077,123.2026676,-44.49159057,61.5562874,-16.10294862,96.8574899,RF
-94.95746087,117.3724971,-22.4150362,54.43021225,-15.32628385,96.84815709,RF
-94.95746087,117.3724971,-22.4150362,54.43021225,-15.32628385,96.84815709,RF
-109.380335,106.0903177,3.290017372,47.51002423,-14.67396046,96.83766198,RF
-119.0749804,90.25702768,28.81795268,37.45553255,-14.27064109,96.827168,RF
-123.6129825,70.54679605,53.06618644,26.3660276,-14.12284543,96.81667516,RF
-122.7578501,47.79769992,74.96015017,13.15619593,-14.22634056,96.80618346,RF
-116.9539027,24.10842416,92.84547856,1.86E-09,-14.54911201,96.79612723,RF
-116.9539027,24.10842415,92.84547856,1.13E-09,-14.54911201,96.79612723,RF
-105.9423306,-1.575562199,107.5178928,-13.32867988,-15.10210648,96.78563776,RF
-90.33766428,-27.1498939,117.4875582,-25.91226112,-15.84795253,96.77514943,RF
-70.8430817,-51.46352643,122.3066081,-37.74707854,-16.74587591,96.76466225,RF
-48.22077111,-73.51947079,121.7402419,-48.24462838,-17.7631246,96.75417621,RF
-23.65599786,-92.23874663,115.8947445,-56.30622283,-18.84558416,96.74373541,RF
-23.65599786,-92.23874663,115.8947445,-56.30622283,-18.84558416,96.74373541,RF
2.020889522,-106.9865986,104.9657091,-62.3791574,-19.96066527,96.73325166,RF
27.61382976,-117.0429854,89.42915566,-65.20320232,-21.06190945,96.72276905,RF
51.96583524,-121.9205672,69.95473192,-65.37687406,-22.0926724,96.7122876,RF
74.05228425,-121.461233,47.40894878,-62.77327961,-23.02792426,96.70180729,RF
92.90795361,-115.6721243,22.76417072,-57.42790355,-23.83108499,96.69132812,RF
93.16335077,-115.5423181,22.37896736,-57.31124436,-23.84158741,96.69116902,RF
93.16335077,-115.5423181,22.37896736,-57.31124436,-23.84158741,96.69116902,RF
107.8937308,-104.5887335,-3.304997298,-49.36590049,-24.48025007,96.68069101,RF
117.9170537,-89.03902273,-28.87803092,-39.28470203,-24.93957589,96.67021415,RF
122.8020266,-69.56561368,-53.23641294,-27.52955775,-25.21006559,96.65973842,RF
122.3440971,-47.00887413,-75.33522292,-14.6866655,-25.29301748,96.64926383,RF
116.5144351,-22.35949714,-94.15493801,-0.599503019,-25.17992166,96.63879037,RF
116.1580449,-21.3004201,-94.85762484,-1.66E-10,-25.17144194,96.6383537,RF
116.1580449,-21.3004201,-94.85762484,5.70E-10,-25.17144194,96.6383537,RF
105.0624858,4.393844776,-109.4563306,13.78165345,-24.88969933,96.62788143,RF
89.38991271,29.94642375,-119.3363365,26.8815199,-24.46574699,96.61741028,RF
69.81244904,54.26635073,-124.0787998,38.81739177,-23.93075027,96.60694027,RF
47.1565353,76.26066765,-123.417203,49.60784943,-23.30802327,96.59647138,RF
22.47721632,94.96646576,-117.4436821,58.11753633,-22.65075865,96.58600362,RF
20.62931317,96.17615606,-116.8054692,58.60989175,-22.60220665,96.58524298,RF
20.62931317,96.17615606,-116.8054692,58.60989176,-22.60220665,96.58524298,RF
-5.087501737,110.5142827,-105.4267809,64.49650805,-21.9522477,96.57477643,RF
-30.59958918,120.0964668,-89.49687762,67.35059425,-21.34732412,96.56431101,RF
-54.7840323,124.4872971,-69.70326483,67.53487252,-20.82406136,96.55384672,RF
-76.6028511,123.5244304,-46.92157933,64.84203221,-20.42121212,96.54338356,RF
-95.10779958,117.246382,-22.13858238,59.43054142,-20.16782517,96.53292153,RF
-96.41228956,116.5059157,-20.09362611,58.75184387,-20.15321207,96.53208218,RF
-96.41228956,116.5059157,-20.0936261,58.75184387,-20.15321207,96.53208218,RF
-110.4453544,104.7918588,5.653495638,50.5145464,-20.08708684,96.52162137,RF
-119.6703036,88.57032399,31.09997959,40.28873089,-20.20737502,96.5111617,RF
-123.7124542,68.55048232,55.16197192,28.37632917,-20.52230668,96.50070316,RF
-122.3977731,45.59587407,76.801899,15.68384205,-21.03005946,96.49024576,RF
-115.7285169,20.68663539,95.04188154,1.307880452,-21.71380387,96.4797895,RF
-114.8149552,18.22232648,96.59262871,3.09E-10,-21.78826533,96.47877939,RF
-114.8149552,18.22232648,96.59262871,-3.88E-10,-21.78826533,96.47877939,RF
-102.6937543,-7.520738676,110.2144929,-13.68727564,-22.6425446,96.46832438,RF
-86.12393672,-32.89673704,119.0206738,-26.81143197,-23.62647799,96.45787051,RF
-65.81792544,-56.80256287,122.6204883,-38.49665519,-24.70440966,96.44741779,RF
-42.63973055,-78.17207854,120.8118091,-48.860577,-25.82775972,96.4369662,RF
-17.65989301,-96.06859102,113.728484,-57.06631219,-26.95377847,96.42651576,RF
-16.93693547,-96.51566739,113.4526029,-57.24020813,-26.98510898,96.4262206,RF
-16.93693547,-96.51566739,113.4526029,-57.24020813,-26.98510898,96.4262206,RF
8.818041581,-110.0749617,101.2569201,-63.2334161,-28.07535169,96.41577133,RF
34.18406198,-118.802217,84.618155,-65.60626594,-29.08157662,96.40532321,RF
58.05421744,-122.2953346,64.24111714,-64.98475085,-29.95497288,96.39487623,RF
79.36058,-120.4120326,41.05145256,-62.39180929,-30.65449006,96.38443039,RF
97.21772664,-113.2401621,16.02243545,-57.59889098,-31.15414325,96.37398569,RF
98.71013353,-112.2743206,13.56418705,-56.47342251,-31.1866113,96.37298126,RF
98.71013354,-112.2743206,13.56418705,-56.47342251,-31.1866113,96.37298126,RF
111.8919681,-99.684991,-12.20697709,-47.98091162,-31.43727711,96.3625378,RF
120.1772989,-82.69657705,-37.48072184,-37.70048093,-31.43286497,96.35209548,RF
123.229836,-62.0614202,-61.16841584,-25.87220147,-31.17294147,96.34165428,RF
120.919253,-38.66516684,-82.25408617,-13.17333597,-30.66003891,96.33121421,RF
113.9727152,-15.27341009,-98.69930508,5.49E-09,-29.94668762,96.32148202,RF
113.9727152,-15.27341009,-98.69930508,6.07E-09,-29.94668762,96.32148202,RF
101.7481924,10.48251801,-112.2307104,13.19957775,-28.96955307,96.31104412,RF
85.08892174,35.84024923,-120.929171,25.96180857,-27.79575524,96.30060735,RF
64.71328479,59.70483058,-124.4181154,37.4307999,-26.46097993,96.29017169,RF
41.51112137,80.97353721,-122.4846586,47.47898095,-24.99599187,96.27973716,RF
17.28205735,98.33770569,-115.619763,54.77620761,-23.5148487,96.26964184,RF
17.28205735,98.33770569,-115.619763,54.77620761,-23.5148487,96.26964184,RF
-8.453596031,112.0613495,-103.6077535,59.77813149,-21.95933534,96.2592095,RF
-33.86053457,120.9894815,-87.1289469,62.8550235,-20.42946062,96.24877827,RF
-57.81865987,124.7162942,-66.89763438,63.21179812,-18.97550015,96.23834816,RF
-79.25772929,123.0206377,-43.76290844,59.92293924,-17.63784273,96.22791917,RF
-96.10041921,116.7206818,-20.62026258,54.26151083,-16.54689697,96.21823238,RF
-96.10041921,116.7206818,-20.62026258,54.26151083,-16.54689697,96.21823238,RF
-110.2207574,105.1207472,5.100010159,47.14117342,-15.56489238,96.20780555,RF
-119.5508134,88.98233163,30.56848179,37.54065846,-14.80761465,96.19737983,RF
-123.708967,69.01786152,54.69110546,24.8574906,-14.29714661,96.18695525,RF
-122.5054377,46.1239738,76.38146395,12.06502722,-14.04440755,96.17653178,RF
-116.8291918,23.73002732,93.09916451,-1.89E-09,-14.03760261,96.16712323,RF
-116.8291918,23.73002732,93.09916451,-2.65E-09,-14.03760261,96.16712323,RF
-105.7411483,-1.954202511,107.6953508,-12.77474985,-14.26678064,96.15670192,RF
-90.07271159,-27.52565949,117.5983711,-25.78771738,-14.73188971,96.14628174,RF
-70.51076464,-51.79430101,122.3050657,-38.19563453,-15.39664433,96.13586269,RF
-47.85614754,-73.83679823,121.6929458,-47.70322188,-16.24680912,96.12544478,RF
-24.30614836,-91.80618931,116.1123377,-56.10807729,-17.17708928,96.11549504,RF
-24.30614836,-91.80618931,116.1123377,-56.10807729,-17.17708928,96.11549504,RF
1.357159128,-106.6626062,105.305447,-61.73162663,-18.24327763,96.10507936,RF
26.95152856,-116.8314201,89.87989158,-64.85959644,-19.35791024,96.09466481,RF
51.360593,-121.8702285,70.50963549,-65.13241071,-20.47451255,96.0842514,RF
73.51283525,-121.5484012,48.03556599,-62.83030021,-21.54501495,96.07383914,RF
92.48314307,-115.8960751,23.41293202,-56.85406241,-22.53699775,96.06342801,RF
92.54568619,-115.8654929,23.31980675,-56.83313327,-22.540375,96.06338973,RF
92.54568619,-115.8654929,23.31980675,-56.83313327,-22.540375,96.06338973,RF
107.4276055,-105.0917896,-2.335815934,-49.45004429,-23.40088611,96.05297974,RF
117.645628,-89.70874411,-27.93688389,-39.31918885,-24.11491861,96.04257089,RF
122.7423477,-70.36668662,-52.37566112,-27.87751468,-24.65653511,96.03216317,RF
122.4476654,-47.90798211,-74.53968325,-14.55062245,-24.99634963,96.02175658,RF
116.8353644,-23.31864392,-93.51672048,-0.98562027,-25.14818607,96.01135112,RF
116.2745603,-21.63599668,-94.63856358,-3.27E-09,-25.15027561,96.01066107,RF
116.2745603,-21.63599668,-94.63856358,-2.51E-09,-25.15027561,96.01066107,RF
105.2430455,4.057627703,-109.3006732,13.80512652,-25.10035172,96.00025681,RF
89.63486339,29.6141031,-119.2489665,26.59072592,-24.87568854,95.98985369,RF
70.10937054,53.98116697,-124.0905375,38.25641414,-24.50443037,95.97945168,RF
47.4579722,76.00948093,-123.4674531,49.8984486,-23.98190425,95.9690508,RF
22.81403023,94.73280737,-117.5468376,57.80483354,-23.37629367,95.95865105,RF
21.47105829,95.62024167,-117.0913,58.18191082,-23.34295012,95.958102,RF
21.47105828,95.62024167,-117.0913,58.18191082,-23.34295012,95.958102,RF
-4.227218009,110.1176436,-105.8904256,64.04744162,-22.69509431,95.94770342,RF
-29.75758741,119.8493669,-90.0917795,67.03950148,-22.03114925,95.93730596,RF
-54.01001373,124.4315488,-70.42153507,67.29027198,-21.40192814,95.92690962,RF
-75.94282766,123.6641001,-47.72127244,64.9186932,-20.84697094,95.91651441,RF
-94.64087051,117.5718526,-22.93098208,61.02403265,-20.40434324,95.90612031,RF
-97.11100482,116.182456,-19.07145122,58.30777852,-20.34678772,95.9045425,RF
-97.11100482,116.182456,-19.07145121,58.30777852,-20.34678772,95.9045425,RF
-110.8794086,104.2365413,6.642867353,50.31684744,-20.05973705,95.8941497,RF
-119.9278336,87.86041269,32.06742089,39.70893061,-19.95284764,95.88375802,RF
-123.7581591,67.70756292,56.05059618,27.80408405,-20.03253202,95.87336747,RF
-122.2353444,44.65616453,77.57917983,15.08368983,-20.31097821,95.86297805,RF
-115.3741787,19.72199389,95.65218483,0.336076666,-20.77917727,95.85258976,RF
-115.1515202,19.1228898,96.0286304,-2.37E-09,-20.79249828,95.85234646,RF
-115.1515202,19.1228898,96.02863041,-3.10E-09,-20.79249828,95.85234646,RF
-103.1942566,-6.624171434,109.818428,-13.80291451,-21.45224583,95.84195932,RF
-86.7671799,-32.03037687,118.7975568,-26.80543813,-22.27729177,95.83157332,RF
-66.57861947,-56.0060199,122.5846394,-38.38874164,-23.24257218,95.82118845,RF
-43.47387551,-77.48810545,120.961981,-48.87198768,-24.3076324,95.81080472,RF
-18.53586858,-95.51364867,114.0495172,-57.34136383,-25.42836123,95.80042212,RF
-17.17403504,-96.36222144,113.5362565,-57.64031372,-25.48896198,95.79986911,RF
-17.17403504,-96.36222144,113.5362565,-57.64031373,-25.48896198,95.79986911,RF
8.581659419,-109.9719126,101.3902532,-63.33620319,-26.634796,95.78948771,RF
33.95879836,-118.7459446,84.78714619,-65.89332643,-27.74968521,95.77910745,RF
57.84141238,-122.2848626,64.44345026,-65.60251831,-28.78213177,95.76872832,RF
79.17824032,-120.45784,41.2795997,-62.90361679,-29.68944425,95.75835032,RF
97.07975883,-113.3432705,16.26351162,-57.83052709,-30.43723073,95.74797346,RF
98.00935343,-112.7528436,14.74349017,-57.22265064,-30.47284246,95.74735591,RF
98.00935344,-112.7528436,14.74349017,-57.22265064,-30.47284246,95.74735591,RF
111.3941362,-100.3805405,-11.01359571,-49.48735062,-31.00589745,95.73698024,RF
119.9529791,-83.59469201,-36.35828706,-39.43436798,-31.31731058,95.7266057,RF
123.2109044,-63.08519951,-60.12570485,-26.68939656,-31.35554207,95.71623229,RF
121.1302188,-39.79937077,-81.33084799,-13.82424951,-31.14398961,95.70586,RF
113.7727518,-14.73198802,-99.04076378,-0.416380638,-30.67237267,95.69548884,RF
113.5174442,-14.08739312,-99.43005108,-4.95E-09,-30.65563538,95.69522813,RF
113.5174442,-14.08739311,-99.43005108,-4.11E-09,-30.65563538,95.69522813,RF
101.0662809,11.68884754,-112.7551285,13.51834535,-29.92249447,95.6848581,RF
84.21012635,37.00211932,-121.2122457,26.29630574,-28.95744682,95.6744892,RF
63.68465074,60.75630907,-124.4409598,38.05172493,-27.79001298,95.66412141,RF
40.35741864,81.92680824,-122.2842269,47.88577552,-26.45017396,95.65375473,RF
16.92406993,98.54787213,-115.4719421,54.92412653,-25.08005078,95.64406483,RF
16.92406993,98.54787213,-115.4719421,54.92412653,-25.08005078,95.64406483,RF
-8.805961792,112.218333,-103.4123712,60.49166812,-23.54761529,95.6337003,RF
-34.19708875,121.0671959,-86.87010713,62.96035308,-21.9794527,95.62333687,RF
-58.11191493,124.7066772,-66.59476227,62.8403641,-20.43455881,95.61297455,RF
-79.53005833,122.9845625,-43.45450414,60.08660263,-18.96260709,95.60261335,RF
-97.54989119,115.9627945,-18.41290331,55.67134902,-17.60922229,95.59225325,RF
-97.96659821,115.7066978,-17.74009958,55.21149634,-17.57555713,95.59198019,RF
-97.96659821,115.7066978,-17.74009958,55.21149633,-17.57555713,95.59198019,RF
-102.4275837,112.5163235,-10.08873972,52.12539336,-17.19870153,95.58887238,RF
-106.6344371,108.9497682,-2.3153311,49.05712444,-16.84097666,95.58576468,RF
-111.149195,103.9792612,7.169933742,46.32592278,-16.42461511,95.58195989,RF
-119.3767388,89.46395979,29.91277896,37.21471492,-15.53172677,95.57271676,RF
-123.4715312,71.90613102,51.56540021,26.72375885,-14.82169066,95.56347451,RF
-123.3037393,51.88756428,71.41617506,15.65373066,-14.30844638,95.55423315,RF
-118.875423,30.11517987,88.76024316,3.882792973,-14.00153382,95.54499268,RF
-116.6199253,23.02645975,93.59346557,3.59E-10,-13.94820913,95.54208984,RF
-116.6199253,23.02645975,93.59346557,-3.46E-10,-13.94820913,95.54208984,RF
-106.841372,0.084787799,106.7565842,-12.11043756,-13.91620436,95.53285055,RF
-93.37201572,-22.8111946,116.1832103,-23.51132781,-14.08713024,95.52361214,RF
-76.67509513,-44.88911516,121.5642103,-34.08017402,-14.45126304,95.51437464,RF
-57.31317578,-65.36704753,122.6802233,-43.80396315,-14.98942344,95.50513803,RF
-36.00031445,-83.52420453,119.524519,-52.08932895,-15.67782781,95.49590232,RF
-23.84387085,-92.19706763,116.0409385,-55.75125104,-16.10691381,95.4908849,RF
-23.84387085,-92.19706763,116.0409385,-55.75125104,-16.10691381,95.4908849,RF
-0.94194158,-105.6156971,106.5576387,-61.47137211,-16.97973014,95.48165058,RF
21.98404942,-115.3271481,93.34309865,-64.40803719,-17.93020412,95.47241716,RF
44.13038245,-121.0097886,76.87940611,-65.67528319,-18.92613668,95.46318464,RF
64.78070927,-122.4565139,57.67580463,-62.92426555,-19.94060195,95.45395302,RF
83.1246469,-119.6073414,36.48269446,-59.47384037,-20.92356029,95.4447223,RF
92.70745375,-115.9088573,23.20140359,-56.73079918,-21.4855452,95.43922965,RF
92.70745375,-115.9088573,23.20140358,-56.73079918,-21.4855452,95.43922965,RF
106.2048631,-106.5056362,0.300773069,-50.89890399,-22.3772768,95.43000037,RF
115.9973653,-93.3668172,-22.63054812,-41.21038549,-23.16824122,95.42077199,RF
121.7635898,-76.9621863,-44.80140349,-31.6330331,-23.83955006,95.41154451,RF
123.3016373,-57.83490234,-65.46673497,-19.80613848,-24.37538836,95.40231792,RF
120.5529734,-36.67041699,-83.8825564,-7.891158405,-24.75974537,95.39309223,RF
116.6161427,-22.51051024,-94.10563251,-9.15E-10,-24.92042361,95.38723922,RF
116.6161427,-22.51051023,-94.10563251,-2.22E-10,-24.92042361,95.38723922,RF
107.1472986,0.392418024,-107.5397166,12.17393521,-25.05152345,95.378015,RF
93.94499821,23.31989414,-117.2648924,24.06908541,-25.02509932,95.36879166,RF
77.47949043,45.47951633,-122.9590068,35.13623545,-24.85469345,95.35956922,RF
58.31705618,66.10855848,-124.4256147,45.00360574,-24.55482384,95.35034766,RF
37.1390016,84.46517192,-121.6041735,53.54636907,-24.14204284,95.341127,RF
22.78351396,94.78184662,-117.5653606,58.35883343,-23.82778936,95.3352085,RF
22.78351396,94.78184662,-117.5653606,58.35883343,-23.82778936,95.3352085,RF
-0.10611406,108.1014037,-107.9952896,63.97820982,-23.28426041,95.32598929,RF
-23.05921475,117.7626478,-94.70343307,67.08358746,-22.70161251,95.31677097,RF
-45.18369491,123.3369399,-78.15324498,67.75086414,-22.10145104,95.30755353,RF
-65.73492521,124.6792546,-58.94432944,66.84228968,-21.52078756,95.29833699,RF
-84.0574969,121.739999,-37.68250206,62.31643657,-20.98711324,95.28912132,RF
-95.69860016,116.8894724,-21.1908722,58.4957284,-20.64122276,95.28233384,RF
-95.69860016,116.8894724,-21.1908722,58.4957284,-20.64122276,95.28233384,RF
-108.6089222,106.8500514,1.758870818,51.58336378,-20.25741625,95.27311972,RF
-117.7708865,93.14685696,24.62402957,42.66575232,-19.99160557,95.26390648,RF
-122.8721487,76.25171756,46.62043111,32.74521161,-19.86305654,95.25469414,RF
-123.6769545,56.72813637,66.94881811,20.73602239,-19.87985652,95.24548269,RF
-120.2298993,35.31870206,84.91119721,8.640426249,-20.05446518,95.23627212,RF
-115.2150726,19.252836,95.96223657,5.75E-10,-20.27786337,95.22969885,RF
-115.2150726,19.252836,95.96223657,-1.55E-10,-20.27786337,95.22969885,RF
-104.803181,-3.732152823,108.5353338,-11.31824451,-20.72602991,95.22048981,RF
-90.76336143,-26.53376944,117.2971309,-24.25081934,-21.31963808,95.21128168,RF
-73.58582879,-48.38374974,121.9695785,-35.24186644,-22.04839052,95.20207444,RF
-53.86818172,-68.51785693,122.3860387,-45.02443905,-22.89189272,95.1928681,RF
-32.28941253,-86.243311,118.5327235,-53.18337709,-23.8268384,95.18366265,RF
-17.4489847,-96.27402777,113.7230125,-57.719877,-24.47594386,95.17761178,RF
-17.4489847,-96.27402777,113.7230125,-57.71987701,-24.47594386,95.17761178,RF
5.525254429,-108.6833499,103.1580955,-63.21204607,-25.4935593,95.16840782,RF
28.34209155,-117.3037584,88.96166688,-66.1747171,-26.52698129,95.15920476,RF
50.13118254,-121.7954864,71.66430383,-66.59443651,-27.52770191,95.1500026,RF
70.16253604,-122.0308415,51.86830544,-65.42484123,-28.46818717,95.14080134,RF
87.7850011,-117.9926629,30.20766178,-60.41001912,-29.32234374,95.13160098,RF
97.89559648,-112.9621567,15.06656025,-57.04317277,-29.82252912,95.12543703,RF
97.89559648,-112.9621567,15.06656025,-57.04317277,-29.82252912,95.12543703,RF
110.1283459,-102.1826424,-7.945703529,-49.11176103,-30.4566666,95.11623817,RF
118.5108046,-87.82127874,-30.68952582,-40.58256299,-30.91703293,95.1070402,RF
122.7824533,-70.3723988,-52.41005451,-30.83913343,-31.19245872,95.09784312,RF
122.7903634,-50.43435374,-72.35600967,-19.53823315,-31.2678557,95.08864693,RF
118.5059885,-28.69451115,-89.81147731,-6.732555002,-31.12590381,95.07945163,RF
113.7063326,-14.44476755,-99.26156507,2.02E-09,-30.93432039,95.07365436,RF
113.7063326,-14.44476754,-99.26156507,2.72E-09,-30.93432039,95.07365436,RF
102.8917574,8.562529647,-111.454287,12.38147824,-30.46228299,95.0644605,RF
88.44970058,31.32038242,-119.770083,24.82211044,-29.77149801,95.05526753,RF
70.98225237,53.00061959,-123.982872,34.51993068,-28.90444886,95.04607545,RF
51.02981897,72.90116474,-123.9309837,43.9440761,-27.8693209,95.03688424,RF
29.30056811,90.31124872,-119.6118168,51.43143744,-26.69246074,95.02769391,RF
17.54781796,98.18133065,-115.7291486,55.73282361,-26.03534549,95.02292268,RF
17.54781796,98.18133065,-115.7291486,55.73282361,-26.03534549,95.02292268,RF
-5.452617798,110.7101677,-105.2575499,60.03100417,-24.70285914,95.01373368,RF
-28.25547681,119.4329672,-91.17749041,62.83508908,-23.31471237,95.00454557,RF
-50.09723814,124.0625096,-73.96527143,63.34310222,-21.90565779,94.99535833,RF
-70.22554686,124.4401977,-54.21465085,61.85536002,-20.51369384,94.98617196,RF
-87.96713092,120.5439363,-32.57680541,59.05214733,-19.17307989,94.97698648,RF
-95.56245399,117.0696523,-21.50719836,53.63323043,-18.54411488,94.97246279,RF
-95.56245399,117.0696523,-21.50719836,53.63323043,-18.54411488,94.97246279,RF
-108.4941649,107.0632319,1.43093294,48.10028177,-17.34932045,94.96327862,RF
-117.7177306,93.40832289,24.30940775,39.46237061,-16.29299252,94.95409532,RF
-122.8652663,76.55270447,46.31256178,29.7362493,-15.39952528,94.9449129,RF
-123.7721838,57.07996135,66.69222243,19.12981678,-14.69071622,94.93573136,RF
-120.3689353,35.65492006,84.71401522,6.878071032,-14.18071634,94.92655071,RF
-116.5427083,22.80522303,93.73748528,1.01E-09,-13.98278755,94.92128885,RF
-116.5427083,22.80522303,93.73748528,3.05E-10,-13.98278755,94.92128885,RF
-106.7235339,-0.149349076,106.872883,-11.20486877,-13.80543145,94.91210959,RF
-93.21467145,-23.03706221,116.2517337,-23.18008419,-13.83742644,94.90293122,RF
-76.49496061,-45.07841139,121.573372,-34.19930726,-14.07168826,94.89375373,RF
-57.10832489,-65.548447,122.6567719,-43.64003142,-14.49813047,94.88457713,RF
-35.77719965,-83.68175761,119.4589573,-51.99730458,-15.09163894,94.87540143,RF
-24.10826446,-92.00547114,116.1137356,-55.41233718,-15.46056929,94.87061668,RF
-24.10826445,-92.00547114,116.1137356,-55.41233718,-15.46056929,94.87061668,RF
-1.209037202,-105.4653674,106.6744046,-61.15721874,-16.26676228,94.86144234,RF
21.72955813,-115.2294079,93.49984978,-63.82008469,-17.17478097,94.85226889,RF
43.90903434,-120.9537251,77.0446908,-64.1228163,-18.15141191,94.84309633,RF
64.53633433,-122.4415496,57.90521527,-63.15086161,-19.15905387,94.83392467,RF
82.9316665,-119.650114,36.71844745,-60.20642254,-20.16998097,94.82475391,RF
92.14514216,-116.1570885,24.01194634,-56.39198291,-20.72850523,94.81952575,RF
92.14514216,-116.1570885,24.01194634,-56.39198291,-20.72850523,94.81952575,RF
105.7767805,-106.905927,1.1291465,-49.90728245,-21.67666974,94.81035639,RF
115.7114618,-93.89324142,-21.81822037,-41.26933718,-22.53850846,94.80118793,RF
121.6314737,-77.59038602,-44.04108764,-31.27951408,-23.29495299,94.79202036,RF
123.3298143,-58.55654821,-64.77326609,-20.28773417,-23.9244999,94.78285368,RF
120.7497411,-37.4359692,-83.31377191,-8.791328407,-24.41411358,94.77368789,RF
117.0452145,-23.7526649,-93.29254965,-8.06E-10,-24.62778705,94.76804969,RF
117.0452145,-23.75266489,-93.29254965,4.63E-10,-24.62778705,94.76804969,RF
107.7750144,-0.876328786,-106.8986856,11.68414241,-24.85389478,94.75888534,RF
94.77424609,22.07280145,-116.8470475,23.58526141,-24.92628908,94.74972188,RF
78.47673613,44.29775397,-122.7744901,34.56645471,-24.8447741,94.7405593,RF
59.44521643,65.04047127,-124.4856877,44.39884501,-24.62343308,94.73139761,RF
38.32918198,83.54563116,-121.8748131,53.14388425,-24.26741609,94.7222368,RF
22.19087086,95.18409606,-117.3749669,58.08644332,-23.94717713,94.71560753,RF
22.19087086,95.18409606,-117.3749669,58.08644332,-23.94717713,94.71560753,RF
-0.726953048,108.4276534,-107.7007003,63.58410905,-23.43427631,94.70644824,RF
-23.63538428,117.9588972,-94.32351295,66.54106892,-22.86364629,94.69728983,RF
-45.74749233,123.4532771,-77.70578474,67.56591789,-22.26614651,94.6881323,RF
-66.22228174,124.6577381,-58.43545639,66.4796445,-21.66437487,94.67897566,RF
-84.49863885,121.6264072,-37.12776837,62.13740062,-21.10192656,94.66981989,RF
-95.43412598,117.0547241,-21.62059811,58.54155338,-20.74608318,94.66348086,RF
-95.43412598,117.0547241,-21.62059811,58.54155338,-20.74608318,94.66348086,RF
-108.4097893,107.0845338,1.325255542,51.64505742,-20.30594585,94.65432658,RF
-117.6415258,93.44266938,24.19885641,42.73979715,-19.97374785,94.64517319,RF
-122.8152392,76.599056,46.21618319,32.788238,-19.7714345,94.63602068,RF
-123.7069962,57.13667744,66.57031877,20.88364655,-19.71088297,94.62686905,RF
-120.3389667,35.7381431,84.60082356,8.886169271,-19.80833994,94.61771831,RF
-115.3882946,19.73290853,95.65538609,1.60E-09,-19.97521848,94.61120703,RF
-115.3882946,19.73290853,95.65538609,9.05E-10,-19.97521848,94.61120703,RF
-105.0556575,-3.241626616,108.2972841,-12.26292078,-20.34903911,94.60205781,RF
-91.083026,-26.06237496,117.145401,-24.12900519,-20.87703096,94.59290947,RF
-73.96546724,-47.94013953,121.9056068,-35.1056404,-21.54893773,94.58376203,RF
-54.29301983,-68.12089903,122.4139189,-44.77905289,-22.3479204,94.57461547,RF
-32.73398753,-85.89967811,118.6336656,-53.05362017,-23.25022857,94.56546981,RF
-17.34781741,-96.31702293,113.6648403,-57.74345932,-23.90900059,94.55923168,RF
-17.34781741,-96.31702293,113.6648403,-57.74345932,-23.90900059,94.55923168,RF
5.652615782,-108.7303569,103.0777411,-61.76910126,-24.92567551,94.55008752,RF
28.43371205,-117.3138309,88.88011889,-65.34350029,-25.96092727,94.54094425,RF
50.24137535,-121.8064287,71.56505331,-66.30010389,-26.99095762,94.53180187,RF
70.26165916,-121.9927339,51.73107478,-64.22967139,-27.96280917,94.52266039,RF
87.83683754,-117.9464789,30.10964137,-60.44416984,-28.85902992,94.5135198,RF
97.85990324,-112.9630442,15.10314091,-57.13219784,-29.3963407,94.50745665,RF
97.85990324,-112.9630442,15.10314091,-57.13219784,-29.3963407,94.50745665,RF
110.0989719,-102.1932196,-7.905752279,-50.26005871,-30.09584795,94.49831755,RF
118.4929108,-87.84815446,-30.64475633,-41.64622407,-30.63004791,94.48917933,RF
122.7749039,-70.40012657,-52.37477737,-30.49988291,-30.98344263,94.480042,RF
122.7904841,-50.47742151,-72.31306257,-19.29237574,-31.13708233,94.47090555,RF
118.5423494,-28.76456436,-89.77778508,-7.436246028,-31.08117117,94.46176999,RF
114.0840944,-15.45675985,-98.6273345,-1.01E-09,-30.94066448,94.4563973,RF
114.0840943,-15.45675985,-98.6273345,-3.37E-10,-30.94066448,94.4563973,RF
103.4352642,7.542795804,-110.9780601,11.74732044,-30.54979456,94.44726314,RF
89.17231112,30.31553381,-119.4878449,23.33068146,-29.94215668,94.43812985,RF
71.81196687,52.08097779,-123.8929447,33.95048924,-29.14021084,94.42899745,RF
51.95041236,72.0881234,-124.0385358,43.26869687,-28.16170557,94.41986592,RF
30.287539,89.61952822,-119.9070672,51.18952385,-27.02808165,94.41073526,RF
18.21075135,97.78040364,-115.991155,55.1585682,-26.36860183,94.405858,RF
18.21075135,97.78040364,-115.991155,55.1585682,-26.36860183,94.405858,RF
-4.760024756,110.3894474,-105.6294227,60.05497517,-25.05527864,94.39672868,RF
-27.61232877,119.2738763,-91.66154751,62.01735018,-23.67922123,94.38760024,RF
-49.52756326,124.0110022,-74.48343893,63.61984376,-22.25486782,94.37847266,RF
-69.64671352,124.4696577,-54.82294421,62.32311626,-20.84299483,94.36934596,RF
-87.41861885,120.7055482,-33.28692931,57.98986724,-19.47709582,94.36022012,RF
-95.9015395,116.8554624,-20.95392287,55.24679788,-18.75683704,94.35522463,RF
-95.9015395,116.8554624,-20.95392287,55.24679788,-18.75683704,94.35522463,RF
-108.7886682,106.767337,2.021331164,49.47204799,-17.52384911,94.34610014,RF
-117.9033871,93.01464483,24.88874228,40.81016953,-16.42184471,94.33697653,RF
-122.9402156,76.09675723,46.84345835,29.38339689,-15.48039517,94.32785379,RF
-123.7274237,56.56887606,67.15854766,18.36329856,-14.71975668,94.31873193,RF
-120.240297,35.12252362,85.11777338,6.650345087,-14.15862601,94.30961094,RF
-116.6489682,23.16060109,93.48836712,4.90E-09,-13.94411346,94.30475285,RF
-116.6489682,23.16060109,93.48836713,4.23E-09,-13.94411346,94.30475285,RF
-106.9056892,0.224447628,106.6812415,-11.69595261,-13.70853214,94.29563321,RF
-93.44750164,-22.6745757,116.1220773,-23.31884734,-13.68591879,94.28651445,RF
-76.76513027,-44.75000262,121.5151329,-34.04013699,-13.87184751,94.27739657,RF
-57.43065932,-65.23945766,122.670117,-43.49238936,-14.25412569,94.26827958,RF
-36.10318095,-83.42466097,119.5278419,-51.50992739,-14.813825,94.25916347,RF
-24.15614838,-91.96992153,116.1260699,-55.23857981,-15.17642265,94.25429148,RF
-24.15614838,-91.96992153,116.1260699,-55.23857981,-15.17642265,94.25429148,RF
-1.255485994,-105.431894,106.68738,-60.52969822,-15.96050785,94.24517673,RF
21.6788973,-115.2002074,93.52131006,-63.53529346,-16.85403802,94.23606288,RF
43.8438239,-120.9279443,77.0841204,-64.7146525,-17.82223851,94.22694991,RF
64.47757225,-122.427571,57.94999876,-63.35789858,-18.83183949,94.21783783,RF
82.90159762,-119.6613551,36.75975743,-59.18581194,-19.85652244,94.20872664,RF
92.26040171,-116.1073369,23.84693523,-56.22443354,-20.4324893,94.20345166,RF
92.26040171,-116.1073369,23.84693523,-56.22443354,-20.4324893,94.20345166,RF
105.8521772,-106.813144,0.960966794,-49.83085721,-21.39267682,94.19434188,RF
115.7678641,-93.78270153,-21.98516257,-41.15785616,-22.27633797,94.18523299,RF
121.6719893,-77.45797826,-44.21401102,-31.34315491,-23.05910641,94.17612498,RF
123.3382958,-58.43404796,-64.9042478,-21.04326924,-23.7087139,94.16701786,RF
120.6959877,-37.2899419,-83.40604585,-7.723932318,-24.21288178,94.15791162,RF
116.8070324,-23.04180764,-93.76522475,1.64E-09,-24.45504639,94.15209078,RF
116.8070324,-23.04180764,-93.76522476,2.33E-09,-24.45504639,94.15209078,RF
107.4287822,-0.148821983,-107.2799603,12.0787049,-24.70401296,94.14298599,RF
94.31667891,22.78979323,-117.1064721,23.86519787,-24.7916404,94.13388209,RF
77.92373204,44.9927205,-122.9164525,34.74163009,-24.72587544,94.12477907,RF
58.81786197,65.63104264,-124.4489046,45.00156335,-24.50246027,94.11567692,RF
37.6670303,84.08693859,-121.7539689,53.44233597,-24.16520412,94.10657566,RF
22.72076497,94.84584154,-117.5666065,58.37700167,-23.87033085,94.10048464,RF
22.72076497,94.84584155,-117.5666065,58.37700167,-23.87033085,94.10048464,RF
-0.190291985,108.173064,-107.982772,63.56882437,-23.36293826,94.09138483,RF
-23.10738856,117.7947043,-94.68731575,66.66069584,-22.79345817,94.0822859,RF
-45.24542535,123.3856111,-78.14018571,67.67435767,-22.1932872,94.07318785,RF
-65.78785468,124.6871804,-58.89932569,66.5118152,-21.58406463,94.06409067,RF
-84.09470984,121.7605075,-37.66579767,62.47301087,-21.0143896,94.05499437,RF
-95.26185357,117.1668567,-21.90500309,58.7925299,-20.64614155,94.04859317,RF
-95.26185357,117.1668567,-21.90500309,58.7925299,-20.64614155,94.04859317,RF
-108.2825768,107.24438,1.038196798,51.5409935,-20.19595118,94.03949836,RF
-117.5614897,93.64389447,23.91759527,42.83605729,-19.85316191,94.03040442,RF
-122.7869939,76.83583815,45.95115579,33.01746874,-19.64084523,94.02131136,RF
-123.7229929,57.38155902,66.34143392,20.93898083,-19.57116703,94.01221918,RF
-120.4045153,36.01940722,84.38510813,8.760513825,-19.66018632,94.00312788,RF
-115.3529973,19.634374,95.71862327,3.21E-09,-19.82875579,93.99650386,RF
-115.3529973,19.634374,95.71862327,2.48E-09,-19.82875579,93.99650386,RF
-104.9995854,-3.338554609,108.33814,-12.4420081,-20.20114594,93.98741408,RF
-91.01755863,-26.15328059,117.1708392,-24.12029634,-20.73066011,93.97832519,RF
-73.87139505,-48.04187686,121.9132719,-34.99198911,-21.40800638,93.96923718,RF
-54.19016929,-68.201877,122.3920463,-44.99229482,-22.21037755,93.96015005,RF
-32.62937302,-85.96883848,118.5982115,-53.37630564,-23.1196913,93.95106381,RF
-17.82265423,-95.99998751,113.8226417,-57.38571332,-23.75573667,93.94509954,RF
-17.82265423,-95.99998751,113.8226417,-57.38571332,-23.75573667,93.94509954,RF
5.15709916,-108.4864103,103.3293111,-62.56443256,-24.77784256,93.93601477,RF
27.95357997,-117.1539013,89.20032133,-65.44634076,-25.82054681,93.92693088,RF
49.77171557,-121.7249249,71.95320935,-66.10483617,-26.85334107,93.91784789,RF
69.86070209,-122.0388762,52.17817411,-64.54106548,-27.84110936,93.90876577,RF
87.49879494,-118.0759251,30.57713016,-61.19988917,-28.74260475,93.89968455,RF
97.24039893,-113.357676,16.1172771,-56.72229838,-29.26629274,93.89387829,RF
97.24039893,-113.357676,16.1172771,-56.72229838,-29.26629274,93.89387829,RF
109.620697,-102.7467053,-6.873991709,-49.77284808,-29.96356031,93.88479852,RF
118.2021592,-88.5447616,-29.65739758,-41.00516663,-30.50259356,93.87571963,RF
122.6774623,-71.23021043,-51.44725184,-30.94579997,-30.85717481,93.86664162,RF
122.8978294,-51.39842106,-71.49940833,-20.01799138,-31.01279982,93.85756449,RF
118.8196291,-29.75115812,-89.06847096,-7.608835149,-30.94369478,93.84848824,RF
114.1072993,-15.46997421,-98.63732505,9.90E-10,-30.79084649,93.84275514,RF
114.1072993,-15.46997421,-98.63732506,1.68E-09,-30.79084649,93.84275514,RF
103.4483385,7.5248948,-110.9732333,11.97511876,-30.37404778,93.83368032,RF
89.19308308,30.30274096,-119.495824,23.35974796,-29.74698705,93.82460637,RF
71.83117864,52.0863531,-123.9175317,33.86610243,-28.92455071,93.8155333,RF
51.99298424,72.06142783,-124.0544121,43.15160175,-27.9205892,93.80646109,RF
30.29046015,89.6383745,-119.9288346,51.28552617,-26.76381738,93.79738975,RF
17.8279666,98.02474974,-115.8527163,54.94377263,-26.0671161,93.7923834,RF
17.8279666,98.02474974,-115.8527163,54.94377263,-26.0671161,93.7923834,RF
-5.155490706,110.591875,-105.4363843,60.03654101,-24.73648568,93.78331341,RF
-27.97129809,119.3723633,-91.4010652,62.64245965,-23.33991935,93.77424428,RF
-49.84097978,124.0664208,-74.22544103,63.22436245,-21.914589,93.76517602,RF
-69.94622098,124.4591127,-54.51289171,61.94651777,-20.49580009,93.75610862,RF
-87.70558808,120.6166805,-32.91109238,57.39987856,-19.12674403,93.74704209,RF
-96.01639922,116.8109813,-20.79458205,54.6801106,-18.42373023,93.74216334,RF
-96.01639922,116.8109813,-20.79458205,54.6801106,-18.42373023,93.74216334,RF
-108.8680276,106.6987212,2.169306407,48.05051921,-17.20280466,93.73309814,RF
-117.9571178,92.92904939,25.02806841,39.33235222,-16.11934379,93.72403381,RF
-122.9781777,75.97756185,47.00061584,29.59303165,-15.20137856,93.71497034,RF
-123.7527984,56.40229455,67.35050389,19.82138489,-14.47101673,93.70590774,RF
-120.1988195,34.96771927,85.23110028,6.225151766,-13.94423218,93.69684602,RF
-116.6687714,23.17406061,93.49471075,1.50E-09,-13.75355233,93.69208696,RF
-116.6687714,23.17406061,93.49471075,8.21E-10,-13.75355233,93.69208696,RF
-106.9081211,0.237507889,106.6706132,-11.88971805,-13.55663117,93.68302656,RF
-93.4545959,-22.66363929,116.1182352,-23.31550821,-13.57598731,93.67396704,RF
-76.77464916,-44.73118529,121.5058344,-34.20942052,-13.80352215,93.6649084,RF
-57.42613004,-65.23251716,122.6586472,-43.55143813,-14.22844871,93.65585064,RF
-36.11518095,-83.40892603,119.524107,-51.86035809,-14.8257614,93.64679376,RF
-24.33528955,-91.83727321,116.1725628,-55.32221974,-15.20198255,93.64202258,RF
-24.33528955,-91.83727321,116.1725628,-55.32221974,-15.20198255,93.64202258,RF
-1.434902312,-105.3344335,106.7693358,-60.59101858,-16.01874127,93.63296704,RF
21.50621796,-115.1373959,93.6311779,-63.55745857,-16.9388688,93.62391239,RF
43.69342821,-120.8992232,77.20579501,-64.17569345,-17.92768559,93.61485862,RF
64.3415738,-122.4304476,58.08887383,-62.98610593,-18.94835794,93.60580573,RF
82.7648342,-119.6828382,36.91800399,-59.7598556,-19.9706599,93.59675373,RF
91.93966136,-116.2384847,24.2988233,-56.2419544,-20.53018336,93.59162515,RF
91.93966136,-116.2384847,24.2988233,-56.2419544,-20.53018336,93.59162515,RF
105.6197231,-107.0393442,1.419621153,-49.69853014,-21.4846325,93.58257454,RF
115.6066301,-94.07434289,-21.53228719,-41.08315333,-22.34795571,93.5735248,RF
121.5826655,-77.81212689,-43.77053857,-31.10414514,-23.10084682,93.56447595,RF
123.3386467,-58.8112196,-64.52742706,-20.12703412,-23.72132449,93.55542798,RF
120.8167074,-37.7165485,-83.10015887,-8.626054465,-24.1962623,93.54638089,RF
117.2353453,-24.3223694,-92.91297586,-7.17E-10,-24.39516467,93.54092954,RF
117.2353453,-24.3223694,-92.91297586,8.38E-12,-24.39516467,93.54092954,RF
108.0958423,-1.486531236,-106.6093111,11.35375097,-24.60462145,93.53188385,RF
95.16337436,21.53698179,-116.7003561,23.19429216,-24.65992829,93.52283904,RF
78.93319868,43.77336105,-122.7065597,34.19975571,-24.54495333,93.51379511,RF
59.98302224,64.52310446,-124.5061267,44.48772555,-24.29091928,93.50475205,RF
38.9007279,83.11908701,-122.0198149,52.76980808,-23.91185651,93.49570986,RF
22.82751772,94.78264795,-117.6101657,58.03584675,-23.57378352,93.48918499,RF
22.82751772,94.78264795,-117.6101657,58.03584675,-23.57378352,93.48918499,RF
-0.081279007,108.1251572,-108.0438782,63.4528089,-23.03882842,93.4801443,RF
-23.00108428,117.765382,-94.76429776,66.48751518,-22.45118051,93.47110447,RF
-45.1463046,123.3755497,-78.22924508,67.56489258,-21.84301573,93.46206552,RF
-65.78220181,124.7587964,-58.97659454,67.15719911,-21.2453574,93.45302744,RF
-84.01435132,121.7876843,-37.77333299,62.33076645,-20.68186879,93.44399022,RF
-95.3500449,117.1234311,-21.77338617,58.62136467,-20.3262865,93.43753425,RF
-95.3500449,117.1234311,-21.77338617,58.62136466,-20.3262865,93.43753425,RF
-108.3443171,107.1745214,1.169795662,51.45843138,-19.91086807,93.42849852,RF
-117.600554,93.55338303,24.04717093,42.6809724,-19.61386588,93.41946367,RF
-122.7972432,76.72626704,46.07097613,32.83886426,-19.45594087,93.41042969,RF
-123.7123304,57.26194883,66.45038157,20.76458769,-19.448706,93.40139658,RF
-120.3703884,35.8876634,84.48272496,8.561938812,-19.60485608,93.39236435,RF
-115.4239012,19.84181262,95.58208854,1.09E-09,-19.81823561,93.3859209,RF
-115.4239012,19.84181261,95.58208854,3.66E-10,-19.81823561,93.3859209,RF
-105.1048033,-3.138182838,108.2429862,-11.1267648,-20.25893644,93.37689017,RF
-91.14871838,-25.95442249,117.1031409,-24.13321147,-20.85252171,93.36786031,RF
-74.04043835,-47.83807422,121.8785126,-35.07008539,-21.58795049,93.35883133,RF
-54.37665566,-68.02347075,122.4001264,-44.79713846,-22.44411471,93.34980324,RF
-32.83512918,-85.81606697,118.6511962,-52.89312738,-23.39641528,93.34077602,RF
-18.1000834,-95.84128234,113.9413657,-57.46363907,-24.05484979,93.33487918,RF
-18.1000834,-95.84128235,113.9413657,-57.46363907,-24.05484979,93.33487918,RF
4.86820256,-108.3507177,103.4825151,-62.8543264,-25.09333007,93.32585343,RF
27.69959556,-117.0871116,89.38751609,-65.57236827,-26.14854757,93.31682855,RF
49.52833794,-121.698592,72.17025407,-65.97323501,-27.16886931,93.30780456,RF
69.62052486,-122.0552363,52.43471139,-64.82934925,-28.12490898,93.29878144,RF
87.32362179,-118.1397818,30.81615998,-59.87590485,-28.98928772,93.28975921,RF
97.59394431,-113.1260699,15.5321256,-56.50763381,-29.49668405,93.28365196,RF
97.59394431,-113.1260699,15.5321256,-56.50763381,-29.49668405,93.28365196,RF
109.9057459,-102.4296742,-7.476071769,-48.60498128,-30.12605263,93.2746312,RF
118.3741533,-88.13969328,-30.23445998,-40.18433032,-30.57177422,93.26561132,RF
122.736698,-70.75130203,-51.98539595,-30.47770442,-30.82251154,93.25659231,RF
122.8369401,-50.85924246,-71.97769767,-19.23735406,-30.86310751,93.24757418,RF
118.6415018,-29.14760139,-89.49390042,-6.644482206,-30.67663645,93.23855691,RF
113.7307506,-14.52746542,-99.20328519,-1.46E-09,-30.43897728,93.23271263,RF
113.7307506,-14.52746542,-99.20328519,-7.62E-10,-30.43897728,93.23271263,RF
102.9289571,8.489235455,-111.4181926,12.60122184,-29.90719287,93.2236968,RF
88.52914133,31.23570459,-119.7648459,24.01957613,-29.15876827,93.21468184,RF
71.05381289,52.94609334,-123.9999062,34.61481649,-28.22333605,93.20566774,RF
51.10353091,72.86812797,-123.9716589,43.86715508,-27.12289845,93.1966545,RF
29.38450339,90.28604721,-119.6705506,51.68249887,-25.88438722,93.18764213,RF
18.94571901,97.33204337,-116.2777624,55.09118167,-25.27401658,93.18348281,RF
18.94571901,97.33204337,-116.2777624,55.09118167,-25.27401658,93.18348281,RF
-4.037344114,110.0738761,-106.036532,59.78266199,-23.89294478,93.1744717,RF
-26.87623895,119.0434048,-92.16716589,62.58648949,-22.46721571,93.16546144,RF
-48.79934946,123.930716,-75.13136657,63.16319015,-21.03193906,93.15645204,RF
-69.05169191,124.5720658,-55.52037391,61.66390072,-19.62793726,93.1474435,RF
-86.95454042,120.9429546,-33.98841416,58.60619304,-18.292244,93.13843582,RF
-94.85779004,117.4781589,-22.62036883,53.85481703,-17.65290434,93.13387464,RF
-94.85779004,117.4781589,-22.62036883,53.85481703,-17.65290434,93.13387464,RF
-107.9659916,107.6560211,0.309970497,48.20624837,-16.48887415,93.12486826,RF
-117.3754812,94.16662449,23.20885675,39.59540818,-15.48111186,93.11586273,RF
-122.7232056,77.45090316,45.27230249,29.88396117,-14.65316626,93.10685808,RF
-123.8361992,58.08857071,65.74762846,19.32689818,-14.02544408,93.09785428,RF
-120.6352947,36.73671776,83.89857691,7.061765104,-13.61003706,93.08885135,RF
-116.7665095,23.46220028,93.30430921,1.53E-09,-13.46740621,93.08351196,RF
-116.7665095,23.46220028,93.30430921,8.22E-10,-13.46740621,93.08351196,RF
-107.0594709,0.518023661,106.5414473,-11.4208595,-13.40405076,93.07451042,RF
-93.64523457,-22.38226266,116.0274972,-23.18777712,-13.55423681,93.06550975,RF
-76.99309492,-44.48654514,121.4796401,-33.6525112,-13.91001368,93.05650995,RF
-57.67416764,-64.98475128,122.6589189,-43.5408352,-14.448432,93.04751102,RF
-36.39870441,-83.18367132,119.5823757,-51.76276501,-15.14726281,93.03851297,RF
-24.58908662,-91.66108807,116.2501747,-55.33956157,-15.57377436,93.0337608,RF
-24.58908662,-91.66108807,116.2501747,-55.33956157,-15.57377436,93.0337608,RF
-1.700219961,-105.1951692,106.8953891,-60.97199022,-16.46660275,93.02476409,RF
21.23933166,-115.0336771,93.79434548,-63.8982384,-17.44091494,93.01576826,RF
43.42471849,-120.8511313,77.42641277,-65.11155533,-18.46184387,93.00677331,RF
64.11909648,-122.432946,58.31384952,-63.00023406,-19.49616498,92.99777923,RF
82.56353543,-119.730379,37.1668436,-59.43892031,-20.50227895,92.98878603,RF
92.08276886,-116.1730282,24.09025933,-56.34619997,-21.0659608,92.98350932,RF
92.08276886,-116.1730282,24.09025933,-56.34619997,-21.0659608,92.98350932,RF
105.7211132,-106.9254509,1.204337642,-50.47031075,-21.96629708,92.97451752,RF
115.6836953,-93.92681458,-21.75688072,-41.49132581,-22.76067546,92.96552659,RF
121.6126698,-77.64426305,-43.96840676,-30.78729713,-23.42050429,92.95653654,RF
123.3223235,-58.62081691,-64.7015066,-19.69394036,-23.93471177,92.94754736,RF
120.7505397,-37.52699849,-83.22354117,-7.850550745,-24.28977449,92.93855905,RF
117.0339713,-23.77465846,-93.25931289,2.00E-10,-24.42092379,92.93300865,RF
117.0339713,-23.77465846,-93.25931289,8.68E-10,-24.42092379,92.93300865,RF
107.8002626,-0.897359973,-106.9029026,11.97649081,-24.51367908,92.92402175,RF
94.80006953,22.05100219,-116.8510717,23.87209368,-24.43974376,92.91503573,RF
78.50860555,44.27674775,-122.7853533,34.91880032,-24.2187256,92.90605057,RF
59.4844853,65.01400747,-124.4984928,44.77126681,-23.86729378,92.89706628,RF
38.40053343,83.5203176,-121.920851,53.28907761,-23.40544958,92.88808285,RF
23.39674176,94.39771175,-117.7944535,58.33808374,-23.04216161,92.88205152,RF
23.39674176,94.39771176,-117.7944535,58.33808374,-23.04216161,92.88205152,RF
0.522121006,107.8278668,-108.3499878,63.5546531,-22.46416532,92.87306954,RF
-22.41053473,117.5648202,-95.15428552,66.57432525,-21.85135492,92.86408842,RF
-44.57062586,123.2692937,-78.69866779,67.51169251,-21.24212062,92.85510817,RF
-65.20245476,124.746773,-59.54431827,66.23898484,-20.66852973,92.84612877,RF
-83.60306037,121.9475404,-38.34448005,63.14037045,-20.1624545,92.83715025,RF
-94.00731914,117.7758763,-23.76855716,57.79049115,-19.87227696,92.83128066,RF
-94.00731914,117.7758763,-23.76855716,57.79049115,-19.87227696,92.83128066,RF
-107.3755969,108.2020369,-0.82643993,51.63744959,-19.54240174,92.82230356,RF
-116.9532092,94.87378519,22.079424,43.17813097,-19.34008875,92.81332733,RF
-122.5051688,78.30673338,44.19843542,33.11101451,-19.2913295,92.80435197,RF
-123.8212411,59.06422688,64.75701426,22.11553792,-19.40566578,92.79537747,RF
-120.8605414,37.80186541,83.05867603,10.95419302,-19.68962957,92.78640384,RF
-115.812384,20.85793217,94.95445185,1.02E-09,-20.01033597,92.77962141,RF
-115.812384,20.85793217,94.95445185,3.77E-10,-20.01033597,92.77962141,RF
-105.650778,-2.099286795,107.7500648,-11.71700214,-20.5754986,92.77064931,RF
-91.84860564,-24.9488677,116.7974733,-23.58654661,-21.28909561,92.76167808,RF
-74.87165249,-46.89379257,121.7654451,-34.40179948,-22.12933362,92.75270773,RF
-55.31165179,-67.15739765,122.4690494,-44.29861873,-23.06781456,92.74373826,RF
-33.81810466,-85.0886602,118.9067649,-52.25415153,-24.08558284,92.73476966,RF
-17.75530727,-96.05071634,113.8060236,-57.30126813,-24.83023654,92.72837452,RF
-17.75530727,-96.05071634,113.8060236,-57.30126813,-24.83023654,92.72837452,RF
5.228986101,-108.511554,103.2825679,-62.32615834,-25.88697752,92.71940742,RF
28.02611052,-117.174031,89.14792046,-65.07890015,-26.92134966,92.7104412,RF
49.83134033,-121.7259552,71.89461488,-65.91871015,-27.8925624,92.70147585,RF
69.90215496,-122.0321883,52.13003333,-64.87067047,-28.770384,92.69251138,RF
87.57933924,-118.0456667,30.46632749,-59.32641727,-29.52275867,92.68354778,RF
97.36304866,-113.2628722,15.89982356,-56.26275851,-29.91618638,92.67776245,RF
97.36304866,-113.2628722,15.89982355,-56.2627585,-29.91618638,92.67776245,RF
109.7203358,-102.6285204,-7.091815423,-49.5245386,-30.38786695,92.66880029,RF
118.2674725,-88.39404423,-29.87342832,-40.55758728,-30.6626545,92.65983899,RF
122.714843,-71.05011029,-51.66473273,-30.49437642,-30.7275024,92.65087857,RF
122.8913803,-51.22995847,-71.6614218,-20.0710437,-30.56717784,92.64191901,RF
118.7671636,-29.53841046,-89.22875316,-7.033223862,-30.17507512,92.63296031,RF
114.404317,-16.23182794,-98.17248903,-1.00E-09,-29.84478362,92.62768652,RF
114.404317,-16.23182794,-98.17248903,-3.19E-10,-29.84478362,92.62768652,RF
103.8735257,6.758419142,-110.6319448,11.80272472,-29.11966031,92.6187292,RF
89.73257358,29.55512645,-119.2877,23.22849145,-28.20038557,92.60977273,RF
72.46909307,51.38193982,-123.8510329,33.68596969,-27.11190177,92.60081712,RF
52.68914015,71.42189546,-124.1110356,43.54913844,-25.87326887,92.59186237,RF
31.04352705,89.09498807,-120.1385151,51.02990474,-24.53196644,92.58290847,RF
18.66958601,97.50685673,-116.1764427,54.75384137,-23.76167682,92.57799516,RF
18.66958601,97.50685674,-116.1764427,54.75384137,-23.76167682,92.57799516,RF
-4.30524523,110.2105974,-105.9053522,59.75888771,-22.32640821,92.56904258,RF
-27.14238664,119.135999,-91.99361232,62.44076197,-20.88157003,92.56009086,RF
-49.06113564,123.9841261,-74.92299046,63.09725206,-19.46831837,92.55113999,RF
-69.25644147,124.5324308,-55.2759893,61.73060078,-18.12208218,92.54218998,RF
-87.09843533,120.8447202,-33.74628485,57.2208185,-16.88702801,92.53324082,RF
-95.48183687,117.1218626,-21.64002577,54.62228755,-16.2788644,92.52842228,RF
-95.48183687,117.1218626,-21.64002576,54.62228755,-16.2788644,92.52842228,RF
-108.4658819,107.1533183,1.312563593,47.90437062,-15.27429745,92.51947444,RF
-117.6992843,93.50920445,24.19007988,39.25529908,-14.45333679,92.51052745,RF
-122.8751452,76.66524849,46.20989673,29.58110424,-13.83636743,92.50158132,RF
-123.8114932,57.17520577,66.6362874,19.93056527,-13.43717145,92.49263606,RF
-120.4083458,35.79445897,84.61388681,6.176014895,-13.2569533,92.48369165,RF
-116.962689,24.034089,92.92859999,1.39E-09,-13.25268166,92.47899976,RF
-116.962689,24.034089,92.92859999,7.13E-10,-13.25268166,92.47899976,RF
-107.3471962,1.110793187,106.2364031,-11.90658414,-13.4098331,92.47005667,RF
-94.02357354,-21.80668185,115.8302554,-23.30260254,-13.77260686,92.46111445,RF
-77.45413028,-43.91992108,121.3740514,-34.19971685,-14.32159043,92.4521731,RF
-58.19292442,-64.49398031,122.6869047,-43.56731707,-15.03646952,92.44323262,RF
-36.94267107,-82.76912148,119.7117925,-51.91562911,-15.88142035,92.43429301,RF
-25.04211925,-91.35355012,116.3956694,-55.45377723,-16.37436604,92.42952814,RF
-25.04211924,-91.35355012,116.3956694,-55.45377723,-16.37436604,92.42952814,RF
-2.160151066,-104.9566716,107.1168227,-61.12819761,-17.36076385,92.42058987,RF
20.79339222,-114.880915,94.08752282,-63.79854739,-18.39272562,92.41165247,RF
43.02067471,-120.7756315,77.75495675,-64.16812341,-19.43228949,92.40271594,RF
63.72720991,-122.438735,58.71152512,-63.1524227,-20.44008619,92.39378029,RF
82.22862419,-119.8220631,37.59343891,-60.12832474,-21.38821846,92.38484551,RF
91.64139716,-116.3693795,24.72798234,-56.38465934,-21.89060817,92.37967888,RF
91.64139716,-116.3693795,24.72798234,-56.38465934,-21.89060817,92.37967888,RF
105.3872983,-107.2469724,1.859674103,-49.82751192,-22.68239683,92.37074548,RF
115.4496167,-94.35087474,-21.09874196,-41.21705293,-23.33509469,92.36181294,RF
121.5060902,-78.14772202,-43.35836821,-31.23393409,-23.83811252,92.35288128,RF
123.3452203,-59.19410571,-64.15111461,-20.23315948,-24.17954795,92.34395048,RF
120.9066645,-38.13444987,-82.77221459,-8.67036759,-24.35695153,92.33502055,RF
117.2843716,-24.47265435,-92.81171725,-7.67E-10,-24.3735537,92.32952922,RF
117.2843716,-24.47265435,-92.81171725,-4.99E-11,-24.3735537,92.32952922,RF
108.1728265,-1.640164761,-106.5326618,11.49457077,-24.28204077,92.32060069,RF
95.26634753,21.38128986,-116.6476374,23.48989178,-24.04625517,92.31167301,RF
78.98537971,43.65847691,-122.6438566,35.09924051,-23.6571252,92.3027462,RF
60.12197205,64.39185254,-124.5138246,44.73825904,-23.19032643,92.29382024,RF
39.06401787,82.99505044,-122.0590683,52.97206992,-22.63155393,92.28489515,RF
22.5667995,94.96640615,-117.5332056,58.51177307,-22.18713421,92.27828831,RF
22.5667995,94.96640615,-117.5332056,58.51177307,-22.18713421,92.27828831,RF
-0.351203438,108.2671493,-107.9159459,63.67235295,-21.56822381,92.2693647,RF
-23.26769049,117.859056,-94.59136549,66.77564776,-20.96005213,92.26044196,RF
-45.40283312,123.3955932,-77.99276012,67.06212167,-20.39249899,92.25152007,RF
-65.91927306,124.6386783,-58.7194052,65.37496836,-19.89493638,92.24259904,RF
-84.2373568,121.7318101,-37.49445331,62.28015985,-19.51685509,92.23367887,RF
-95.94702795,116.7908497,-20.84382177,57.75326916,-19.30965071,92.22704668,RF
-95.94702795,116.7908497,-20.84382177,57.75326916,-19.30965071,92.22704668,RF
-108.7966317,106.6936016,2.103030061,50.91934235,-19.15962518,92.21812801,RF
-117.8873348,92.92617433,24.96116044,41.97549189,-19.16754659,92.2092102,RF
-122.9048645,75.98285471,46.92200984,31.83990197,-19.34333678,92.20029326,RF
-123.6785607,56.43995874,67.23860192,21.01772035,-19.69039653,92.19137718,RF
-120.1381267,34.9673952,85.17073149,8.283374546,-20.19982331,92.18246196,RF
-115.3662585,19.68295946,95.68329905,-2.62E-09,-20.63403934,92.17640316,RF
-115.3662585,19.68295946,95.68329906,-3.35E-09,-20.63403934,92.17640316,RF
-105.0242028,-3.308331949,108.3325347,-12.09473435,-21.39744337,92.1674894,RF
-91.03737638,-26.12317189,117.1605483,-23.83478322,-22.27582288,92.15857652,RF
-73.90231485,-48.01346736,121.9157822,-34.4013668,-23.2525698,92.1496645,RF
-54.20586989,-68.17144869,122.3773186,-44.27612722,-24.28409115,92.14075335,RF
-32.67500891,-85.9201163,118.5951252,-52.59949284,-25.34318784,92.13184307,RF
-17.42314283,-96.25148813,113.674631,-57.20745353,-26.05864535,92.12582303,RF
-17.42314282,-96.25148813,113.674631,-57.20745353,-26.05864535,92.12582303,RF
5.565935542,-108.6694105,103.103475,-61.95631934,-27.08564892,92.11691421,RF
28.35289343,-117.2702695,88.91737611,-64.73731075,-28.03761663,92.10800626,RF
50.14849331,-121.76842,71.61992667,-65.25385978,-28.8820204,92.09909918,RF
70.20219888,-122.008704,51.80650514,-63.55442235,-29.58666899,92.09019297,RF
87.79454825,-117.9718586,30.17731039,-60.0996632,-30.1164137,92.08128762,RF
96.64191896,-113.7308091,17.08889011,-56.14836633,-30.3397752,92.07613128,RF
96.64191896,-113.7308091,17.08889011,-56.14836633,-30.3397752,92.07613128,RF
109.1817067,-103.2823721,-5.899334596,-49.24395772,-30.55386718,92.0672273,RF
117.9346162,-89.22605418,-28.70856205,-40.50644475,-30.5523781,92.05832418,RF
122.5916493,-72.03282765,-50.55882166,-30.47786892,-30.32529663,92.04942193,RF
122.9971394,-52.29560213,-70.70153724,-19.54875682,-29.87527981,92.04052052,RF
119.1304197,-30.73656352,-88.39385621,-8.190952067,-29.20697702,92.03161998,RF
115.2342251,-18.40528093,-96.8289442,-6.16E-10,-28.74979137,92.02675882,RF
115.2342251,-18.40528093,-96.8289442,1.02E-10,-28.74979137,92.02675882,RF
105.0465285,4.570810548,-109.6173391,11.18384691,-27.76920153,92.0178596,RF
91.23156304,27.41907364,-118.6506367,22.70188448,-26.62973377,92.00896122,RF
74.23926114,49.3638257,-123.6030868,33.23987529,-25.35434432,92.0000637,RF
54.65928338,69.65137817,-124.3106616,42.64355775,-23.98026611,91.99116703,RF
33.19433624,87.51142443,-120.7057607,50.96232254,-22.54089485,91.9822712,RF
20.00379985,96.67081841,-116.6746183,54.81749459,-21.68789136,91.97706127,RF
20.00379985,96.67081841,-116.6746183,54.81749459,-21.68789136,91.97706127,RF
-2.943170116,109.5663072,-106.6231371,60.01058674,-20.23889905,91.96816679,RF
-25.83410522,118.7430759,-92.90897064,62.41744762,-18.83549882,91.95927316,RF
-47.84561498,123.8039381,-75.9583231,62.5173851,-17.51102373,91.95038037,RF
-68.1680976,124.6284312,-56.46033362,61.92907014,-16.31641002,91.94148844,RF
-86.11776998,121.1629235,-35.04515348,57.64603245,-15.27557831,91.93259735,RF
-95.14334442,117.3013917,-22.15804732,54.78608163,-14.7592752,91.92749248,RF
-95.14334442,117.3013917,-22.15804732,54.78608163,-14.7592752,91.92749248,RF
-108.2089339,107.4208849,0.788048996,47.75906234,-14.01496334,91.91860274,RF
-117.5287043,93.85227608,23.67642818,39.26222106,-13.48298193,91.90971385,RF
-122.7966072,77.07190482,45.72470238,29.6611497,-13.17455656,91.90082581,RF
-123.824585,57.62876068,66.19582427,20.10453857,-13.09442326,91.89193864,RF
-120.5205639,36.28861608,84.23194779,6.111932467,-13.22891189,91.88305233,RF
-117.148773,24.61617917,92.53259379,6.47E-10,-13.38566549,91.87842166,RF
-117.148773,24.61617917,92.53259379,-3.08E-11,-13.38566549,91.87842166,RF
-107.6349771,1.705301447,105.9296756,-11.9470543,-13.83673848,91.86953666,RF
-94.40205203,-21.22200317,115.6240552,-23.3630131,-14.46701752,91.86065252,RF
-77.90571063,-43.3829105,121.2886211,-33.79997507,-15.25108586,91.85176924,RF
-58.7034906,-63.99323089,122.6967215,-43.72707082,-16.15399779,91.84288683,RF
-37.50158649,-82.32950433,119.8310908,-52.08392393,-17.13967446,91.83400529,RF
-25.29109396,-91.17920054,116.4702945,-55.74685164,-17.70264636,91.82914497,RF
-25.29109396,-91.17920054,116.4702945,-55.74685164,-17.70264636,91.82914497,RF
-2.413959813,-104.8227772,107.236737,-61.060849,-18.750655,91.82026477,RF
20.533566,-114.7824484,94.24888242,-64.15442797,-19.78625488,91.81138543,RF
42.77535893,-120.7333896,77.95803071,-64.71685689,-20.77892802,91.80250697,RF
63.50924127,-122.4476406,58.93839936,-63.4341257,-21.68808893,91.79362937,RF
82.03975572,-119.8765032,37.83674748,-60.10662638,-22.48940584,91.78475264,RF
91.57495295,-116.4012034,24.82625044,-56.61148876,-22.8916481,91.77955743,RF
91.57495295,-116.4012034,24.82625043,-56.61148876,-22.8916481,91.77955743,RF
105.3374493,-107.2983143,1.960864991,-50.01275443,-23.47712036,91.77068207,RF
115.4169945,-94.41807935,-20.99891518,-41.38556047,-23.89590051,91.76180757,RF
121.4920031,-78.22857942,-43.2634237,-31.37616984,-24.14781666,91.75293393,RF
123.3498102,-59.28555415,-64.06425605,-20.33705148,-24.23103551,91.74406115,RF
120.9157769,-38.25797362,-82.65780332,-8.66984014,-24.14756586,91.73518923,RF
117.1683617,-24.14624262,-93.02211904,-5.33E-10,-24.0123715,91.72957417,RF
117.1683617,-24.14624262,-93.02211905,2.43E-11,-24.0123715,91.72957417,RF
108.0028504,-1.304174597,-106.6986758,11.71197764,-23.69348338,91.72070365,RF
95.06367202,21.65433089,-116.7180029,23.62988693,-23.25342377,91.71183398,RF
78.82577938,43.89755901,-122.7233384,34.67618083,-22.72238633,91.70296516,RF
59.84456197,64.66681611,-124.5113781,44.55315691,-22.13070737,91.6940972,RF
38.79080461,83.21604808,-122.0068527,53.15629594,-21.5092342,91.68523009,RF
22.65637677,94.89592807,-117.5523048,58.39444975,-21.05786282,91.67882749,RF
22.65637677,94.89592807,-117.5523048,58.39444975,-21.05786282,91.67882749,RF
-0.236330265,108.2094139,-107.9730836,63.40498614,-20.46981517,91.66996185,RF
-23.15480544,117.8171302,-94.66232478,66.58112161,-19.94220217,91.66109706,RF
-45.27632188,123.3829405,-78.10661862,67.49278999,-19.50884116,91.65223312,RF
-65.84432099,124.7172708,-58.87294981,66.22693155,-19.19635985,91.64337004,RF
-84.15721026,121.7739774,-37.61676713,63.19240237,-19.02747517,91.63450781,RF
-95.24042727,117.1952765,-21.95484927,57.88025477,-19.00032107,91.62830798,RF
-95.24042727,117.1952765,-21.95484927,57.88025477,-19.00032107,91.62830798,RF
-108.2507034,107.2659912,0.98471221,51.45035874,-19.10492814,91.61944721,RF
-117.536335,93.67132035,23.86501469,42.62751746,-19.38311829,91.6105873,RF
-122.7560105,76.86835719,45.88765328,32.62652117,-19.83135367,91.60172825,RF
-123.7360232,57.43554532,66.30047788,21.8872949,-20.44259325,91.59287006,RF
-120.4038235,36.04021459,84.36360896,9.114683694,-21.19647292,91.58401273,RF
-115.1969878,19.23392939,95.96305846,1.41E-09,-21.84102372,91.57738905,RF
-115.1969878,19.23392939,95.96305846,6.60E-10,-21.84102372,91.57738905,RF
-104.7730995,-3.745716858,108.5188164,-12.17092014,-22.79500555,91.56853323,RF
-90.72586274,-26.55857801,117.2844408,-23.69005421,-23.8227149,91.55967828,RF
-73.54667308,-48.39817281,121.9448459,-34.61791597,-24.88606367,91.55082419,RF
-53.80435534,-68.5488785,122.3532338,-44.09318578,-25.95636426,91.54197096,RF
-32.22849044,-86.25350806,118.4819985,-52.42357904,-26.98336153,91.53311861,RF
-17.84871211,-95.98605219,113.8347643,-56.57374265,-27.60001127,91.52747903,RF
-17.84871211,-95.98605219,113.8347643,-56.57374265,-27.60001127,91.52747903,RF
5.136435336,-108.4733627,103.3369273,-61.42867051,-28.4896262,91.51862809,RF
27.93535707,-117.1496207,89.21426365,-64.21048059,-29.24291874,91.50977801,RF
49.75762227,-121.7276427,71.97002042,-64.74612292,-29.83313581,91.50092879,RF
69.85162051,-122.0488819,52.1972614,-63.05670769,-30.23482209,91.49208043,RF
87.49728994,-118.0922648,30.59497483,-59.56754017,-30.42257188,91.48323293,RF
96.43546892,-113.8614473,17.42597838,-55.6865154,-30.43227404,91.47807511,RF
96.43546892,-113.8614473,17.42597838,-55.6865154,-30.43227404,91.47807511,RF
109.0297642,-103.4710679,-5.55869634,-48.80771122,-30.26219522,91.46922896,RF
117.8423701,-89.46524767,-28.37712244,-40.09581506,-29.86647955,91.46038367,RF
122.5625544,-72.31471417,-50.24784024,-30.08697871,-29.24779386,91.45153923,RF
123.0324631,-52.61129237,-70.42117078,-19.16288505,-28.42140633,91.44269563,RF
119.2276104,-31.07273316,-88.15487722,-7.753842595,-27.40615938,91.43385289,RF
115.5107411,-19.15550911,-96.35523196,1.47E-09,-26.79652205,91.42918154,RF
115.5107411,-19.15550911,-96.35523196,2.18E-09,-26.79652205,91.42918154,RF
105.450249,3.812241978,-109.262491,11.20460064,-25.53832266,91.42034009,RF
91.74802727,26.67720465,-118.4252319,22.69636692,-24.17592913,91.41149948,RF
74.85139513,48.66400606,-123.5154012,33.22940237,-22.74092736,91.40265971,RF
55.34753278,69.01653593,-124.3640687,42.63125687,-21.27600992,91.39382079,RF
33.92772868,86.97063396,-120.8983626,50.91678068,-19.81961911,91.38498271,RF
20.7051932,96.22352181,-116.928715,54.78549918,-18.98677932,91.37978606,RF
20.70519319,96.22352181,-116.928715,54.78549918,-18.98677932,91.37978606,RF
-2.23356221,109.2290006,-106.9954384,59.97403837,-17.63655914,91.37094932,RF
-25.13782987,118.5246004,-93.38677057,62.43708924,-16.40157052,91.36211342,RF
-47.18762431,123.7149285,-76.52730416,62.52012478,-15.31275994,91.35327836,RF
-67.51262477,124.5834314,-57.07080662,61.51696875,-14.40422372,91.34444415,RF
-85.58707818,121.3508798,-35.76380165,57.78523725,-13.70629139,91.33561079,RF
-94.40838898,117.6850782,-23.27668925,55.23573724,-13.40888009,91.33070037,RF
-94.40838898,117.6850782,-23.27668925,55.23573723,-13.40888009,91.33070037,RF
-107.6534837,107.9923709,-0.338887179,48.09164375,-13.05057495,91.32186833,RF
-117.1610667,94.59474418,22.56632247,39.59932616,-12.92072771,91.31303714,RF
-122.6311323,77.95913442,44.6719979,29.93106146,-13.01778259,91.30420681,RF
-123.8666533,58.63333895,65.23331431,20.10709838,-13.33394695,91.29537733,RF
-120.7786578,37.37148284,83.40717497,6.326861245,-13.83796552,91.28654871,RF
-117.3834766,25.33147258,92.05200398,6.15E-10,-14.18688364,91.28179393,RF
-117.3834766,25.33147258,92.05200398,-6.56E-11,-14.18688364,91.28179393,RF
-107.9928486,2.433495864,105.5593528,-11.96214935,-14.95327531,91.27296663,RF
-94.86994312,-20.50634121,115.3762843,-23.41739007,-15.84683322,91.26414019,RF
-78.46998133,-42.68778621,121.1577675,-34.31465596,-16.83105819,91.25531462,RF
-59.34760775,-63.37015786,122.7177656,-43.88122252,-17.87367001,91.2464899,RF
-38.19158654,-81.79487255,119.9864591,-52.24875911,-18.928074,91.23766605,RF
-25.93049203,-90.74203689,116.6725289,-55.94449427,-19.50001508,91.23280887,RF
-25.93049203,-90.74203689,116.6725289,-55.94449427,-19.50001508,91.23280887,RF
-3.068214199,-104.4817476,107.5499618,-61.58177197,-20.50716662,91.22398635,RF
19.89827004,-114.5605461,94.66227603,-64.26677023,-21.43801458,91.2151647,RF
42.16778377,-120.6200019,78.45221816,-64.80520962,-22.25989452,91.20634391,RF
62.94727244,-122.4537861,59.50651363,-63.81398072,-22.94621818,91.19752397,RF
81.54981514,-120.0075911,38.45777599,-60.75854246,-23.48272053,91.1887049,RF
91.39903671,-116.4795042,25.08046749,-56.98540066,-23.72019925,91.18339463,RF
91.39903671,-116.4795042,25.08046749,-56.98540066,-23.72019925,91.18339463,RF
105.1986215,-107.4219665,2.22334507,-50.389635,-23.99212469,91.17457693,RF
115.3220635,-94.58210216,-20.73996133,-41.7624214,-24.08584951,91.16576008,RF
121.4438484,-78.42753602,-43.01631239,-31.74642241,-24.01434571,91.15694408,RF
123.3503677,-59.51287892,-63.83748876,-20.68863301,-23.78917544,91.14812893,RF
120.9636822,-38.50478595,-82.45889627,-8.995290583,-23.42558337,91.13931464,RF
116.9534271,-23.47303046,-93.4803966,-2.23E-09,-23.11302802,91.13337293,RF
116.9534271,-23.47303046,-93.4803966,-1.23E-09,-23.11302802,91.13337293,RF
107.6655979,-0.616317146,-107.0492808,11.89971875,-22.57991957,91.12456005,RF
94.62116803,22.33220127,-116.9533693,23.77610039,-21.98296127,91.11574802,RF
78.29240973,44.54177842,-122.8341882,34.81323855,-21.35806089,91.10693684,RF
59.23934588,65.25465388,-124.4939998,44.67562874,-20.739963,91.09812651,RF
38.11212044,83.76499189,-121.8771123,53.06502913,-20.16352876,91.08931702,RF
22.52480804,94.99512448,-117.5199325,57.97396415,-19.79872404,91.08316276,RF
22.52480804,94.99512448,-117.5199325,57.97396415,-19.79872404,91.08316276,RF
-0.388634823,108.2786197,-107.8899849,63.31253835,-19.36251066,91.07435471,RF
-23.30267482,117.8653664,-94.56269155,66.4559563,-19.05032326,91.06554751,RF
-45.41992527,123.4067438,-77.9868185,67.43873227,-18.88276431,91.05674116,RF
-65.98454862,124.7178389,-58.73329023,66.42090077,-18.87738785,91.04793567,RF
-84.30589017,121.7392472,-37.43335702,64.01788245,-19.04612159,91.03913102,RF
-95.38686026,117.126628,-21.73976769,56.96649085,-19.26171713,91.03294837,RF
-95.38686026,117.126628,-21.73976769,56.96649085,-19.26171713,91.03294837,RF
-108.3519002,107.1543441,1.19755607,51.3374764,-19.71773559,91.02414517,RF
-117.6055686,93.52868397,24.07688467,42.43210452,-20.34052956,91.01534284,RF
-122.7863963,76.69775759,46.08863869,32.53866085,-21.1092305,91.00654136,RF
-123.7264301,57.24278474,66.48364532,21.84930331,-22.0040162,90.99774074,RF
-120.3555748,35.83301147,84.52256329,9.027533909,-22.99028324,90.98894098,RF
-115.1239496,19.02798606,96.09596358,6.20E-10,-23.76889971,90.98236373,RF
-115.1239496,19.02798605,96.09596359,-1.24E-10,-23.76889971,90.98236373,RF
-104.6706246,-3.971171213,108.6417958,-11.96988258,-24.84840056,90.97356547,RF
-90.58749102,-26.77202656,117.3595176,-23.67828434,-25.918316,90.96476807,RF
-73.36931302,-48.62778611,121.9970991,-34.24407677,-26.95356623,90.95597153,RF
-53.62944092,-68.71283431,122.3422752,-44.15685969,-27.89638674,90.94717585,RF
-32.03445164,-86.40209756,118.4365492,-52.09171902,-28.73046904,90.93838103,RF
-18.07590549,-95.85241103,113.9283165,-56.25485202,-29.17117262,90.93294297,RF
-18.07590549,-95.85241103,113.9283165,-56.25485202,-29.17117262,90.93294297,RF
4.90617484,-108.3735046,103.4673297,-61.43198684,-29.74938724,90.92414953,RF
27.72203099,-117.1009953,89.37896429,-63.79520259,-30.13339837,90.91535695,RF
49.56235479,-121.7143601,72.15200531,-63.93765629,-30.29840776,90.90656522,RF
69.6613326,-122.0703893,52.40905674,-62.60016773,-30.23650158,90.89777434,RF
87.35418781,-118.1595384,30.80535056,-59.20130013,-29.94475735,90.88898431,RF
96.00261617,-114.0990179,18.09640172,-55.53048327,-29.6716831,90.88402883,RF
96.00261617,-114.0990179,18.09640172,-55.53048327,-29.6716831,90.88402883,RF
108.7257977,-103.8426067,-4.883190962,-48.73171128,-29.02815995,90.87524012,RF
117.649899,-89.93195817,-27.71794079,-39.9888054,-28.16836637,90.86645226,RF
122.4920632,-72.86554135,-49.62652182,-29.94998416,-27.1213737,90.85766524,RF
123.0823517,-53.2304886,-69.85186313,-18.9700799,-25.91454902,90.84887906,RF
119.4018561,-31.69612755,-87.70572855,-7.533271035,-24.58165231,90.84009371,RF
115.5182321,-19.16335517,-96.35487692,-4.08E-09,-23.79407668,90.83519877,RF
115.5182321,-19.16335517,-96.35487692,-3.39E-09,-23.79407668,90.83519877,RF
105.4942696,3.764669662,-109.2589393,11.55146883,-22.34317373,90.82641473,RF
91.7674861,26.69065128,-118.4581374,22.61537502,-20.86164755,90.81763153,RF
74.79979745,48.69342226,-123.4932197,33.34986739,-19.39012908,90.80884916,RF
55.3665717,68.99863973,-124.3652114,43.13817334,-18.00485062,90.80006764,RF
33.93437228,86.97784718,-120.9122195,50.59011151,-16.70930426,90.79128695,RF
21.30354805,95.78299498,-117.086543,54.4234398,-16.03598569,90.78634775,RF
21.30354804,95.78299498,-117.086543,54.4234398,-16.03598569,90.78634775,RF
-1.643084992,108.947335,-107.30425,59.32644121,-14.97690474,90.77756837,RF
-24.53412573,118.3120287,-93.77790294,62.23917988,-14.10008586,90.76878983,RF
-46.58936749,123.6320464,-77.04267887,62.92419445,-13.4325469,90.76001214,RF
-67.04383357,124.7094332,-57.66559967,61.51280278,-12.98878796,90.75123529,RF
-85.20142029,121.5100248,-36.3086045,58.32360593,-12.77708709,90.74245928,RF
-93.23284792,118.3007742,-25.06792624,54.15818824,-12.75741588,90.73804851,RF
-93.23284792,118.3007742,-25.06792624,54.15818824,-12.75741588,90.73804851,RF
-106.7261934,108.8978864,-2.171693035,48.03538453,-12.88861837,90.72927378,RF
-116.5498393,95.78073685,20.76910245,39.51167506,-13.23680099,90.7204999,RF
-122.3424434,79.38226615,42.96017727,29.78155542,-13.78215244,90.71172687,RF
-123.9115619,60.27043687,63.64112508,19.21085128,-14.50080205,90.7029547,RF
-121.1711741,39.09803366,82.07314041,6.71262317,-15.35909323,90.69418338,RF
-117.6919468,26.29142768,91.4005191,-1.57E-09,-15.90133458,90.68913829,RF
-117.6919468,26.29142768,91.4005191,-2.27E-09,-15.90133458,90.68913829,RF
-108.469728,3.41424566,105.0554824,-12.04874982,-16.91059654,90.68036832,RF
-95.49905302,-19.53992497,115.038978,-23.46137343,-17.96623241,90.67159921,RF
-79.22607448,-41.7879782,121.0140527,-33.96359606,-19.03175142,90.66283095,RF
-60.2133731,-62.52373795,122.737111,-44.20373659,-20.05893488,90.65406355,RF
-39.12752184,-81.06172152,120.1892434,-52.33800285,-21.02201448,90.64529701,RF
-26.22617267,-90.54164277,116.7678154,-56.43804577,-21.53521328,90.64021223,RF
-26.22617267,-90.54164277,116.7678154,-56.43804577,-21.53521328,90.64021223,RF
-3.370247481,-104.3267735,107.697021,-62.00554899,-22.32959594,90.63144703,RF
19.60255169,-114.4566953,94.85414364,-64.78834407,-22.98309627,90.6226827,RF
41.87330618,-120.5640394,78.69073319,-65.69533165,-23.47309368,90.61391921,RF
62.68594779,-122.4572778,59.77132998,-64.38095176,-23.79415679,90.60515658,RF
81.31707448,-120.067886,38.75081153,-60.85310522,-23.94136339,90.59639479,RF
91.56740869,-116.4010221,24.83361341,-57.5643875,-23.94067069,90.59090826,RF
91.56740869,-116.4010221,24.83361341,-57.5643875,-23.94067069,90.59090826,RF
105.3291237,-107.3003623,1.971238658,-50.69039267,-23.81908361,90.58214785,RF
115.4096317,-94.42130272,-20.988329,-42.06713794,-23.54083346,90.57338829,RF
121.4853794,-78.23312372,-43.25225569,-32.00740772,-23.13416546,90.56462957,RF
123.344289,-59.2916845,-64.05260447,-20.92035912,-22.6245901,90.5558717,RF
120.9110462,-38.26484148,-82.64620474,-9.145736623,-22.0405262,90.54711467,RF
116.7471369,-22.88016942,-93.86696748,-1.78E-09,-21.60753497,90.54107859,RF
116.7471369,-22.88016942,-93.86696748,-1.11E-09,-21.60753497,90.54107859,RF
107.3669016,-0.013666509,-107.3532351,11.84303789,-20.98110159,90.53232298,RF
94.22844022,22.92537884,-117.1538191,23.74938787,-20.37057571,90.52356821,RF
77.82079521,45.1048377,-122.9256329,34.7921525,-19.81577471,90.51481428,RF
58.7042364,65.76751718,-124.4717536,44.64805979,-19.34868185,90.5060612,RF
37.55399482,84.17364715,-121.727642,53.26103347,-18.99716064,90.49730896,RF
21.03460993,95.97213981,-117.0067497,58.41529989,-18.82775904,90.49085135,RF
21.03460993,95.97213981,-117.0067497,58.41529989,-18.82775904,90.49085135,RF
-1.900878797,109.0208699,-107.1199911,63.2919101,-18.73196436,90.48210058,RF
-24.79481933,118.3528846,-93.55806528,66.27718525,-18.80701279,90.47335065,RF
-46.83266419,123.6127201,-76.78005593,66.93197677,-19.05714937,90.46460157,RF
-67.25156252,124.6129696,-57.36140704,65.70673115,-19.48176199,90.45585334,RF
-85.30594167,121.3070294,-36.00108775,62.02616989,-20.06864173,90.44710595,RF
-96.7835019,116.2825454,-19.49904349,58.13223179,-20.60432527,90.44067156,RF
-96.7835019,116.2825454,-19.49904349,58.13223179,-20.60432527,90.44067156,RF
-109.4474347,105.9623286,3.485106106,50.61329162,-21.4515117,90.43192566,RF
-118.297563,91.98998742,26.30757561,41.73738347,-22.40489613,90.42318061,RF
-123.0630744,74.87293563,48.19013879,31.47454639,-23.43867939,90.41443641,RF
-123.574649,55.19905581,68.37559317,20.40538279,-24.5172644,90.40569307,RF
-119.8149706,33.63722171,86.17774892,9.173974841,-25.60564426,90.39695058,RF
-115.4073163,19.75456307,95.65275322,5.74E-09,-26.25437556,90.39156227,RF
-115.4073163,19.75456307,95.65275322,5.03E-09,-26.25437556,90.39156227,RF
-105.0567811,-3.221531792,108.2783129,-11.55686856,-27.25837392,90.38282116,RF
-91.08906049,-26.04750658,117.1365671,-23.18140467,-28.16963302,90.37408091,RF
-73.97001383,-47.93197898,121.9019928,-33.78035475,-28.94694956,90.36534151,RF
-54.29041388,-68.12660449,122.4170184,-43.02942412,-29.56113881,90.35660296,RF
-32.73064448,-85.8986742,118.6293187,-51.32357514,-29.97293665,90.34786526,RF
-18.43845046,-95.63763007,114.0760805,-55.511526,-30.12515732,90.34232333,RF
-18.43845046,-95.63763007,114.0760805,-55.511526,-30.12515732,90.34232333,RF
4.540294345,-108.2140522,103.6737579,-60.38004948,-30.18439927,90.33358702,RF
27.35844781,-117.0004905,89.64204267,-63.07113943,-30.00967676,90.32485155,RF
49.22285265,-121.6878163,72.46496367,-63.64493416,-29.59847009,90.31611692,RF
69.3636594,-122.1114545,52.74779505,-62.02530353,-28.95745126,90.30738313,RF
87.09830175,-118.2612439,31.16294217,-58.21891244,-28.10230018,90.29865018,RF
96.110032,-114.0481021,17.93807013,-54.57129076,-27.50543108,90.29352429,RF
96.110032,-114.0481021,17.93807013,-54.57129076,-27.50543108,90.29352429,RF
108.8099828,-103.7678184,-5.042164462,-47.74673057,-26.36399885,90.28479267,RF
117.7067959,-89.8326781,-27.87411778,-39.00060332,-25.07232366,90.27606188,RF
122.520535,-72.74621692,-49.77431806,-28.96785399,-23.67435477,90.26733192,RF
123.0826111,-53.09596739,-69.98664369,-18.01996896,-22.20993065,90.2586028,RF
119.3621076,-31.57556442,-87.78654322,-6.462567289,-20.72157643,90.24987451,RF
116.0724518,-20.78325367,-95.28919817,5.94E-09,-20.00564616,90.24570306,RF
116.0724518,-20.78325367,-95.28919817,6.63E-09,-20.00564616,90.24570306,RF
106.3339228,2.120466653,-108.4543895,11.38893223,-18.56659124,90.236976,RF
92.87474477,25.02611031,-117.9008551,22.86887437,-17.20518645,90.22824977,RF
76.19281529,47.10083503,-123.2936503,33.47667395,-15.96735354,90.21952437,RF
56.85791971,67.59134008,-124.4492598,42.88753572,-14.88712585,90.21079981,RF
35.55447942,85.76357066,-121.3180501,51.09217919,-13.9946028,90.20207608,RF
22.30622478,95.18965017,-117.495875,54.98830988,-13.56429482,90.19692486,RF
22.30622478,95.18965017,-117.495875,54.98830988,-13.56429482,90.19692486,RF
-0.610314884,108.4349085,-107.8245936,59.73618716,-13.01346981,90.18820246,RF
-23.5352621,117.9884362,-94.45317408,62.54234666,-12.69515873,90.1794809,RF
-45.64277929,123.4817507,-77.83897143,63.05139691,-12.61174779,90.17076019,RF
-66.17522165,124.7291196,-58.55389792,61.84252358,-12.7586161,90.16204032,RF
-84.42276113,121.7229011,-37.30013999,57.90747108,-13.12265977,90.15332129,RF
-93.02996796,118.3765635,-25.34659552,55.16323819,-13.4013023,90.14865749,RF
-93.02996796,118.3765635,-25.34659551,55.16323819,-13.4013023,90.14865749,RF
-106.5875276,109.0404644,-2.452936764,48.4374996,-14.06057277,90.13993977,RF
-116.4553811,95.96428169,20.49109943,39.88748185,-14.87470558,90.13122289,RF
-122.3069228,79.60207259,42.70485024,30.2120345,-15.81255784,90.12250686,RF
-123.9367284,60.4946284,63.44210001,20.08129972,-16.84112292,90.11379169,RF
-121.2349355,39.38178986,81.85314567,6.703899028,-17.8942594,90.10507737,RF
-117.8404721,26.7508442,91.0896279,2.64E-09,-18.50304056,90.10013504,RF
-117.8404721,26.7508442,91.0896279,1.96E-09,-18.50304056,90.10013504,RF
-108.6976564,3.883051585,104.8146048,-11.94147187,-19.55832676,90.09142205,RF
-95.79732679,-19.07823872,114.8755655,-23.49854626,-20.55818446,90.08270992,RF
-79.58453137,-41.34876607,120.9332974,-34.08148767,-21.47104339,90.07399863,RF
-60.61102734,-62.13099705,122.7420244,-44.33032679,-22.25724724,90.06528819,RF
-39.57142954,-80.70700933,120.2784389,-52.74871976,-22.89958208,90.05657861,RF
-26.40848415,-90.41355766,116.8220418,-56.80570775,-23.2046211,90.05142131,RF
-26.40848415,-90.41355766,116.8220418,-56.80570775,-23.2046211,90.05142131,RF
-3.556756437,-104.2257321,107.7824885,-62.17453461,-23.587701,90.04271307,RF
19.41626431,-114.3876368,94.97137246,-65.10937197,-23.7948477,90.03400567,RF
41.70260887,-120.5282775,78.82566864,-65.98857208,-23.82249655,90.02529912,RF
62.5208435,-122.4524198,59.93157629,-64.79914835,-23.68435769,90.01659341,RF
81.17795952,-120.0975795,38.91961995,-61.51417079,-23.3968475,90.00788854,RF
92.24606918,-116.0686173,23.82254811,-57.5176514,-23.12017589,90.00197907,RF
92.24606918,-116.0686173,23.82254811,-57.5176514,-23.12017589,90.00197907,RF
105.850471,-106.7969871,0.94651609,-50.74701337,-22.6348575,89.99327561,RF
115.7582085,-93.75872763,-21.99948084,-42.03615222,-22.06233278,89.98457298,RF
121.6485138,-77.43547805,-44.21303571,-31.9403585,-21.44327009,89.97587119,RF
123.3163822,-58.38675922,-64.92962301,-20.83232586,-20.81240475,89.96717024,RF
120.7076189,-37.26341817,-83.44420071,-9.285655866,-20.20635592,89.95847012,RF
116.6021257,-22.41035497,-94.19177073,1.97E-09,-19.82924975,89.95267473,RF
116.6021257,-22.41035497,-94.19177073,2.64E-09,-19.82924975,89.95267473,RF
107.1056865,0.490043266,-107.5957297,11.70250395,-19.33673698,89.94397601,RF
93.89872369,23.41762741,-117.3163511,23.59186223,-18.9576596,89.93527812,RF
77.42578586,45.57489959,-123.0006855,34.54273087,-18.71598373,89.92658108,RF
58.25586406,66.20400761,-124.4598717,44.28730104,-18.63285775,89.91788487,RF
37.03770986,84.56352447,-121.6012343,52.53128812,-18.71899442,89.9091895,RF
19.57718316,96.89667461,-116.4738578,57.98189995,-18.90949523,89.90240723,RF
19.57718316,96.89667461,-116.4738578,57.98189995,-18.90949523,89.90240723,RF
-3.380532029,109.7334463,-106.3529143,63.190186,-19.31289961,89.89371337,RF
-26.23556394,118.8125413,-92.57697737,65.97697026,-19.88776514,89.88502034,RF
-48.20242884,123.8224184,-75.6199896,66.8088223,-20.6210018,89.87632817,RF
-68.49718415,124.548091,-56.05090683,64.51489039,-21.48690775,89.86763684,RF
-86.4107778,121.0121948,-34.60141696,60.76826179,-22.45839833,89.85894636,RF
-97.01481722,116.1681494,-19.15333216,57.29694109,-23.17222262,89.8529856,RF
-97.01481722,116.1681494,-19.15333216,57.29694109,-23.17222262,89.8529856,RF
-109.6141157,105.781197,3.83291874,50.53358102,-24.25508957,89.84429655,RF
-118.4022859,91.76513322,26.63715264,41.325978,-25.34441082,89.83560835,RF
-123.1320372,74.59116988,48.54086729,31.87588662,-26.41841521,89.826921,RF
-123.5573628,54.89959655,68.65776626,19.42172779,-27.40465098,89.8182345,RF
-119.7281337,33.3311643,86.39696943,7.662440473,-28.29161263,89.80954885,RF
-115.2624428,19.37328261,95.88916023,5.02E-10,-28.76896934,89.80417538,RF
-115.2624428,19.37328261,95.88916023,-1.82E-10,-28.76896934,89.80417538,RF
-104.8681953,-3.606808127,108.4750035,-12.07298075,-29.40922335,89.7954911,RF
-90.84312161,-26.43068969,117.2738113,-23.06190091,-29.85769551,89.78680766,RF
-73.67859325,-48.26798152,121.9465748,-34.22418705,-30.08148707,89.77812507,RF
-53.95466699,-68.44089615,122.3955631,-43.44299293,-30.08678929,89.76944331,RF
-32.3889301,-86.16700698,118.5559371,-51.66703288,-29.84774231,89.7607624,RF
-19.25790895,-95.12863257,114.3865415,-55.4166285,-29.59596846,89.75570752,RF
-19.25790894,-95.12863257,114.3865415,-55.4166285,-29.59596846,89.75570752,RF
3.712800805,-107.8372827,104.1244819,-60.62668116,-28.98924531,89.74702793,RF
26.55674472,-116.7702933,90.21354863,-62.97221071,-28.16179758,89.73834917,RF
48.46935356,-121.6034404,73.13408683,-63.18253927,-27.13218942,89.72967124,RF
68.67744756,-122.180548,53.50310046,-61.73976172,-25.93376105,89.72099414,RF
86.51123225,-118.4866435,31.97541129,-58.27448568,-24.59914158,89.71231787,RF
95.08663449,-114.6355554,19.54892094,-54.66808364,-23.81357031,89.70752421,RF
95.08663449,-114.6355554,19.54892094,-54.66808364,-23.81357031,89.70752421,RF
108.0376067,-104.6240892,-3.413517568,-47.96817985,-22.34898528,89.69884922,RF
117.2115839,-90.92962171,-26.28196215,-39.29403814,-20.84985229,89.69017506,RF
122.3192634,-74.04566698,-48.27359647,-29.32695959,-19.36521375,89.68150173,RF
123.1811717,-54.55314325,-68.62802845,-18.44115441,-17.9385361,89.67282922,RF
119.7690863,-33.11738235,-86.65170396,-7.245609859,-16.61142076,89.66415754,RF
116.3653471,-21.5892717,-94.77607541,-2.09E-10,-15.98001567,89.65969857,RF
116.3653471,-21.5892717,-94.77607541,4.97E-10,-15.98001567,89.65969857,RF
106.7227147,1.33305808,-108.0557728,11.45282443,-14.87521178,89.65102814,RF
93.38829137,24.25007732,-117.6383687,22.87586803,-13.95898481,89.64235854,RF
76.80487753,46.36917917,-123.1740567,33.42268893,-13.25390821,89.63368978,RF
57.54707347,66.9315392,-124.4786127,42.76409519,-12.77703092,89.62502185,RF
36.26952616,85.20358232,-121.4731085,50.6406863,-12.53642341,89.61635475,RF
23.28241982,94.51820031,-117.8006201,54.63261913,-12.50548216,89.61131519,RF
23.28241982,94.51820032,-117.8006201,54.63261913,-12.50548216,89.61131519,RF
0.35978392,107.9505873,-108.3103712,58.83827994,-12.63836926,89.60264941,RF
-22.58574445,117.6595366,-95.07379216,62.44196682,-12.99245152,89.59398448,RF
-44.71953092,123.3412662,-78.62173528,63.34278357,-13.54505055,89.58532039,RF
-65.33173697,124.7727202,-59.44098323,61.60566937,-14.27420688,89.57665715,RF
-83.70865652,121.9499605,-38.24130393,58.00177289,-15.15011587,89.56799474,RF
-92.26404035,118.7407526,-26.47671224,55.13128557,-15.6562994,89.56342436,RF
-92.26404035,118.7407526,-26.47671224,55.13128557,-15.6562994,89.56342436,RF
-105.9917204,109.5986084,-3.606888036,48.72801106,-16.67932067,89.55476325,RF
-116.0562195,96.70286285,19.35335666,40.126919,-17.74911257,89.54610298,RF
-122.1177597,80.49464316,41.62311652,30.44360298,-18.8278742,89.53744357,RF
-123.9680819,61.51231978,62.45576209,20.14480195,-19.88070654,89.528785,RF
-121.4744303,40.48067339,80.99375694,6.97192632,-20.83837341,89.52012727,RF
-118.059842,27.43524037,90.62460162,1.04E-10,-21.3623283,89.5150451,RF
-118.059842,27.43524037,90.62460163,-5.82E-10,-21.3623283,89.5150451,RF
-109.0371115,4.583376016,104.4537355,-11.96591112,-22.156291,89.50638872,RF
-96.24518136,-18.38687712,114.6320585,-23.60008661,-22.80422746,89.49773317,RF
-80.12566287,-40.69067466,120.8163375,-34.31191215,-23.29077936,89.48907848,RF
-61.24865074,-61.49435916,122.7430099,-44.74412114,-23.59013044,89.48042462,RF
-40.2306198,-80.19124327,120.4218631,-52.71185689,-23.72437892,89.4717716,RF
-25.89796746,-90.76967945,116.6676469,-57.43977475,-23.71273712,89.46618623,RF
-25.89796746,-90.76967945,116.6676469,-57.43977475,-23.71273712,89.46618623,RF
-3.034752703,-104.498439,107.5331917,-62.63290074,-23.56259322,89.45753458,RF
19.92591887,-114.5649342,94.63901531,-65.77405644,-23.2614335,89.44888378,RF
42.17607268,-120.6110299,78.43495723,-66.96316636,-22.83064319,89.4402338,RF
62.97713603,-122.4457105,59.46857445,-65.36825155,-22.3010053,89.43158466,RF
81.56205089,-119.986712,38.42466109,-62.02651142,-21.70261258,89.42293635,RF
92.61885139,-115.8963333,23.27748196,-58.56226106,-21.27364396,89.41705293,RF
92.61885139,-115.8963333,23.27748196,-58.56226106,-21.27364396,89.41705293,RF
106.1310136,-106.512967,0.381953336,-51.95341685,-20.64351766,89.40840601,RF
115.9405103,-93.39623082,-22.54427943,-43.41061868,-20.04125255,89.39975993,RF
121.7553212,-76.98402372,-44.77129751,-33.87563335,-19.50507336,89.39111468,RF
123.2827616,-57.88176656,-65.40099508,-21.33437257,-19.06196519,89.38247026,RF
120.5531431,-36.72594583,-83.82719722,-9.469116618,-18.74729032,89.37382667,RF
115.6228457,-19.61738418,-96.00546147,-5.89E-09,-18.60623131,89.36721721,RF
115.6228457,-19.61738418,-96.00546147,-5.19E-09,-18.60623131,89.36721721,RF
105.6607453,3.334742855,-108.9954881,11.19865372,-18.56884449,89.35857509,RF
92.02106867,26.19867104,-118.2197397,24.06179729,-18.70545112,89.34993381,RF
75.18568926,48.20635376,-123.392043,34.94795248,-19.02359488,89.34129337,RF
55.7192016,68.57407734,-124.2932789,44.55656892,-19.51700519,89.33265377,RF
34.33680406,86.62267743,-120.9594815,53.10990568,-20.17977876,89.32401501,RF
19.10482583,97.19042345,-116.2952493,57.56932486,-20.71382474,89.31816724,RF
19.10482583,97.19042345,-116.2952493,57.56932487,-20.71382474,89.31816724,RF
-3.85951271,109.9562543,-106.0967416,62.3990691,-21.60954625,89.30952989,RF
-26.70526892,118.954568,-92.24929907,65.24633579,-22.60904758,89.30089339,RF
-48.64499869,123.8770937,-75.23209501,65.95087459,-23.67968456,89.29225772,RF
-68.89840327,124.5203313,-55.62192799,63.67682643,-24.77744878,89.28362291,RF
-86.76076087,120.9013161,-34.14055525,60.07160163,-25.86428551,89.27498893,RF
-97.08486469,116.1405671,-19.05570237,56.66046231,-26.56763978,89.26920971,RF
-97.08486469,116.1405671,-19.05570237,56.66046231,-26.56763978,89.26920971,RF
-109.670839,105.738817,3.932021971,49.92888687,-27.55320969,89.26057714,RF
-118.4501122,91.71473027,26.73538191,41.21571238,-28.41714326,89.25194542,RF
-123.1641721,74.52357955,48.64059256,31.48483863,-29.14051854,89.24331454,RF
-123.5705784,54.82579205,68.74478639,18.99764618,-29.65884219,89.2346845,RF
-119.7260604,33.2511469,86.47491353,7.28825986,-29.97770595,89.2260553,RF
-115.4887464,19.93607987,95.55266657,1.19E-09,-30.05748887,89.22096077,RF
-115.4887464,19.93607987,95.55266657,5.02E-10,-30.05748887,89.22096077,RF
-105.1906936,-3.040956824,108.2316504,-11.89134947,-30.01225975,89.21233289,RF
-91.24620766,-25.87124326,117.1174509,-23.40177237,-29.72203231,89.20370585,RF
-74.15081003,-47.7662568,121.9170668,-34.01678929,-29.19432943,89.19507964,RF
-54.49307312,-67.97091123,122.4639844,-43.36853365,-28.43966961,89.18645426,RF
-32.96704148,-85.76422365,118.7312651,-51.33077204,-27.47449657,89.1778297,RF
-21.12603919,-93.94421782,115.070257,-55.15679751,-26.8849988,89.1733061,RF
-21.12603919,-93.94421782,115.070257,-55.15679751,-26.8849988,89.1733061,RF
1.798121854,-106.9383377,105.1402158,-59.96269782,-25.6591175,89.1646828,RF
24.6809615,-116.187873,91.5069115,-62.67275564,-24.29516751,89.15606033,RF
46.69374448,-121.3725642,74.67881976,-63.32029625,-22.842209,89.14743867,RF
67.08541952,-122.315221,55.2298015,-61.78107764,-21.34221257,89.13881784,RF
85.16078708,-118.9859849,33.82519785,-58.37692855,-19.84022874,89.13019783,RF
92.74447183,-115.7970092,23.05253734,-53.91134512,-19.11994578,89.12603615,RF
92.74447183,-115.7970092,23.05253734,-53.91134512,-19.11994578,89.12603615,RF
97.27265421,-113.44249,16.16983576,-53.5605393,-18.68884376,89.12345042,RF
101.3250676,-110.6361746,9.311106949,-51.95384983,-18.25657289,89.12086477,RF
105.1280524,-107.516504,2.388451628,-49.3199286,-17.8359814,89.1182792,RF
111.5424905,-100.4486652,-11.09382523,-44.87437323,-17.04274622,89.11323616,RF
120.0566359,-83.65711185,-36.3995241,-34.99216448,-15.65358862,89.10359573,RF
123.3352356,-63.17133127,-60.16390437,-22.63476098,-14.47115661,89.09395632,RF
121.2819691,-39.9353553,-81.34661381,-10.00896685,-13.5408992,89.08431795,RF
116.5632153,-22.16911798,-94.39409731,5.03E-10,-13.04433715,89.07742371,RF
116.5632153,-22.16911798,-94.39409731,1.17E-09,-13.04433715,89.07742371,RF
105.653557,3.457998489,-109.1115555,12.98103199,-12.60136349,89.06778711,RF
90.15287361,29.00078711,-119.1536607,25.74318288,-12.45858485,89.05815155,RF
70.73735057,53.33948583,-124.0768364,37.20204962,-12.61123127,89.04851704,RF
48.25745773,75.39355508,-123.6510128,47.34653291,-13.03917113,89.03888357,RF
24.74976977,93.5133154,-118.2630852,54.91092123,-13.68484782,89.0296748,RF
24.74976977,93.5133154,-118.2630852,54.91092123,-13.68484782,89.0296748,RF
-0.855167216,108.5198992,-107.664732,60.35701466,-14.56214914,89.02004338,RF
-26.43568589,118.8809495,-92.44526359,63.37561206,-15.6031414,89.01041302,RF
-50.88942899,124.1484043,-73.25897532,63.60886085,-16.75528845,89.0007837,RF
-73.14655524,124.0593502,-50.912795,60.4930397,-17.95822477,88.99115544,RF
-91.417483,119.0151817,-27.59769868,55.62054009,-19.09695623,88.98197442,RF
-91.417483,119.0151817,-27.59769868,55.62054009,-19.09695623,88.98197442,RF
-106.7158712,108.7518496,-2.035978363,48.49886231,-20.2362132,88.97234822,RF
-117.4144318,93.82582748,23.58860437,38.5578885,-21.27049673,88.96272307,RF
-123.0230097,74.89904432,48.12396533,27.62373916,-22.1474385,88.95309896,RF
-123.3013385,52.71635681,70.58498167,13.63181144,-22.84079528,88.94347591,RF
-118.3183209,28.60758593,89.71073501,-1.40E-09,-23.31086683,88.93395113,RF
-118.3183209,28.60758593,89.71073501,-2.22E-09,-23.31086683,88.93395113,RF
-108.2120305,3.064864341,105.1471662,-13.17835856,-23.57088726,88.92433015,RF
-95.55943055,-19.2958313,114.8552619,-24.43998161,-23.61175005,88.91594991,RF
-95.55943055,-19.2958313,114.8552619,-24.43998162,-23.61175005,88.91594991,RF
-77.21001916,-44.10067921,121.3106984,-36.54215863,-23.46604239,88.90633089,RF
-55.52027431,-66.92214588,122.4424202,-47.37563187,-23.12292095,88.8967129,RF
-31.4347286,-86.80427133,118.2389999,-56.08944026,-22.62406114,88.88709595,RF
-25.27407584,-91.10414265,116.3782185,-57.97230331,-22.47509737,88.8847367,RF
-25.27407584,-91.10414265,116.3782185,-57.97230331,-22.47509737,88.8847367,RF
0.346824449,-106.1564489,105.8096245,-63.55564805,-21.84100983,88.87512104,RF
25.91883574,-116.5150254,90.59618964,-66.70818894,-21.14224594,88.86550641,RF
50.36390673,-121.784219,71.4203123,-66.98009024,-20.43794788,88.85589282,RF
72.62512374,-121.731681,49.10655728,-64.60330654,-19.7791189,88.84628026,RF
91.76749855,-116.3613939,24.59389531,-60.25306383,-19.21613579,88.83666873,RF
94.14705852,-115.1716433,21.02458481,-58.30331858,-19.14512045,88.83531274,RF
94.14705852,-115.1716433,21.02458481,-58.30331858,-19.14512045,88.83531274,RF
108.5809949,-103.9564893,-4.624505598,-50.50821347,-18.73548662,88.82570239,RF
118.3578194,-88.23355811,-30.12426134,-40.14960409,-18.51362691,88.81609309,RF
122.9845287,-68.62812819,-54.35640048,-28.42400485,-18.49874965,88.80648482,RF
122.2823986,-45.99514568,-76.28725294,-15.78193834,-18.70908117,88.79687759,RF
116.239251,-21.31785146,-94.92139959,-1.523979625,-19.14360361,88.7872714,RF
115.2677207,-18.54733527,-96.72038543,-2.37E-09,-19.20465754,88.78622517,RF
115.2677207,-18.54733527,-96.72038543,-1.65E-09,-19.20465754,88.78622517,RF
103.6655593,7.147596364,-110.8131556,13.51827592,-19.88299477,88.77662014,RF
87.56680888,32.57526759,-120.1420765,26.32865002,-20.7560668,88.76701616,RF
67.6593855,56.65628427,-124.3156698,37.74018209,-21.79386595,88.75741323,RF
44.79663027,78.31151681,-123.1081471,48.36135714,-22.94618659,88.74781134,RF
19.9912162,96.62942267,-116.6206389,56.27817477,-24.16931797,88.73821051,RF
18.22618533,97.75066201,-115.9768473,56.79406275,-24.25476674,88.73754615,RF
18.22618533,97.75066201,-115.9768473,56.79406275,-24.25476674,88.73754615,RF
-7.479547767,111.6246088,-104.145061,62.68407183,-25.49140921,88.72794644,RF
-32.86940172,120.7021238,-87.83272213,64.8980815,-26.67756244,88.71834778,RF
-56.83251265,124.6012592,-67.76874653,64.7790674,-27.7556563,88.70875016,RF
-78.38013147,123.1707209,-44.79058947,61.40741664,-28.68221117,88.6991536,RF
-96.50537396,116.4171425,-19.9117685,55.95448699,-29.38652083,88.68955808,RF
-96.80731367,116.2402586,-19.43294496,55.81922071,-29.3971844,88.689378,RF
-96.80731367,116.2402586,-19.43294496,55.81922071,-29.3971844,88.689378,RF
-110.6837531,104.4118913,6.271861863,47.77836714,-29.8490747,88.67978354,RF
-119.7818924,88.1218322,31.66006021,37.68060122,-30.02266199,88.67019013,RF
-123.670557,68.04371535,55.6268416,26.23125267,-29.88761875,88.66059775,RF
-122.2581408,45.07697989,77.18116092,12.68828892,-29.4643583,88.65100641,RF
-115.8198835,21.04627836,94.77360517,-3.60E-09,-28.75952819,88.6417366,RF
-115.8198835,21.04627836,94.77360517,-4.25E-09,-28.75952819,88.6417366,RF
-104.2538872,-4.63996024,108.8938475,-13.31733662,-27.76455616,88.63214729,RF
-88.18191971,-30.08655464,118.2684743,-25.92810021,-26.52960058,88.622559,RF
-68.31187314,-54.15340944,122.4652826,-37.39168263,-25.09604875,88.61297174,RF
-45.42527125,-75.87082108,121.2960923,-47.14021971,-23.50638111,88.6033855,RF
-21.35674302,-93.72838915,115.0851322,-54.85930846,-21.8849373,88.59406991,RF
-21.35674302,-93.72838915,115.0851322,-54.85930846,-21.8849373,88.59406991,RF
4.309471439,-108.0699934,103.760522,-60.20244854,-20.19627399,88.58448568,RF
29.78598267,-117.672904,87.88692129,-62.92531958,-18.54511111,88.57490248,RF
53.96130507,-122.1287486,68.16744349,-62.88338274,-16.99707004,88.5653203,RF
75.798777,-121.2489688,45.45019182,-60.23553849,-15.60942189,88.55573913,RF
94.37844731,-115.0691562,20.69070892,-55.73925862,-14.43176747,88.546159,RF
94.99624376,-114.7337172,19.7374734,-55.16479429,-14.39212598,88.5457995,RF
94.99624376,-114.7337172,19.7374734,-55.16479429,-14.39212598,88.5457995,RF
109.1944657,-103.2739022,-5.920563526,-46.66139861,-13.47492743,88.53622043,RF
118.7261386,-87.33611753,-31.39002108,-36.45679973,-12.84231219,88.52664238,RF
123.0874504,-67.554241,-55.53320943,-24.86834367,-12.5082128,88.51706537,RF
122.1154133,-44.79133096,-77.3240823,-12.43660997,-12.47713675,88.5074894,RF
116.9368626,-23.35828701,-93.57857554,-2.97E-09,-12.68710582,88.49917094,RF
116.9368626,-23.35828701,-93.57857554,-2.36E-09,-12.68710582,88.49917094,RF
106.2545833,2.253591112,-108.5081744,13.02830719,-13.18285422,88.48959691,RF
90.96215922,27.82384371,-118.7860029,25.78499922,-13.91989729,88.48002391,RF
71.71750691,52.2469859,-123.9644928,37.16091651,-14.85600363,88.47045196,RF
49.32405241,74.46082836,-123.7848808,47.40081949,-15.93983888,88.46088105,RF
26.0580852,92.61765244,-118.6757376,55.27520131,-17.0507939,88.45178399,RF
26.0580852,92.61765244,-118.6757376,55.27520131,-17.0507939,88.45178399,RF
0.488439022,107.858505,-108.3469441,60.8956445,-18.25725936,88.44221512,RF
-25.12134924,118.475417,-93.35406775,63.99438497,-19.44221657,88.4326473,RF
-49.65307603,124.0120284,-74.35895238,64.28032723,-20.55111968,88.42308053,RF
-72.05577908,124.2335899,-52.17781081,61.78821182,-21.53718021,88.4135148,RF
-91.30742114,119.1006496,-27.79322851,56.85471471,-22.34559174,88.40395012,RF
-92.06560554,118.7585851,-26.69297961,56.56741866,-22.37724019,88.40353345,RF
-92.06560554,118.7585851,-26.69297961,56.56741866,-22.37724019,88.40353345,RF
-107.2223828,108.3002756,-1.077892854,48.26511227,-22.98685935,88.39396985,RF
-117.725922,93.21309945,24.51282252,38.46797496,-23.37494561,88.38440729,RF
-123.1438082,74.13511625,49.00869195,26.8504316,-23.53836597,88.37484577,RF
-123.2452423,51.89358699,71.3516553,14.17243351,-23.48384461,88.36528528,RF
-118.0265079,27.4514902,90.57501769,1.002211355,-23.228442,88.35572583,RF
-117.5848256,26.07278473,91.51204091,2.10E-09,-23.20737462,88.3552035,RF
-117.5848256,26.07278473,91.51204091,1.17E-09,-23.20737462,88.3552035,RF
-106.9223958,0.456650614,106.4657452,-13.67541571,-22.7498464,88.34564513,RF
-91.69347426,-25.11563595,116.8091102,-26.86638364,-22.17208369,88.3360878,RF
-72.49167159,-49.55154519,122.0432168,-38.77455043,-21.50330239,88.32653149,RF
-50.15848491,-71.80074521,121.9592301,-49.11386572,-20.79810936,88.31697621,RF
-25.68158911,-90.82987834,116.5114674,-57.79133104,-20.10089174,88.30742195,RF
-23.53073023,-92.2829411,115.8136713,-58.44934587,-20.04476959,88.3066108,RF
-23.53073023,-92.2829411,115.8136713,-58.44934587,-20.04476959,88.3066108,RF
2.130845132,-107.0152584,104.8844133,-63.86860883,-19.42642677,88.29705766,RF
27.65820193,-117.0298003,89.37159835,-66.74505969,-18.92623654,88.28750554,RF
51.983046,-121.9284343,69.9453883,-66.87771208,-18.58718974,88.27795446,RF
74.05384132,-121.4991435,47.44530213,-64.47199326,-18.44305443,88.26840441,RF
92.94491324,-115.7567646,22.81185139,-60.26220874,-18.51922956,88.25885539,RF
95.67975436,-114.2961604,18.61640604,-57.68587118,-18.55185767,88.25727563,RF
95.67975436,-114.2961604,18.61640604,-57.68587118,-18.55185767,88.25727563,RF
109.6863722,-102.6248209,-7.06155137,-49.86041564,-18.88478218,88.24772782,RF
118.9922063,-86.50335887,-32.48884743,-39.36342811,-19.45022161,88.23818105,RF
123.1174334,-66.57190654,-56.5455269,-27.61468559,-20.22500825,88.22863531,RF
121.9053626,-43.69875276,-78.20660988,-15.03103284,-21.18531955,88.21909061,RF
115.3650462,-18.86756487,-96.49748134,-0.565667189,-22.28689509,88.20954696,RF
114.9587306,-17.74506477,-97.21366583,8.49E-10,-22.33793756,88.20912595,RF
114.9587306,-17.74506477,-97.21366583,1.51E-09,-22.33793756,88.20912595,RF
103.2191906,7.939820145,-111.1590108,13.3489129,-23.53842839,88.19958339,RF
86.99286345,33.34714174,-120.3400052,26.21142825,-24.78315521,88.19004187,RF
66.98190434,57.36908145,-124.3509858,37.66009994,-26.01299928,88.18050139,RF
44.03826766,78.94668945,-122.9849571,47.75721471,-27.16148519,88.17096196,RF
19.20319904,97.13820729,-116.3414063,55.75679586,-28.17409522,88.16142357,RF
18.84727484,97.36424407,-116.2115189,55.84292195,-28.18688952,88.16129031,RF
18.84727484,97.36424408,-116.2115189,55.84292196,-28.18688952,88.16129031,RF
-6.84782708,111.3498198,-104.5019927,61.43434839,-29.01360985,88.15175297,RF
-32.26735491,120.5706088,-88.30325388,63.92759583,-29.61012497,88.14221668,RF
-56.29826364,124.5956444,-68.29738081,63.4523382,-29.93087886,88.13268142,RF
-77.88268186,123.2756815,-45.39299961,60.66583058,-29.9576598,88.12314719,RF
-96.12338823,116.6652526,-20.54186433,55.5737799,-29.68102053,88.11361399,RF
-96.58219558,116.3982687,-19.81607314,55.3004993,-29.66738747,88.1133421,RF
-96.58219558,116.3982687,-19.81607314,55.3004993,-29.66738747,88.1133421,RF
-110.5275042,104.6528759,5.874628331,46.87318252,-29.07720978,88.10380996,RF
-119.6961275,88.41529093,31.28083662,36.95018672,-28.19700126,88.09427885,RF
-123.6913837,68.39949198,55.29189168,25.36621952,-27.05730885,88.08474875,RF
-122.3465177,45.46623059,76.88028707,12.82182045,-25.69914011,88.07521968,RF
-116.0579836,21.72981329,94.32817032,-3.18E-09,-24.22868474,88.06610577,RF
-116.0579836,21.72981329,94.32817032,-3.69E-09,-24.22868474,88.06610577,RF
-104.6315907,-3.964978995,108.5965697,-13.49632958,-22.59211282,88.05657869,RF
-88.66160867,-29.41978769,118.0813964,-25.92773893,-20.89841387,88.04705262,RF
-68.86420255,-53.55383899,122.4180415,-37.34204277,-19.21868342,88.03752756,RF
-46.09067487,-75.32534414,121.416019,-47.0944838,-17.61646639,88.02800352,RF
-22.06349806,-93.25865316,115.3221512,-54.7983203,-16.18857385,88.01875432,RF
-22.06349806,-93.25865316,115.3221512,-54.7983203,-16.18857385,88.01875432,RF
3.613299076,-107.7419873,104.1286882,-59.97644624,-14.91047624,88.00923229,RF
29.10677663,-117.4733302,88.36655352,-62.66408199,-13.86900035,87.99971127,RF
53.33279483,-122.0707144,68.73791956,-62.60759593,-13.10020684,87.99019127,RF
75.24627965,-121.3332346,46.08695499,-60.02601315,-12.62692134,87.98067229,RF
93.92512901,-115.2897548,21.36462579,-55.58004786,-12.46035764,87.97115435,RF
94.69451356,-114.8807045,20.18619091,-54.83932448,-12.45975931,87.97071221,RF
94.69451356,-114.8807045,20.18619091,-54.83932448,-12.45975931,87.97071221,RF
108.9728697,-103.5064983,-5.466371456,-46.26700849,-12.60171594,87.96119534,RF
116.9131396,-91.48495914,-25.42818042,-38.26771822,-12.91371296,87.95377353,RF
122.5340829,-72.48181833,-50.05226458,-26.96631114,-13.54251178,87.94423105,RF
122.8128834,-50.26859074,-72.54429265,-14.57609079,-14.39441198,87.93468961,RF
117.7289554,-25.78324503,-91.94571037,-2.250232755,-15.42558274,87.92514922,RF
116.8092043,-22.88406277,-93.9251415,-9.18E-10,-15.55067221,87.92405322,RF
116.8092043,-22.88406277,-93.9251415,5.39E-11,-15.55067221,87.92405322,RF
105.9753154,2.808112628,-108.783428,13.92249633,-16.69753839,87.914514,RF
90.54713756,28.43832049,-118.9854581,26.71599636,-17.90465798,87.90497582,RF
71.15540671,52.88086009,-124.0362668,38.31472221,-19.10432254,87.89543868,RF
48.64838731,75.08624452,-123.7346318,48.02204383,-20.24423076,87.8859026,RF
27.39937346,91.71873224,-119.1181057,55.75407292,-21.13313106,87.87765078,RF
27.39937346,91.71873224,-119.1181057,55.75407292,-21.13313106,87.87765078,RF
1.794182827,107.2149299,-109.0091127,61.62042658,-22.013365,87.86811664,RF
-23.91484234,118.1082738,-94.19343146,64.79596068,-22.7071614,87.85858354,RF
-48.59843829,123.9117741,-75.31333579,65.26513317,-23.18707896,87.84905148,RF
-71.14667733,124.3574508,-53.21077348,63.30206356,-23.43500978,87.83952046,RF
-90.65528314,119.4178712,-28.76258807,57.05898028,-23.45656434,87.82999048,RF
-91.68856366,118.9604682,-27.27190457,56.75411315,-23.45029206,87.82942682,RF
-91.68856367,118.9604682,-27.27190457,56.75411315,-23.45029206,87.82942682,RF
-106.9513729,108.5865154,-1.635142552,49.59095842,-23.24294476,87.81989793,RF
-117.5874608,93.54117928,24.04628153,39.44016298,-22.8531093,87.81037007,RF
-123.1153892,74.46883534,48.64655388,28.03681434,-22.31298238,87.80084324,RF
-123.241055,52.20660903,71.03444602,15.19730457,-21.65710145,87.79131744,RF
-118.0275713,27.70785686,90.31971448,1.301150018,-20.94847145,87.78179267,RF
-117.2992411,25.40699459,91.89224648,-9.60E-10,-20.88414545,87.78092718,RF
-117.2992411,25.40699459,91.89224648,-1.69E-09,-20.88414545,87.78092718,RF
-106.5263772,-0.301201279,106.8275785,-13.72571426,-20.18008491,87.77140353,RF
-91.1067829,-25.92523675,117.0320196,-26.73870357,-19.52806295,87.7618809,RF
-71.73010799,-50.37256554,122.1026735,-38.72302393,-18.98317381,87.7523593,RF
-49.23310057,-72.58171186,121.8148124,-49.09996515,-18.59008024,87.74283873,RF
-24.60133195,-91.53137479,116.1327067,-57.46734564,-18.38083807,87.73331918,RF
-21.21398233,-93.77903123,114.9930136,-58.37455911,-18.3699412,87.73205167,RF
-21.21398232,-93.77903123,114.9930136,-58.37455911,-18.3699412,87.73205167,RF
4.544299538,-108.1323926,103.5880931,-63.73520129,-18.40981302,87.7225333,RF
30.07892367,-117.7040036,87.62507991,-66.45154998,-18.67970613,87.71301596,RF
54.29578332,-122.0976706,67.80188726,-66.4235015,-19.18200585,87.70349966,RF
76.14660938,-121.123754,44.97714462,-63.84343428,-19.90551153,87.69398439,RF
94.65066833,-114.7791656,20.12849731,-57.51726452,-20.82179123,87.68447017,RF
95.86100908,-114.1057315,18.24472246,-57.07106813,-20.89590704,87.68376708,RF
95.86100909,-114.1057315,18.24472246,-57.07106813,-20.89590704,87.68376708,RF
109.8851701,-102.3705437,-7.514626405,-49.28491187,-21.9785178,87.67425398,RF
119.1217477,-86.12290779,-32.99883989,-38.96565696,-23.17243182,87.66474191,RF
123.1600022,-66.06424005,-57.09576214,-27.53399587,-24.42313236,87.6552309,RF
121.8254479,-43.03488026,-78.79056763,-15.87367002,-25.67965625,87.64572092,RF
115.1129122,-18.14239134,-96.97052083,-0.42422526,-26.84029938,87.63621199,RF
114.8267172,-17.36063113,-97.46608607,-1.10E-09,-26.87465712,87.63592149,RF
114.8267172,-17.36063113,-97.46608607,-3.87E-10,-26.87465712,87.63592149,RF
102.9715729,8.415554339,-111.3871272,13.43366733,-27.92359125,87.62641363,RF
86.61968081,33.87810221,-120.497783,26.07462022,-28.79234885,87.61690682,RF
66.4773253,57.92935361,-124.4066789,37.31396429,-29.43502422,87.60740104,RF
43.4176243,79.48519049,-122.9028148,47.76248546,-29.79934097,87.5978963,RF
18.85833198,97.38493106,-116.243263,55.37790295,-29.87411147,87.58854115,RF
18.85833198,97.38493106,-116.243263,55.37790295,-29.87411147,87.58854115,RF
-6.912220822,111.4092269,-104.4970061,60.75617334,-29.64430159,87.57903845,RF
-32.40675579,120.6403877,-88.23363193,63.37225156,-29.10632065,87.56953679,RF
-56.46659031,124.6527327,-68.18614239,63.67617598,-28.27002444,87.56003614,RF
-78.1340999,123.2629986,-45.12889874,59.67146183,-27.15378723,87.55053652,RF
-95.06233745,117.2666237,-22.20428624,54.7671159,-25.92293333,87.5417773,RF
-95.06233745,117.2666237,-22.20428624,54.7671159,-25.92293333,87.5417773,RF
-109.4614763,105.9280812,3.533395061,47.70965723,-24.41643697,87.53227964,RF
-119.1110522,90.02087164,29.09018059,37.58568729,-22.78233344,87.52278299,RF
-123.6041219,70.23269825,53.37142365,26.54229683,-21.08558076,87.51328736,RF
-122.6452802,47.4392342,75.20604601,13.06275253,-19.38451037,87.50379274,RF
-116.4485342,22.79583156,93.65270268,5.44E-10,-17.7668202,87.49436115,RF
-116.4485342,22.79583156,93.65270269,-1.11E-10,-17.7668202,87.49436115,RF
-105.1698988,-2.944857878,108.1147567,-13.38801293,-16.27065392,87.48486855,RF
-89.31566966,-28.51470083,117.8303705,-25.79982253,-14.96269401,87.47537697,RF
-69.55269405,-52.79053671,122.3432308,-37.21128375,-13.8894837,87.46588641,RF
-46.80008708,-74.6899915,121.4900786,-47.07309251,-13.09202638,87.45639687,RF
-23.9888636,-91.98349465,115.9723583,-54.48731316,-12.6204097,87.44764865,RF
-23.9888636,-91.98349465,115.9723583,-54.48731316,-12.6204097,87.44764865,RF
1.705501363,-106.8068432,105.1013419,-59.93860663,-12.40532188,87.43816108,RF
27.3205035,-116.92531,89.6048065,-62.77928231,-12.49646333,87.42867454,RF
51.74274299,-121.9286636,70.18592066,-62.36004972,-12.87888736,87.41918903,RF
73.91011875,-121.5283476,47.61822887,-59.53871994,-13.52426796,87.40970455,RF
91.67041254,-116.317052,24.64663947,-54.63447229,-14.32464177,87.40085847,RF
91.67041254,-116.317052,24.64663947,-54.63447229,-14.32464177,87.40085847,RF
106.8129716,-105.8069889,-1.005982683,-46.9386339,-15.34885342,87.391376,RF
117.3016827,-90.62901573,-26.67266693,-37.15961564,-16.49550475,87.38189456,RF
122.6660442,-71.45026575,-51.21577843,-25.74685584,-17.70216506,87.37241417,RF
122.6799664,-49.10031575,-73.57965066,-13.3583595,-18.91121605,87.36293482,RF
117.337718,-24.52039486,-92.81732311,-0.975603561,-20.07033476,87.3534565,RF
116.9588866,-23.34321166,-93.61567494,1.74E-09,-20.12035544,87.35301477,RF
116.9588866,-23.34321166,-93.61567494,2.80E-09,-20.12035544,87.35301477,RF
106.2117295,2.318204521,-108.5299341,14.44605109,-21.1323913,87.34353754,RF
90.86540912,27.96259575,-118.8280049,27.30912336,-22.00269586,87.33406135,RF
71.53985181,52.43549658,-123.9753484,39.03944109,-22.67398234,87.3245862,RF
49.08197168,74.69026607,-123.7722377,48.97807821,-23.12961436,87.31511207,RF
26.1292883,92.55972687,-118.6890152,57.35036923,-23.33111089,87.30625242,RF
26.1292883,92.55972687,-118.6890152,57.35036923,-23.33111089,87.30625242,RF
0.466942451,107.8821596,-108.349102,62.72569315,-23.34547247,87.2967803,RF
-25.20984646,118.5140963,-93.3042498,65.89182155,-23.13485892,87.2873092,RF
-49.80414434,124.042855,-74.23871062,66.15221,-22.73750034,87.27783912,RF
-72.24890805,124.2242717,-51.97536361,63.69819084,-22.18890125,87.26837007,RF
-91.52481326,119.0361079,-27.51129465,58.90935761,-21.53057199,87.25890203,RF
-92.91916475,118.3868847,-25.46771994,58.18904177,-21.47384961,87.25814003,RF
-92.91916475,118.3868847,-25.46771994,58.18904177,-21.47384961,87.25814003,RF
-107.886618,107.6308974,0.255720572,49.83557543,-20.75160786,87.2486731,RF
-118.1557801,92.27040776,25.88537237,39.88413344,-20.03727899,87.23920719,RF
-123.288951,72.93413435,50.35481665,28.15117967,-19.37942657,87.2297423,RF
-123.0690918,50.47078366,72.59830809,15.42886639,-18.83116313,87.22027843,RF
-117.4616386,25.85545712,91.60618146,1.53599099,-18.43330166,87.21081559,RF
-116.5292101,23.070725,93.4584851,1.97E-09,-18.40074633,87.20977933,RF
-116.5292101,23.07072499,93.4584851,1.26E-09,-18.40074633,87.20977933,RF
-105.2935822,-2.670502658,107.9640848,-13.54201611,-18.21943683,87.20031763,RF
-89.4869199,-28.23361081,117.7205307,-26.43864992,-18.25898435,87.19085694,RF
-69.78895049,-52.52686391,122.3158144,-38.06097236,-18.53387514,87.18139729,RF
-47.0302729,-74.47496482,121.5052377,-48.35724362,-19.04228155,87.17193866,RF
-22.26763116,-93.09747882,115.36511,-56.6384916,-19.76981767,87.16248107,RF
-20.25294839,-94.40246619,114.6554146,-57.13334684,-19.83589642,87.16173354,RF
-20.25294839,-94.40246619,114.6554146,-57.13334684,-19.83589642,87.16173354,RF
5.510173537,-108.5829367,103.0727631,-62.64150994,-20.77681764,87.15227706,RF
31.02173898,-117.9786602,86.95692122,-65.35703716,-21.87348348,87.14282162,RF
55.14591506,-122.1700127,67.02409769,-66.00047701,-23.07347445,87.13336722,RF
76.89263474,-120.9716242,44.07898944,-62.19423015,-24.33104426,87.12391385,RF
95.25527954,-114.4544489,19.19916934,-56.6713428,-25.57772815,87.11446152,RF
96.19999061,-113.9135695,17.71357891,-56.25975375,-25.64820801,87.11391226,RF
96.19999061,-113.9135695,17.71357891,-56.25975375,-25.64820801,87.11391226,RF
110.1434282,-102.074822,-8.068606254,-48.0982773,-26.8217197,87.10446102,RF
119.2656429,-85.73370344,-33.53193944,-37.87581766,-27.86005001,87.09501083,RF
123.1806738,-65.60228687,-57.57838694,-26.14602009,-28.71091978,87.08556167,RF
121.720199,-42.5532215,-79.16697751,-13.52148596,-29.32784835,87.07611354,RF
114.9521155,-17.72177864,-97.23033684,2.41E-10,-29.65568385,87.06670704,RF
114.9521155,-17.72177864,-97.23033684,7.05E-10,-29.65568385,87.06670704,RF
103.1689241,8.0668781,-111.2358022,13.59616388,-29.69863531,87.05726096,RF
86.86937256,33.53783432,-120.4072069,26.226711,-29.42108015,87.04781591,RF
66.77273679,57.60539888,-124.3781357,37.65380049,-28.83296498,87.03837187,RF
43.74980967,79.22568895,-122.9754986,47.28365972,-27.9499294,87.02892886,RF
19.04266157,97.27965309,-116.3223147,55.03780442,-26.8067592,87.01956526,RF
19.04266157,97.27965309,-116.3223147,55.03780442,-26.8067592,87.01956526,RF
-6.75732356,111.3333489,-104.5760253,60.17403115,-25.42165013,87.01012427,RF
-32.24045025,120.5818131,-88.34136284,62.83366963,-23.86949752,87.00068428,RF
-56.33860791,124.6288946,-68.29028667,62.57753396,-22.20259265,86.9912453,RF
-78.00335577,123.3048715,-45.30151572,59.70831208,-20.48863342,86.98180733,RF
-95.53980511,117.0712786,-21.53147344,54.94861198,-18.868535,86.97280668,RF
-95.53980512,117.0712786,-21.53147344,54.94861198,-18.868535,86.97280668,RF
-109.772232,105.5762429,4.195989175,46.63674985,-17.25166703,86.96337068,RF
-119.293721,89.55972259,29.73399838,36.47182757,-15.78367999,86.95393569,RF
-123.6168027,69.68844978,53.92835288,24.90848596,-14.51813754,86.94450171,RF
-122.5748333,46.82976325,75.74507006,12.44741133,-13.50214606,86.93506874,RF
-117.2351788,25.18971027,92.04546852,3.36E-10,-12.84412295,86.926824,RF
-117.2351788,25.18971027,92.04546853,-1.76E-10,-12.84412295,86.926824,RF
-106.4416649,-0.522678372,106.9643432,-13.09618949,-12.37990354,86.91739293,RF
-90.98244576,-26.14634509,117.1287908,-25.60989553,-12.22725796,86.90796289,RF
-71.57643424,-50.58401166,122.1604459,-37.10933245,-12.38315689,86.89853387,RF
-49.05695162,-72.77437193,121.8313235,-46.86978335,-12.82894278,86.88910587,RF
-25.59277086,-90.91641545,116.5091863,-54.29664294,-13.49308451,86.88012601,RF
-25.59277085,-90.91641545,116.5091863,-54.29664294,-13.49308451,86.88012601,RF
0.064836761,-106.0124974,105.9476607,-60.14480509,-14.39714991,86.87070003,RF
25.7271864,-116.4558557,90.72866934,-62.94467813,-15.4689214,86.86127507,RF
50.26133793,-121.7751231,71.51378515,-63.20839679,-16.64828541,86.85185116,RF
72.56447385,-121.7247151,49.1602412,-61.31807735,-17.86733853,86.84242827,RF
90.55145773,-116.8372475,26.28578979,-55.3487682,-18.99682965,86.83364442,RF
90.55145773,-116.8372475,26.28578979,-55.3487682,-18.99682965,86.83364442,RF
105.9795408,-106.6378027,0.658261958,-47.87981507,-20.13371097,86.82422353,RF
116.7851122,-91.74469942,-25.04041276,-38.08424191,-21.14847887,86.81480368,RF
122.4967489,-72.79923895,-49.69751,-26.82202207,-21.99652575,86.80538485,RF
122.8738854,-50.60387942,-72.27000594,-14.68604368,-22.64881837,86.79596706,RF
117.8133286,-26.18763103,-91.62569757,-0.171494201,-23.04809362,86.78655029,RF
117.7183874,-25.87640388,-91.84198352,-5.44E-10,-23.0517085,86.78643423,RF
117.7183874,-25.87640388,-91.84198352,1.68E-10,-23.0517085,86.78643423,RF
107.4914809,-0.244141048,-107.2473398,13.53081993,-23.22857789,86.7770185,RF
92.57086473,25.45154044,-118.0224052,26.45687234,-23.17601515,86.76760379,RF
73.601196,50.10089951,-123.7020955,38.30869163,-22.91219277,86.7581901,RF
51.42051783,72.57072297,-123.9912408,48.95108939,-22.45626423,86.74877743,RF
26.96738675,91.98345069,-118.9508374,57.20107363,-21.86467451,86.73936577,RF
25.18619297,93.20883051,-118.3950235,57.74689487,-21.81818705,86.73870294,RF
25.18619297,93.20883051,-118.3950235,57.74689487,-21.81818705,86.73870294,RF
-0.488109379,108.33713,-107.8490206,63.72237665,-21.12349914,86.72929237,RF
-26.14626943,118.7945939,-92.6483245,66.65217485,-20.39148817,86.71988281,RF
-50.68948846,124.1364686,-73.44698017,67.06209706,-19.67783845,86.71047427,RF
-73.07712017,124.1306885,-51.05356835,65.41673736,-19.03749449,86.70106674,RF
-92.16787475,118.6940915,-26.52621679,58.93861157,-18.51311353,86.69166023,RF
-94.15667251,117.7224043,-23.56573181,58.17201525,-18.46250054,86.69056349,RF
-94.15667251,117.7224043,-23.56573181,58.17201525,-18.46250054,86.69056349,RF
-108.7977771,106.6324555,2.165321637,50.061286,-18.13354342,86.68115812,RF
-118.7050638,90.95479865,27.75026512,40.07849268,-18.01181809,86.67175376,RF
-123.4601103,71.36050754,52.09960272,28.61933796,-18.120482,86.66235042,RF
-122.8105914,48.68012408,74.13046735,15.08596045,-18.4668305,86.6529481,RF
-116.8323855,23.9644263,92.86795922,1.247061263,-19.0470859,86.64354681,RF
-115.9815513,21.51783323,94.46371803,-2.79E-09,-19.11453117,86.64264356,RF
-115.9815513,21.51783323,94.46371803,-3.45E-09,-19.11453117,86.64264356,RF
-104.4632876,-4.24527575,108.7085634,-13.36709563,-19.93569233,86.63324339,RF
-88.39746186,-29.76247038,118.1599322,-26.28160657,-20.93937749,86.62384425,RF
-68.49153539,-53.93320117,122.4247366,-37.91494933,-22.08579546,86.61444615,RF
-45.60921526,-75.71064547,121.3198607,-47.71538636,-23.3246722,86.60504907,RF
-20.72502749,-94.1322641,114.8572916,-55.69009967,-24.5943445,86.59565303,RF
-19.38960115,-94.98639264,114.3759938,-56.06027793,-24.6599887,86.59516119,RF
-19.38960114,-94.98639264,114.3759938,-56.06027793,-24.6599887,86.59516119,RF
6.368652993,-108.9973608,102.6287078,-61.33056826,-25.89166553,86.58576623,RF
31.85503633,-118.2233325,86.36829622,-64.07607988,-27.0322003,86.5763723,RF
55.94926545,-122.2493929,66.30012749,-63.98703581,-28.01881073,86.5669794,RF
77.56919907,-120.8640684,43.29486932,-60.95380636,-28.78547551,86.55758753,RF
95.74493266,-114.2090069,18.46407428,-55.37840166,-29.29958814,86.54823238,RF
95.74493266,-114.2090069,18.46407428,-55.37840166,-29.29958814,86.54823238,RF
109.8151602,-102.5122401,-7.302920068,-47.47993326,-29.52716614,86.53884255,RF
119.0984177,-86.2946997,-32.80371805,-37.61360253,-29.44573507,86.52945375,RF
123.1587197,-66.27763836,-56.88108137,-26.54753705,-29.03958425,86.52006595,RF
121.8328095,-43.2721269,-78.5606826,-12.70750484,-28.31780951,86.51067917,RF
115.5107259,-19.24535746,-96.26536849,-2.03E-09,-27.34774088,86.5016204,RF
115.5107259,-19.24535746,-96.26536849,-1.36E-09,-27.34774088,86.5016204,RF
104.0121254,6.510239567,-110.522365,13.17934894,-26.09262167,86.4922356,RF
87.96489882,32.04767085,-120.0125697,25.67133376,-24.62776416,86.48285181,RF
68.06678496,56.19577457,-124.2625595,37.3832713,-23.00253505,86.47346902,RF
45.17009297,78.01331475,-123.1834077,46.88355894,-21.29182446,86.46408724,RF
22.34464959,95.11026937,-117.454919,54.29966288,-19.69705768,86.45545149,RF
22.34464959,95.11026937,-117.454919,54.29966288,-19.69705768,86.45545149,RF
-3.37355797,109.7516534,-106.3780955,59.43159033,-18.0089384,86.44607163,RF
-28.9754858,119.6607769,-90.68529107,63.34223437,-16.42723813,86.43669277,RF
-53.33654488,124.387596,-71.05105116,62.93312628,-15.01462164,86.42731491,RF
-75.35616076,123.7578117,-48.40165096,60.44994061,-13.83248819,86.41793806,RF
-94.13700095,117.7752551,-23.63825414,55.89373596,-12.91716492,86.40856221,RF
-95.52293508,117.0454154,-21.52248028,54.70454874,-12.85429518,86.40778119,RF
-95.52293508,117.0454154,-21.52248028,54.70454873,-12.85429518,86.40778119,RF
-109.7725879,105.5745223,4.198065566,46.10553734,-12.26468594,86.39840644,RF
-119.2988021,89.56088753,29.73791455,35.90120005,-11.99141695,86.3890327,RF
-123.6289918,69.69405154,53.93494027,24.25560536,-12.03450405,86.37965998,RF
-122.5914716,46.83622055,75.75525106,11.80475169,-12.38120787,86.37028828,RF
-117.7420013,26.58196264,91.16003867,5.43E-09,-12.87089556,86.3626161,RF
-117.7420013,26.58196264,91.16003868,4.81E-09,-12.87089556,86.3626161,RF
-107.1926048,0.920067553,106.2725372,-12.87497784,-13.6854072,86.35324626,RF
-91.98551323,-24.74278133,116.7282946,-25.68194215,-14.69627339,86.34387744,RF
-72.78105365,-49.28026025,122.0613139,-37.08184319,-15.84616801,86.33450965,RF
-50.39535027,-71.62088302,122.0162333,-47.30200389,-17.07255336,86.32514288,RF
-27.55470437,-89.59097286,117.1456772,-55.10980881,-18.22607296,86.31641052,RF
-27.55470437,-89.59097286,117.1456772,-55.10980881,-18.22607296,86.31641052,RF
-1.932933971,-105.0450836,106.9780175,-60.46708779,-19.42417086,86.30704574,RF
23.76972802,-115.8530957,92.08336765,-63.91587257,-20.51740673,86.29768199,RF
48.4235774,-121.5703406,73.14676317,-64.23855671,-21.46142743,86.28831926,RF
70.96642523,-121.9446532,50.97822797,-61.78918059,-22.21620107,86.27895756,RF
90.36462906,-116.9330196,26.56839059,-56.77669278,-22.74054779,86.26959688,RF
90.9750966,-116.6643061,25.68920951,-56.54945897,-22.75502429,86.26927151,RF
90.9750966,-116.6643061,25.68920951,-56.54945897,-22.75502429,86.26927151,RF
106.3086108,-106.3293856,0.020774781,-48.3546758,-23.0410797,86.25991188,RF
116.9820412,-91.32295933,-25.65908183,-38.54512642,-23.0882453,86.25055327,RF
122.5491278,-72.28208612,-50.26704172,-26.93370696,-22.9103988,86.24119568,RF
122.7714754,-50.03756574,-72.73390963,-14.24309979,-22.53396576,86.2318391,RF
117.6075571,-25.57822494,-92.02933213,-0.949211746,-21.98667606,86.22248353,RF
117.1488291,-24.11540069,-93.03342837,-5.20E-10,-21.9510797,86.22194328,RF
117.1488291,-24.11540069,-93.03342838,3.15E-10,-21.9510797,86.22194328,RF
106.559138,1.582064761,-108.1412028,13.91628945,-21.2819206,86.21258878,RF
91.32629338,27.23305288,-118.5593463,26.84878202,-20.55158427,86.20323529,RF
72.09935981,51.75433214,-123.853692,38.73431126,-19.81519154,86.1938828,RF
49.71673265,74.0808647,-123.7975974,49.01564523,-19.13039173,86.18453132,RF
25.13262076,93.21257436,-118.3451951,57.24725952,-18.54577694,86.17518085,RF
22.75405417,94.81215519,-117.5662094,57.89390357,-18.49819511,86.17430328,RF
22.75405417,94.81215519,-117.5662094,57.89390357,-18.4981951,86.17430328,RF
-2.953786106,109.5126745,-106.5588884,63.35153567,-18.08632124,86.16495391,RF
-28.55504495,119.5009694,-90.94592442,66.39304185,-17.87125085,86.15560556,RF
-52.93165563,124.3389951,-71.40733952,66.76005724,-17.8815231,86.14625822,RF
-75.05392536,123.8183559,-48.7644305,65.06377249,-18.13539153,86.13691189,RF
-93.80198091,117.8828949,-24.08091404,58.20648829,-18.62006518,86.12756659,RF
-95.67443767,116.8937417,-21.21930405,57.46333604,-18.69004981,86.12651726,RF
-95.67443767,116.8937417,-21.21930405,57.46333604,-18.69004981,86.12651726,RF
-109.90943,105.3640506,4.545379307,49.24201273,-19.43624038,86.11717309,RF
-119.3628895,89.30043853,30.06245099,39.19514102,-20.38250792,86.10782994,RF
-123.6352366,69.39052955,54.24470701,27.75509062,-21.4929705,86.09848781,RF
-122.5381621,46.47198603,76.06617604,16.25402287,-22.72424866,86.08914671,RF
-116.0494688,21.63298547,94.41648328,0.659134438,-23.98458931,86.07980663,RF
-115.6104979,20.41202063,95.19847728,3.59E-10,-24.0459331,86.07936055,RF
-115.6104979,20.41202063,95.19847728,-3.46E-10,-24.0459331,86.07936055,RF
-103.8814314,-5.358974846,109.2404063,-13.4211269,-25.31098605,86.07002155,RF
-87.64034664,-30.84358172,118.4839284,-26.04358257,-26.50194429,86.06068357,RF
-67.58874391,-54.94435281,122.5330967,-37.25265304,-27.5590387,86.05134662,RF
-44.57640397,-76.59808659,121.1744906,-47.54793356,-28.4162965,86.04201069,RF
-20.64862872,-94.20317541,114.8518041,-55.28264467,-29.0062563,86.03303665,RF
-20.64862872,-94.20317541,114.8518041,-55.28264467,-29.0062563,86.03303665,RF
5.101021444,-108.4464558,103.3454343,-60.51496175,-29.34768417,86.02370271,RF
30.62449274,-117.9111119,87.2866192,-63.25549061,-29.37824747,86.0143698,RF
54.80191526,-122.1876589,67.38574363,-63.16093067,-29.08682609,86.00503789,RF
76.5912746,-121.0946111,44.50333654,-60.32889189,-28.47673615,85.99570699,RF
94.999633,-114.6674243,19.66779128,-55.37150917,-27.55946353,85.98637709,RF
95.49600683,-114.3919986,18.89599178,-55.06896668,-27.5271537,85.9860958,RF
95.49600683,-114.3919986,18.89599177,-55.06896668,-27.5271537,85.9860958,RF
109.6351378,-102.7353819,-6.899755856,-46.4982206,-26.32122853,85.97676694,RF
118.9789723,-86.57946474,-32.3995076,-36.51319889,-24.89474463,85.96743908,RF
123.1269067,-66.59246824,-56.53443846,-24.87752606,-23.29518456,85.95811221,RF
121.9033939,-43.64928713,-78.25410682,-12.28603292,-21.5878539,85.94878634,RF
116.0968528,-21.01828945,-95.07856336,5.49E-11,-19.98849385,85.94028579,RF
116.0968528,-21.01828945,-95.07856336,6.17E-10,-19.98849385,85.94028579,RF
104.9452746,4.729126853,-109.6744015,13.3367137,-18.26660485,85.93096182,RF
89.18312939,30.30387221,-119.4870016,25.79892747,-16.63535373,85.92163885,RF
69.5259684,54.61506833,-124.1410367,37.22889642,-15.16318508,85.91231687,RF
46.82269656,76.60621331,-123.4289099,46.99542819,-13.90664712,85.9029959,RF
23.09388091,94.58196992,-117.6758508,54.64220577,-12.94587215,85.89405108,RF
23.09388091,94.58196992,-117.6758508,54.64220577,-12.94587215,85.89405108,RF
-2.632266121,109.3779899,-106.7457238,59.77469189,-12.23664029,85.88473207,RF
-28.24052338,119.424079,-91.18355566,62.51330257,-11.84380962,85.87541406,RF
-52.63520216,124.3244193,-71.68921716,62.47481856,-11.77405208,85.86609706,RF
-74.75682288,123.8624622,-49.10563936,59.87531455,-12.01873624,85.85678108,RF
-93.66610536,118.0556487,-24.38954338,55.19632074,-12.557874,85.8474661,RF
-94.34302055,117.7111285,-23.36810793,54.59983154,-12.58475378,85.84709141,RF
-94.34302055,117.7111285,-23.36810793,54.59983154,-12.58475378,85.84709141,RF
-108.9027194,106.5613948,2.341324642,46.10648367,-13.37654525,85.83777749,RF
-117.0580717,94.66929947,22.38877227,38.11111642,-14.1454592,85.83051219,RF
-122.9357783,75.84618525,47.08959307,26.451633,-15.26776064,85.8212046,RF
-123.4520713,53.74467319,69.70739809,13.56327281,-16.49022001,85.81189803,RF
-118.6366424,29.42519804,89.2114444,0.675857974,-17.74039946,85.80259249,RF
-118.2602656,28.17913575,90.08112987,1.48E-09,-17.80228412,85.80213306,RF
-118.2602656,28.17913575,90.08112987,7.82E-10,-17.80228412,85.80213306,RF
-108.0298413,2.553533857,105.4763074,-13.30164193,-19.02710842,85.79282859,RF
-93.11200824,-23.12895413,116.2409624,-26.05766559,-20.16113389,85.78352513,RF
-74.15061964,-47.76552351,121.9161431,-37.54157707,-21.15463862,85.7742227,RF
-51.95131311,-70.26715271,122.2184658,-48.19383136,-21.9559521,85.76492128,RF
-28.43888698,-89.0010134,117.4399004,-56.27402854,-22.51961352,85.75595654,RF
-28.43888698,-89.0010134,117.4399004,-56.27402854,-22.51961352,85.75595654,RF
-2.852879066,-104.595609,107.4484881,-61.6652892,-22.87863898,85.74665712,RF
22.85297671,-115.5683464,92.71536972,-65.22330193,-22.98996361,85.7373587,RF
47.54961224,-121.4680393,73.91842709,-65.65448034,-22.8716637,85.72806129,RF
70.17373289,-122.0357112,51.8619783,-63.35046662,-22.54485922,85.71876489,RF
89.69720852,-117.233243,27.5360345,-58.70748247,-22.03954118,85.7094695,RF
91.46041557,-116.456821,24.9964054,-57.79752636,-21.98017129,85.70853653,RF
91.46041557,-116.456821,24.9964054,-57.79752636,-21.98017129,85.70853653,RF
106.6524567,-105.9669126,-0.68554407,-49.54933678,-21.32730322,85.69924224,RF
117.1816123,-90.84616399,-26.33544835,-39.67150338,-20.60608124,85.68994894,RF
122.5976569,-71.71253253,-50.88512442,-28.01357889,-19.86699147,85.68065665,RF
122.671384,-49.40488422,-73.26649979,-15.32858675,-19.16962727,85.67136536,RF
117.3490856,-24.90753488,-92.44155072,-1.734354012,-18.56332392,85.66207507,RF
116.4438294,-22.09628582,-94.34754354,-7.26E-11,-18.5051292,85.66104586,RF
116.4438294,-22.09628581,-94.34754354,7.17E-10,-18.5051292,85.66104586,RF
105.4792321,3.627545683,-109.1067778,13.53564642,-18.06846039,85.65175669,RF
89.91082288,29.21486285,-119.1256857,26.52961485,-17.82409543,85.64246852,RF
70.41386872,53.5878255,-124.0016942,38.34212627,-17.80332407,85.63318135,RF
47.83471253,75.6875743,-123.5222868,48.46816013,-18.02424499,85.62389519,RF
23.13674838,94.52751692,-117.6642653,56.42613476,-18.48851888,85.61461005,RF
20.06320846,96.54192637,-116.6051348,57.30560528,-18.56050349,85.61348728,RF
20.06320846,96.54192637,-116.6051348,57.30560528,-18.56050349,85.61348728,RF
-5.681397643,110.7960792,-105.1146816,63.1452819,-19.28817817,85.60420327,RF
-31.23167258,120.2390092,-89.00733664,66.1165643,-20.22241882,85.59492028,RF
-55.38201375,124.5063152,-69.12430145,66.14941629,-21.32066932,85.5856383,RF
-77.11990369,123.4047646,-46.28486095,62.33570289,-22.53425804,85.57635733,RF
-95.53808359,116.9794056,-21.44132198,56.77689027,-23.8137687,85.56707739,RF
-96.29586437,116.5528143,-20.25694997,56.43010201,-23.87326221,85.5666471,RF
-96.29586437,116.5528143,-20.25694997,56.43010201,-23.87326222,85.5666471,RF
-110.3622575,104.8606229,5.501634663,48.27026728,-25.15092253,85.55736822,RF
-119.636811,88.6601891,30.97662185,38.19717468,-26.3589602,85.54809036,RF
-123.735194,68.64289093,55.09230302,26.99064135,-27.44154492,85.53881351,RF
-122.3984408,45.66623043,76.7322104,13.20696014,-28.31522095,85.52953769,RF
-115.8147051,20.88038263,94.93432244,7.80E-10,-28.95110279,85.52030427,RF
-115.8147051,20.88038263,94.93432245,1.11E-10,-28.95110279,85.52030427,RF
-104.187433,-4.870172538,109.0576055,-13.39922332,-29.30795764,85.51103046,RF
-88.03315264,-30.37037523,118.4035279,-25.77034319,-29.35531823,85.50175766,RF
-68.05108607,-54.46285883,122.5139449,-37.7371558,-29.06467932,85.49248586,RF
-45.10459316,-76.18774131,121.2923345,-47.29335724,-28.46222985,85.48321507,RF
-21.74673143,-93.52092059,115.267652,-55.01529181,-27.60823775,85.47449737,RF
-21.74673143,-93.52092059,115.267652,-55.01529181,-27.60823775,85.47449737,RF
3.980245751,-107.9461449,103.9658992,-60.25932317,-26.432109,85.46522851,RF
29.52524102,-117.6208806,88.09563961,-62.99041443,-25.02027768,85.45596064,RF
53.77279195,-122.1250863,68.35229431,-62.92149328,-23.42886202,85.44669376,RF
75.67699837,-121.2679276,45.59092925,-60.19151513,-21.72171262,85.43742787,RF
94.30798765,-115.0847599,20.7767722,-55.37995805,-19.96641918,85.42816297,RF
94.69274641,-114.8769634,20.18421698,-55.06244106,-19.92526706,85.42794729,RF
94.69274641,-114.8769634,20.18421698,-55.06244106,-19.92526706,85.42794729,RF
108.9896206,-103.4618542,-5.527766422,-46.82600729,-18.18934173,85.4186834,RF
118.6022607,-87.53428422,-31.06797647,-36.63017976,-16.55523623,85.4094205,RF
123.0240045,-67.73702083,-55.28698364,-25.0826572,-15.08171654,85.40015859,RF
122.0860618,-44.93708645,-77.14897531,-12.59396751,-13.82761506,85.39089767,RF
116.5928861,-22.47016864,-94.1227175,-2.82E-09,-12.91804421,85.38249171,RF
116.5928861,-22.47016864,-94.1227175,-2.21E-09,-12.91804421,85.38249171,RF
105.7069529,3.221796245,-108.9287491,13.02349143,-12.20178675,85.37323268,RF
90.20779641,28.8294555,-119.0372519,25.64337126,-11.8047756,85.36397466,RF
70.76749094,53.23942093,-124.0069119,36.98609387,-11.73339956,85.35471764,RF
48.20713849,75.38426598,-123.5914045,46.87937516,-11.97876173,85.34546162,RF
25.18950277,93.17360534,-118.3631081,54.39410069,-12.47172688,85.33680239,RF
25.18950277,93.17360534,-118.3631081,54.39410069,-12.47172688,85.33680239,RF
-0.461798936,108.3040043,-107.8422054,59.92558305,-13.24785262,85.32754833,RF
-26.1143294,118.7708746,-92.65654521,62.80651617,-14.234664,85.31829528,RF
-50.64238814,124.1190519,-73.4766638,62.92799659,-15.3751166,85.30904324,RF
-72.98857163,124.120876,-51.13230435,60.33992248,-16.60890348,85.29979221,RF
-92.13978112,118.7599245,-26.6201434,55.77299676,-17.86281095,85.2905422,RF
-92.29717616,118.6872722,-26.39009605,55.67620073,-17.87429819,85.29045836,RF
-92.29717616,118.6872722,-26.39009605,55.67620073,-17.87429819,85.29045836,RF
-107.4387539,108.1416543,-0.702900346,46.82479702,-19.09656878,85.28120937,RF
-117.9025496,92.95897699,24.94357258,36.97805182,-20.21779896,85.2719614,RF
-123.2491844,73.7762942,49.47289016,25.34728953,-21.19033407,85.26271444,RF
-123.2502781,51.43106897,71.81920909,12.75721481,-21.97310149,85.25346849,RF
-118.5245401,29.10026868,89.42427141,5.14E-10,-22.47885824,85.24503183,RF
-118.5245401,29.10026868,89.42427141,-3.55E-12,-22.47885824,85.24503183,RF
-108.5005183,3.505049786,104.9954685,-13.62046386,-22.82417037,85.23578781,RF
-93.73323586,-22.1935946,115.9268305,-26.41155746,-22.91771191,85.2265448,RF
-74.90530959,-46.87472352,121.7800331,-38.27832185,-22.78152475,85.21730278,RF
-52.82630509,-69.47261736,122.2989225,-48.48237016,-22.43869145,85.20806177,RF
-28.4784067,-88.96578174,117.4441884,-56.90479498,-21.92033238,85.19882175,RF
-26.23897387,-90.51940613,116.75838,-57.74375176,-21.86727708,85.19800305,RF
-26.23897387,-90.51940614,116.75838,-57.74375176,-21.86727708,85.19800305,RF
-0.558060592,-105.7284592,106.2865198,-63.11779321,-21.21041736,85.18876412,RF
25.09288671,-116.2695863,91.17669958,-66.35057921,-20.48968246,85.17952618,RF
49.64637932,-121.6995973,72.05321795,-66.57634355,-19.758142,85.17028924,RF
72.03305765,-121.7871384,49.75408074,-64.18605818,-19.07557159,85.1610533,RF
91.30701832,-116.5277828,25.22076453,-59.80210173,-18.49785872,85.15181835,RF
93.62212728,-115.3946589,21.77253159,-57.91483606,-18.42844187,85.15056144,RF
93.62212728,-115.3946589,21.77253159,-57.91483606,-18.42844187,85.15056144,RF
108.2058969,-104.2785882,-3.927308632,-50.15260998,-18.02060793,85.14132762,RF
118.1242,-88.61756013,-29.50663984,-39.77424131,-17.81854852,85.1320948,RF
122.8745232,-69.03829159,-53.83623165,-28.05212976,-17.84372957,85.12286298,RF
122.2710796,-46.3995127,-75.87156695,-15.38369404,-18.11381535,85.11363217,RF
116.300966,-21.68560123,-94.61536478,-1.244458621,-18.62620584,85.10440236,RF
115.5110556,-19.40294044,-96.10811511,7.25E-10,-18.68392222,85.1035755,RF
115.5110555,-19.40294044,-96.10811511,1.43E-09,-18.68392222,85.1035755,RF
104.0404245,6.343512258,-110.3839367,13.46419541,-19.44955705,85.09434679,RF
88.03109836,31.85825771,-119.8893561,26.21788508,-20.41652986,85.08511908,RF
68.17214752,56.04944628,-124.2215938,37.61086625,-21.54681398,85.07589239,RF
45.31891017,77.83426988,-123.15318,48.05595438,-22.78270955,85.0666667,RF
20.48673254,96.28596951,-116.772702,55.88775831,-24.07070212,85.05744203,RF
19.03502393,97.21574798,-116.2507719,56.29714798,-24.14369566,85.05691754,RF
19.03502393,97.21574798,-116.2507719,56.29714798,-24.14369566,85.05691754,RF
-6.725190565,111.2745974,-104.5494069,61.75364309,-25.41674706,85.04769394,RF
-32.20819983,120.5456324,-88.33743255,64.3236351,-26.60887048,85.03847135,RF
-56.30956825,124.600051,-68.29048278,63.52455229,-27.65157184,85.02924977,RF
-77.94882606,123.2793379,-45.33051187,60.69160456,-28.48641909,85.0200292,RF
-95.74270787,116.9110641,-21.16835622,55.88077713,-29.05680036,85.01107928,RF
-95.74270787,116.9110641,-21.16835622,55.88077713,-29.05680036,85.01107928,RF
-109.9626727,105.3950531,4.567619603,47.36197653,-29.35533181,85.00186069,RF
-119.4109164,89.3337606,30.07715585,37.45065847,-29.3360812,84.99264311,RF
-123.6748437,69.43604291,54.23880084,25.86039578,-28.98898762,84.98342652,RF
-122.5746407,46.56276611,76.0118746,13.3175254,-28.32029193,84.97421093,RF
-116.1401377,21.73332323,94.40681446,0.45439173,-27.34325762,84.96499633,RF
-115.9124467,21.09463765,94.81780908,3.95E-09,-27.31511182,84.96476598,RF
-115.9124467,21.09463765,94.81780908,3.02E-09,-27.31511182,84.96476598,RF
-104.2897641,-4.686178939,108.9759431,-14.03404911,-26.05780249,84.95555239,RF
-88.16243282,-30.17807058,118.3405034,-26.39178625,-24.58485707,84.94633979,RF
-68.2050543,-54.31213304,122.5171873,-37.74085973,-22.94953548,84.93712817,RF
-45.28953631,-76.03952574,121.329062,-47.39883555,-21.21973377,84.92791753,RF
-22.96546811,-92.68233232,115.6478004,-54.64952871,-19.63160239,84.91962821,RF
-22.9654681,-92.68233232,115.6478004,-54.64952871,-19.63160239,84.91962821,RF
2.757185876,-107.3571133,104.5999274,-59.85420488,-17.91832404,84.91041944,RF
28.3340728,-117.2600397,88.92596689,-62.65170066,-16.31102444,84.90121166,RF
52.66934207,-122.0162002,69.34685811,-62.65669717,-14.87964791,84.89200486,RF
74.70731066,-121.412137,46.70482638,-60.13328351,-13.67933115,84.88279904,RF
93.51178161,-115.47205,21.96026841,-55.80401428,-12.75471317,84.87359421,RF
94.46254297,-114.9733266,20.51078364,-54.89442488,-12.71093626,84.87306949,RF
94.46254297,-114.9733266,20.51078364,-54.89442488,-12.71093626,84.87306949,RF
108.8239688,-103.6224609,-5.201507855,-46.20552576,-12.11079004,84.8638657,RF
118.5033749,-87.75133566,-30.75203923,-35.9880391,-11.83664575,84.85466292,RF
122.9961887,-67.99976192,-54.99642676,-24.37288103,-11.88661854,84.84546113,RF
122.1306821,-45.23320963,-76.89747251,-11.93390339,-12.24686142,84.83626034,RF
117.3855315,-24.91035836,-92.47517312,2.66E-10,-12.75493629,84.82868476,RF
117.3855315,-24.91035836,-92.47517312,9.03E-10,-12.75493629,84.82868476,RF
106.9785653,0.724283949,-107.7028492,12.84328908,-13.59129871,84.8194858,RF
91.90223879,26.39150622,-118.293745,25.68189435,-14.62409773,84.81028784,RF
72.80964156,50.96582834,-123.7754699,37.14751451,-15.7931316,84.8010909,RF
50.51804014,73.37242232,-123.8904625,47.27267988,-17.03272166,84.79189496,RF
27.22374139,91.79620623,-119.0199476,55.11161327,-18.21781839,84.78313433,RF
27.22374139,91.79620624,-119.0199476,55.11161327,-18.21781839,84.78313433,RF
1.618381657,107.2723581,-108.8907398,60.82102914,-19.40817833,84.77394036,RF
-24.0817015,118.147519,-94.06581753,63.7634201,-20.49000562,84.7647474,RF
-48.74510118,123.9093638,-75.16426264,63.90832017,-21.40396492,84.75555545,RF
-71.28178885,124.3283553,-53.04656645,61.41608564,-22.11374369,84.7463645,RF
-90.74696145,119.3881467,-28.64118524,56.47583605,-22.59737486,84.73717456,RF
-91.04922353,119.2536862,-28.20446271,56.31651959,-22.60282009,84.7370151,RF
-91.04922353,119.2536862,-28.20446271,56.31651959,-22.60282009,84.7370151,RF
-106.4823912,109.0864202,-2.604028961,48.28672131,-22.837576,84.72782617,RF
-117.3014107,94.21598873,23.08542195,38.54999522,-22.83310351,84.71863824,RF
-123.0262154,75.29772581,47.72848955,27.03715253,-22.60494817,84.70945131,RF
-123.414932,53.15000782,70.26492419,14.40206564,-22.18396171,84.70026537,RF
-118.4377267,28.76375837,89.6739683,1.161189897,-21.60705017,84.69108042,RF
-117.9320503,27.14523979,90.78681048,-2.89E-09,-21.5641797,84.69049811,RF
-117.9320503,27.14523979,90.78681048,-3.82E-09,-21.5641797,84.69049811,RF
-107.476466,1.483281441,105.9931845,-13.84247146,-20.87522142,84.68131422,RF
-92.36887433,-24.17186612,116.5407405,-26.75279878,-20.14421414,84.67213131,RF
-73.25006727,-48.72593761,121.9760049,-38.64066042,-19.42750234,84.66294939,RF
-50.95340451,-71.11395914,122.0673637,-48.95258813,-18.78410529,84.65376846,RF
-26.45859633,-90.31236347,116.7709598,-57.46211511,-18.26335183,84.64458852,RF
-22.89184726,-92.72677791,115.6186252,-58.47263558,-18.20451416,84.64330331,RF
-22.89184726,-92.72677791,115.6186252,-58.47263558,-18.20451416,84.64330331,RF
2.828724417,-107.3503346,104.5216102,-63.74331596,-17.88705317,84.6341245,RF
28.40267151,-117.253642,88.85097052,-65.9732285,-17.78598241,84.62494669,RF
52.74474034,-121.9898293,69.24508892,-66.36449156,-17.92271314,84.61576987,RF
74.7393458,-121.3453197,46.60597387,-63.43417533,-18.30410423,84.60659404,RF
93.48539232,-115.3857281,21.90033573,-57.86056964,-18.92921865,84.59741922,RF
95.25764351,-114.4329019,19.17525843,-57.15040793,-19.0091101,84.59643727,RF
95.25764351,-114.4329019,19.17525843,-57.15040793,-19.0091101,84.59643727,RF
109.4510058,-102.8666306,-6.584375211,-49.02057439,-19.87993528,84.58726356,RF
118.8509182,-86.7682419,-32.08267634,-38.73343669,-20.93293879,84.57809085,RF
123.0658654,-66.83860903,-56.2272564,-26.97151808,-22.1244294,84.56891914,RF
121.9141,-43.94203781,-77.9720622,-14.4076466,-23.39962806,84.55974844,RF
115.4165733,-19.07751437,-96.33905894,-0.350004649,-24.68843341,84.55057875,RF
115.1855725,-18.4343295,-96.751243,9.29E-10,-24.72060223,84.55034787,RF
115.1855725,-18.4343295,-96.751243,1.64E-09,-24.72060223,84.55034787,RF
103.5379399,7.320576004,-110.8585159,13.35785614,-25.96285014,84.54117921,RF
87.37110528,32.80837793,-120.1794832,25.99071165,-27.09117995,84.53201155,RF
67.38361267,56.93201385,-124.3156265,37.20889741,-28.04629668,84.5228449,RF
44.42627856,78.6215063,-123.0477849,47.42756862,-28.76289647,84.51367925,RF
20.69810061,96.17739362,-116.8754942,55.01662854,-29.18721143,84.50492652,RF
20.69810061,96.17739362,-116.8754942,55.01662854,-29.18721143,84.50492652,RF
-5.032962401,110.5252065,-105.4922441,60.31881049,-29.33545942,84.49576282,RF
-30.56347393,120.1100027,-89.54652875,63.07201699,-29.1553092,84.48660012,RF
-54.77618285,124.5190289,-69.74284603,62.9979333,-28.64578089,84.47743841,RF
-76.62680831,123.5651683,-46.93835995,60.15896727,-27.82051406,84.46827768,RF
-94.52413211,117.5834292,-23.05929705,54.66823181,-26.74404059,84.45945902,RF
-94.52413211,117.5834292,-23.05929704,54.66823181,-26.74404059,84.45945902,RF
-109.0621211,106.4137402,2.648380943,47.25654292,-25.38425246,84.45030022,RF
-118.8812943,90.6648422,28.21645213,37.26430786,-23.82966656,84.44114241,RF
-123.5420303,71.01978345,52.52224689,26.00617599,-22.14241866,84.43198557,RF
-122.8234395,48.350881,74.4725585,13.57916631,-20.39165624,84.4228297,RF
-116.8656091,23.89245736,92.97315175,4.25E-10,-18.66400645,84.41379489,RF
-116.8656091,23.89245736,92.97315175,-1.14E-10,-18.66400645,84.41379489,RF
-105.7987018,-1.797975896,107.5966777,-12.94685761,-17.00055192,84.40464097,RF
-90.14202376,-27.38471053,117.5267343,-25.65732274,-15.48504107,84.39548802,RF
-70.57066036,-51.72897765,122.299638,-37.01189358,-14.17891605,84.38633605,RF
-47.91843097,-73.7645151,121.6829461,-46.65888476,-13.13113736,84.37718507,RF
-24.41743641,-91.72081799,116.1382544,-54.14610655,-12.41062855,84.36846713,RF
-24.41743641,-91.72081799,116.1382544,-54.14610655,-12.41062855,84.36846713,RF
1.264795395,-106.6135462,105.3487508,-59.74575334,-11.96670363,84.35931807,RF
26.89064772,-116.8257972,89.93514945,-62.453913,-11.85126704,84.35016999,RF
51.3194317,-121.8707358,70.55130414,-62.22335648,-12.05489471,84.34102291,RF
73.49581543,-121.5614399,48.06562444,-59.30191987,-12.55581782,84.33187683,RF
91.55963559,-116.3793744,24.81973877,-54.59738194,-13.27315711,84.3232257,RF
91.55963559,-116.3793744,24.81973877,-54.59738194,-13.27315711,84.3232257,RF
106.7305907,-105.8868602,-0.843730471,-46.66417284,-14.23909784,84.31408156,RF
117.2435416,-90.74508009,-26.49846148,-36.98805914,-15.36260676,84.30493842,RF
122.6455738,-71.59536939,-51.05020441,-25.77726961,-16.58305142,84.29579629,RF
122.7046546,-49.25286443,-73.45179019,-14.00175599,-17.83905222,84.28665515,RF
118.0831239,-27.11629363,-90.96683029,-6.42E-10,-18.92895769,84.27837324,RF
118.0831239,-27.11629363,-90.96683029,-1.30E-10,-18.92895769,84.27837324,RF
108.1044852,-1.530656637,-106.5738286,12.96593273,-20.0514907,84.26923401,RF
93.41483716,24.17800534,-117.5928425,25.85144372,-21.03071505,84.26009579,RF
74.64480087,48.89263711,-123.537438,37.39698973,-21.82081242,84.25095857,RF
52.60058631,71.50036936,-124.1009557,48.09177965,-22.37692557,84.24182235,RF
28.24808112,91.0962177,-119.3442988,56.13419381,-22.70577326,84.23268712,RF
27.77216809,91.43038489,-119.202553,56.27742884,-22.70927739,84.23251443,RF
27.77216809,91.4303849,-119.202553,56.27742884,-22.70927739,84.23251443,RF
2.189508293,106.9866531,-109.1761614,62.11703769,-22.77944014,84.22338021,RF
-23.51660224,117.9568356,-94.44023341,65.39032617,-22.62030061,84.21424699,RF
-48.21556978,123.8480704,-75.6325006,65.85029754,-22.25416912,84.20511475,RF
-70.79542203,124.380439,-53.58501697,63.81881276,-21.71374853,84.19598349,RF
-90.33749568,119.5377373,-29.2002416,58.37648699,-21.04790541,84.18685322,RF
-91.86848986,118.8640136,-26.99552372,57.84434283,-20.98548686,84.18605588,RF
-91.86848986,118.8640136,-26.99552372,57.84434283,-20.98548686,84.18605588,RF
-107.1010353,108.4456299,-1.344594571,49.96992604,-20.25131947,84.17692668,RF
-117.6784149,93.36415384,24.31426109,40.1369497,-19.51452028,84.16779846,RF
-123.155069,74.267748,48.88732102,28.69595308,-18.83453285,84.15867123,RF
-123.2343096,51.98528995,71.24901962,15.81444673,-18.26203972,84.14954498,RF
-118.0005825,27.46992094,90.53066161,2.077791717,-17.85720038,84.14041971,RF
-116.7256415,23.57303191,93.15260957,1.11E-09,-17.81140264,84.13901624,RF
-116.7256415,23.57303191,93.15260957,4.13E-10,-17.81140264,84.13901624,RF
-105.5984525,-2.139802845,107.7382554,-13.62965654,-17.64262926,84.12989211,RF
-89.88641078,-27.71079214,117.5972029,-26.4135916,-17.7100529,84.12076897,RF
-70.27138223,-52.03244232,122.3038246,-37.98905393,-18.02756142,84.11164683,RF
-47.58018207,-74.03153478,121.6117169,-48.11395328,-18.5916107,84.10252567,RF
-22.86376912,-92.73001396,115.5937831,-56.16631877,-19.38436398,84.09340552,RF
-20.94127812,-93.98428097,114.9255591,-56.64661304,-19.45265634,84.09271661,RF
-20.94127812,-93.98428098,114.9255591,-56.64661304,-19.45265634,84.09271661,RF
4.799147733,-108.2723622,103.4732144,-62.17160164,-20.46186541,84.08359753,RF
30.31941108,-117.7922157,87.47280466,-64.97071862,-21.62481001,84.07447944,RF
54.49796718,-122.128488,67.63052081,-64.69195942,-22.88491336,84.06536236,RF
76.28438223,-121.0753867,44.79100447,-61.57011484,-24.17922643,84.05624627,RF
94.77514959,-114.7468966,19.97174704,-56.0921516,-25.45500507,84.04713119,RF
95.47275807,-114.3578997,18.88514164,-55.76778056,-25.50691491,84.04674363,RF
95.47275807,-114.3578997,18.88514164,-55.76778056,-25.50691491,84.04674363,RF
109.6095775,-102.7227842,-6.886793281,-47.46748052,-26.673465,84.03762959,RF
118.9589693,-86.58421174,-32.37475759,-37.60047908,-27.67567397,84.02851655,RF
123.1251488,-66.61462404,-56.51052479,-26.15200595,-28.45961519,84.0194045,RF
121.9292778,-43.6638842,-78.26539359,-14.06402692,-28.98139679,84.01029345,RF
115.8867883,-20.33551476,-95.55127356,1.61E-09,-29.16370394,84.00173058,RF
115.8867883,-20.33551476,-95.55127356,2.08E-09,-29.16370394,84.00173058,RF
104.5954195,5.390549993,-109.9859695,12.94813716,-29.05649969,83.99262145,RF
88.74299542,30.93855651,-119.6815519,25.60822918,-28.6178502,83.9835133,RF
69.01250632,55.19977012,-124.2122764,36.90308824,-27.8552465,83.97440614,RF
46.27634666,77.07984154,-123.3561882,46.71978392,-26.78753318,83.96529996,RF
22.43982656,95.05884905,-117.4986756,54.36944328,-25.51183275,83.95654736,RF
22.43982656,95.05884905,-117.4986756,54.36944328,-25.51183275,83.95654736,RF
-3.252664861,109.6878154,-106.4351505,60.06553739,-23.97980253,83.94744309,RF
-28.83765797,119.6200935,-90.78243557,62.76029892,-22.30142237,83.93833979,RF
-53.18290844,124.3985009,-71.21559247,62.96412474,-20.54444682,83.92923746,RF
-75.25969842,123.8270798,-48.56738137,60.85793248,-18.78164485,83.9201361,RF
-93.90089122,117.8903777,-23.98948648,54.56515505,-17.09110591,83.91107924,RF
-93.90089122,117.8903777,-23.98948648,54.56515505,-17.09110591,83.91107924,RF
-108.6106527,106.8950602,1.715592518,46.76248387,-15.53430806,83.90197982,RF
-118.6073287,91.29882765,27.30850103,36.97987567,-14.17987729,83.89288137,RF
-123.459755,71.77855355,51.68120149,25.77465219,-13.08109724,83.88378389,RF
-122.9066805,49.17866642,73.72801408,13.00284877,-12.27752922,83.87468739,RF
-117.3024694,25.2255346,92.07693479,7.98E-10,-11.80701894,83.8658625,RF
-117.3024694,25.2255346,92.0769348,1.95E-10,-11.80701894,83.8658625,RF
-106.4929272,-0.450904741,106.9438319,-13.08388723,-11.64860871,83.85676793,RF
-91.06270309,-26.07132545,117.1340285,-25.7044038,-11.81763273,83.84767436,RF
-71.67727674,-50.50975914,122.1870359,-36.97987908,-12.29267448,83.83858177,RF
-49.16139466,-72.69632056,121.8577152,-46.89647162,-13.03783323,83.82949018,RF
-26.72600327,-90.15900438,116.8850077,-54.30994883,-13.91124219,83.82118454,RF
-26.72600327,-90.15900438,116.8850076,-54.30994883,-13.91124219,83.82118454,RF
-1.095567122,-105.4652334,106.5608005,-59.62787845,-15.03006046,83.81209484,RF
24.58562355,-116.1167646,91.53114108,-63.53494288,-16.25414497,83.80300615,RF
49.17245565,-121.6590959,72.48664021,-63.21885682,-17.51490946,83.79391845,RF
71.61943695,-121.8629837,50.24354672,-60.64956483,-18.75020128,83.78483175,RF
90.907672,-116.7040352,25.7963632,-56.01907687,-19.88775983,83.77574605,RF
91.12650596,-116.606215,25.47970902,-55.88503588,-19.90139756,83.77563248,RF
91.12650596,-116.606215,25.47970901,-55.88503588,-19.90139756,83.77563248,RF
106.4171748,-106.2308741,-0.186300713,-47.02302999,-20.89375383,83.76654779,RF
117.0507364,-91.19883832,-25.85189811,-37.23567233,-21.69054883,83.75746409,RF
122.5788445,-72.14067627,-50.43816822,-25.63786003,-22.26162574,83.74838138,RF
122.7653507,-49.88838082,-72.87696984,-13.03508923,-22.58958236,83.73929966,RF
117.5872243,-25.4347769,-92.15244745,-0.052158838,-22.66360069,83.73021892,RF
117.5652434,-25.36370553,-92.2015379,-5.07E-10,-22.66347584,83.73019344,RF
117.5652434,-25.36370553,-92.2015379,4.45E-10,-22.66347584,83.73019344,RF
107.2164848,0.296375266,-107.5128601,14.33151955,-22.49671873,83.7211137,RF
92.21111224,25.96345867,-118.1745709,27.0290737,-22.12039566,83.71203493,RF
73.17544523,50.55673348,-123.7321787,38.82250772,-21.56988101,83.70295715,RF
50.94242424,73.00706151,-123.9494857,48.99788361,-20.89529021,83.69388034,RF
26.49681235,92.30246341,-118.7992758,57.33648884,-20.14913342,83.68480451,RF
24.95618149,93.35933552,-118.315517,57.86409153,-20.10257483,83.68425302,RF
24.95618149,93.35933552,-118.315517,57.86409153,-20.10257483,83.68425302,RF
-0.736155859,108.4437462,-107.7075903,63.21031497,-19.34517738,83.67517822,RF
-26.37247871,118.8473493,-92.47487056,66.33328763,-18.64705669,83.66610441,RF
-50.87908966,124.1292527,-73.25016308,66.49906732,-18.06202231,83.65703157,RF
-73.18908828,124.0643589,-50.87527065,64.07979959,-17.64252963,83.64795971,RF
-92.35608952,118.6542731,-26.29818356,59.68241451,-17.43137258,83.63888884,RF
-94.93784254,117.3552633,-22.4174208,57.55740809,-17.41817591,83.63750169,RF
-94.93784254,117.3552633,-22.41742079,57.55740809,-17.41817591,83.63750169,RF
-109.3313217,106.0279523,3.303369341,49.11599274,-17.47523241,83.62843195,RF
-119.0236641,90.17208953,28.85157458,39.20382546,-17.79003887,83.61936319,RF
-123.5368492,70.43579261,53.10105656,27.53238247,-18.3563607,83.61029542,RF
-122.6917845,47.68081349,75.01097104,15.01103517,-19.15985299,83.60122864,RF
-116.4816787,22.88045778,93.6012209,0.764353067,-20.16606065,83.59216285,RF
-115.9608327,21.39852829,94.56230444,-1.83E-09,-20.22973488,83.59163515,RF
-115.9608327,21.39852828,94.56230444,-2.50E-09,-20.22973488,83.59163515,RF
-104.4273789,-4.337625404,108.7650043,-13.31566101,-21.40086096,83.58257041,RF
-88.35961716,-29.84565534,118.2052725,-26.08185458,-22.67572656,83.57350667,RF
-68.45277965,-54.01036055,122.4631402,-37.43103601,-23.98991734,83.56444392,RF
-45.55620576,-75.767778,121.3239838,-47.4842181,-25.27077505,83.55538217,RF
-20.7988544,-94.10189507,114.9007495,-55.42448223,-26.44602352,83.54635198,RF
-20.7988544,-94.10189508,114.9007495,-55.42448223,-26.44602352,83.54635198,RF
4.940124479,-108.3648413,103.4247168,-60.82760831,-27.46330919,83.53729221,RF
30.46336399,-117.8715863,87.40822226,-63.30916275,-28.26076219,83.52823343,RF
54.64854689,-122.1744431,67.52589621,-62.94214509,-28.77911602,83.51917564,RF
76.42746291,-121.1064737,44.6790108,-60.07866484,-28.98604173,83.51011884,RF
94.70702923,-114.8090557,20.10202649,-54.87709444,-28.86505467,83.50115904,RF
94.70702923,-114.8090557,20.10202649,-54.87709444,-28.86505467,83.50115904,RF
109.0507089,-103.4285783,-5.622130575,-46.56044272,-28.40393953,83.49210419,RF
118.6412411,-87.48564468,-31.1555964,-36.71436063,-27.61272486,83.48305031,RF
123.0548081,-67.68369793,-55.37111019,-25.20034464,-26.5182348,83.47399741,RF
122.105127,-44.87915308,-77.2259739,-12.69211938,-25.16237936,83.46494548,RF
116.084186,-20.86984129,-95.21434467,1.93E-09,-23.64614682,83.45617224,RF
116.084186,-20.86984128,-95.21434467,2.43E-09,-23.64614682,83.45617224,RF
104.8749823,4.876720629,-109.7517029,13.57924051,-21.93489124,83.44712221,RF
89.10158482,30.4351559,-119.5367407,25.9980144,-20.15299871,83.43807315,RF
69.43402132,54.72555477,-124.1595761,37.34439791,-18.37176527,83.42902505,RF
46.73023932,76.69235792,-123.4225972,47.05006516,-16.6672307,83.41997791,RF
21.95533206,95.40280088,-117.3581329,54.79546811,-15.10931532,83.41093174,RF
21.51997916,95.68770832,-117.2076875,54.88077273,-15.08422927,83.41077702,RF
21.51997916,95.68770832,-117.2076875,54.88077273,-15.08422927,83.41077702,RF
-4.191200008,110.1199342,-105.9287342,60.18727956,-13.74033829,83.40173184,RF
-23.93299313,118.0739754,-94.14098226,62.27182459,-12.88654964,83.39477775,RF
-48.28455676,123.8316398,-75.54708306,62.28617286,-12.0521476,83.38585864,RF
-70.61019128,124.370932,-53.76074069,60.53635008,-11.53467927,83.37694048,RF
-89.90319639,119.7013364,-29.79813999,55.35161137,-11.34541452,83.36802327,RF
-92.97343554,118.3332623,-25.35982676,54.29412168,-11.34644367,83.36643477,RF
-92.97343554,118.3332623,-25.35982676,54.29412168,-11.34644367,83.36643477,RF
-107.7683181,107.7979866,-0.029668463,46.95641747,-11.54026796,83.35751869,RF
-117.9980397,92.73728434,25.26075531,37.02650125,-12.03462147,83.34860356,RF
-123.2549191,73.7993234,49.45559567,25.97133221,-12.7959051,83.33968939,RF
-123.3158586,51.7588967,71.55696187,14.64574642,-13.78114666,83.33077618,RF
-118.3475915,28.41637214,89.93121932,6.24E-10,-14.87250015,83.32215302,RF
-118.3475915,28.41637214,89.93121932,2.16E-10,-14.87250015,83.32215302,RF
-108.3339665,3.154206421,105.1797601,-12.89637967,-16.10629881,83.3132417,RF
-93.74827984,-22.19523099,115.9435108,-25.49145126,-17.37547356,83.30433136,RF
-75.2012279,-46.56255372,121.7637816,-36.8700432,-18.61476922,83.29542198,RF
-53.46597255,-68.90316821,122.3691408,-47.1163956,-19.75763964,83.28651356,RF
-29.49929142,-88.26347361,117.762765,-55.38357927,-20.75181572,83.27760611,RF
-28.97521715,-88.63367453,117.6088917,-55.53094506,-20.77063836,83.27741793,RF
-28.97521715,-88.63367454,117.6088917,-55.53094506,-20.77063836,83.27741793,RF
-3.750071674,-104.125222,107.8752937,-61.32283751,-21.56980776,83.26851146,RF
21.62460713,-115.1678422,93.54323509,-64.37064465,-22.14702295,83.25960595,RF
46.07771675,-121.2678109,75.19009415,-64.7665221,-22.47684143,83.25070139,RF
68.5487647,-122.1792383,53.63047357,-62.70569004,-22.55892485,83.24179779,RF
88.11650233,-117.8699516,29.75344931,-58.2587702,-22.40674375,83.23289514,RF
89.76019543,-117.1950565,27.43486106,-57.49141538,-22.37875851,83.2320609,RF
89.76019543,-117.1950565,27.43486106,-57.49141538,-22.37875851,83.2320609,RF
105.1958296,-107.3943661,2.198536466,-49.84479307,-21.99845318,83.22315928,RF
116.1525808,-92.98803727,-23.16454358,-40.20662213,-21.44561176,83.21425862,RF
122.1806156,-74.59616768,-47.58444789,-28.91101532,-20.77135185,83.2053589,RF
123.0282247,-52.99444876,-70.03377596,-16.51853629,-20.03101485,83.19646013,RF
118.6408451,-29.11652896,-89.52431614,-3.477115246,-19.28086632,83.1875623,RF
117.0668924,-23.89512469,-93.17176771,-5.97E-09,-19.12740375,83.18569628,RF
117.0668924,-23.89512469,-93.17176771,-5.15E-09,-19.12740375,83.18569628,RF
106.606479,1.44897106,-108.05545,13.22489221,-18.44446443,83.1767996,RF
91.64290539,26.74297426,-118.3858797,25.92874474,-17.88437048,83.16790386,RF
72.78069496,50.96146063,-123.7421556,37.57619657,-17.49295643,83.15900906,RF
50.82248129,73.07897862,-123.9014599,47.67797624,-17.31053299,83.15011522,RF
26.68801925,92.11463089,-118.8026501,56.09887458,-17.36039345,83.14122233,RF
21.67395829,95.50835292,-117.1823112,57.49267499,-17.40164786,83.13943834,RF
21.67395829,95.50835293,-117.1823112,57.49267499,-17.40164786,83.13943834,RF
-3.70578101,109.8632598,-106.1574788,62.75028695,-17.75481111,83.13054659,RF
-28.9269472,119.602598,-90.67565079,65.42023283,-18.35386605,83.12165579,RF
-52.93956076,124.3285253,-71.38896458,65.45786184,-19.1818718,83.11276596,RF
-74.7321607,123.8433177,-49.11115704,63.00304174,-20.20757587,83.10387708,RF
-93.33543187,118.1191184,-24.7836865,57.71548783,-21.37849115,83.09498916,RF
-95.93959996,116.7678381,-20.82823816,56.38265441,-21.57562664,83.09358821,RF
-95.93959996,116.7678381,-20.82823816,56.38265441,-21.57562664,83.09358821,RF
-109.9493891,105.3711434,4.578245747,48.21755703,-22.85827129,83.08470141,RF
-119.3020576,89.56001211,29.74204551,38.17479249,-24.16203824,83.07581557,RF
-123.6172484,70.00360784,53.61364061,26.67460296,-25.42411841,83.0669307,RF
-122.7138264,47.52624768,75.18757875,14.37287339,-26.57921338,83.05804678,RF
-116.6257901,23.05101569,93.57477442,2.159076138,-27.56972483,83.04916382,RF
-115.656472,20.32026257,95.33620939,-2.21E-10,-27.66114457,83.04819533,RF
-115.656472,20.32026257,95.3362094,-1.22E-09,-27.66114457,83.04819533,RF
-104.0776684,-5.074568803,109.1522372,-13.70460793,-28.36693452,83.03931344,RF
-88.14586957,-30.21813375,118.3640033,-26.25716363,-28.80969446,83.0304325,RF
-68.48384088,-54.03174796,122.5155888,-37.52737793,-28.93647863,83.02155252,RF
-45.93080881,-75.5194516,121.4502604,-47.0469043,-28.73555838,83.01267348,RF
-21.46698098,-93.73132209,115.1983031,-54.90152574,-28.19720045,83.00379539,RF
-21.00143404,-94.03345901,115.034893,-55.05269147,-28.1841734,83.0036314,RF
-21.00143404,-94.03345901,115.034893,-55.05269147,-28.1841734,83.0036314,RF
4.412744026,-108.163606,103.750862,-60.12557971,-27.31507648,82.99475427,RF
29.59777182,-117.6600196,88.06224774,-62.8352036,-26.16143677,82.98587808,RF
53.52382387,-122.1241888,68.60036493,-62.71495768,-24.76009325,82.97700283,RF
75.1784397,-121.373168,46.19472825,-60.01667592,-23.16869343,82.96812851,RF
93.60916495,-115.4244329,21.81526798,-55.04609592,-21.45036604,82.95925513,RF
93.82895006,-115.3093134,21.48036337,-54.93192386,-21.42642641,82.95913773,RF
93.82895006,-115.3093134,21.48036337,-54.93192386,-21.42642641,82.95913773,RF
108.2453106,-104.3371266,-3.908184059,-46.71775254,-19.64586815,82.95026529,RF
118.0570685,-88.91588328,-29.14118527,-37.03599008,-17.8894106,82.94139379,RF
122.8576389,-69.67538062,-53.18225824,-25.73633332,-16.22430168,82.93252321,RF
122.4473151,-47.43328357,-75.0140315,-13.50332942,-14.7195235,82.92365358,RF
116.8416777,-23.1114361,-93.7302416,-1.220831327,-13.43427372,82.91478487,RF
116.2720956,-21.40787218,-94.8642234,-1.24E-09,-13.35598384,82.91418167,RF
116.2720956,-21.40787218,-94.8642234,-3.26E-10,-13.35598384,82.91418167,RF
105.3353638,3.943348363,-109.2787122,13.39996623,-12.35985319,82.90531397,RF
89.95976549,29.19020491,-119.1499704,25.80118685,-11.67268874,82.89644721,RF
70.75517504,53.24727226,-124.0024473,37.02840757,-11.3132555,82.88758139,RF
48.53995365,75.10823261,-123.6481863,46.58964452,-11.28644944,82.87871652,RF
25.30994962,93.10279721,-118.4127468,54.01326687,-11.56175408,82.870233,RF
25.30994961,93.10279721,-118.4127468,54.01326687,-11.56175408,82.870233,RF
0.019980921,108.0666015,-108.0865824,59.62084647,-12.13572963,82.86136998,RF
-25.29904092,118.5194277,-93.22038675,62.38224031,-12.96690793,82.85250793,RF
-49.56307588,124.0042755,-74.44119966,62.66279798,-14.00299201,82.84364683,RF
-71.71552195,124.2759577,-52.56043578,60.70179068,-15.17921482,82.83478668,RF
-90.84926646,119.3373851,-28.48811865,54.64653184,-16.43859116,82.82594017,RF
-90.84926646,119.3373851,-28.48811865,54.64653184,-16.43859116,82.82594017,RF
-106.162193,109.3964702,-3.234277143,47.13419936,-17.70892114,82.81708194,RF
-116.9943629,94.87355774,22.12080515,37.57425323,-18.92715204,82.80822468,RF
-122.8903662,76.38080102,46.50956514,26.5122533,-20.03439853,82.79936837,RF
-123.6060518,54.68338564,68.9226662,14.6176782,-20.98321194,82.79051302,RF
-119.0435131,30.74705009,88.29646304,0.438891844,-21.7045625,82.78165862,RF
-118.8092103,29.93992448,88.86928586,3.64E-10,-21.72456699,82.78137053,RF
-118.8092103,29.93992448,88.86928586,-3.37E-10,-21.72456699,82.78137053,RF
-109.0903202,4.715127783,104.3751924,-13.21554015,-22.21657336,82.77251712,RF
-94.76700485,-20.65755761,115.4245625,-25.91788629,-22.46196082,82.76366466,RF
-76.44085446,-45.11440182,121.5552563,-37.56282461,-22.46364232,82.75481314,RF
-54.90589941,-67.58304071,122.4889401,-47.93111422,-22.23336908,82.74596258,RF
-31.0000456,-87.18147008,118.1815157,-56.20398717,-21.80192891,82.73711295,RF
-27.65760433,-89.54879191,117.2063962,-57.17207145,-21.73008739,82.73591835,RF
-27.65760433,-89.54879191,117.2063962,-57.17207145,-21.73008739,82.73591835,RF
-2.410329221,-104.8290108,107.2393401,-63.83899191,-21.13116346,82.72706979,RF
22.94794415,-115.5998235,92.65187932,-66.50587125,-20.42550828,82.71822218,RF
47.32234663,-121.4414243,74.11907769,-66.99395274,-19.68326969,82.7093755,RF
69.71402666,-122.1009051,52.38687844,-65.308451,-18.96127897,82.70052976,RF
89.03337232,-117.4685913,28.43521896,-59.42434037,-18.31013112,82.69168497,RF
92.44277579,-115.9522373,23.50946149,-58.19267999,-18.19619589,82.68993602,RF
92.44277579,-115.9522373,23.50946149,-58.19267999,-18.19619589,82.68993602,RF
107.2102444,-105.3840671,-1.826177362,-50.24621812,-17.71658034,82.68109235,RF
117.4175432,-90.30949766,-27.10804555,-40.53266033,-17.42623326,82.67224962,RF
122.6492017,-71.35742966,-51.29177199,-29.31270885,-17.35980829,82.66340784,RF
122.6407328,-49.30514809,-73.33558469,-16.16618327,-17.53655899,82.654567,RF
117.4342328,-25.14590484,-92.28832792,-2.813347021,-17.96393155,82.64572711,RF
115.6409945,-19.75830633,-95.88268812,-4.78E-09,-18.08787898,82.64382439,RF
115.6409945,-19.75830633,-95.88268812,-4.10E-09,-18.08787898,82.64382439,RF
104.4330764,5.634947469,-110.0680239,13.18158325,-18.81179868,82.63498565,RF
88.77996486,30.8279353,-119.6079002,25.89516441,-19.74734737,82.62614787,RF
69.35382357,54.76866085,-124.1224844,37.37787183,-20.85831667,82.61731104,RF
46.97297037,76.44642891,-123.4193993,47.14233603,-22.09469498,82.60847517,RF
22.57619377,94.92759462,-117.5037884,54.90662069,-23.39364498,82.59964026,RF
20.01194751,96.60215505,-116.6141026,55.63720196,-23.52692928,82.59873774,RF
20.01194751,96.60215505,-116.6141026,55.63720196,-23.52692928,82.59873774,RF
-5.379137363,110.6847652,-105.3056278,61.00641451,-24.82464888,82.58990388,RF
-30.5967089,120.1085299,-89.511821,63.78158025,-26.04562347,82.58107098,RF
-54.44780812,124.4841367,-70.03632853,63.79955366,-27.11483724,82.57223903,RF
-76.06877601,123.6655297,-47.5967537,61.00645901,-27.99450215,82.56340804,RF
-94.46496381,117.6214373,-23.15647347,54.70478466,-28.61135882,82.55457799,RF
-95.08587482,117.2923718,-22.20649696,54.50146893,-28.62857675,82.55424359,RF
-95.08587482,117.2923718,-22.20649696,54.50146893,-28.62857675,82.55424359,RF
-109.3086923,106.149446,3.159246347,46.84140815,-28.93526625,82.54541453,RF
-118.9396881,90.56689725,28.37279084,37.22922657,-28.92502645,82.53658642,RF
-123.5474521,71.19571188,52.35174025,26.11415219,-28.58009288,82.52775925,RF
-122.9409405,48.85891337,74.08202711,13.85674018,-27.90586825,82.51893303,RF
-117.0866678,24.48959136,92.59707639,0.352582676,-26.90600265,82.51010773,RF
-116.8664733,23.83604977,93.03042352,-1.49E-09,-26.87613777,82.50987783,RF
-116.8664733,23.83604977,93.03042353,-2.20E-09,-26.87613777,82.50987783,RF
-105.9741514,-1.524825083,107.4989765,-12.9868358,-25.60576576,82.5010535,RF
-90.60860989,-26.76906108,117.377671,-25.35302957,-24.11281084,82.49223009,RF
-71.41747823,-50.8388201,122.2562983,-36.57069185,-22.45810514,82.48340762,RF
-49.2260048,-72.67551518,121.90152,-46.43450818,-20.70810321,82.47458607,RF
-24.92191396,-91.4166458,116.3385598,-54.38781719,-18.93212342,82.46576545,RF
-23.4425593,-92.40741006,115.8499694,-54.80885067,-18.82797398,82.46524433,RF
-23.4425593,-92.40741006,115.8499694,-54.80885067,-18.82797398,82.46524433,RF
1.913553143,-106.9610468,105.0474937,-60.25443917,-17.11394692,82.45642469,RF
27.17099806,-116.933568,89.76256997,-62.87508952,-15.52977765,82.44760598,RF
51.27531652,-121.9107041,70.63538757,-63.06743499,-14.13896299,82.43878819,RF
73.2250196,-121.6825026,48.45748298,-61.1953405,-12.99602565,82.42997134,RF
91.97485041,-116.1940873,24.21923693,-54.74065377,-12.14438185,82.42115542,RF
92.37417978,-116.00347,23.62929018,-54.59614332,-12.12803135,82.42094752,RF
92.37417978,-116.00347,23.62929018,-54.59614332,-12.12803135,82.42094752,RF
107.1611236,-105.4632121,-1.697911539,-46.99222861,-11.60396247,82.41213257,RF
117.3980593,-90.40803364,-26.99002566,-37.33109646,-11.41203177,82.40331855,RF
122.6565304,-71.47225542,-51.18427497,-26.32973337,-11.54858191,82.39450547,RF
122.7170456,-49.43968928,-73.27735635,-15.00420642,-11.99625304,82.38569334,RF
117.4960091,-25.25109053,-92.24491855,-0.251500532,-12.71352499,82.37688215,RF
117.3264629,-24.70717128,-92.61929163,-3.54E-09,-12.73183222,82.37668943,RF
117.3264629,-24.70717128,-92.61929163,-2.94E-09,-12.73183222,82.37668943,RF
107.0724088,0.557026237,-107.629435,13.01433694,-13.67752368,82.36787922,RF
92.25379915,25.88611555,-118.1399147,25.56835047,-14.79643182,82.35906996,RF
73.51927437,50.16777949,-123.6870539,36.89884395,-16.02044651,82.35026165,RF
51.64151675,72.37270559,-124.0142223,46.84711152,-17.28075542,82.3414543,RF
28.09859217,91.18930253,-119.2878947,54.88825925,-18.48577592,82.33283108,RF
28.09859216,91.18930253,-119.2878947,54.88825925,-18.48577592,82.33283108,RF
2.861675992,106.6570414,-109.5187174,60.07211263,-19.63349638,82.32402561,RF
-22.51467679,117.6382722,-95.1235954,63.65298253,-20.6308201,82.31522109,RF
-46.91626088,123.671518,-76.75525709,64.36542888,-21.43140542,82.30641753,RF
-69.40447897,124.5246021,-55.12012315,61.37284463,-22.01429573,82.29761491,RF
-88.90529038,120.146146,-31.24085561,56.58833494,-22.34620703,82.28881324,RF
-89.53665771,119.8935661,-30.35690843,56.36914793,-22.35323264,82.288499,RF
-89.53665771,119.8935661,-30.35690843,56.36914793,-22.35323264,82.288499,RF
-105.1557831,110.3131516,-5.157368535,49.72115065,-22.43354336,82.27969831,RF
-116.3388961,96.11562871,20.22326736,40.07419815,-22.27985074,82.27089856,RF
-122.6364861,77.895549,44.74093714,28.94116902,-21.92187686,82.26209974,RF
-123.6831432,56.39632792,67.28681524,15.59793017,-21.37691217,82.25330186,RF
-119.532437,32.60534957,86.92708745,2.668141809,-20.7156677,82.24450492,RF
-118.062157,27.58633899,90.475818,2.54E-09,-20.57055982,82.24272551,RF
-118.062157,27.58633899,90.475818,1.35E-09,-20.57055982,82.24272551,RF
-107.8936922,2.294864533,105.5988277,-13.25425969,-19.83892506,82.23392969,RF
-93.15578048,-23.03127063,116.1870511,-26.09146439,-19.10918555,82.22513481,RF
-74.48701539,-47.33423284,121.8212482,-37.81506003,-18.445011,82.21634085,RF
-52.67466759,-69.58820267,122.2628703,-47.98008958,-17.90270211,82.20754784,RF
-28.64310988,-88.80902726,117.4521371,-56.41415598,-17.52757641,82.19875576,RF
-23.07310763,-92.62991886,115.7030265,-58.035822,-17.47377255,82.19679832,RF
-23.07310763,-92.62991886,115.7030265,-58.035822,-17.47377255,82.19679832,RF
2.287853573,-107.1121088,104.8242552,-63.17688832,-17.36229304,82.18800738,RF
27.53220376,-117.0093471,89.47714339,-65.92332945,-17.49339483,82.17921739,RF
51.5991124,-121.8995307,70.30041825,-65.97211415,-17.87630374,82.17042834,RF
73.47464565,-121.580795,48.10614931,-63.48969549,-18.50663495,82.16164023,RF
92.25005869,-116.0641613,23.81410259,-58.92225161,-19.36709648,82.15285307,RF
95.45136052,-114.3985471,18.94718656,-56.45894964,-19.55592136,82.15114703,RF
95.45136053,-114.3985471,18.94718656,-56.45894964,-19.55592136,82.15114703,RF
109.4022104,-102.9540635,-6.448146905,-48.33137528,-20.63116649,82.142361,RF
118.7408073,-87.12755711,-31.61325022,-38.40230909,-21.84601781,82.13357593,RF
123.031568,-67.55525694,-55.47631106,-26.92596154,-23.13624393,82.1247918,RF
122.1060594,-45.06758077,-77.03847861,-14.61937474,-24.440296,82.11600863,RF
115.9967589,-20.58638272,-95.41037615,-2.565461552,-25.69588357,82.10722641,RF
114.9051276,-17.53165437,-97.3734732,4.17E-10,-25.83780561,82.10615742,RF
114.9051276,-17.53165437,-97.3734732,1.47E-09,-25.83780561,82.10615742,RF
103.2486088,7.865679801,-111.1142886,13.80019538,-26.92410155,82.09737627,RF
87.2474541,32.99589344,-120.2433475,26.3409223,-27.83125685,82.08859606,RF
67.52916538,56.77824414,-124.3074095,37.60624415,-28.48684608,82.0798168,RF
44.93473303,78.21827123,-123.1530043,47.08222219,-28.85386485,82.07103848,RF
21.97142799,95.36474275,-117.3361707,54.63505799,-28.89923281,82.06280536,RF
21.97142799,95.36474275,-117.3361707,54.63505799,-28.89923281,82.06280536,RF
-3.380091799,109.756411,-106.3763192,60.09149823,-28.62390307,82.05402886,RF
-28.61588215,119.5641386,-90.94825646,62.78060603,-28.01662699,82.0452533,RF
-52.65616887,124.3622408,-71.70607193,62.89652805,-27.09327131,82.03647867,RF
-74.4565766,123.9306223,-49.47404575,60.59342301,-25.88310268,82.02770496,RF
-93.11555584,118.3022551,-25.18669929,55.31899113,-24.43505143,82.01893219,RF
-94.56098551,117.5777916,-23.0168061,54.8498927,-24.30051421,82.01817417,RF
-94.56098551,117.5777916,-23.0168061,54.8498927,-24.30051421,82.01817417,RF
-108.9559311,106.5619202,2.39401092,46.4658237,-22.65842436,82.0094024,RF
-118.7179688,91.10190314,27.61606565,36.94146488,-20.9165702,82.00063155,RF
-123.4703197,71.82846634,51.64185331,25.63901105,-19.14326274,81.99186162,RF
-123.0117679,49.56232025,73.44944769,13.43031548,-17.41468794,81.98309261,RF
-117.3174855,25.25097515,92.06651034,0.496552386,-15.80011255,81.97432452,RF
-117.0443012,24.42172394,92.62257726,1.64E-10,-15.74949775,81.97403466,RF
-117.0443012,24.42172394,92.62257726,-6.13E-10,-15.74949774,81.97403466,RF
-106.2649778,-0.94225611,107.2072339,-13.12303029,-14.32722331,81.96526753,RF
-90.98944702,-26.19996977,117.1894168,-25.4687229,-13.14805693,81.95650132,RF
-71.87327561,-50.30184367,122.1751193,-36.71243742,-12.25662202,81.94773604,RF
-49.72310372,-72.22959956,121.9527033,-46.33107755,-11.68348771,81.9389717,RF
-25.46971537,-91.02279187,116.4925072,-54.16742612,-11.44243367,81.93020828,RF
-24.54903553,-91.64749251,116.196528,-54.41878662,-11.44000713,81.92988554,RF
-24.54903553,-91.64749252,116.196528,-54.41878662,-11.44000713,81.92988554,RF
0.79845595,-106.4094188,105.6109629,-58.79350294,-11.54366952,81.9211231,RF
26.07177558,-116.5899425,90.51816689,-62.14343941,-11.95743229,81.91236159,RF
50.25337493,-121.7857504,71.53237549,-62.80462511,-12.65218001,81.90360103,RF
72.28202599,-121.7756732,49.49364725,-59.9997323,-13.57801962,81.89484142,RF
91.26683197,-116.5565305,25.28969852,-55.35516743,-14.68492936,81.88608275,RF
92.88983964,-115.7898922,22.90005258,-54.0633301,-14.79686755,81.88524326,RF
92.88983964,-115.7898922,22.90005258,-54.0633301,-14.79686755,81.88524326,RF
107.5263538,-105.105034,-2.421319742,-45.23069642,-16.01101695,81.87648563,RF
117.6345099,-89.93326103,-27.70124884,-35.6598398,-17.26970024,81.86772895,RF
122.7431563,-70.90107894,-51.84207731,-24.28508863,-18.49726758,81.85897321,RF
122.6495456,-48.81336568,-73.83617995,-11.9836043,-19.63415508,81.85021842,RF
117.921675,-26.49530394,-91.42637103,2.87E-09,-20.55225983,81.84213503,RF
117.921675,-26.49530394,-91.42637103,3.20E-09,-20.55225983,81.84213503,RF
107.9899455,-1.263060222,-106.7268852,13.98206851,-21.35138954,81.83338206,RF
93.47958995,24.09535381,-117.5749438,26.4811842,-21.93155276,81.82463003,RF
74.99895827,48.47918009,-123.4781384,38.07620132,-22.26537836,81.81587895,RF
53.32973059,70.86867937,-124.19841,48.03247004,-22.35162027,81.8071288,RF
29.4033419,90.28005934,-119.6834012,56.34543886,-22.19406282,81.79837959,RF
27.18606388,91.84507143,-119.0311353,57.19619927,-22.16944503,81.79759887,RF
27.18606388,91.84507144,-119.0311353,57.19619927,-22.16944503,81.79759887,RF
1.89982252,107.1383877,-109.0382102,62.63888849,-21.78064191,81.78885067,RF
-23.4440416,117.9296368,-94.48559518,65.8694708,-21.22252471,81.78010341,RF
-47.8134271,123.7790797,-75.96565256,66.23107427,-20.54258538,81.77135707,RF
-70.17572723,124.4428268,-54.26709953,63.9992478,-19.79898198,81.76261166,RF
-89.54859216,119.8745295,-30.32593736,59.4408945,-19.04978215,81.75386719,RF
-92.25648181,118.6984315,-26.4419497,58.16117072,-18.9361313,81.75250482,RF
-92.25648181,118.6984315,-26.4419497,58.16117072,-18.9361313,81.75250482,RF
-107.2181776,108.3285518,-1.110374131,50.11483044,-18.25629446,81.74376142,RF
-117.6391455,93.44434861,24.19479684,40.42328168,-17.70380607,81.73501894,RF
-123.0913037,74.64761279,48.4436909,29.0279148,-17.325723,81.7262774,RF
-123.3469753,52.73840121,70.60857406,16.68644227,-17.16285595,81.71753678,RF
-118.3539171,28.65053747,89.70337963,3.244970153,-17.23842469,81.70879711,RF
-116.5925145,23.17577752,93.41673694,1.69E-09,-17.29046198,81.7068842,RF
-116.5925145,23.17577752,93.41673694,9.45E-10,-17.29046198,81.7068842,RF
-105.5681537,-2.212412554,107.7805663,-13.10824352,-17.68089706,81.69814566,RF
-90.08974075,-27.43302422,117.522765,-25.75913086,-18.31961282,81.68940807,RF
-70.80492908,-51.44767828,122.2526074,-37.21470949,-19.18783416,81.68067141,RF
-48.52890678,-73.24185208,121.7707589,-46.95060851,-20.25081005,81.6719357,RF
-24.18829763,-91.87245922,116.0607568,-54.79784745,-21.45714792,81.66320093,RF
-20.6610863,-94.19050595,114.8515922,-55.80726577,-21.63448757,81.66197201,RF
-20.6610863,-94.19050595,114.8515922,-55.80726577,-21.63448757,81.66197201,RF
4.728802418,-108.2864643,103.5576618,-61.33435836,-22.93715399,81.65323833,RF
29.95439677,-117.724421,87.77002428,-63.78154073,-24.25194627,81.64450559,RF
53.8380196,-122.1177303,68.27971066,-63.95786807,-25.50150491,81.63577379,RF
75.45378061,-121.299692,45.84591144,-61.26048065,-26.62917891,81.62704294,RF
93.82493054,-115.2755727,21.45064218,-55.35238838,-27.55638621,81.61831303,RF
94.58253482,-114.8755091,20.29297427,-55.04807218,-27.59384472,81.61791094,RF
94.58253482,-114.8755091,20.29297427,-55.04807218,-27.59384472,81.61791094,RF
108.8020594,-103.7111005,-5.090958947,-47.3116242,-28.27000556,81.60918202,RF
118.4010128,-88.10628512,-30.29472769,-37.47264249,-28.65226919,81.60045404,RF
122.9815106,-68.71731756,-54.26419304,-26.2623776,-28.71207579,81.59172699,RF
122.3550177,-46.34710586,-76.00791182,-14.28399098,-28.43698638,81.58300087,RF
116.4694202,-21.99007242,-94.47934782,-0.271283315,-27.7993789,81.57427569,RF
116.2984138,-21.48284714,-94.81556669,-1.29E-09,-27.78323219,81.5740993,RF
116.2984138,-21.48284714,-94.81556669,-5.96E-10,-27.78323219,81.5740993,RF
105.4081112,3.876755252,-109.2848665,12.97933936,-26.83164677,81.56537506,RF
90.04409701,29.12183602,-119.165933,25.33565679,-25.59469166,81.55665174,RF
70.8532984,53.19205331,-124.0453517,36.54912001,-24.12104719,81.54792934,RF
48.66148463,75.03311662,-123.6946012,46.38057935,-22.46898343,81.53920786,RF
24.36057616,93.77378065,-118.1343568,54.28269746,-20.70434304,81.53048729,RF
23.24293286,94.5239349,-117.7668678,54.60247233,-20.62405369,81.53009798,RF
23.24293286,94.5239349,-117.7668678,54.60247233,-20.62405369,81.53009798,RF
-2.10518743,109.1411196,-107.0359322,60.02099171,-18.83018317,81.52137838,RF
-27.37267903,119.1856178,-91.81293881,62.67697294,-17.08434877,81.51265968,RF
-51.50161751,124.2391447,-72.73752721,62.87134666,-15.45969338,81.50394191,RF
-73.48901529,124.0902368,-50.60122152,60.96823017,-14.02321458,81.49522505,RF
-92.29479351,118.6776434,-26.38284991,54.71858177,-12.83429762,81.48650911,RF
-93.14121536,118.2739271,-25.13271178,54.41197456,-12.78210137,81.48607356,RF
-93.14121537,118.2739271,-25.13271178,54.41197456,-12.78210137,81.48607356,RF
-107.8810643,107.6784515,0.202612876,46.86042121,-11.90251945,81.4773586,RF
-118.063403,92.57564779,25.48775521,37.18055152,-11.34859185,81.46864455,RF
-123.2645242,73.60117328,49.6633509,26.19501805,-11.13424943,81.45993144,RF
-123.2686832,51.54237171,71.72631153,14.89972408,-11.25827822,81.45121925,RF
-118.0001351,27.36302574,90.63710937,0.282863954,-11.69483773,81.44250801,RF
-117.8320548,26.82909387,91.00296097,2.65E-09,-11.7074907,81.44232171,RF
-117.8320548,26.82909387,91.00296097,1.97E-09,-11.7074907,81.44232171,RF
-107.5105735,1.525306184,105.9852674,-12.98961368,-12.43427792,81.43361141,RF
-92.6491963,-23.79269021,116.4418865,-25.37985704,-13.39440666,81.42490206,RF
-73.87333171,-48.0608372,121.9341689,-36.56843743,-14.53050226,81.41619365,RF
-51.97308132,-70.23041143,122.2034928,-46.75907115,-15.77247326,81.40748618,RF
-28.32688771,-89.0717939,117.3986816,-54.46936737,-17.03217835,81.39893366,RF
-28.32688771,-89.0717939,117.3986816,-54.46936737,-17.03217835,81.39893366,RF
-3.084814849,-104.4608085,107.5456233,-60.07680068,-18.28627483,81.39022806,RF
22.28363919,-115.3828134,93.0991742,-63.04061723,-19.4486726,81.38152341,RF
46.69969709,-121.3519552,74.65225815,-63.13625551,-20.45683642,81.37281969,RF
69.10606897,-122.1288622,53.0227932,-60.84239039,-21.26427884,81.36411692,RF
88.58962837,-117.686642,29.09701359,-56.15587319,-21.8422856,81.35541508,RF
89.62339929,-117.2573403,27.63394097,-55.63876945,-21.86660244,81.35490082,RF
89.62339929,-117.2573403,27.63394097,-55.63876945,-21.86660244,81.35490082,RF
105.0886347,-107.5012875,2.412652722,-48.27123059,-22.17705245,81.34619997,RF
116.1114864,-93.14599158,-22.96549479,-38.96904337,-22.23685799,81.33750005,RF
122.1704361,-74.77484168,-47.39559445,-27.06059702,-22.04557061,81.32880107,RF
123.0553971,-53.19673052,-69.85866656,-14.68872063,-21.64323664,81.32010301,RF
118.7184313,-29.31658085,-89.40185041,-1.571028563,-21.06755327,81.31140587,RF
117.9089226,-26.56683741,-91.34208514,3.30E-09,-20.99237929,81.31044076,RF
117.9089226,-26.56683741,-91.34208514,4.03E-09,-20.99237929,81.31044076,RF
107.9938066,-1.303682912,-106.6901237,13.21931711,-20.28477075,81.30174465,RF
93.4876493,24.04780917,-117.5354585,26.01796361,-19.51804532,81.29304947,RF
75.01081538,48.43394171,-123.4447571,37.73794683,-18.75732093,81.28435521,RF
53.3438948,70.82430315,-124.1681979,47.94030268,-18.06519202,81.27566187,RF
29.42268922,90.2374887,-119.6601779,56.46488668,-17.49878492,81.26696946,RF
23.97546481,94.01460092,-117.9900657,58.17542421,-17.39679911,81.26507023,RF
23.97546481,94.01460092,-117.9900657,58.17542421,-17.39679911,81.26507023,RF
-1.383007274,108.7611729,-107.3781656,62.97654737,-17.05246628,81.25637894,RF
-26.65987517,118.9369149,-92.27703969,66.01836489,-16.93573706,81.24768858,RF
-50.82690448,124.1277598,-73.30085531,66.14995165,-17.07036831,81.23899915,RF
-72.86013115,124.1157652,-51.25563402,63.83128035,-17.46665987,81.23031066,RF
-91.84828376,118.8971101,-27.04882638,59.54041227,-18.12148673,81.22162309,RF
-95.51114307,117.0588095,-21.54766639,56.52612397,-18.29551937,81.21971231,RF
-95.51114307,117.0588095,-21.54766639,56.52612397,-18.29551937,81.21971231,RF
-109.5962969,105.7625406,3.833756248,48.58060164,-19.22036751,81.21102589,RF
-119.0937154,90.06886013,29.02485526,38.68865052,-20.33663313,81.20234041,RF
-123.5508398,70.60441191,52.94642786,27.24606083,-21.58606751,81.19365587,RF
-122.7936823,48.19559814,74.59808417,14.94426629,-22.91021045,81.18497227,RF
-116.8235403,23.794548,93.02899228,1.035481138,-24.23266137,81.17628961,RF
-116.1545063,21.86308466,94.29142168,1.32E-09,-24.3327171,81.17562232,RF
-116.1545063,21.86308466,94.29142168,6.21E-10,-24.3327171,81.17562232,RF
-104.8934325,-3.529813736,108.4232463,-13.11317025,-25.58352029,81.16694067,RF
-89.20455045,-28.71844961,117.9230001,-25.54586214,-26.69212172,81.15825997,RF
-69.74526673,-52.65135776,122.3966245,-36.69589107,-27.59715254,81.1495802,RF
-47.32721005,-74.30051419,121.6277242,-46.71699269,-28.23583186,81.14090136,RF
-22.93737769,-92.73772273,115.6751004,-54.56240323,-28.56851119,81.13222346,RF
-22.92520868,-92.74574676,115.6709554,-54.56548837,-28.56858531,81.13221925,RF
-22.92520867,-92.74574676,115.6709554,-54.56548837,-28.56858531,81.13221925,RF
2.43182404,-107.2298592,104.7980352,-59.5410707,-28.57512491,81.12354228,RF
27.6824189,-117.1081573,89.42573844,-62.65224387,-28.22862536,81.11486624,RF
51.75500159,-121.9915856,70.23658404,-62.44491942,-27.54362554,81.10619112,RF
73.61071079,-121.6069191,47.9962083,-59.84465591,-26.52243,81.09751692,RF
92.31985616,-116.0382321,23.71837595,-54.77045625,-25.22350298,81.08884363,RF
92.8812114,-115.7639229,22.88271153,-54.5491186,-25.17560025,81.08855379,RF
92.8812114,-115.7639229,22.88271152,-54.5491186,-25.17560025,81.08855379,RF
107.5397762,-105.0904924,-2.449283775,-47.40015746,-23.64335618,81.07988145,RF
117.6417043,-89.91332384,-27.7283805,-37.66828746,-21.94486001,81.07121002,RF
122.7367512,-70.88690385,-51.84984734,-26.64967478,-20.15312401,81.06253951,RF
122.5942277,-48.77067769,-73.82355004,-13.88670189,-18.33643066,81.0538699,RF
117.2912137,-24.5664507,-92.72476305,-0.923249734,-16.58928434,81.04520121,RF
116.7193875,-22.7971283,-93.92225916,-1.84E-10,-16.46931127,81.0445879,RF
116.7193875,-22.7971283,-93.92225916,4.94E-10,-16.46931127,81.0445879,RF
106.074385,2.545864331,-108.6202493,12.85173493,-14.86728002,81.03592018,RF
90.92801577,27.82409567,-118.7521114,25.15241841,-13.47420924,81.02725338,RF
71.91616653,51.98362561,-123.8997921,36.31482452,-12.34548705,81.01858749,RF
49.8406376,73.95868479,-123.7993224,46.3525985,-11.52370766,81.00992251,RF
25.6247337,92.90167309,-118.5264068,53.59555947,-11.03757938,81.00125846,RF
24.34516289,93.77163152,-118.1167944,53.97416959,-11.02187919,81.00081444,RF
24.34516288,93.77163152,-118.1167944,53.97416959,-11.02187919,81.00081444,RF
-0.969949441,108.5756424,-107.605693,59.42828279,-10.89837122,80.99215136,RF
-26.26884126,118.8410118,-92.57217055,62.13745561,-11.11329814,80.98348921,RF
-50.47122835,124.1272486,-73.65602026,62.28908078,-11.64248933,80.97482798,RF
-72.52226954,124.1891569,-51.66688738,60.19201965,-12.44325211,80.96616769,RF
-91.08396737,119.2472387,-28.16327136,54.25637547,-13.4418594,80.95774225,RF
-91.08396737,119.2472387,-28.16327136,54.25637547,-13.4418594,80.95774225,RF
-106.3396267,109.2400076,-2.90038087,46.69474335,-14.62412951,80.94908381,RF
-117.1083472,94.65823504,22.45011218,37.16773166,-15.90146704,80.9404263,RF
-122.9339029,76.11533313,46.81856978,26.1430638,-17.20369785,80.93176973,RF
-123.5731691,54.3812769,69.19189222,14.34697802,-18.46514385,80.9231141,RF
-118.9490558,30.41985447,88.52920129,0.157449722,-19.5991273,80.9144594,RF
-118.8642296,30.12817239,88.73605718,3.60E-09,-19.61169133,80.91435771,RF
-118.8642296,30.12817239,88.73605718,2.91E-09,-19.61169133,80.91435771,RF
-109.1813697,4.909008889,104.2723608,-13.14246904,-20.58589418,80.90570396,RF
-94.88917611,-20.46736018,115.3565363,-25.77442776,-21.34915278,80.89705114,RF
-76.59048025,-44.93325908,121.5237393,-37.29262338,-21.87226296,80.88839926,RF
-55.06887268,-67.4227713,122.491644,-47.5291438,-22.13377248,80.8797483,RF
-31.18586018,-87.04728257,118.2331428,-55.80282885,-22.14244411,80.87109827,RF
-29.72487916,-88.09414507,117.8190242,-56.22674698,-22.13455153,80.87058699,RF
-29.72487916,-88.09414508,117.8190242,-56.22674698,-22.13455153,80.87058699,RF
-4.531806061,-103.6965073,108.2283134,-62.09567629,-21.88723598,80.86193794,RF
20.85453885,-114.8753823,94.02084347,-65.45288207,-21.4377336,80.85328981,RF
45.34836729,-121.1416509,75.7932836,-66.15055866,-20.82813801,80.8446426,RF
67.87965932,-122.2115129,54.33185361,-64.28848036,-20.1103748,80.83599631,RF
87.52352011,-118.0572462,30.53372608,-59.18543316,-19.34654448,80.82735094,RF
91.32336753,-116.4736289,25.15026138,-58.31862123,-19.1801245,80.82547917,RF
91.32336753,-116.4736289,25.15026138,-58.31862123,-19.1801245,80.82547917,RF
106.3918748,-106.2040599,-0.187814948,-49.68454951,-18.44671346,80.81683491,RF
116.902561,-91.40199516,-25.50056585,-40.20630102,-17.80950235,80.80819157,RF
122.4563531,-72.67426037,-49.78209272,-28.78675396,-17.32348015,80.79954915,RF
122.8154878,-50.81697039,-71.99851744,-16.4804249,-17.03660928,80.79090766,RF
117.9199099,-26.76148104,-91.15842884,-3.119109017,-16.98035424,80.78226708,RF
116.2517301,-21.5005118,-94.75121827,1.13E-09,-17.00227966,80.78044876,RF
116.2517301,-21.5005118,-94.75121827,1.88E-09,-17.00227966,80.78044876,RF
105.3602885,3.874527633,-109.2348161,13.15159554,-17.26059618,80.77180931,RF
89.99755396,29.11465654,-119.1122105,25.80648831,-17.77859541,80.76317078,RF
70.80779508,53.17731606,-123.9851111,37.290293,-18.54443768,80.75453318,RF
48.6019825,75.0457248,-123.6477073,47.09524689,-19.52961157,80.74589652,RF
24.30721997,93.77581492,-118.0830349,54.93132117,-20.68828608,80.73726078,RF
20.18123849,96.49955762,-116.6807961,56.10470042,-20.89138484,80.7358389,RF
20.18123849,96.49955763,-116.6807961,56.10470042,-20.89138484,80.7358389,RF
-5.215426712,110.6090501,-105.3936234,61.10334845,-22.1851598,80.72720425,RF
-30.43552982,120.0733321,-89.63780229,63.27991324,-23.52455982,80.71857055,RF
-54.31597286,124.4173454,-70.10137258,64.50116754,-24.81802037,80.70993778,RF
-75.90104123,123.6594688,-47.75842756,61.29276478,-26.02621965,80.70130594,RF
-94.34785133,117.7057204,-23.35786903,55.81983826,-27.07849802,80.69267504,RF
-95.23115016,117.232548,-22.00139785,55.42879127,-27.12728728,80.69220895,RF
-95.23115016,117.232548,-22.00139785,55.42879127,-27.12728728,80.69220895,RF
-109.4365696,106.0335083,3.403061277,47.21464755,-27.92715752,80.68357903,RF
-119.0138793,90.41229378,28.60158554,37.32680572,-28.44403497,80.67495004,RF
-123.5643923,71.00765195,52.55674031,25.91881393,-28.64072702,80.66632198,RF
-122.899697,48.64390362,74.25579337,13.58331913,-28.49657443,80.65769483,RF
-117.032994,24.28584786,92.74714613,0.852553428,-27.99956956,80.64906861,RF
-116.6113502,23.04374766,93.56760254,4.48E-09,-27.96630612,80.64864237,RF
-116.6113502,23.04374765,93.56760254,3.60E-09,-27.96630612,80.64864237,RF
-105.5494849,-2.351522813,107.9010077,-13.56150038,-27.11524679,80.64001711,RF
-90.04735026,-27.57053313,117.6178834,-25.84432868,-25.96168342,80.63139276,RF
-70.74055427,-51.57734388,122.3178982,-37.09189941,-24.54789735,80.62276932,RF
-48.44923557,-73.35648552,121.8057211,-46.72212845,-22.93364527,80.61414679,RF
-24.13566325,-91.95190227,116.0875655,-54.55369822,-21.18572301,80.60552517,RF
-23.64485574,-92.27981054,115.9246663,-54.71547288,-21.15051932,80.60535648,RF
-23.64485574,-92.27981055,115.9246663,-54.71547288,-21.15051932,80.60535648,RF
1.729188565,-106.8673026,105.138114,-59.73722535,-19.33900772,80.59673578,RF
26.9871336,-116.8695339,89.88240033,-62.57685504,-17.55551007,80.58811599,RF
51.09483707,-121.872438,70.77760091,-62.57387533,-15.87110923,80.5794971,RF
73.03063359,-121.6683714,48.63773776,-60.04038065,-14.35880319,80.57087912,RF
91.88387022,-116.2672286,24.38335837,-55.41968764,-13.0807451,80.56226204,RF
93.17982964,-115.6345227,22.45469304,-54.5052474,-12.99324032,80.5615979,RF
93.17982964,-115.6345227,22.45469304,-54.5052474,-12.99324032,80.5615979,RF
107.7332265,-104.8413307,-2.891895851,-46.24389173,-12.02350548,80.5529818,RF
117.7481005,-89.58984089,-28.15825961,-36.65600915,-11.37906617,80.54436663,RF
122.7564405,-70.48813256,-52.26830794,-25.38940692,-11.07687283,80.53575236,RF
122.558657,-48.34864738,-74.21000957,-13.20313709,-11.11855052,80.52713902,RF
117.1574244,-24.08805022,-93.06937413,-1.129089996,-11.49000729,80.5185266,RF
116.6822411,-22.62624628,-94.05599487,1.49E-10,-11.52097776,80.51802269,RF
116.6822411,-22.62624628,-94.05599487,1.14E-09,-11.52097776,80.51802269,RF
105.988099,2.702023777,-108.6901228,13.87406223,-12.197801,80.50941125,RF
90.82295224,27.97931671,-118.802269,26.46402891,-13.12359441,80.50080074,RF
71.79252086,52.12316916,-123.91569,37.6141045,-14.23667355,80.49219116,RF
49.70557887,74.11892851,-123.8245074,47.16243732,-15.47262051,80.48358251,RF
28.43929871,90.96461986,-119.4039186,54.23955914,-16.60475354,80.47599577,RF
28.43929871,90.96461986,-119.4039186,54.23955914,-16.60475354,80.47599577,RF
3.225170808,106.4600875,-109.6852583,59.99311263,-17.87302803,80.46738888,RF
-22.15056973,117.5104997,-95.35992994,63.02798443,-19.06511347,80.45878292,RF
-46.60478005,123.6383333,-77.03355324,63.48286435,-20.11842986,80.45017789,RF
-69.07698093,124.568495,-55.49151407,61.61260923,-20.97696143,80.44157379,RF
-88.6619867,120.272313,-31.61032627,56.16318168,-21.61101822,80.43297061,RF
-89.52658634,119.9306722,-30.40408587,55.87887889,-21.63544712,80.43255154,RF
-89.52658634,119.9306722,-30.40408586,55.87887889,-21.63544712,80.43255154,RF
-105.1584432,110.3552058,-5.196762602,48.42893463,-22.00571772,80.42394934,RF
-116.3476481,96.16163967,20.18600847,38.96419665,-22.11967531,80.41534806,RF
-122.6294142,77.94472495,44.6846893,27.86355428,-21.98890416,80.4067477,RF
-123.716224,56.48859861,67.2276254,15.71726238,-21.63421042,80.39814825,RF
-119.5686754,32.65937283,86.90930259,1.988582247,-21.09662212,80.38954972,RF
-118.5199671,29.00412726,89.51583986,1.19E-09,-21.00451684,80.38828124,RF
-118.5199671,29.00412726,89.51583986,4.97E-10,-21.00451684,80.38828124,RF
-108.608559,3.745426969,104.863132,-13.26947244,-20.32324226,80.37968376,RF
-94.11615773,-21.60744007,115.7235978,-25.96069027,-19.57942921,80.37108719,RF
-75.64849983,-46.00518287,121.6536827,-37.65217771,-18.83649743,80.36249154,RF
-54.00379844,-68.37451449,122.3783129,-48.0781541,-18.15611965,80.3538968,RF
-30.02525745,-87.84223181,117.8674893,-55.94970692,-17.59716228,80.34530297,RF
-24.10887984,-91.93171382,116.0405937,-57.68740606,-17.48825437,80.34325846,RF
-24.10887984,-91.93171382,116.0405937,-57.68740606,-17.48825437,80.34325846,RF
1.235247611,-106.6062715,105.3710238,-63.45081279,-17.15663141,80.33466576,RF
26.50516027,-116.6952109,90.19005065,-66.07770918,-17.04966871,80.32607398,RF
50.6305339,-121.7859444,71.15541049,-66.47375055,-17.19334996,80.31748312,RF
72.6465906,-121.7055128,49.0589222,-64.18763279,-17.60274179,80.30889319,RF
91.50388606,-116.3562932,24.85240715,-58.12902222,-18.25934979,80.30030417,RF
94.4424232,-114.8938744,20.45145122,-57.01830173,-18.40028509,80.29879524,RF
94.4424232,-114.8938744,20.45145122,-57.01830173,-18.40028509,80.29879524,RF
108.6910483,-103.7532457,-4.937802609,-48.88566028,-19.33029676,80.29020731,RF
118.3155868,-88.17252816,-30.14305868,-39.06621481,-20.44515188,80.28162032,RF
122.9235362,-68.80111684,-54.12241932,-27.81128695,-21.69576204,80.27303425,RF
122.3174221,-46.43987683,-75.87754531,-16.22777554,-23.02335974,80.26444911,RF
116.4694029,-22.09698214,-94.37242076,-1.380508246,-24.33286659,80.2558649,RF
115.5738876,-19.49232531,-96.08156231,-4.06E-09,-24.46706936,80.25497469,RF
115.5738876,-19.49232531,-96.08156232,-3.37E-09,-24.46706936,80.25497469,RF
104.3137734,5.901736098,-110.2155095,13.0926649,-25.70641983,80.24639151,RF
88.62664551,31.0908585,-119.717504,25.48521813,-26.79759618,80.23780925,RF
69.16844636,55.02554361,-124.19399,36.58455626,-27.67916082,80.22922793,RF
46.75000982,76.67555624,-123.4255661,46.63830934,-28.28778955,80.22064753,RF
22.76296724,94.84571504,-117.6086823,54.37750518,-28.58291846,80.21220545,RF
22.76296724,94.84571504,-117.6086823,54.37750518,-28.58291846,80.21220545,RF
-2.582974759,109.3903107,-106.8073359,59.36162425,-28.55287048,80.20362687,RF
-27.84398351,119.3487908,-91.50480729,62.85418563,-28.17120249,80.19504922,RF
-51.94812417,124.2918209,-72.34369674,62.55867485,-27.4431541,80.18647247,RF
-73.8428119,124.0326051,-50.18979324,60.08664007,-26.40173286,80.17789663,RF
-92.65724795,118.5747626,-25.9175147,55.50677731,-25.08222757,80.1693217,RF
-94.60115845,117.6046073,-23.00344888,54.16058583,-24.91143807,80.16832254,RF
-94.60115845,117.6046073,-23.00344888,54.16058583,-24.91143807,80.16832254,RF
-108.9431528,106.5934886,2.349664137,45.95497527,-23.33743117,80.15974862,RF
-118.7192864,91.1356263,27.58366007,36.45782109,-21.61834918,80.1511756,RF
-123.4752921,71.86709898,51.60819312,25.2250909,-19.82323594,80.14260348,RF
-123.0219652,49.60398216,73.41798301,12.99041442,-18.0317086,80.13403226,RF
-117.3516325,25.33541961,92.01621285,-8.06E-09,-16.32134126,80.12547675,RF
-117.3516325,25.33541961,92.01621285,-8.95E-09,-16.32134126,80.12547675,RF
-106.7460692,-0.007614679,106.7536839,-13.10057236,-14.76524895,80.11690733,RF
-91.6217996,-25.28877172,116.9105713,-25.41363789,-13.43004591,80.10833882,RF
-72.63071044,-49.45102282,122.0817333,-36.64392801,-12.37038348,80.0997712,RF
-50.57391345,-71.47410969,122.0480231,-46.26906486,-11.62622033,80.0912045,RF
-26.40218212,-90.39419298,116.7963751,-54.29926969,-11.22070213,80.08263871,RF
-24.30167435,-91.82541607,116.1270904,-54.8864097,-11.20275966,80.08192162,RF
-24.30167435,-91.82541607,116.1270904,-54.8864097,-11.20275966,80.08192162,RF
1.05792409,-106.5277353,105.4698112,-59.73177313,-11.17192918,80.07335682,RF
26.33588976,-116.6629123,90.32702258,-62.28454974,-11.47314775,80.06479294,RF
50.49085132,-121.8067637,71.31591237,-62.17378095,-12.0778585,80.05622997,RF
72.50104437,-121.7453236,49.24427923,-59.54911945,-12.94246651,80.04766793,RF
91.45149704,-116.4792927,25.02779565,-54.66870682,-14.01400247,80.03910681,RF
91.98835975,-116.2292401,24.24088036,-54.28100617,-14.05010439,80.03883671,RF
91.98835976,-116.2292401,24.24088036,-54.28100617,-14.05010439,80.03883671,RF
106.8496208,-105.7906809,-1.058939888,-45.79111387,-15.25114098,80.03027655,RF
117.2163011,-90.84680827,-26.36949284,-36.16872778,-16.52410475,80.02171732,RF
122.5993727,-72.00100553,-50.59836715,-24.84924558,-17.78921872,80.01315901,RF
122.7854609,-50.05367843,-72.73178251,-12.55758147,-18.98140208,80.00460163,RF
117.7639529,-25.91307975,-91.85087316,-0.111559456,-20.04238238,79.99604517,RF
117.7202411,-25.77076269,-91.94947843,-2.77E-09,-20.04782749,79.99599619,RF
117.7202411,-25.77076269,-91.94947843,-1.76E-09,-20.04782749,79.99599619,RF
107.6268409,-0.519497683,-107.1073432,14.13192942,-20.89754464,79.98744066,RF
92.99776699,24.8255701,-117.8233371,26.78892926,-21.53369242,79.97888606,RF
74.41194406,49.16608506,-123.5780291,38.35849488,-21.9159439,79.97033238,RF
52.66260363,71.4833357,-124.1459393,48.28649969,-22.04174767,79.96177961,RF
28.68445633,90.79985526,-119.4843116,56.52198117,-21.91375108,79.95322776,RF
27.9521181,91.31689884,-119.2690169,56.78942946,-21.9064845,79.95297575,RF
27.9521181,91.31689884,-119.2690169,56.78942946,-21.9064845,79.95297575,RF
2.691702604,106.7363976,-109.4281002,62.37459381,-21.54638334,79.94442483,RF
-22.66731266,117.6755069,-95.00819423,65.6005074,-21.00312396,79.93587483,RF
-47.08277195,123.682487,-76.59971503,66.01105931,-20.32527787,79.92732574,RF
-69.52101926,124.5073668,-54.98634749,63.80784801,-19.5730842,79.91877755,RF
-89.00081047,120.0968307,-31.09602026,59.24855046,-18.80750607,79.91023027,RF
-91.97351141,118.8185522,-26.84504076,57.95996974,-18.67802151,79.90877899,RF
-91.97351141,118.8185522,-26.84504076,57.95996974,-18.67802151,79.90877899,RF
-107.0034457,108.553151,-1.549705351,49.50564493,-17.98199503,79.90023277,RF
-117.5071648,93.74235188,23.76481289,40.47556474,-17.41091797,79.89168747,RF
-123.0445927,74.98702357,48.05756911,29.51778032,-17.01739536,79.88314307,RF
-123.3318681,53.07148628,70.26038178,16.74810841,-16.84270278,79.87459958,RF
-118.4927259,29.08415711,89.40856879,3.439711841,-16.92127402,79.866057,RF
-116.5995503,23.19168371,93.40786655,9.05E-09,-16.97862525,79.86404518,RF
-116.5995503,23.1916837,93.40786655,8.32E-09,-16.97862525,79.86404518,RF
-105.5703862,-2.195321139,107.7657074,-13.07780789,-17.38386403,79.85550374,RF
-90.09363872,-27.41783621,117.5114749,-25.64117956,-18.04663706,79.84696321,RF
-70.80852696,-51.43395099,122.242478,-37.03631067,-18.94522762,79.83842361,RF
-48.53146424,-73.22930107,121.7607653,-46.74057957,-20.04218177,79.82988492,RF
-24.20882647,-91.84921757,116.058044,-54.79666552,-21.28012251,79.82134717,RF
-21.51103649,-93.63074936,115.1417859,-55.54599894,-21.41964196,79.82042939,RF
-21.51103649,-93.63074936,115.1417859,-55.54599895,-21.41964196,79.82042939,RF
3.876173235,-107.8589882,103.982815,-60.92409578,-22.74789425,79.81189266,RF
29.08028187,-117.464923,88.38464111,-63.36442992,-24.08066442,79.80335685,RF
53.05162361,-122.0515773,68.99995364,-63.26917899,-25.34813075,79.79482197,RF
74.73728424,-121.4021072,46.66482296,-61.10787769,-26.46911365,79.78628801,RF
93.27702865,-115.5563485,22.27931981,-54.92432609,-27.38878799,79.77775498,RF
94.2825492,-115.0363901,20.75384088,-54.54458441,-27.43635456,79.77723656,RF
94.2825492,-115.0363901,20.75384088,-54.54458441,-27.43635456,79.77723656,RF
108.5857473,-103.9599087,-4.625838645,-46.71488116,-28.07217631,79.7687045,RF
118.2767107,-88.43410056,-29.84261011,-37.00602261,-28.3961487,79.76017336,RF
122.9547113,-69.1095717,-53.84513964,-25.8305327,-28.38116305,79.75164313,RF
122.4265482,-46.78974149,-75.63680673,-13.86185152,-28.01720092,79.74311381,RF
116.6605396,-22.52437067,-94.13616896,2.03E-09,-27.2856594,79.7346083,RF
116.6605396,-22.52437067,-94.13616896,2.50E-09,-27.2856594,79.7346083,RF
105.9693613,2.815318322,-108.7846796,12.92944479,-26.24008371,79.72608078,RF
90.78022266,28.08732076,-118.8675434,25.27268004,-24.91031446,79.71755418,RF
71.73460244,52.22680169,-123.9614041,36.4714464,-23.35137364,79.70902846,RF
49.64665686,74.18052677,-123.8271836,46.26878898,-21.62728339,79.70050365,RF
25.39841677,93.0869622,-118.485379,54.04515564,-19.81083402,79.69197973,RF
23.93640503,94.07693476,-118.0133398,54.42720335,-19.7033332,79.69148053,RF
23.93640503,94.07693476,-118.0133398,54.42720335,-19.7033332,79.69148053,RF
-1.385528151,108.7993283,-107.4138001,59.72602401,-17.88485317,79.68295756,RF
-26.67406381,118.9814555,-92.3073917,62.59027774,-16.14331662,79.67443548,RF
-50.84796279,124.177034,-73.32907126,62.85335609,-14.55480902,79.6659143,RF
-72.8501901,124.1275938,-51.27740373,60.2940962,-13.18620276,79.65739402,RF
-91.81477073,118.9043376,-27.08956683,54.73624522,-12.09593407,79.64887463,RF
-92.80197287,118.4423934,-25.6404205,54.39019026,-12.04200208,79.64838065,RF
-92.80197287,118.4423934,-25.6404205,54.39019026,-12.04200208,79.64838065,RF
-107.6289279,107.9409828,-0.312054835,46.70866084,-11.2906959,79.63986222,RF
-117.9065805,92.92235667,24.98422378,37.14705829,-10.88543572,79.63134469,RF
-123.2102045,74.0173853,49.19281919,26.19710936,-10.83280799,79.62282808,RF
-123.3194962,52.01247512,71.30702105,14.93041715,-11.12319523,79.61431238,RF
-118.1394918,27.82801231,90.31147951,0.251133924,-11.72407228,79.60579759,RF
-117.9732381,27.29246443,90.68077367,4.42E-09,-11.74000985,79.60561416,RF
-117.9732381,27.29246443,90.68077367,3.81E-09,-11.74000985,79.60561416,RF
-107.7570025,2.0326475,105.724355,-12.89305561,-12.61004584,79.59710031,RF
-92.97601891,-23.30172541,116.2777443,-25.37201194,-13.69465885,79.58858738,RF
-74.27276953,-47.59618059,121.8689501,-36.60634928,-14.92274512,79.58007537,RF
-52.41845211,-69.82689713,122.2453492,-46.48568789,-16.22220545,79.57156428,RF
-29.6736849,-88.1169087,117.7905936,-54.12565896,-17.45063062,79.56350036,RF
-29.67368489,-88.1169087,117.7905936,-54.12565896,-17.45063062,79.56350036,RF
-4.470666585,-103.727413,108.1980795,-59.83447063,-18.67978917,79.55499107,RF
20.9122765,-114.9026761,93.99039962,-62.76638044,-19.7771614,79.5464827,RF
45.41224277,-121.1726693,75.76042657,-63.23126191,-20.69023906,79.53797525,RF
67.95315366,-122.2230645,54.2699108,-61.12498772,-21.36398946,79.52946872,RF
87.6126017,-118.0645357,30.45193404,-56.2862049,-21.78663171,79.5209631,RF
88.91470765,-117.5534697,28.63876208,-55.8351803,-21.80630809,79.52033994,RF
88.91470765,-117.5534697,28.63876208,-55.8351803,-21.80630809,79.52033994,RF
104.555547,-107.9880658,3.432518809,-48.39592342,-21.94532484,79.5118353,RF
115.7582549,-93.80399819,-21.95425675,-39.14974662,-21.82841031,79.50333157,RF
122.0543897,-75.59943135,-46.45495835,-27.86054017,-21.4802091,79.49482875,RF
123.1246866,-54.11593713,-69.00874948,-15.13248962,-20.92882688,79.48632683,RF
118.9928372,-30.30818601,-88.68465114,-2.057302598,-20.24134425,79.47782581,RF
117.9284087,-26.61275264,-91.31565606,1.52E-09,-20.12865559,79.47655837,RF
117.9284087,-26.61275263,-91.31565606,2.24E-09,-20.12865559,79.47655837,RF
108.0200136,-1.354700029,-106.6653136,13.22996593,-19.35318048,79.46805839,RF
93.53109486,24.00010722,-117.5312021,25.66848952,-18.57191163,79.45955931,RF
75.07017916,48.37334193,-123.4435211,37.50331615,-17.8489871,79.45106114,RF
53.37677654,70.79411925,-124.1708958,47.57993143,-17.24747791,79.44256387,RF
29.44919926,90.21465295,-119.6638522,55.91759729,-16.82428531,79.4340675,RF
23.91229925,94.04644696,-117.9587462,57.30854037,-16.75847294,79.43217701,RF
23.91229925,94.04644696,-117.9587462,57.30854037,-16.75847294,79.43217701,RF
-1.423843765,108.778636,-107.3547923,63.17707088,-16.61327213,79.42368175,RF
-26.70726052,118.9515967,-92.24433614,65.6920938,-16.72703696,79.4151874,RF
-50.87151844,124.1486192,-73.27710076,65.36406971,-17.11159672,79.40669396,RF
-72.90281232,124.110693,-51.20788067,62.72364146,-17.76170463,79.39820143,RF
-91.83699708,118.8557102,-27.01871316,57.60219869,-18.65271732,79.38970982,RF
-94.97842038,117.2972557,-22.31883536,56.23005259,-18.8435019,79.38811398,RF
-94.97842039,117.2972557,-22.31883535,56.23005259,-18.8435019,79.38811398,RF
-109.2413011,106.1745951,3.066705988,48.32400767,-19.97424861,79.37962346,RF
-118.8868743,90.60863026,28.27824407,38.79900944,-21.24623433,79.37113386,RF
-123.5270178,71.23897786,52.28803998,28.14877945,-22.60208737,79.36264517,RF
-122.8838749,48.90625447,73.97762041,14.08395014,-23.94575704,79.35415741,RF
-117.0790173,24.55139903,92.52761832,1.073657173,-25.22829125,79.34567057,RF
-116.432124,22.65988766,93.77223634,-6.01E-10,-25.31940436,79.34503122,RF
-116.432124,22.65988765,93.77223634,-1.34E-09,-25.31940436,79.34503122,RF
-105.3237059,-2.721906136,108.0456121,-13.25825782,-26.44681015,79.33654537,RF
-89.76918913,-27.93762466,117.7068138,-25.2774096,-27.35915322,79.32806044,RF
-70.40790531,-51.90593567,122.313841,-37.03852921,-27.98904104,79.31957642,RF
-48.07505871,-73.66059422,121.7356529,-46.6103751,-28.31149632,79.31109331,RF
-23.80188391,-92.16628055,115.9681645,-54.66436198,-28.27882576,79.30263545,RF
-23.80188391,-92.16628055,115.9681645,-54.66436198,-28.27882576,79.30263545,RF
1.537059335,-106.7904919,105.2534326,-59.97709536,-27.8912443,79.29415415,RF
26.80816801,-116.8234336,90.01526557,-62.75528056,-27.14286128,79.28567375,RF
50.93424077,-121.8907042,70.95646342,-62.46190769,-26.07646151,79.27719426,RF
72.89258779,-121.7147641,48.82217633,-59.97051016,-24.7139401,79.26871565,RF
91.73698289,-116.3291752,24.59219231,-54.96555964,-23.1217178,79.26023795,RF
92.18081257,-116.1183724,23.9375598,-54.77482282,-23.07720261,79.26001564,RF
92.18081257,-116.1183724,23.9375598,-54.77482282,-23.07720261,79.26001564,RF
107.0176637,-105.6415886,-1.376075048,-47.2187371,-21.32378339,79.25153884,RF
117.3134487,-90.63798163,-26.67546706,-37.65925138,-19.48807047,79.24306294,RF
122.6286543,-71.74624372,-50.88241062,-26.53683677,-17.65249234,79.23458792,RF
122.7430338,-49.76404011,-72.97899372,-14.3972217,-15.89848449,79.2261138,RF
117.6523754,-25.60775695,-92.0446185,-2.062063207,-14.30235053,79.21764056,RF
116.7156166,-22.67945107,-94.03616556,-1.48E-09,-14.12855531,79.21664579,RF
116.7156166,-22.67945107,-94.03616556,-5.95E-10,-14.12855531,79.21664579,RF
106.0171474,2.663954444,-108.6811018,12.99456024,-12.78871292,79.20817355,RF
90.85398602,27.94127841,-118.7952644,25.41945689,-11.74137383,79.19970221,RF
71.82327022,52.08588106,-123.9091513,36.61579642,-11.02354485,79.19123176,RF
49.73706164,74.08209983,-123.8191615,46.21564319,-10.65838811,79.18276222,RF
25.51623988,92.98402479,-118.5002647,53.75605301,-10.65033857,79.17429358,RF
25.30150472,93.13076277,-118.4322675,53.81694411,-10.65177819,79.1742207,RF
25.30150472,93.13076277,-118.4322675,53.81694411,-10.65177819,79.1742207,RF
0.007379498,108.0953774,-108.1027569,59.37288306,-10.98826695,79.16575297,RF
-25.31102472,118.5437852,-93.23276049,61.99498636,-11.63687609,79.15728616,RF
-49.57318129,124.024631,-74.45144969,62.1546926,-12.55051948,79.14882026,RF
-71.72675431,124.2886482,-52.56189385,60.01534622,-13.66619087,79.14035527,RF
-90.35520044,119.5664082,-29.21120779,54.19014882,-14.88481025,79.13214933,RF
-90.35520044,119.5664082,-29.21120779,54.19014882,-14.88481025,79.13214933,RF
-105.7858884,109.7609542,-3.975065849,46.66287231,-16.20198667,79.12368615,RF
-116.7529488,95.35936285,21.39358595,37.16684617,-17.51161343,79.11522389,RF
-122.7924516,76.96833778,45.82411385,26.15625348,-18.74312016,79.10676254,RF
-123.6547413,55.35368916,68.30105218,14.31777819,-19.83642326,79.09830211,RF
-119.3323625,31.79595701,87.53640545,2.95E-09,-20.70553035,79.08996604,RF
-119.3323625,31.79595701,87.53640545,2.41E-09,-20.70553035,79.08996604,RF
-109.9902998,6.653876392,103.3364234,-12.76366836,-21.35876774,79.08150742,RF
-95.99152609,-18.75100543,114.7425315,-25.55890022,-21.75559799,79.07304971,RF
-77.94522689,-43.30956605,121.2547929,-37.13726269,-21.88677629,79.06459291,RF
-56.61691405,-65.96205427,122.5789683,-47.44645875,-21.75728505,79.05613701,RF
-32.86082264,-85.81352045,118.6743431,-55.73839209,-21.39912028,79.04768202,RF
-29.34268958,-88.35218587,117.6948754,-56.76403221,-21.33026917,79.04647677,RF
-29.34268958,-88.35218587,117.6948754,-56.76403221,-21.33026917,79.04647677,RF
-4.130842173,-103.8972935,108.0281356,-62.78367464,-20.75790448,79.0380228,RF
21.24794459,-115.0018529,93.7539083,-65.88542923,-20.05914178,79.02956974,RF
45.7201756,-121.1899506,75.46977497,-66.49579548,-19.29481158,79.02111756,RF
68.27176141,-122.2077037,53.93594231,-64.86953272,-18.53193946,79.01266629,RF
87.83545482,-117.9312037,30.09574884,-59.28830313,-17.82822747,79.00421591,RF
91.86792509,-116.2168366,24.34891154,-57.88801196,-17.68234784,79.00226195,RF
91.8679251,-116.2168366,24.34891154,-57.88801196,-17.68234784,79.00226195,RF
106.7837482,-105.813899,-0.969849221,-49.99276202,-17.1517259,78.99381268,RF
117.1565093,-90.88410584,-26.2724035,-40.34509567,-16.81679069,78.98536431,RF
122.5656327,-72.05375178,-50.51188092,-29.19259083,-16.71809639,78.97691684,RF
122.7854047,-50.1035433,-72.68186141,-17.76416626,-16.88280013,78.96847027,RF
117.7122852,-25.99013224,-91.72215293,-2.923473732,-17.31001337,78.96002461,RF
115.9419624,-20.55384605,-95.38811636,-1.93E-09,-17.4392891,78.95818965,RF
115.9419624,-20.55384605,-95.38811636,-1.23E-09,-17.4392891,78.95818965,RF
104.8771721,4.828574472,-109.7057466,13.20978139,-18.18804592,78.9497451,RF
89.36315794,30.04498289,-119.4081408,25.66406275,-19.16512097,78.94130145,RF
70.04991655,54.0511992,-124.1011158,36.84818435,-20.32961934,78.93285872,RF
47.73896328,75.80531485,-123.5442781,47.06786012,-21.61918216,78.92441691,RF
23.40359442,94.40174919,-117.8053436,54.78038961,-22.97115452,78.91597601,RF
20.79661389,96.11675588,-116.9133698,55.50987646,-23.11162675,78.91509946,RF
20.79661389,96.11675588,-116.9133698,55.50987646,-23.11162675,78.91509946,RF
-4.5926871,110.3240092,-105.7313221,60.82710577,-24.44836104,78.90665957,RF
-29.79674331,119.9075343,-90.110791,63.3418746,-25.69048936,78.89822059,RF
-53.73449109,124.4489542,-70.71446313,63.60038885,-26.7611881,78.88978253,RF
-75.45739877,123.7760033,-48.31860452,59.54016129,-27.60720564,78.88134538,RF
-93.72457494,118.0094509,-24.28487598,54.36033957,-28.15050304,78.87302129,RF
-93.72457494,118.0094509,-24.28487598,54.36033957,-28.15050304,78.87302129,RF
-108.3164766,107.2594139,1.057062684,47.19469432,-28.379064,78.86458594,RF
-118.3458592,92.02070439,26.32515477,37.42371714,-28.2584908,78.8561515,RF
-123.3587092,72.93822297,50.42048618,26.49851664,-27.77421454,78.84771795,RF
-123.1608767,50.79151477,72.36936191,13.48654252,-26.94148887,78.8392853,RF
-117.7592221,26.55839752,91.20082455,0.606094626,-25.79143231,78.83085354,RF
-117.4004464,25.4525525,91.94789392,-1.49E-09,-25.7331996,78.83048078,RF
-117.4004464,25.4525525,91.94789392,-2.20E-09,-25.7331996,78.83048078,RF
-106.8115207,0.118137226,106.6933835,-13.05025163,-24.30119835,78.82204995,RF
-91.71671443,-25.16938234,116.8860968,-25.23002049,-22.66322122,78.81362001,RF
-72.75082653,-49.32468492,122.0755114,-36.60118506,-20.88841627,78.80519096,RF
-50.67762124,-71.38100159,122.0586228,-46.36329744,-19.0526007,78.79676279,RF
-26.50307926,-90.32040269,116.823482,-54.38457284,-17.24615682,78.7883355,RF
-24.72847461,-91.52641908,116.2548937,-54.80520071,-17.12044949,78.78773647,RF
-24.72847461,-91.52641908,116.2548937,-54.80520071,-17.12044949,78.78773647,RF
0.600868325,-106.3004847,105.6996164,-60.03311635,-15.4317823,78.77931013,RF
25.88825608,-116.5210031,90.63274699,-62.93817976,-13.93050547,78.77088468,RF
50.09536674,-121.7806936,71.68532686,-63.17528448,-12.67996229,78.76246012,RF
72.12366817,-121.778194,49.65452583,-59.96547822,-11.73069668,78.75403644,RF
91.10246124,-116.5891545,25.48669322,-54.77808119,-11.11858618,78.74561366,RF
91.93102647,-116.2041296,24.27310312,-54.44778417,-11.09769506,78.7452044,RF
91.93102647,-116.2041296,24.27310312,-54.44778416,-11.09769506,78.7452044,RF
106.8402991,-105.7892986,-1.051000484,-46.88493723,-10.85692691,78.73678256,RF
117.2106494,-90.85116473,-26.3594847,-36.52869138,-10.96789538,78.72836162,RF
122.5924099,-71.98964955,-50.6027603,-25.7334382,-11.41098808,78.71994159,RF
122.7679044,-50.05460055,-72.7133038,-13.20386791,-12.14506124,78.71152246,RF
117.7344959,-25.9366937,-91.79780222,-0.269610897,-13.12300054,78.70310423,RF
117.5858082,-25.45549191,-92.13031624,-6.87E-09,-13.14386672,78.70294187,RF
117.5858082,-25.45549191,-92.13031624,-6.15E-09,-13.14386672,78.70294187,RF
107.4615162,-0.175442644,-107.2860735,12.8877819,-14.30384188,78.69452458,RF
92.77638146,25.16513331,-117.9415148,25.0725393,-15.57158012,78.68610819,RF
74.1273345,49.50363195,-123.6309665,36.94815814,-16.87280435,78.67769272,RF
52.3407535,71.77342631,-124.1141798,47.12763079,-18.12913737,78.66927816,RF
29.34220869,90.33513053,-119.6773392,54.8366176,-19.23382654,78.6612128,RF
29.34220869,90.33513053,-119.6773392,54.8366176,-19.23382654,78.6612128,RF
4.155764806,105.9822192,-110.137984,60.34259116,-20.22158249,78.65280002,RF
-21.23317001,117.1972571,-95.96408713,63.56286174,-20.99670711,78.64438815,RF
-45.7330418,123.4997716,-77.76672981,64.05468773,-21.52552188,78.63597719,RF
-68.31542124,124.6278665,-56.31244527,61.86245143,-21.7931398,78.62756714,RF
-87.99232254,120.5177888,-32.52546629,57.4228112,-21.794607,78.61915798,RF
-89.65356859,119.8621545,-30.20858593,56.59512597,-21.78062493,78.61837695,RF
-89.65356859,119.8621545,-30.20858593,56.59512597,-21.78062493,78.61837695,RF
-105.2503911,110.2394087,-4.989017594,49.09900936,-21.51738329,78.60996878,RF
-116.4030557,96.01285253,20.3902032,39.06145771,-21.04980615,78.6015615,RF
-122.6330144,77.74922131,44.88379311,27.90333376,-20.42089044,78.59315511,RF
-123.6699007,56.26755545,67.40234525,15.64535706,-19.69125482,78.58474962,RF
-119.5036804,32.44435749,87.05932288,2.755049436,-18.928587,78.57634502,RF
-118.266362,28.22778854,90.03857349,-5.01E-09,-18.79690821,78.57492436,RF
-118.266362,28.22778854,90.03857349,-5.82E-09,-18.79690821,78.57492436,RF
-108.2065092,2.96597778,105.2405315,-13.06060893,-18.0739844,78.5665208,RF
-93.57971962,-22.37649923,115.9562189,-25.73272083,-17.45900856,78.55811813,RF
-75.00158947,-46.71838774,121.7199772,-37.32792048,-17.00914233,78.54971636,RF
-53.25841942,-69.03604645,122.2944659,-47.3943361,-16.77268549,78.54131549,RF
-29.28177434,-88.35624356,117.6380179,-55.80573576,-16.78206341,78.53291551,RF
-22.61895169,-92.92431456,115.5432663,-57.738788,-16.83134676,78.5306793,RF
-22.61895169,-92.92431456,115.5432663,-57.738788,-16.83134676,78.5306793,RF
2.756131323,-107.3232529,104.5671216,-62.61617541,-17.17918126,78.52228046,RF
27.99004936,-117.1365947,89.14654529,-65.17895829,-17.79399478,78.51388252,RF
52.02780958,-121.934741,69.90693146,-65.05198997,-18.65458567,78.50548549,RF
73.85516841,-121.5217218,47.66655339,-62.38692177,-19.72556321,78.49708936,RF
92.56296437,-115.913731,23.35076661,-57.50543762,-20.95920355,78.48869415,RF
95.12993309,-114.5811475,19.45121439,-55.68712834,-21.15999505,78.48738875,RF
95.12993309,-114.5811475,19.45121439,-55.68712834,-21.15999505,78.48738875,RF
109.1781435,-103.2353983,-5.942745207,-47.50427347,-22.48815725,78.47899459,RF
118.6186081,-87.49418522,-31.12442291,-37.55510284,-23.83526756,78.47060133,RF
123.0178021,-67.99100666,-55.02679544,-26.09818084,-25.11994958,78.46220899,RF
122.2009209,-45.55455183,-76.6463691,-13.77825521,-26.27096173,78.45381755,RF
116.1994156,-21.11204078,-95.08737478,-1.483776346,-27.22305909,78.44542703,RF
115.5483668,-19.24723485,-96.30113198,-1.31E-09,-27.28192058,78.44480324,RF
115.5483668,-19.24723484,-96.30113198,-2.96E-10,-27.28192058,78.44480324,RF
104.2145778,6.133337552,-110.3479153,13.76202114,-27.92251349,78.43641369,RF
88.49208946,31.31832783,-119.8104173,26.23946979,-28.26180415,78.42802504,RF
69.00203598,55.22699272,-124.2290287,37.45862837,-28.25119042,78.41963728,RF
46.57628452,76.85727676,-123.4335613,46.92133121,-27.88296251,78.41125042,RF
22.33578778,95.1517935,-117.4875813,54.6937078,-27.15992206,78.4029166,RF
22.33578778,95.1517935,-117.4875813,54.6937078,-27.15992206,78.4029166,RF
-3.046014125,109.6196765,-106.5736624,59.9282509,-26.10236138,78.39453152,RF
-28.28633543,119.484724,-91.19838856,62.66851694,-24.75792206,78.38614732,RF
-52.34626036,124.3417755,-71.99551512,62.63963162,-23.18093039,78.377764,RF
-74.20731086,123.988668,-49.78135711,60.03621523,-21.44192886,78.36938157,RF
-92.9122246,118.4246037,-25.51237912,55.07935616,-19.6174529,78.36100001,RF
-93.31208978,118.2284509,-24.91636109,54.88978789,-19.57305724,78.36080209,RF
-93.31208978,118.2284509,-24.91636108,54.88978789,-19.57305724,78.36080209,RF
-108.0135325,107.5741553,0.4393772,46.80399356,-17.74313208,78.35242143,RF
-118.1427248,92.42649531,25.71622947,37.20138522,-15.99857857,78.34404166,RF
-123.2816886,73.41289692,49.86879171,26.00042449,-14.4139561,78.33566276,RF
-123.2161045,51.34068519,71.87541934,13.86478168,-13.05908166,78.32728475,RF
-117.9505058,27.12978885,90.82071696,1.632011975,-11.99047289,78.31890762,RF
-117.2207266,24.87860935,92.34211728,1.49E-09,-11.90963641,78.3181535,RF
-117.2207266,24.87860935,92.34211729,4.67E-10,-11.90963641,78.3181535,RF
-106.4881617,-0.466360287,106.954522,-13.18086972,-11.19932521,78.30977733,RF
-91.29535923,-25.74054569,117.0359049,-25.55318839,-10.84362899,78.30140206,RF
-72.24053954,-49.87353421,122.1140737,-36.70608541,-10.84498614,78.29302769,RF
-50.13747777,-71.85097441,121.9884522,-46.20210806,-11.18905935,78.28465421,RF
-27.03216405,-89.95519383,116.9873579,-53.58663901,-11.8077595,78.27666058,RF
-27.03216405,-89.95519383,116.9873579,-53.58663901,-11.8077595,78.27666058,RF
-1.766133797,-105.1154065,106.8815403,-59.15565718,-12.71015065,78.26828887,RF
23.57619443,-115.7879112,92.21171677,-61.88791673,-13.81812734,78.25991805,RF
47.91087895,-121.5077497,73.59687075,-62.10529276,-15.06070269,78.25154815,RF
70.18549989,-122.0172956,51.83179567,-60.0171979,-16.35890451,78.24317915,RF
89.03016686,-117.5129172,28.48275037,-53.99072534,-17.61469664,78.23504305,RF
89.03016686,-117.5129172,28.48275037,-53.99072534,-17.61469664,78.23504305,RF
104.6298503,-107.9176262,3.287775903,-47.10111095,-18.81145916,78.22667584,RF
115.8069448,-93.70842983,-22.09851501,-37.4468425,-19.86311743,78.21830954,RF
122.0693232,-75.47819709,-46.59112609,-26.50980951,-20.71253963,78.20994414,RF
123.1628721,-53.98821854,-69.17465355,-14.60329523,-21.32530981,78.20157964,RF
118.9763173,-30.17551224,-88.8008051,-0.615762472,-21.6568631,78.19321604,RF
118.6609331,-29.03988537,-89.62104777,-4.58E-10,-21.66597125,78.19283195,RF
118.6609331,-29.03988537,-89.62104777,2.38E-10,-21.66597125,78.19283195,RF
109.2276303,-3.855136998,-105.3724933,13.16698697,-21.72632866,78.18446929,RF
95.16012146,21.53906932,-116.6991908,25.85548296,-21.53199753,78.17610752,RF
77.04951115,46.07815139,-123.1276625,37.53193046,-21.11339714,78.16774664,RF
55.67371835,68.6941225,-124.3678408,47.90170374,-20.51194413,78.15938665,RF
31.88556811,88.48533357,-120.3709017,56.14031292,-19.7836406,78.15102755,RF
27.1578847,91.86160866,-119.0194934,57.50788977,-19.6350319,78.14942962,RF
27.1578847,91.86160866,-119.0194934,57.50788977,-19.6350319,78.14942962,RF
1.899142432,107.1402972,-109.0394396,63.40498271,-18.84417981,78.14107158,RF
-23.45186059,117.9345026,-94.48264206,66.29791648,-18.07484445,78.13271442,RF
-47.82827254,123.7897528,-75.96148023,66.77316352,-17.39418481,78.12435815,RF
-70.21686704,124.4617994,-54.24493234,65.0946262,-16.86459629,78.11600277,RF
-89.56209264,119.8516666,-30.28957396,59.11091444,-16.53327708,78.10764828,RF
-93.33328177,118.1632111,-24.82992936,57.76641204,-16.49260804,78.10581785,RF
-93.33328177,118.1632111,-24.82992936,57.76641204,-16.49260804,78.10581785,RF
-108.0221725,107.5047602,0.517412227,49.73636277,-16.46562449,78.09746444,RF
-118.1391289,92.3490121,25.79011684,40.01482883,-16.70990275,78.08911193,RF
-123.2716234,73.32859513,49.94302823,28.81232684,-17.23057991,78.08076032,RF
-123.2010954,51.23318392,71.9679115,17.30285017,-18.01613296,78.0724096,RF
-117.852986,27.00758827,90.84539773,2.514421887,-19.02460963,78.06405979,RF
-116.1404006,21.87133601,94.26906462,3.04E-09,-19.2560102,78.06234376,RF
-116.1404006,21.87133601,94.26906462,2.39E-09,-19.2560102,78.06234376,RF
-104.8866804,-3.509350828,108.3960312,-13.34516472,-20.4800436,78.05399504,RF
-89.19821001,-28.70096897,117.899179,-25.73488127,-21.81494509,78.04564722,RF
-69.74013433,-52.63397721,122.3741115,-36.91161761,-23.18938776,78.03730031,RF
-47.32293262,-74.28299995,121.6059326,-46.71326793,-24.52251444,78.0289543,RF
-22.93420142,-92.72182667,115.6560281,-54.41454839,-25.7378591,78.0206092,RF
-22.91922259,-92.73170568,115.6509283,-54.41837158,-25.73852885,78.02060421,RF
-22.91922259,-92.73170568,115.6509283,-54.41837158,-25.73852885,78.02060421,RF
2.441703273,-107.2176487,104.7759454,-59.14703799,-26.77219986,78.01226001,RF
27.69181453,-117.0936828,89.40186826,-62.20687379,-27.54652533,78.00391671,RF
51.73117089,-121.9473003,70.21612939,-62.58946201,-28.00950927,77.99557431,RF
73.57230598,-121.5919572,48.01965125,-60.07912486,-28.12813789,77.98723281,RF
92.32864273,-116.0384231,23.70978033,-54.36667251,-27.88728672,77.97889219,RF
92.95999577,-115.7298031,22.76980729,-54.13627773,-27.87065113,77.97857914,RF
92.95999577,-115.7298031,22.76980728,-54.13627773,-27.87065113,77.97857914,RF
107.6055208,-105.0302783,-2.575242556,-46.58720604,-27.24661364,77.97023945,RF
117.6806652,-89.8347877,-27.84587747,-36.9224819,-26.27583193,77.96190064,RF
122.7669375,-70.78320796,-51.98372955,-25.82285927,-24.99608689,77.95356271,RF
122.6242619,-48.69094809,-73.93331385,-13.81074736,-23.45693968,77.94522566,RF
117.2744365,-24.45668557,-92.81775095,-0.322005451,-21.72600186,77.93688949,RF
117.0790506,-23.8450051,-93.23404552,2.26E-09,-21.68173801,77.93668554,RF
117.0790506,-23.8450051,-93.23404552,2.95E-09,-21.68173801,77.93668554,RF
106.6365873,1.471997774,-108.1085851,12.8256282,-19.83969035,77.92835026,RF
91.66840946,26.77473861,-118.4431481,25.08703335,-17.97250959,77.92001586,RF
72.80629097,50.99966883,-123.8059598,36.24402845,-16.16473961,77.91168233,RF
50.85210589,73.09227268,-123.9443786,46.03950521,-14.49761844,77.90334968,RF
26.7229256,92.15194248,-118.8748681,53.79457357,-13.044634,77.89501791,RF
24.27283908,93.82744078,-118.1002799,54.62443055,-12.91568925,77.89420158,RF
24.27283908,93.82744078,-118.1002799,54.62443055,-12.91568925,77.89420158,RF
-1.078813612,108.639283,-107.5604694,59.6625047,-11.76959685,77.88587077,RF
-26.36877734,118.8758399,-92.50706253,62.22257346,-10.95408285,77.87754084,RF
-50.55995052,124.1320349,-73.57208442,62.15547246,-10.49575648,77.86921179,RF
-72.62689226,124.1845633,-51.55767104,59.60520516,-10.40417558,77.86088364,RF
-91.65176662,119.0315232,-27.37975658,54.93569558,-10.67083953,77.85255637,RF
-92.91856224,118.4409846,-25.52242241,54.01662649,-10.70407724,77.85193682,RF
-92.91856224,118.4409846,-25.52242241,54.01662649,-10.70407724,77.85193682,RF
-107.6961865,107.8964073,-0.200220795,45.62468324,-11.31788866,77.84361052,RF
-117.9609335,92.86245427,25.09847923,35.9640683,-12.2123965,77.83528511,RF
-123.2358018,73.94096416,49.2948376,24.66277654,-13.32519976,77.82696061,RF
-123.3102198,51.93699064,71.3732292,12.44782064,-14.58804221,77.818637,RF
-118.1784527,27.76345903,90.41499362,0.227585649,-15.92863314,77.8103143,RF
-118.0900038,27.47922829,90.6107755,2.26E-09,-15.94389742,77.81021931,RF
-118.0900038,27.47922829,90.61077551,1.23E-09,-15.94389742,77.81021931,RF
-107.8671154,2.203568849,105.6635465,-14.18085582,-17.26393245,77.80189752,RF
-93.12256762,-23.12945538,116.252023,-26.71408296,-18.51414572,77.79357663,RF
-74.43954924,-47.43078908,121.8703383,-38.14805706,-19.61594426,77.78525665,RF
-52.61585892,-69.68104583,122.2969048,-47.8951197,-20.51783756,77.77693756,RF
-30.17177915,-87.77297304,117.9447522,-55.69542946,-21.13416731,77.76915159,RF
-30.17177914,-87.77297305,117.9447522,-55.69542946,-21.13416731,77.76915159,RF
-4.966313716,-103.4800298,108.4463435,-61.40866371,-21.5427873,77.76083424,RF
20.4214595,-114.7330211,94.31156161,-64.56136354,-21.6720491,77.75251778,RF
44.93468022,-121.0806539,76.14597363,-65.05298674,-21.53743014,77.7442022,RF
67.5377042,-122.254805,54.71710075,-62.90858494,-21.16625494,77.73588752,RF
87.24250702,-118.1893785,30.94687148,-58.42898991,-20.59697959,77.72757372,RF
89.38466689,-117.3401383,27.9554714,-57.47275119,-20.51536166,77.72657718,RF
89.38466689,-117.3401383,27.95547139,-57.47275119,-20.51536166,77.72657718,RF
104.894804,-107.6404049,2.745600955,-50.221475,-19.79444814,77.71826437,RF
115.9135078,-93.32921477,-22.58429299,-40.71513365,-19.00224657,77.70995244,RF
122.0934967,-75.00269718,-47.09079955,-28.86004516,-18.21824164,77.7016414,RF
123.0392425,-53.45583019,-69.58341227,-16.38307096,-17.50170001,77.69333123,RF
118.7617017,-29.59666198,-89.16503968,-3.336243927,-16.92166056,77.68502195,RF
116.9755132,-23.70894528,-93.26656795,-7.29E-10,-16.80841058,77.68305383,RF
116.9755132,-23.70894528,-93.26656795,-1.28E-11,-16.80841058,77.68305383,RF
106.5196949,1.623713077,-108.1434079,13.18652024,-16.47559624,77.67474565,RF
91.52278491,26.91834243,-118.4411273,25.73237162,-16.38641687,77.66643834,RF
72.6380535,51.12746696,-123.7655205,37.24075167,-16.56885849,77.65813193,RF
50.66112749,73.22526331,-123.8863908,47.14324045,-17.03093072,77.64982641,RF
26.53881324,92.24915522,-118.7879685,55.43135514,-17.75959031,77.64152178,RF
21.48336988,95.64378399,-117.1271539,56.66968315,-17.93899105,77.63985425,RF
21.48336988,95.64378399,-117.1271539,56.66968315,-17.93899105,77.63985425,RF
-3.886478897,109.9693289,-106.08285,61.5786636,-18.9546537,77.63155069,RF
-29.10786382,119.6798251,-90.57196125,64.17087238,-20.15588233,77.62324804,RF
-53.11049037,124.3726188,-71.2621284,64.04042153,-21.4828007,77.61494629,RF
-74.88337048,123.8502874,-48.96691692,61.33007844,-22.86576643,77.60664544,RF
-93.5184811,118.1332877,-24.61480663,56.30843304,-24.23162794,77.59834549,RF
-95.44909301,117.1302063,-21.68111331,54.93822715,-24.38470631,77.5973741,RF
-95.44909301,117.1302063,-21.68111331,54.93822715,-24.38470631,77.5973741,RF
-109.5709908,105.8703591,3.700631728,46.67241938,-25.61818178,77.58907515,RF
-119.0983418,90.20158904,28.8967528,36.8111593,-26.67629008,77.58077711,RF
-123.5888876,70.75791428,52.83097336,25.3966523,-27.48232588,77.57247995,RF
-122.8644437,48.36519461,74.49924906,13.06064778,-27.98547385,77.5641837,RF
-116.9535577,23.95198694,93.00157074,0.553007289,-28.14882007,77.55588833,RF
-116.6996858,23.20946694,93.4902189,2.36E-09,-28.14737167,77.55564254,RF
-116.6996858,23.20946694,93.4902189,1.40E-09,-28.14737167,77.55564254,RF
-105.6624128,-2.145360937,107.8077737,-13.68759278,-27.91098018,77.54734809,RF
-90.19780291,-27.37571847,117.5735214,-26.11302066,-27.32075713,77.53905452,RF
-70.91968603,-51.39406541,122.3137514,-37.32156187,-26.37649404,77.53076183,RF
-48.6508497,-73.19351506,121.8443648,-46.85670888,-25.11910955,77.52247001,RF
-24.43814288,-91.75717564,116.1953185,-54.60058763,-23.60293516,77.5142103,RF
-24.43814288,-91.75717564,116.1953185,-54.60058763,-23.60293516,77.5142103,RF
0.914401887,-106.4826835,105.5682817,-59.84560782,-21.88439229,77.50592022,RF
26.19351836,-116.6373993,90.44388092,-62.63897823,-20.0516913,77.49763102,RF
50.35455575,-121.8032519,71.44869613,-62.67791574,-18.18558272,77.48934269,RF
72.37476175,-121.7644844,49.38972262,-60.17047027,-16.37257968,77.48105522,RF
91.33735281,-116.5243378,25.18698501,-55.53665308,-14.69444112,77.47276863,RF
92.74756912,-115.8527698,23.10520071,-54.57961203,-14.56270509,77.47207844,RF
92.74756912,-115.8527698,23.10520071,-54.57961203,-14.56270509,77.47207844,RF
107.4130246,-105.1825849,-2.230439704,-46.39264536,-13.11409061,77.46379279,RF
117.5501702,-90.03738617,-27.51278404,-36.83414123,-11.9466146,77.45550802,RF
122.6893979,-71.02362071,-51.66577723,-25.61954901,-11.10537016,77.44722412,RF
122.6244128,-48.95005663,-73.6743562,-13.46515359,-10.62028032,77.4389411,RF
117.3541202,-24.73466356,-92.6194566,-1.328924903,-10.50267697,77.43065896,RF
116.7767971,-22.93932792,-93.83746916,-6.26E-11,-10.50809596,77.43006377,RF
116.7767971,-22.93932792,-93.83746916,8.81E-10,-10.50809596,77.43006377,RF
106.1409659,2.389757643,-108.5307235,13.57814641,-10.77049034,77.42178258,RF
91.02588555,27.67643208,-118.7023176,25.92883251,-11.36118169,77.41350228,RF
72.03612019,51.84059893,-123.8767191,37.12748655,-12.23275564,77.40522288,RF
49.98058671,73.86776092,-123.8483476,46.61850345,-13.32697567,77.39694437,RF
28.29065703,91.06411444,-119.3547715,53.81543474,-14.44201061,77.38950201,RF
28.29065703,91.06411444,-119.3547715,53.81543474,-14.44201061,77.38950201,RF
3.070966755,106.5365643,-109.6075311,59.43619379,-15.75566191,77.3812252,RF
-22.3038938,117.5615395,-95.25764567,62.37013378,-17.07807587,77.37294929,RF
-46.75027612,123.6602357,-76.90995962,62.7212864,-18.33212815,77.36467428,RF
-69.21075364,124.5596225,-55.34886883,60.7300371,-19.44473669,77.35640016,RF
-88.77824216,120.2367285,-31.45848633,55.23530237,-20.36737894,77.34812694,RF
-88.80628716,120.2258168,-31.41952968,55.22615674,-20.36864652,77.34811392,RF
-88.80628716,120.2258168,-31.41952968,55.22615674,-20.36864652,77.34811392,RF
-104.6077032,110.8544056,-6.24670248,47.91026368,-21.05155328,77.3398416,RF
-115.9942038,96.84117097,19.15303279,38.5216498,-21.47145801,77.33157016,RF
-122.4881563,78.77855826,43.70959799,27.55542053,-21.62062762,77.32329961,RF
-123.8235286,57.42089446,66.40263417,15.5870313,-21.51084586,77.31502994,RF
-119.8610997,33.6852809,86.17581876,1.782242644,-21.14746478,77.30676116,RF
-118.951899,30.4088559,88.54304314,4.46E-09,-21.08451546,77.30566527,RF
-118.951899,30.4088559,88.54304314,3.76E-09,-21.08451546,77.30566527,RF
-109.313804,5.188401503,104.1254025,-13.17249754,-20.51531079,77.29739748,RF
-95.06540633,-20.1884074,115.2538137,-25.82048235,-19.81558204,77.28913057,RF
-76.80272635,-44.66834731,121.4710737,-37.45693436,-19.05022344,77.28086454,RF
-55.3094074,-67.17945701,122.4888644,-47.77225693,-18.28592442,77.27259939,RF
-31.487855,-86.79682175,118.2846767,-55.73824028,-17.59309017,77.26433511,RF
-26.04958506,-90.6252427,116.6748278,-58.1303399,-17.45691192,77.2625281,RF
-26.04958506,-90.6252427,116.6748278,-58.1303399,-17.45691192,77.2625281,RF
-0.711494077,-105.640717,106.3522111,-62.68187739,-16.93874248,77.2542649,RF
24.59792965,-116.0962573,91.49832765,-65.81970364,-16.62450811,77.24600257,RF
48.86116682,-121.5893431,72.7281763,-65.95867652,-16.55460314,77.23774112,RF
71.04622775,-121.884889,50.83866125,-63.65826139,-16.75413546,77.22948056,RF
90.23302692,-116.9705631,26.73753619,-59.33323962,-17.2325351,77.22122089,RF
94.22593978,-115.0498279,20.82388809,-56.34279709,-17.38393827,77.21926574,RF
94.22593978,-115.0498279,20.82388808,-56.34279709,-17.38393827,77.21926574,RF
108.5027172,-103.9518368,-4.550880422,-48.48908217,-18.18075538,77.21100717,RF
118.2035847,-88.43174403,-29.77184071,-38.55592338,-19.20840228,77.20274948,RF
122.8783294,-69.10920663,-53.76912281,-27.13123606,-20.41434612,77.19449269,RF
122.3411451,-46.80591937,-75.53522569,-14.83948044,-21.73905087,77.1862368,RF
116.6102141,-22.44376464,-94.16644945,-2.725301518,-23.11532774,77.1779818,RF
115.450425,-19.07577658,-96.37464839,5.77E-10,-23.29712169,77.17687263,RF
115.450425,-19.07577658,-96.37464839,1.59E-09,-23.29712169,77.17687263,RF
104.0851627,6.314080203,-110.3992429,13.60501842,-24.61430137,77.16861864,RF
88.33519757,31.49331558,-119.8285131,26.11890723,-25.82147421,77.16036556,RF
68.82200836,55.39064655,-124.2126549,37.34166313,-26.83332661,77.15211336,RF
46.37817572,77.00236547,-123.3805412,46.80185909,-27.58903748,77.14386206,RF
23.64428172,94.26480824,-117.90909,54.20737898,-28.00884255,77.13617105,RF
23.64428172,94.26480824,-117.90909,54.20737898,-28.00884255,77.13617105,RF
-1.680223417,108.9487207,-107.2684973,59.68738094,-28.12372013,77.12792146,RF
-26.95990588,119.0819252,-92.12201932,62.41470364,-27.87474489,77.11967275,RF
-51.1146563,124.2260584,-73.11140207,62.57263959,-27.25963855,77.11142492,RF
-73.09821481,124.1476225,-51.04940765,60.31709041,-26.29341368,77.10317796,RF
-92.0010022,118.8641916,-26.86318944,55.08132275,-25.01630629,77.09493188,RF
-93.28688081,118.2578783,-24.97099748,54.66114549,-24.90862429,77.09430849,RF
-93.28688081,118.2578783,-24.97099748,54.66114549,-24.90862429,77.09430849,RF
-108.0147225,107.6171798,0.397542669,46.4942328,-23.35719595,77.08606334,RF
-118.1555363,92.4831609,25.67237543,37.03553171,-21.62697556,77.07781906,RF
-123.3095866,73.47933345,49.83025318,25.84838332,-19.79404215,77.06957564,RF
-123.2590283,51.41415764,71.8448707,13.70917845,-17.94413371,77.06133309,RF
-117.9885356,27.23581371,90.75272185,0.991936729,-16.1622931,77.0530914,RF
-117.4971732,25.69686155,91.80031163,6.72E-10,-16.05629422,77.05258439,RF
-117.4971732,25.69686154,91.80031163,-1.56E-10,-16.05629422,77.05258439,RF
-106.9325274,0.342110648,106.5904168,-13.09117669,-14.43198263,77.04434362,RF
-91.86829646,-24.94595466,116.8142511,-25.29976568,-13.03890348,77.03610371,RF
-72.92240274,-49.13230129,122.054704,-36.4540421,-11.9332899,77.02786468,RF
-50.90003481,-71.1916293,122.0916641,-46.03256729,-11.15999556,77.01962651,RF
-26.74818571,-90.16026734,116.908453,-53.99350719,-10.74466373,77.01138923,RF
-25.06389754,-91.31513305,116.3790306,-54.4427522,-10.73010544,77.0108359,RF
-25.06389754,-91.31513305,116.3790306,-54.4427522,-10.73010544,77.0108359,RF
0.280283089,-106.1479602,105.8676771,-59.31398525,-10.70475682,77.00259955,RF
25.57716189,-116.4284434,90.85128155,-61.8787967,-11.02959893,76.99436409,RF
49.78242309,-121.7273282,71.94490506,-61.78106298,-11.67265579,76.98612951,RF
71.87175819,-121.8233525,49.95159432,-59.16228606,-12.585237,76.97789581,RF
90.92418309,-116.7112588,25.78707571,-54.26658079,-13.70772181,76.96966301,RF
91.52397684,-116.4388939,24.91491706,-53.85371027,-13.74963076,76.9693749,RF
91.52397684,-116.4388939,24.91491706,-53.85371027,-13.74963076,76.9693749,RF
106.5048791,-106.1297521,-0.375127019,-45.43770767,-15.00024495,76.96114302,RF
116.9991573,-91.29922547,-25.69993181,-35.79766829,-16.31133771,76.95291203,RF
122.5196913,-72.54746569,-49.97222557,-24.50109625,-17.59851699,76.94468193,RF
122.8454173,-50.67149479,-72.17392251,-12.22874262,-18.79142656,76.93645273,RF
118.2280032,-27.51278335,-90.71521987,-1.15E-09,-19.79033768,76.92853269,RF
118.2280032,-27.51278335,-90.71521987,-8.01E-10,-19.79033768,76.92853269,RF
108.4874963,-2.300559989,-106.1869363,14.05967232,-20.60781797,76.92030523,RF
94.15573454,23.07520842,-117.230943,26.51068526,-21.18324707,76.91207866,RF
75.82215679,47.5213086,-123.3434654,38.082069,-21.48723285,76.90385297,RF
54.26477701,70.01170569,-124.2764827,48.08056016,-21.52031601,76.89562817,RF
30.40719146,89.56787368,-119.9750651,56.35280155,-21.29365939,76.88740424,RF
29.04467496,90.54461888,-119.5892938,56.83097621,-21.27445634,76.88695208,RF
29.04467496,90.54461888,-119.5892938,56.83097621,-21.27445634,76.88695208,RF
3.81624108,106.1491776,-109.9654187,62.3601525,-20.8123101,76.87872908,RF
-21.5612466,117.2977116,-95.73646496,65.62595288,-20.17887155,76.87050695,RF
-46.04182497,123.5304735,-77.4886485,66.09509331,-19.43240114,76.8622857,RF
-68.58921522,124.5874794,-55.99826419,63.97435548,-18.64126399,76.85406532,RF
-88.26709031,120.4281739,-32.16108363,59.61583811,-17.87634216,76.8458458,RF
-91.5982821,119.0418023,-27.44352021,57.64354304,-17.7375192,76.84428269,RF
-91.5982821,119.0418023,-27.44352021,57.64354304,-17.7375192,76.84428269,RF
-106.7002376,108.8578772,-2.157639577,50.08352859,-17.08602275,76.83606422,RF
-117.3221711,94.1468055,23.1753656,40.41568988,-16.60776977,76.82784662,RF
-122.9817546,75.49354692,47.48820765,29.16000472,-16.34906434,76.81962989,RF
-123.4504406,53.6928471,69.75759354,16.89900317,-16.34805453,76.81141405,RF
-118.7061771,29.64940343,89.05677366,4.663161919,-16.62653022,76.80319908,RF
-116.7362844,23.47857185,93.25771251,2.76E-09,-16.73752823,76.80116552,RF
-116.7362844,23.47857185,93.25771251,1.86E-09,-16.73752823,76.80116552,RF
-105.7396109,-1.896787535,107.6363984,-12.89206804,-17.35854553,76.79295165,RF
-90.31443152,-27.13028682,117.4447183,-25.55219525,-18.23819248,76.78473867,RF
-71.06790399,-51.16665419,122.2345582,-36.86092274,-19.33567083,76.77652658,RF
-48.82125698,-72.99290477,121.8141618,-46.49075867,-20.5986707,76.76831538,RF
-24.50265431,-91.66990754,116.1725619,-54.24930504,-21.95788806,76.76010507,RF
-22.04663009,-93.29899473,115.3456248,-54.93035409,-22.09310724,76.75930015,RF
-22.04663009,-93.29899473,115.3456248,-54.93035409,-22.09310724,76.75930015,RF
3.322615443,-107.6312508,104.3086354,-60.40299755,-23.47473643,76.75109081,RF
28.58411404,-117.3398216,88.75570756,-62.89203327,-24.79182839,76.74288237,RF
52.56846711,-122.0187143,69.45024721,-62.84846359,-25.95889629,76.73467482,RF
74.35603082,-121.4907127,47.13468185,-60.44339454,-26.91724685,76.72646815,RF
92.91646442,-115.7465438,22.83007936,-54.28415555,-27.58003342,76.71826237,RF
93.20221538,-115.6040704,22.40185499,-54.17455493,-27.58873988,76.71812224,RF
93.20221539,-115.6040704,22.40185499,-54.17455493,-27.58873988,76.71812224,RF
107.7844539,-104.8373122,-2.94714178,-46.49260643,-27.92616232,76.70991736,RF
117.7909325,-89.58123868,-28.20969382,-36.80910404,-27.90180163,76.70171335,RF
122.8022785,-70.47941323,-52.32286524,-25.68044196,-27.50350674,76.69351023,RF
122.6117654,-48.329173,-74.28259236,-13.68728621,-26.73981216,76.68530797,RF
117.1627694,-24.09408991,-93.06867946,-0.037672707,-25.61850772,76.67710658,RF
117.1400817,-24.02316383,-93.11691785,1.07E-09,-25.61488478,76.67708332,RF
117.1400817,-24.02316382,-93.11691785,1.76E-09,-25.61488478,76.67708332,RF
106.7330985,1.288222465,-108.021321,12.88732265,-24.2057744,76.6688828,RF
91.79487133,26.59555866,-118.39043,25.20050326,-22.56279577,76.66068314,RF
72.95660249,50.83213636,-123.7887389,36.41301205,-20.7605847,76.65248434,RF
51.02193684,72.94576842,-123.9677053,46.22816469,-18.88118714,76.64428641,RF
26.87628965,92.05720325,-118.9334929,53.88545056,-17.00911187,76.63608933,RF
24.75795765,93.51018877,-118.2681464,54.45383271,-16.85325161,76.63539266,RF
24.75795765,93.51018877,-118.2681464,54.45383271,-16.85325161,76.63539266,RF
-0.552647373,108.3797055,-107.8270581,59.77647314,-15.09523176,76.62719652,RF
-25.85964282,118.7197851,-92.8601423,62.48910061,-13.52342132,76.61900123,RF
-50.08716381,124.0850426,-73.99787875,62.65619664,-12.20835988,76.61080681,RF
-72.22733979,124.2550531,-52.02771332,60.57837933,-11.2059905,76.60261326,RF
-91.26077644,119.1586737,-27.89789725,54.50661651,-10.55556539,76.59442057,RF
-92.31663555,118.6784715,-26.361836,54.12942772,-10.52752562,76.59391634,RF
-92.31663555,118.6784715,-26.36183599,54.12942772,-10.52752562,76.59391634,RF
-107.2700501,108.3180606,-1.048010475,46.41113555,-10.27233761,76.58572458,RF
-117.6897957,93.42403125,24.2657644,36.80557129,-10.38773558,76.57753369,RF
-123.1428639,74.6211365,48.52172743,25.77702433,-10.85284103,76.56934368,RF
-123.40081,52.69473577,70.70607426,14.24262581,-11.62980712,76.56115456,RF
-118.4845571,28.88575852,89.59879855,1.03E-09,-12.64075148,76.55306213,RF
-118.4845571,28.88575852,89.59879855,5.66E-10,-12.64075148,76.55306213,RF
-108.5607033,3.631957233,104.9287461,-12.89990755,-13.8514069,76.54487476,RF
-94.05251186,-21.72714017,115.779652,-25.33296029,-15.172503,76.53668828,RF
-75.57211375,-46.12119524,121.693309,-36.57154329,-16.52483505,76.5285027,RF
-53.90819055,-68.49213126,122.4003218,-46.63617729,-17.823964,76.52031799,RF
-30.88143417,-87.27144204,118.1528762,-54.54596454,-18.96509677,76.51244211,RF
-30.88143417,-87.27144204,118.1528762,-54.54596454,-18.96509677,76.51244211,RF
-5.711682171,-103.0816925,108.7933746,-60.16369909,-19.96730173,76.50425914,RF
19.68924161,-114.4803154,94.79107383,-63.38915529,-20.73833511,76.49607706,RF
44.24837489,-120.9849424,76.73656752,-63.89528888,-21.24494733,76.48789587,RF
66.92365507,-122.3012915,55.3776364,-61.58609694,-21.46760849,76.47971555,RF
86.73763734,-118.3868858,31.64924846,-56.87547431,-21.41254591,76.4715361,RF
88.14149137,-117.8594805,29.71798911,-56.37988091,-21.39622453,76.47089567,RF
88.14149137,-117.8594805,29.71798911,-56.37988091,-21.39622453,76.47089567,RF
103.956209,-108.5016907,4.545481683,-49.64581765,-21.06951407,76.46271717,RF
115.3606455,-94.50397737,-20.85666817,-40.02287441,-20.53244319,76.45453954,RF
121.8815013,-76.44624077,-45.43526053,-29.12896214,-19.83912538,76.44636277,RF
123.2370301,-55.04566027,-68.19136987,-17.8445501,-19.05199967,76.43818688,RF
119.2621939,-31.36731663,-87.89487726,-2.981154641,-18.23172963,76.43001185,RF
117.7027643,-25.9002437,-91.80252056,8.81E-10,-18.05621481,76.42820803,RF
117.7027643,-25.9002437,-91.80252057,1.58E-09,-18.05621481,76.42820803,RF
107.6513988,-0.624137825,-107.0272609,13.12654647,-17.31558622,76.42003406,RF
93.03459386,24.71667331,-117.7512672,25.68146707,-16.71006335,76.41186096,RF
74.46449715,49.07003304,-123.5345302,37.15683105,-16.29891909,76.40368873,RF
52.71351177,71.36663229,-124.0801441,47.4220764,-16.12585519,76.39551737,RF
28.71485871,90.7335742,-119.4484329,55.11297255,-16.22954725,76.38734688,RF
22.53360645,94.96645074,-117.5000572,56.87127589,-16.29855853,76.38532085,RF
22.53360645,94.96645074,-117.5000572,56.87127589,-16.29855853,76.38532085,RF
-2.825612103,109.4641025,-106.6384904,62.36302834,-16.75803564,76.37715146,RF
-28.07495708,119.3744347,-91.29947757,64.74591811,-17.49446751,76.36898295,RF
-52.15537545,124.2848408,-72.12946533,64.729981,-18.48036421,76.36081531,RF
-74.02058787,123.9445838,-49.92399589,62.07015564,-19.66531931,76.35264856,RF
-92.78669084,118.4335519,-25.64686102,55.88794415,-20.99666754,76.3444827,RF
-94.78663204,117.4270299,-22.64039789,55.22218209,-21.16187512,76.34350237,RF
-94.78663204,117.4270299,-22.64039789,55.22218209,-21.16187512,76.34350237,RF
-109.1225078,106.3857903,2.736717526,47.51924299,-22.56703487,76.3353375,RF
-118.8250471,90.82972219,27.99532495,36.92852239,-23.95231798,76.32717351,RF
-123.4936633,71.54247122,51.95119207,26.33423776,-25.22619817,76.31901041,RF
-122.9734774,49.24544186,73.72803554,14.15711822,-26.3338948,76.3108482,RF
-117.2205148,24.90241495,92.31809982,0.292878677,-27.1830014,76.30268686,RF
-117.0382662,24.3555325,92.68273369,5.44E-09,-27.19832786,76.30250882,RF
-117.0382662,24.3555325,92.68273369,4.74E-09,-27.19832786,76.30250882,RF
-106.246144,-0.997147676,107.2432917,-13.01526475,-27.73725397,76.29434839,RF
-90.96723946,-26.25638596,117.2236254,-25.39378829,-27.92501565,76.28618883,RF
-71.8457883,-50.36097239,122.2067607,-36.57442363,-27.7388934,76.27803015,RF
-49.70216358,-72.26054899,121.9627126,-46.40904108,-27.16915588,76.26987233,RF
-26.26970776,-90.51062762,116.7803354,-53.84241076,-26.27377984,76.26199057,RF
-26.26970775,-90.51062762,116.7803354,-53.84241076,-26.27377984,76.26199057,RF
-0.989496986,-105.5331718,106.5226688,-59.60673204,-25.0236871,76.25383445,RF
24.33543758,-116.0528566,91.71741899,-62.42418503,-23.50046315,76.24567919,RF
48.61921632,-121.6097845,72.99056821,-62.75967668,-21.77170969,76.23752479,RF
70.81341914,-121.9521459,51.13872673,-60.59166958,-19.91571875,76.22937124,RF
89.99874974,-117.0819217,27.08317199,-55.28986045,-18.02038195,76.22121855,RF
92.15795472,-116.1063162,23.94836145,-54.75548945,-17.78301682,76.22019475,RF
92.15795472,-116.1063162,23.94836145,-54.75548945,-17.78301682,76.22019475,RF
107.0209107,-105.6151182,-1.405792434,-46.57109576,-15.94726681,76.21204302,RF
117.3081622,-90.6084424,-26.69971977,-37.14881251,-14.26185552,76.20389214,RF
122.6197173,-71.71096894,-50.90874841,-25.96929471,-12.79982395,76.19574213,RF
122.7289715,-49.72501906,-73.00395239,-13.89691666,-11.62632585,76.18759297,RF
117.6329131,-25.56608591,-92.06682719,-1.783527896,-10.78968806,76.17944467,RF
116.8648119,-23.15313373,-93.71167812,1.40E-09,-10.72783706,76.17865727,RF
116.8648119,-23.15313373,-93.71167812,2.33E-09,-10.72783706,76.17865727,RF
106.2601865,2.177964988,-108.4381515,13.23220276,-10.29396182,76.17050992,RF
91.17962692,27.46905366,-118.6486806,25.60192111,-10.23710096,76.16236344,RF
72.21694212,51.64725024,-123.8641924,36.75525862,-10.54385055,76.15421783,RF
50.18148924,73.69573162,-123.8772209,46.26042882,-11.18278401,76.1460731,RF
27.1084989,91.89783358,-119.0063325,53.63016437,-12.05774455,76.13829352,RF
27.1084989,91.89783358,-119.0063325,53.63016437,-12.05774455,76.13829352,RF
1.857004727,107.170507,-109.0275118,59.19066592,-13.18659426,76.13015051,RF
-23.49723627,117.9677322,-94.47049597,61.94047716,-14.46573173,76.12200838,RF
-47.87136495,123.8214679,-75.95010295,62.1436772,-15.81437873,76.11386714,RF
-70.21437964,124.4674312,-54.25305159,60.01660713,-17.14792981,76.10572678,RF
-88.62450204,120.2939674,-31.66946534,54.67381196,-18.33233332,76.09804576,RF
-88.62450205,120.2939674,-31.66946534,54.67381196,-18.33233332,76.09804576,RF
-104.4643256,110.9693564,-6.505030826,47.2914034,-19.43358526,76.08990712,RF
-115.8975672,96.99879217,18.898775,37.94886525,-20.32665883,76.08176935,RF
-122.4397809,78.97127099,43.46850994,26.99962516,-20.97013875,76.07363246,RF
-123.8218457,57.64140748,66.18043826,15.04995312,-21.34306863,76.06549644,RF
-119.9123221,33.90103573,86.01128634,0.905391592,-21.42125928,76.0573613,RF
-119.3917092,31.97571664,87.41599261,5.15E-09,-21.41618504,76.05672529,RF
-119.3917092,31.97571663,87.41599261,4.55E-09,-21.41618504,76.05672529,RF
-110.0720983,6.825358608,103.2467397,-12.89706603,-21.21684741,76.04859109,RF
-96.10247434,-18.5781002,114.6805745,-25.64918321,-20.78876866,76.04045775,RF
-78.07689331,-43.14571586,121.2226092,-37.27796507,-20.17959598,76.03232528,RF
-56.76396647,-65.81289186,122.5768583,-47.58685471,-19.44688679,76.02419367,RF
-33.05910525,-85.64486133,118.7039666,-55.61233303,-18.66127629,76.01606292,RF
-27.72785198,-89.46619548,117.1940475,-57.96035591,-18.4917036,76.01431361,RF
-27.72785198,-89.46619548,117.1940475,-57.96035591,-18.4917036,76.01431361,RF
-2.433487796,-104.7662821,107.1997699,-62.7617255,-17.73966847,76.00618391,RF
22.90998879,-115.5458847,92.63589593,-65.97907358,-17.09398513,75.99805507,RF
47.27818655,-121.3858705,74.10768393,-66.24501852,-16.61732725,75.9899271,RF
69.63538786,-122.0370034,52.40161558,-64.04654383,-16.36236247,75.98179999,RF
89.05272646,-117.4726923,28.41996585,-59.8096154,-16.36800846,75.97367375,RF
93.36725166,-115.5009199,22.13366819,-56.76654944,-16.41207611,75.97162409,RF
93.36725166,-115.5009199,22.13366819,-56.76654944,-16.41207611,75.97162409,RF
107.8733454,-104.6522328,-3.221112654,-49.03217383,-16.76517796,75.96349894,RF
117.8271056,-89.3502727,-28.47683295,-39.13666384,-17.4003442,75.95537467,RF
122.7713623,-70.2069017,-52.56446065,-27.75383287,-18.29291312,75.94725127,RF
122.5075402,-48.03624982,-74.47129034,-15.46710927,-19.40469459,75.93912875,RF
117.041898,-23.75667742,-93.28522062,-3.321682582,-20.68361021,75.93100711,RF
115.5966023,-19.4771905,-96.11941184,-4.24E-10,-20.91168049,75.92961928,RF
115.5966023,-19.4771905,-96.11941184,5.36E-10,-20.91168049,75.92961928,RF
104.3090662,5.909254415,-110.2183206,13.41711608,-22.2810367,75.92149867,RF
88.62366029,31.10026586,-119.7239261,25.90867883,-23.66088958,75.91337895,RF
69.16460491,55.02526998,-124.1898749,37.10884125,-24.96235436,75.9052601,RF
46.7616303,76.67891112,-123.4405414,46.55343163,-26.10953098,75.89714214,RF
23.41929483,94.42152447,-117.8408193,54.1721502,-26.99099799,75.88937173,RF
23.41929483,94.42152447,-117.8408193,54.1721502,-26.99099799,75.88937173,RF
-1.911467601,109.0646492,-107.1531816,59.58331245,-27.62481942,75.88125548,RF
-27.18542014,119.1536953,-91.96827513,62.27159952,-27.92514115,75.8731401,RF
-51.32417115,124.249477,-72.92530589,62.35475013,-27.85876902,75.86502559,RF
-73.28355735,124.1201497,-50.83659236,60.08697243,-27.41022914,75.85691195,RF
-92.15480004,118.7882444,-26.63344437,54.87589105,-26.59382387,75.84879917,RF
-93.18517915,118.302168,-25.11698888,54.52009007,-26.53348234,75.84830764,RF
-93.18517915,118.302168,-25.11698888,54.52009007,-26.53348234,75.84830764,RF
-107.9374439,107.6930725,0.244371436,46.31728628,-25.36123243,75.84019577,RF
-118.1061618,92.58259912,25.52356265,36.8590219,-23.90399101,75.83208476,RF
-123.2892424,73.59864049,49.69060187,25.67672915,-22.2272202,75.82397459,RF
-123.2669108,51.54754369,71.71936715,13.526573,-20.40950722,75.81586528,RF
-118.0266794,27.37666251,90.65001686,0.804701218,-18.53579768,75.80775682,RF
-117.6230851,26.10448072,91.51860442,6.98E-10,-18.44018373,75.80734427,RF
-117.6230851,26.10448072,91.51860442,-1.16E-10,-18.44018373,75.80734427,RF
-107.1378971,0.762137979,106.3757591,-13.07065012,-16.59943847,75.7992367,RF
-92.14233737,-24.53570903,116.6780464,-25.28677661,-14.886869,75.79112998,RF
-73.25386162,-48.74792217,122.0017838,-36.43993159,-13.37783087,75.78302412,RF
-51.27521153,-70.8488505,122.124062,-46.03011423,-12.14074897,75.7749191,RF
-27.14748099,-89.87527189,117.0227529,-53.91756225,-11.22803391,75.76681495,RF
-25.09846865,-91.28352077,116.3819894,-54.50160518,-11.1687192,75.76615203,RF
-25.09846865,-91.28352077,116.3819894,-54.50160518,-11.1687192,75.76615203,RF
0.244017329,-106.1229127,105.8788954,-59.36765166,-10.64437171,75.7580488,RF
25.54215453,-116.411004,90.86884948,-61.90016418,-10.49379616,75.74994644,RF
49.74983798,-121.717925,71.96808706,-61.77275944,-10.70866323,75.74184495,RF
71.84246636,-121.8221492,49.97968285,-59.13147076,-11.26149282,75.73374432,RF
90.89798208,-116.7192298,25.82124768,-54.25293414,-12.1086354,75.72564457,RF
91.74366573,-116.3332835,24.58961773,-53.68508366,-12.15685168,75.72524461,RF
91.74366573,-116.3332835,24.58961773,-53.68508366,-12.15685168,75.72524461,RF
106.6762835,-105.9617732,-0.714510316,-45.31673132,-13.23886646,75.71714578,RF
117.1091684,-91.07682809,-26.03234032,-35.63760235,-14.47958592,75.70904782,RF
122.5648808,-72.27950878,-50.285372,-24.33637318,-15.79631648,75.70095074,RF
122.8234674,-50.36928718,-72.45418017,-12.08511943,-17.1107241,75.69285454,RF
118.2405648,-27.53529722,-90.70526758,-3.66E-11,-18.28513212,75.68517485,RF
118.2405648,-27.53529722,-90.70526758,3.10E-10,-18.28513212,75.68517485,RF
108.5089456,-2.320293222,-106.1886523,13.94954167,-19.36982498,75.67708036,RF
94.18118403,23.05630236,-117.2374864,26.38169521,-20.2550365,75.66898674,RF
75.85116722,47.50540474,-123.356572,37.89698688,-20.8915083,75.660894,RF
54.29605036,69.99996554,-124.2960159,47.80928861,-21.25665484,75.65280213,RF
30.44068592,89.55826229,-119.9989482,56.04703562,-21.33843875,75.64471112,RF
29.65528734,90.12331805,-119.7786054,56.3296748,-21.33672894,75.64445449,RF
29.65528733,90.12331805,-119.7786054,56.3296748,-21.33672894,75.64445449,RF
4.444638229,105.8298962,-110.2745344,61.9559721,-21.14501082,75.63636438,RF
-20.94260123,117.0943438,-96.15174259,65.22918978,-20.72047943,75.62827512,RF
-45.45867352,123.4515443,-77.99287073,65.72160836,-20.10967693,75.62018673,RF
-68.06545039,124.6354616,-56.5700112,63.61093522,-19.3735234,75.6120992,RF
-87.82113131,120.5985603,-32.77742903,59.20876825,-18.58088496,75.60401253,RF
-90.89993673,119.3560795,-28.45614275,57.45153502,-18.44014564,75.60260149,RF
-90.89993673,119.3560795,-28.45614275,57.45153502,-18.44014564,75.60260149,RF
-106.1725407,109.3688433,-3.196302626,49.88870351,-17.6661532,75.59451582,RF
-116.9853694,94.82928485,22.15608451,40.29213385,-16.9961984,75.58643101,RF
-122.8502406,76.31974697,46.53049364,29.08156085,-16.49013956,75.57834706,RF
-123.5291179,54.62830858,68.90080935,16.82953902,-16.20346544,75.57026397,RF
-118.9920108,30.65749058,88.33452019,4.479851677,-16.17700248,75.56218175,RF
-117.0481719,24.43258966,92.61558226,1.18E-09,-16.21291021,75.56016279,RF
-117.0481719,24.43258966,92.61558226,3.09E-10,-16.21291021,75.56016279,RF
-106.2377338,-0.920868068,107.1586018,-12.88071258,-16.53647551,75.55208164,RF
-90.96985396,-26.18012407,117.149978,-25.5177991,-17.14616653,75.54400137,RF
-71.85473711,-50.28066752,122.1354046,-36.81848619,-18.0194408,75.53592196,RF
-49.70693022,-72.20792311,121.9148533,-46.46358927,-19.11912251,75.52784343,RF
-25.44419512,-91.02245224,116.4666474,-54.28956756,-20.3889416,75.51976578,RF
-22.02657775,-93.30110652,115.3276843,-55.23825613,-20.57111101,75.51866272,RF
-22.02657775,-93.30110652,115.3276843,-55.23825613,-20.57111101,75.51866272,RF
3.349172471,-107.6253206,104.2761481,-60.51476841,-21.95137725,75.51058606,RF
28.60926347,-117.338318,88.72905457,-62.38302973,-23.34868113,75.50251028,RF
52.59550947,-121.959161,69.36365152,-62.84462138,-24.66130295,75.49443537,RF
74.32040006,-121.4552464,47.1348463,-60.18703796,-25.83345265,75.48636134,RF
92.94214755,-115.751071,22.80892349,-54.87772221,-26.78962321,75.47828819,RF
93.47824711,-115.478544,22.00029692,-54.63996012,-26.81491258,75.47802779,RF
93.47824711,-115.478544,22.00029692,-54.63996012,-26.81491258,75.47802779,RF
107.9973077,-104.6249444,-3.37236334,-46.11295612,-27.46347616,75.46995553,RF
117.9186993,-89.29935815,-28.6193411,-36.90415153,-27.76941277,75.46188414,RF
122.8395698,-70.14337183,-52.69619793,-25.4373671,-27.70422709,75.45381362,RF
122.5598863,-47.96366353,-74.59622279,-12.65010689,-27.25963286,75.44574395,RF
117.2985625,-24.45286409,-92.84569844,-2.34E-09,-26.46485329,75.43792194,RF
117.2985625,-24.45286409,-92.84569844,-1.65E-09,-26.46485329,75.43792194,RF
106.9716005,0.843725758,-107.8153263,12.5014952,-25.30502496,75.42985396,RF
92.11198916,26.16605675,-118.2780459,25.05485664,-23.85283846,75.42178683,RF
73.34145372,50.41018405,-123.7516378,36.33871978,-22.16774777,75.41372055,RF
51.45081849,72.5742775,-124.025096,45.82622489,-20.32936194,75.40565511,RF
27.34326434,91.75871221,-119.1019765,53.99777582,-18.42593901,75.39759052,RF
25.81259602,92.8147305,-118.6273265,54.38826281,-18.30807427,75.39709498,RF
25.81259602,92.81473051,-118.6273265,54.38826281,-18.30807427,75.39709498,RF
0.510280578,107.8565073,-108.3667879,59.60630232,-16.43126816,75.38903129,RF
-24.81495476,118.3932816,-93.57832683,62.50021032,-14.6783817,75.38096844,RF
-49.1087328,123.9680789,-74.85934608,62.73738168,-13.1268812,75.37290644,RF
-71.35393013,124.3521671,-52.99823699,60.74020346,-11.84784573,75.36484528,RF
-90.52999332,119.4688018,-28.93880851,54.78011445,-10.89709147,75.35678498,RF
-92.36329656,118.6487628,-26.28546625,54.13395188,-10.81675498,75.35592724,RF
-92.36329656,118.6487628,-26.28546625,54.13395188,-10.81675498,75.35592724,RF
-107.3030035,108.269752,-0.966748556,46.36388383,-10.27140523,75.34786788,RF
-117.7043181,93.35950434,24.34481378,36.78775573,-10.10802679,75.33980939,RF
-123.1384531,74.543076,48.59537708,25.77528194,-10.31995823,75.33175175,RF
-123.3771697,52.60668356,70.77048619,14.2959487,-10.88150416,75.32369499,RF
-118.3937839,28.63463261,89.7591513,2.51E-10,-11.73425879,75.31568285,RF
-118.3937839,28.63463261,89.7591513,-2.05E-10,-11.73425879,75.31568285,RF
-108.4217615,3.373796004,105.0479655,-12.89259722,-12.83330456,75.30762782,RF
-93.87009476,-21.98125922,115.851354,-25.28651053,-14.09951697,75.29957366,RF
-75.35326877,-46.36018243,121.7134512,-36.49999576,-15.45308138,75.29152037,RF
-53.66044265,-68.70806301,122.3685057,-46.51038051,-16.80644512,75.28346796,RF
-30.89976197,-87.25554488,118.1553069,-53.99754987,-18.03033326,75.27581459,RF
-30.89976197,-87.25554488,118.1553069,-53.99754987,-18.03033326,75.27581459,RF
-5.739851444,-103.0618112,108.8016626,-59.92278682,-19.16617695,75.26776388,RF
19.66280879,-114.4705865,94.8077777,-63.01803781,-20.09976044,75.25971404,RF
44.22307887,-120.9827134,76.75963456,-63.5390169,-20.78172577,75.25166507,RF
66.88152318,-122.3070765,55.42555334,-61.68859616,-21.17993789,75.24361697,RF
86.69795004,-118.405505,31.70755494,-56.85232121,-21.29053462,75.23556972,RF
88.34065617,-117.7916844,29.45102824,-56.40020395,-21.28689917,75.23483487,RF
88.34065617,-117.7916844,29.45102824,-56.40020395,-21.28689917,75.23483487,RF
104.13036,-108.3753548,4.244994787,-48.37702045,-21.10049048,75.22678857,RF
115.470977,-94.32447094,-21.14650606,-39.07906818,-20.66944677,75.21874312,RF
121.9137359,-76.22737063,-45.68636529,-27.94011059,-20.04481465,75.21069853,RF
123.1858468,-54.85248694,-68.33335982,-15.7292127,-19.28819604,75.2026548,RF
119.2140379,-31.11501457,-88.09902333,-2.899049598,-18.46681168,75.19461191,RF
117.9376804,-26.63478099,-91.30289937,-2.29E-09,-18.31546816,75.19316569,RF
117.9376804,-26.63478099,-91.30289937,-1.48E-09,-18.31546816,75.19316569,RF
108.03515,-1.386524983,-106.6486251,13.05876503,-17.51782202,75.18512381,RF
93.5405653,23.97050335,-117.5110687,25.68417574,-16.81892965,75.17708278,RF
75.07301271,48.36145477,-123.4344675,37.23480854,-16.28662873,75.16904261,RF
53.4129119,70.75798878,-124.1709007,47.25272617,-15.97731751,75.1610033,RF
29.46682469,90.22356541,-119.6903901,55.33650617,-15.93332702,75.15296484,RF
23.2837074,94.49154473,-117.7752521,56.92699747,-15.9659219,75.15096984,RF
23.2837074,94.49154474,-117.7752521,56.92699747,-15.9659219,75.15096984,RF
-2.065686522,109.0968176,-107.0311311,62.28931284,-16.28091757,75.14293246,RF
-27.33403825,119.1497834,-91.81574519,64.75643484,-16.88872582,75.13489594,RF
-51.45707518,124.2019923,-72.74491709,64.6692551,-17.76761495,75.12686029,RF
-73.41917598,124.0483783,-50.62920236,62.05009681,-18.87976612,75.11882551,RF
-92.30672132,118.6931954,-26.38647413,57.2579884,-20.17282755,75.11079159,RF
-95.21651971,117.2309816,-22.01446184,55.10949324,-20.4098906,75.10938853,RF
-95.21651972,117.2309816,-22.01446184,55.10949324,-20.4098906,75.10938853,RF
-109.3931396,106.0232719,3.369867672,47.01871103,-21.80931757,75.10135564,RF
-118.9814893,90.40588532,28.57560396,37.05335845,-23.22817052,75.09332362,RF
-123.5362329,71.00310805,52.53312484,25.61256068,-24.57559492,75.08529248,RF
-122.8763528,48.64049592,74.23585685,13.28674425,-25.77197992,75.07726221,RF
-117.0271529,24.24606412,92.78108876,0.92262647,-26.74426777,75.0692328,RF
-116.6215983,23.05600072,93.56559757,7.74E-10,-26.78254903,75.06885148,RF
-116.6215983,23.05600072,93.56559757,-2.22E-10,-26.78254903,75.06885148,RF
-105.559961,-2.304982947,107.8649439,-13.81614069,-27.4230231,75.06082298,RF
-90.07234761,-27.53190858,117.6042562,-26.25198366,-27.72957889,75.05279535,RF
-70.77525898,-51.54193968,122.3171987,-37.45828656,-27.65493317,75.04476858,RF
-48.49227066,-73.3270421,121.8193128,-46.93386263,-27.19319643,75.03674266,RF
-24.91978899,-91.42800835,116.3477973,-54.58059756,-26.37666929,75.0289568,RF
-24.91978899,-91.42800835,116.3477973,-54.58059756,-26.37666929,75.0289568,RF
0.418117645,-106.2467914,105.8286737,-59.97178871,-25.19703346,75.02093256,RF
25.71012594,-116.4990076,90.78888163,-62.65899422,-23.71906383,75.01290916,RF
49.9042806,-121.7701723,71.86589166,-62.71027513,-22.01198265,75.00488661,RF
71.97723857,-121.8381562,49.86091763,-60.17170717,-20.15638485,74.9968649,RF
90.96889215,-116.6840762,25.71518409,-55.27968714,-18.23953395,74.98884403,RF
91.76248427,-116.3129365,24.55045228,-54.91958813,-18.14873512,74.98847248,RF
91.76248427,-116.3129365,24.55045228,-54.91958813,-18.14873512,74.98847248,RF
106.7147717,-105.9446902,-0.770081568,-46.98719303,-16.26601171,74.98045248,RF
117.1215355,-91.03985586,-26.08167959,-37.42837168,-14.51043922,74.97243333,RF
122.5574968,-72.22885733,-50.32863944,-26.28070471,-12.96352455,74.96441502,RF
122.7941637,-50.30839935,-72.48576433,-14.18185864,-11.69600315,74.95639756,RF
117.8240037,-26.19573727,-91.62826645,-1.916427809,-10.76237215,74.94838094,RF
116.9722145,-23.48991793,-93.48229656,-1.54E-09,-10.68274403,74.94751192,RF
116.9722145,-23.48991793,-93.48229656,-6.42E-10,-10.68274403,74.94751192,RF
106.4309139,1.841640578,-108.2725545,13.04954867,-10.16002412,74.93949624,RF
91.40321532,27.13944129,-118.5426566,25.40640314,-10.02300098,74.93148142,RF
72.48527963,51.33904455,-123.8243242,36.53242529,-10.26231017,74.92346746,RF
50.48431656,73.42067954,-123.9049961,46.01113615,-10.8490645,74.91545436,RF
27.40497287,91.68353852,-119.0885114,53.40580318,-11.69131045,74.90779267,RF
27.40497287,91.68353852,-119.0885114,53.40580318,-11.69131045,74.90779267,RF
2.160356391,107.0046125,-109.1649689,58.93594979,-12.80148755,74.89978126,RF
-23.20098747,117.8584483,-94.65746079,61.70817623,-14.07809178,74.89177072,RF
-47.59526257,123.7720684,-76.17680586,61.94385653,-15.43808504,74.88376105,RF
-69.96676436,124.4820688,-54.51530444,59.81706871,-16.79362931,74.87575224,RF
-88.56652223,120.304602,-31.73807974,54.32741653,-18.01571197,74.86812645,RF
-88.56652223,120.304602,-31.73807974,54.32741653,-18.01571197,74.86812645,RF
-104.4191619,110.9951103,-6.575948401,46.95121166,-19.1486606,74.86011934,RF
-115.8666773,97.03758765,18.82908962,37.58257203,-20.07355913,74.8521131,RF
-122.4233268,79.0202255,43.40310128,26.61547409,-20.74589128,74.84410772,RF
-123.8179097,57.69752388,66.12038585,14.64169706,-21.14200181,74.8361032,RF
-119.9283975,33.96750347,85.960894,0.640023937,-21.23835085,74.82809954,RF
-119.5730149,32.63739067,86.93562426,1.93E-10,-21.23587503,74.82766701,RF
-119.5730149,32.63739067,86.93562426,-4.26E-10,-21.23587503,74.82766701,RF
-110.3893685,7.509665861,102.8797026,-12.94701536,-21.05293232,74.81966425,RF
-96.53847736,-17.90224289,114.4407202,-25.67531321,-20.63248546,74.81166235,RF
-78.61340929,-42.50632464,121.1197339,-37.33795219,-20.02373835,74.8036613,RF
-57.37744213,-65.24105259,122.6184947,-47.66444822,-19.28630354,74.79566109,RF
-33.72296435,-85.16481839,118.8877827,-55.70463245,-18.49232007,74.78766174,RF
-27.8916692,-89.36335515,117.2550243,-58.14354228,-18.30447504,74.78577722,RF
-27.8916692,-89.36335515,117.2550243,-58.14354228,-18.30447504,74.78577722,RF
-2.604994359,-104.6883961,107.2933905,-62.91935793,-17.54415756,74.77777891,RF
22.74258142,-115.5008111,92.7582297,-66.08369985,-16.89347108,74.76978145,RF
47.12113579,-121.375348,74.25421217,-66.32521781,-16.4169859,74.76178484,RF
69.49565922,-122.0622882,52.56662895,-64.10305428,-16.16876323,74.75378909,RF
88.93632757,-117.5341336,28.59780606,-59.83992639,-16.18833168,74.74579419,RF
93.07142607,-115.6669389,22.59551279,-57.00182039,-16.23447532,74.74386606,RF
93.07142607,-115.6669389,22.59551278,-57.00182039,-16.23447532,74.74386606,RF
107.6572316,-104.8979211,-2.759310501,-49.17090591,-16.60701191,74.73587222,RF
117.6969544,-89.67117352,-28.0257809,-39.27079604,-17.26683374,74.72787925,RF
122.7333514,-70.58890926,-52.14444214,-27.87908439,-18.18771624,74.71988713,RF
122.5638457,-48.46440885,-74.09943689,-15.59559548,-19.32865914,74.71189588,RF
117.1671877,-24.22024432,-92.94694342,-1.849609992,-20.62888917,74.70390549,RF
115.9855804,-20.66047548,-95.32510487,-6.38E-10,-20.82213087,74.70276881,RF
115.9855804,-20.66047548,-95.32510487,4.01E-11,-20.82213087,74.70276881,RF
104.9550102,4.716461759,-109.671472,12.49303402,-22.21873029,74.69477942,RF
89.42727997,29.97542157,-119.4027015,25.65173363,-23.61378725,74.68679089,RF
70.07652115,53.96853,-124.0450511,37.67520291,-24.90605528,74.67880323,RF
47.85556554,75.70576462,-123.5613302,46.55850913,-26.03954454,74.67081643,RF
23.53430612,94.34236377,-117.8766699,54.14873368,-26.93876399,74.6628305,RF
22.71326745,94.88743851,-117.600706,54.42765363,-26.96233701,74.66256893,RF
22.71326745,94.88743851,-117.600706,54.42765363,-26.96233701,74.66256893,RF
-2.657279981,109.4221101,-106.7648302,59.60440493,-27.53765221,74.65458389,RF
-27.9099072,119.3688143,-91.45890711,62.31196809,-27.7604843,74.6465997,RF
-51.99789981,124.3111309,-72.31323105,62.26504992,-27.60356584,74.63861637,RF
-73.90206123,124.0433435,-50.14128228,59.6004815,-27.0622011,74.63063389,RF
-92.66792977,118.5622431,-25.89431332,54.67752534,-26.14695514,74.62265226,RF
-92.6990656,118.5475304,-25.84846481,54.66210717,-26.1449608,74.62263764,RF
-92.6990656,118.5475304,-25.84846481,54.66210717,-26.1449608,74.62263764,RF
-107.5647268,108.0797129,-0.514986126,46.61396549,-24.89434581,74.61465686,RF
-117.8780578,93.09391161,24.78414618,37.06954616,-23.36681616,74.60667691,RF
-123.2132632,74.21441942,48.9988438,25.92527575,-21.63183132,74.5986978,RF
-123.3471709,52.24252688,71.10464407,13.78613131,-19.7729621,74.59071953,RF
-118.2567229,28.1173034,90.13941954,1.101320326,-17.87846018,74.58274209,RF
-117.712176,26.39252816,91.3196478,2.84E-09,-17.74721405,74.58219498,RF
-117.712176,26.39252816,91.3196478,2.02E-09,-17.74721405,74.58219498,RF
-107.2965293,1.069945685,106.2265836,-12.9975126,-15.91601505,74.57421843,RF
-92.35020656,-24.23716385,116.5873704,-25.22962049,-14.23706209,74.56624273,RF
-73.50484047,-48.46846057,121.973301,-36.37243596,-12.78851553,74.55826786,RF
-51.55865668,-70.60031105,122.1589677,-45.93098266,-11.63613939,74.55029383,RF
-27.43044302,-89.70869036,117.1391334,-53.48852528,-10.82849571,74.54232064,RF
-24.98106913,-91.38497811,116.3660472,-54.14271977,-10.76892708,74.54153845,RF
-24.98106913,-91.38497811,116.3660472,-54.14271977,-10.76892708,74.54153845,RF
0.349653933,-106.1788627,105.8292088,-59.40296618,-10.37180123,74.5335662,RF
25.64875462,-116.4510197,90.80226511,-61.78589147,-10.35619126,74.5255948,RF
49.84948607,-121.735404,71.8859179,-61.63969535,-10.70560954,74.51762425,RF
71.93235688,-121.8179735,49.88561663,-58.9512231,-11.38468639,74.50965455,RF
90.97524949,-116.6931006,25.71785116,-54.03383453,-12.34206476,74.50168572,RF
91.66146147,-116.3802012,24.71873971,-53.55907408,-12.38506101,74.50136642,RF
91.66146147,-116.3802012,24.71873971,-53.55907408,-12.38506101,74.50136642,RF
106.6125759,-106.0332039,-0.579371997,-45.11414614,-13.54947613,74.49339849,RF
117.07067,-91.16989495,-25.90077509,-35.41702684,-14.84479782,74.48543141,RF
122.55233,-72.39011863,-50.16221135,-24.10515067,-16.18317701,74.47746521,RF
122.8370272,-50.4925435,-72.34448366,-11.82980413,-17.48464479,74.46949986,RF
118.5398299,-28.60335321,-89.9364767,-3.23E-10,-18.57022696,74.46224473,RF
118.5398299,-28.6033532,-89.9364767,8.00E-11,-18.57022696,74.46224473,RF
109.0280199,-3.41825204,-105.6097678,13.63939832,-19.58849327,74.45428104,RF
94.88506079,21.97402576,-116.8590865,26.13727626,-20.37861558,74.44631821,RF
76.71255811,46.48434689,-123.196905,37.67365395,-20.90155283,74.43835623,RF
55.27892388,69.08223165,-124.3611555,47.60619897,-21.14153038,74.43039511,RF
31.49915572,88.78393754,-120.2830933,55.88610034,-21.09532815,74.42243484,RF
29.99681758,89.87302532,-119.8698429,56.43965412,-21.0841773,74.42195108,RF
29.99681758,89.87302532,-119.8698429,56.43965412,-21.0841773,74.42195108,RF
4.795469863,105.6390049,-110.4344748,62.06040495,-20.76511685,74.41399171,RF
-20.59636592,116.9676659,-96.37130003,65.34449648,-20.23026843,74.40603319,RF
-45.13189118,123.3948565,-78.26296534,65.84857871,-19.53540981,74.39807552,RF
-67.77168806,124.6507651,-56.87907699,63.75983372,-18.74850404,74.39011869,RF
-87.57220461,120.6852015,-33.11299693,59.39406467,-17.94356246,74.3821627,RF
-90.9485931,119.3297783,-28.38118515,57.47613551,-17.79200226,74.38064233,RF
-90.9485931,119.3297783,-28.38118515,57.47613551,-17.79200226,74.38064233,RF
-106.2109434,109.32881,-3.117866577,49.9354143,-17.05688114,74.37268735,RF
-117.0101694,94.77679652,22.23337285,40.31848455,-16.46726427,74.36473321,RF
-122.8606414,76.25684784,46.60379361,29.10745786,-16.07994023,74.35677992,RF
-123.5245796,54.55779998,68.96677963,16.86626308,-15.94377356,74.34882748,RF
-118.973456,30.58374453,88.38971145,4.526263433,-16.0907655,74.34087588,RF
-117.0112302,24.31334971,92.69788053,1.25E-09,-16.17301354,74.33887567,RF
-117.0112302,24.31334971,92.69788053,3.76E-10,-16.17301354,74.33887567,RF
-106.177837,-1.045348611,107.2231856,-12.81461174,-16.68333863,74.33092515,RF
-90.89052847,-26.30178768,117.1923162,-25.42715874,-17.47553576,74.32297548,RF
-71.75857145,-50.39532903,122.1539005,-36.69116624,-18.51429783,74.31502667,RF
-49.59735383,-72.31028916,121.907643,-46.3102394,-19.74974926,74.30707872,RF
-25.33113534,-91.10787418,116.4390095,-54.03497006,-21.11383195,74.29913164,RF
-22.48597846,-93.00832098,115.4942994,-54.81790763,-21.27313052,74.29822836,RF
-22.48597846,-93.00832098,115.4942994,-54.81790763,-21.27313052,74.29822836,RF
2.879628698,-107.4136845,104.5340558,-60.14614811,-22.69041908,74.29028224,RF
28.15018354,-117.2148023,89.06461875,-62.18075915,-24.06828651,74.28233698,RF
52.17629709,-121.9347778,69.75848069,-61.89812409,-25.304357,74.27439258,RF
73.94192462,-121.5191244,47.57719976,-59.46429999,-26.34068851,74.26644904,RF
92.62463699,-115.9043174,23.27968038,-54.29409072,-27.10851497,74.25850636,RF
93.30472684,-115.562897,22.25817012,-53.98412601,-27.13179728,74.25818263,RF
93.30472684,-115.562897,22.25817012,-53.98412601,-27.13179728,74.25818263,RF
107.868146,-104.7582896,-3.109856424,-45.7735863,-27.54415753,74.25024084,RF
117.8432264,-89.47648281,-28.36674359,-36.05686192,-27.58170064,74.2422999,RF
122.8168802,-70.35194548,-52.46493472,-24.79415683,-27.22763017,74.23435981,RF
122.5819502,-48.19646276,-74.38548741,-12.58854688,-26.48738125,74.22642056,RF
117.1775633,-24.11136945,-93.06619381,4.41E-09,-25.38888315,74.21853101,RF
117.1775633,-24.11136945,-93.06619381,4.87E-09,-25.38888315,74.21853101,RF
106.7797778,1.215256085,-107.9950339,13.47271721,-23.96988036,74.21059343,RF
91.85300872,26.52216642,-118.3751751,25.69902574,-22.30113254,74.20265669,RF
73.02268244,50.75974442,-123.7824269,36.90742339,-20.46071094,74.19472078,RF
51.08740951,72.90214872,-123.9895582,46.53471068,-18.53790246,74.1867857,RF
26.96491275,92.02525944,-118.9901722,54.26238176,-16.6255261,74.17885146,RF
24.75747534,93.53151388,-118.2889892,54.8473625,-16.4578154,74.17815364,RF
24.75747534,93.53151388,-118.2889892,54.8473625,-16.4578154,74.17815364,RF
-0.546398107,108.3816727,-107.8352745,60.07364524,-14.66138775,74.1702203,RF
-25.85473767,118.7216252,-92.86688756,62.62307875,-13.06331894,74.16228779,RF
-50.07694831,124.0785701,-74.00162175,62.59122948,-11.73774262,74.15435611,RF
-72.19564336,124.2350755,-52.03943212,60.00226136,-10.74359528,74.14642528,RF
-91.28405281,119.183353,-27.89930017,55.27341724,-10.12090376,74.13849528,RF
-92.70705279,118.5295476,-25.8224948,54.32911833,-10.08649228,74.13783547,RF
-92.7070528,118.5295476,-25.8224948,54.32911833,-10.08649228,74.13783547,RF
-107.542572,108.0436439,-0.501071837,46.02384593,-9.886144561,74.12990638,RF
-117.860832,93.05653356,24.80429847,36.35154852,-10.07155652,74.12197815,RF
-123.1945655,74.17386748,49.02069798,25.07630358,-10.61561562,74.11405077,RF
-123.3269829,52.19838394,71.12859898,12.88164727,-11.47266673,74.10612424,RF
-118.2499906,28.04637288,90.20361769,0.628160011,-12.58216893,74.09819856,RF
-117.9904233,27.20996627,90.78045705,4.32E-09,-12.62266936,74.09793225,RF
-117.9904233,27.20996627,90.78045706,3.36E-09,-12.62266936,74.09793225,RF
-107.7204659,1.919706011,105.8007599,-13.82474866,-13.90288888,74.09000747,RF
-92.9277916,-23.40907457,116.3368662,-26.25091406,-15.27576288,74.08208354,RF
-74.20573911,-47.69554124,121.9012804,-37.54457374,-16.65023266,74.07416048,RF
-52.35268998,-69.9184822,122.2711722,-47.13871265,-17.94624573,74.06623827,RF
-32.144405,-86.3622728,118.5066778,-54.2503906,-18.92095532,74.0595534,RF
-32.144405,-86.3622728,118.5066778,-54.2503906,-18.92095532,74.0595534,RF
-7.021064212,-102.376652,109.3977162,-59.79839092,-19.87876524,74.05163278,RF
18.39644313,-114.0175949,95.62115178,-63.2163766,-20.58349291,74.04371301,RF
43.02419999,-120.7812096,77.75700964,-63.8514373,-21.0031035,74.0357941,RF
65.80177889,-122.3665623,56.56478344,-62.0463628,-21.12448802,74.02787603,RF
85.78305133,-118.7232126,32.94016128,-57.25750631,-20.9628785,74.01995881,RF
88.18692034,-117.8524558,29.66553549,-56.55901331,-20.92229923,74.01890754,RF
88.18692035,-117.8524558,29.66553549,-56.55901331,-20.92229923,74.01890754,RF
104.0051984,-108.4727897,4.467591255,-48.72389697,-20.47932179,74.01099128,RF
115.3847391,-94.45778247,-20.92695661,-39.40936938,-19.83979953,74.00307585,RF
121.8686038,-76.39028902,-45.47831482,-28.30040362,-19.06819698,73.99516127,RF
123.182755,-55.03765005,-68.14510498,-16.11647302,-18.23802564,73.98724753,RF
119.2552349,-31.31628353,-87.93895132,-3.223648254,-17.42457115,73.97933463,RF
117.771125,-26.13425282,-91.63687223,4.16E-10,-17.26174648,73.97768928,RF
117.771125,-26.13425282,-91.63687223,1.19E-09,-17.26174648,73.97768928,RF
107.7761299,-0.877612684,-106.8985172,12.96718819,-16.57280152,73.96977739,RF
93.19507877,24.47160496,-117.6666837,25.5364064,-16.06088057,73.96186634,RF
74.65555546,48.83303697,-123.4885924,37.01507529,-15.78347465,73.95395613,RF
52.93983376,71.18044201,-124.1202758,46.94550678,-15.78133314,73.94604677,RF
28.98051297,90.5412884,-119.5218014,55.21777282,-16.07453599,73.93813825,RF
22.76645703,94.80347113,-117.5699282,56.79070157,-16.19570464,73.93617887,RF
22.76645703,94.80347113,-117.5699282,56.79070157,-16.19570464,73.93617887,RF
-2.577765991,109.3433636,-106.7655976,61.67027675,-16.86029832,73.92827141,RF
-27.83529858,119.299138,-91.46383945,64.20669489,-17.79633355,73.92036481,RF
-51.92536021,124.251704,-72.32634379,64.05098006,-18.95993119,73.91245907,RF
-73.83393204,123.9937187,-50.15978666,61.32646319,-20.2913965,73.90455418,RF
-92.64470151,118.5360801,-25.89137861,56.33898775,-21.71944208,73.89665015,RF
-94.94931807,117.3785583,-22.42924019,54.77442032,-21.91852245,73.89555764,RF
-94.94931807,117.3785583,-22.42924019,54.77442032,-21.91852245,73.89555764,RF
-109.207166,106.2565005,2.950665431,46.55852096,-23.34085655,73.88765459,RF
-118.8767817,90.70873395,28.16804779,36.61196163,-24.6795542,73.87975239,RF
-123.5193086,71.36371391,52.15559474,25.18993478,-25.84396208,73.87185105,RF
-122.9478866,49.04406019,73.90382643,12.8644834,-26.76000713,73.86395057,RF
-117.1855285,24.67899012,92.50653838,0.394272133,-27.36600646,73.85605094,RF
-117.0088303,24.15182233,92.85700794,3.72E-10,-27.37459125,73.85588464,RF
-117.0088303,24.15182233,92.85700794,-5.96E-10,-27.37459125,73.85588464,RF
-106.1540069,-1.192617314,107.3466242,-13.76336241,-27.5904813,73.84798587,RF
-90.84701867,-26.44819207,117.2952107,-26.18250816,-27.42842648,73.84008796,RF
-71.69838091,-50.53282571,122.2312066,-37.39408357,-26.8672715,73.83219088,RF
-49.52529284,-72.43388248,121.9591753,-46.93626925,-25.92766253,73.82429464,RF
-25.9263733,-90.75040738,116.6767807,-54.55558374,-24.67914289,73.81660576,RF
-25.9263733,-90.75040738,116.6767807,-54.55558374,-24.67914289,73.81660576,RF
-0.610606609,-105.7360563,106.3466629,-59.92713029,-23.11725168,73.80871117,RF
24.70424547,-116.1793806,91.47513517,-62.67589391,-21.34297055,73.8008174,RF
48.96283698,-121.65436,72.69152307,-62.78206277,-19.44258389,73.79292446,RF
71.13901802,-121.9303146,50.79129661,-60.31526803,-17.50934242,73.78503234,RF
90.30598833,-116.9978,26.69181167,-55.60574405,-15.63743677,73.77714106,RF
91.85134416,-116.2976718,24.4463276,-54.69039994,-15.47436218,73.77643058,RF
91.85134417,-116.2976718,24.4463276,-54.69039994,-15.47436218,73.77643058,RF
106.7533006,-105.8858011,-0.867499528,-46.77026716,-13.77047067,73.76854019,RF
117.1460846,-90.96605452,-26.18003009,-37.2080322,-12.31102525,73.76065064,RF
122.5602334,-72.13933552,-50.42089785,-26.06274889,-11.15995815,73.75276191,RF
122.7761405,-50.20694262,-72.56919784,-13.95835304,-10.36646386,73.74487402,RF
117.7842056,-26.08434652,-91.69985908,-1.79734187,-9.959093763,73.73698696,RF
117.0287676,-23.67741925,-93.35134839,6.81E-10,-9.940486492,73.73622526,RF
117.0287676,-23.67741925,-93.35134839,1.62E-09,-9.940486492,73.73622526,RF
106.5244273,1.649921856,-108.1743491,13.24237339,-9.961678156,73.72833913,RF
91.53054471,26.95281361,-118.4833583,25.59595734,-10.35631442,73.72045385,RF
72.64019521,51.16545165,-123.8056469,36.72935053,-11.0851637,73.71256941,RF
50.65997778,73.26741964,-123.9273974,46.19725746,-12.09207129,73.70468583,RF
28.5143544,90.90959671,-119.4239511,53.4504018,-13.20176885,73.69744005,RF
28.5143544,90.90959672,-119.4239511,53.4504018,-13.20176885,73.69744005,RF
3.29837834,106.4192158,-109.7175941,58.96606635,-14.53014033,73.6895581,RF
-22.08092115,117.4856135,-95.4046923,61.82734758,-15.90778925,73.68167701,RF
-46.54025421,123.6279979,-77.08774371,62.10767197,-17.24786571,73.67379678,RF
-69.02510209,124.5723499,-55.54724784,60.01596237,-18.46693053,73.6659174,RF
-87.96442552,120.5454255,-32.58099994,54.71954461,-19.47062647,73.65832842,RF
-87.96442552,120.5454255,-32.58099994,54.71954461,-19.47062647,73.65832842,RF
-103.9567458,111.4025889,-7.445843067,47.41082075,-20.27553837,73.65045071,RF
-115.5627434,97.59444127,17.9683021,38.09377055,-20.8073698,73.64257385,RF
-122.2916409,79.70407707,42.58756382,27.16114469,-21.0497711,73.63469784,RF
-123.8657917,58.48172845,65.38406324,15.19356479,-21.00893832,73.62682268,RF
-120.2127469,34.82906809,85.38367882,2.745341223,-20.70701992,73.61894835,RF
-119.2511597,31.30823423,87.94292547,7.07E-10,-20.64003544,73.61782226,RF
-119.2511597,31.30823423,87.94292547,-2.49E-10,-20.64003544,73.61782226,RF
-109.7406184,6.110330345,103.630288,-13.11640118,-20.0738046,73.60994889,RF
-95.65557913,-19.27999728,114.9355764,-25.97913438,-19.36944345,73.60207636,RF
-77.52182783,-43.80557089,121.3273987,-37.56185667,-18.58144864,73.59420466,RF
-56.11969799,-66.43006688,122.5497649,-47.68761553,-17.78904427,73.5863338,RF
-32.3406937,-86.20970835,118.550402,-55.93142826,-17.0683839,73.57846377,RF
-26.83125216,-90.11860892,116.9498611,-57.39051991,-16.92360364,73.57671431,RF
-26.83125216,-90.11860892,116.9498611,-57.39051991,-16.92360364,73.57671431,RF
-1.545453927,-105.2221688,106.7676228,-62.98770346,-16.38199875,73.56884531,RF
23.78870289,-115.8425081,92.05380519,-65.70408037,-16.06096791,73.56097714,RF
48.10222485,-121.5007457,73.39852089,-65.86962131,-16.00143302,73.55310981,RF
70.37133629,-121.9671946,51.59585827,-63.51924954,-16.2308949,73.54524332,RF
89.66748603,-117.2206835,27.55319745,-59.10336202,-16.75744383,73.53737768,RF
93.77756706,-115.2969911,21.51942408,-56.16828327,-16.92676375,73.53547596,RF
93.77756707,-115.2969911,21.51942408,-56.16828327,-16.92676375,73.53547596,RF
108.1800843,-104.3324782,-3.847606146,-48.31264759,-17.79205737,73.52761137,RF
118.0155096,-88.92695491,-29.0885547,-38.3324084,-18.89492956,73.51974763,RF
122.8339214,-69.69856265,-53.13535878,-26.91169667,-20.17544911,73.51188474,RF
122.441669,-47.46529004,-74.97637892,-14.60365145,-21.56444114,73.50402271,RF
116.8526753,-23.15118701,-93.70148827,-2.349354265,-22.98444796,73.49616153,RF
115.8325375,-20.13065478,-95.70188269,-1.61E-10,-23.15172987,73.49521365,RF
115.8325375,-20.13065478,-95.70188269,8.16E-10,-23.15172987,73.49521365,RF
104.6656561,5.250188043,-109.9158442,13.52228893,-24.48443406,73.48735343,RF
89.08662006,30.46066785,-119.5472879,25.99354433,-25.67012383,73.47949406,RF
69.71348066,54.43371185,-124.1471925,37.1769693,-26.62070796,73.47163554,RF
47.37280691,76.15984082,-123.5326477,46.63322671,-27.27264308,73.46377786,RF
25.41402333,93.07567444,-118.4896978,53.82476665,-27.55593983,73.45667908,RF
25.41402333,93.07567444,-118.4896978,53.82476665,-27.55593983,73.45667908,RF
0.12353075,108.0610168,-108.1845476,59.33317326,-27.5050817,73.44882301,RF
-25.19587628,118.5313863,-93.33551006,62.14213277,-27.06204462,73.44096778,RF
-49.46332973,124.0352391,-74.57190939,62.36439187,-26.23538976,73.43311338,RF
-71.63366567,124.3235989,-52.6899332,60.16208882,-25.05320956,73.42525982,RF
-90.78614903,119.4007513,-28.61460229,54.98327326,-23.57100816,73.41740708,RF
-92.18463682,118.7764531,-26.59181631,54.58846249,-23.43927801,73.41677027,RF
-92.18463682,118.7764531,-26.59181631,54.58846249,-23.43927801,73.41677027,RF
-107.1878904,108.4524575,-1.264567075,46.60459615,-21.71064992,73.40891842,RF
-117.6403146,93.59105959,24.04925502,37.22056062,-19.84314996,73.4010674,RF
-123.1266775,74.81444218,48.31223533,26.12566296,-17.9272744,73.3932172,RF
-123.4142098,52.91950617,70.49470367,14.057164,-16.05824969,73.38536782,RF
-118.4932636,28.82196837,89.67129524,1.702526541,-14.32722661,73.37751926,RF
-117.7199179,26.3441267,91.37579117,6.62E-10,-14.1656145,73.3767387,RF
-117.7199179,26.3441267,91.37579117,-2.06E-10,-14.1656145,73.3767387,RF
-107.2676542,1.023062772,106.2445914,-12.88369284,-12.68066096,73.36889105,RF
-92.31860401,-24.28510865,116.6037127,-25.20661162,-11.49722576,73.36104423,RF
-73.46611725,-48.51458761,121.9807049,-36.29823559,-10.66370494,73.35319823,RF
-51.51481165,-70.64399881,122.1588105,-45.80016709,-10.21139207,73.34535307,RF
-27.40308267,-89.7076701,117.1107528,-53.68161835,-10.14815981,73.33750875,RF
-25.86539635,-90.76775168,116.633148,-54.14305322,-10.15701055,73.33702574,RF
-25.86539635,-90.76775168,116.633148,-54.14305322,-10.15701055,73.33702574,RF
-0.534551688,-105.748078,106.2826297,-58.80632704,-10.49420529,73.3291823,RF
24.78071321,-116.1839598,91.40324657,-61.48396015,-11.16853271,73.32133972,RF
49.03930427,-121.6502419,72.61093762,-61.35060611,-12.12723205,73.31349798,RF
71.21300933,-121.9165517,50.70354236,-58.68732986,-13.30078337,73.30565708,RF
90.3763577,-116.972091,26.59573333,-53.69193212,-14.61177848,73.29781704,RF
90.61140271,-116.8694862,26.25808351,-53.55025102,-14.62998688,73.29771052,RF
90.61140271,-116.8694862,26.2580835,-53.55025102,-14.62998688,73.29771052,RF
105.8231397,-106.820192,0.997052288,-45.21564524,-15.97934586,73.28987134,RF
116.5747085,-92.22041153,-24.35429694,-35.57974622,-17.29696357,73.28203301,RF
122.3713163,-73.66052366,-48.71079263,-24.32159692,-18.49592275,73.27419553,RF
122.9791054,-51.93033896,-71.0487664,-12.05499494,-19.50997654,73.2663589,RF
118.8176597,-29.56132117,-89.25633856,-1.48E-10,-20.24015541,73.25903702,RF
118.8176597,-29.56132117,-89.25633857,2.78E-10,-20.24015541,73.25903702,RF
109.4843537,-4.403810748,-105.080543,13.69883435,-20.74956096,73.25120203,RF
95.50849377,21.00032166,-116.5088154,26.2233113,-20.97047569,73.24336787,RF
77.47531796,45.56342183,-123.0387398,37.82393727,-20.90269159,73.23553456,RF
56.14874674,68.25195524,-124.400702,47.89570925,-20.57208903,73.22770208,RF
32.44131226,88.0805164,-120.5218287,56.22881242,-20.01795696,73.21987043,RF
29.85982586,89.95229701,-119.8121229,57.17328505,-19.9480788,73.21905706,RF
29.85982586,89.95229702,-119.8121229,57.17328505,-19.94807879,73.21905706,RF
4.665702804,105.6919458,-110.3576486,62.38356238,-19.21908426,73.21122633,RF
-20.72369529,117.0012377,-96.27754245,65.84192786,-18.4069241,73.20339644,RF
-45.26648857,123.4041609,-78.13767229,66.71250096,-17.5853028,73.19556737,RF
-67.8668043,124.6153303,-56.74852604,64.33098721,-16.83442433,73.18773913,RF
-87.63328147,120.6214044,-32.98812297,59.39336261,-16.22901796,73.17991172,RF
-91.66082048,118.9085895,-27.24776899,57.66908224,-16.11113122,73.17810173,RF
-91.66082048,118.9085895,-27.24776899,57.66908224,-16.11113122,73.17810173,RF
-106.805537,108.7502166,-1.944679637,49.70471546,-15.77174128,73.17027535,RF
-117.3773519,93.99549665,23.38185525,40.25108873,-15.69499143,73.1624498,RF
-122.9993505,75.3149388,47.68441171,28.9282478,-15.9133932,73.15462509,RF
-123.4233706,53.49184513,69.93152551,16.68521575,-16.43370171,73.14680123,RF
-118.6354179,29.44155994,89.19385801,4.286752644,-17.24370487,73.1389782,RF
-116.6959765,23.38165713,93.31431935,3.54E-09,-17.47949801,73.13708006,RF
-116.6959765,23.38165713,93.31431935,2.68E-09,-17.47949801,73.13708006,RF
-105.6945104,-1.993955261,107.6884657,-13.13919589,-18.5922297,73.12925809,RF
-90.2531331,-27.22832019,117.4814533,-25.43807474,-19.89068063,73.12143696,RF
-70.99525858,-51.26103926,122.2562978,-36.61848954,-21.30055877,73.11361668,RF
-48.73959138,-73.07930278,121.8188942,-46.11215389,-22.7409377,73.10579726,RF
-24.42747816,-91.73792748,116.1654056,-54.03160643,-24.11839849,73.09797868,RF
-23.60159545,-92.29045758,115.892053,-54.25896746,-24.16188353,73.09772113,RF
-23.60159545,-92.29045758,115.892053,-54.25896746,-24.16188353,73.09772113,RF
1.74897977,-106.8785545,105.1295748,-59.48156841,-25.38831048,73.08990343,RF
27.01197325,-116.8891619,89.87718868,-62.03678442,-26.38394055,73.08208657,RF
51.12498725,-121.9036332,70.77864596,-61.9576986,-27.08025802,73.07427056,RF
73.04424172,-121.6892754,48.64503366,-59.63852089,-27.41626975,73.06645539,RF
91.86117775,-116.2761057,24.41492796,-54.34885968,-27.36293365,73.05864105,RF
92.20540611,-116.1143165,23.90891034,-54.22403972,-27.35792695,73.05848309,RF
92.20540612,-116.1143165,23.90891034,-54.22403972,-27.35792695,73.05848309,RF
107.0615808,-105.6262036,-1.435377167,-45.97888299,-26.89715281,73.05066961,RF
117.3478489,-90.61765589,-26.73019305,-36.52286425,-26.04098834,73.04285695,RF
122.6558388,-71.71909869,-50.9367401,-25.3539843,-24.82565556,73.03504512,RF
122.7606749,-49.73255571,-73.02811919,-13.21340696,-23.30536937,73.02723412,RF
117.6412092,-25.59696791,-92.0442413,-0.572178724,-21.54873847,73.01942393,RF
117.365583,-24.71578502,-92.64979794,-1.33E-09,-21.48283457,73.01914971,RF
117.365583,-24.71578502,-92.64979794,-4.93E-10,-21.48283457,73.01914971,RF
107.0811927,0.595244589,-107.6764372,13.1434295,-19.57297954,73.01134037,RF
92.2540928,25.91646006,-118.1705529,25.36537736,-17.61377104,73.00353185,RF
73.50684706,50.19223863,-123.6990857,36.5237439,-15.70087078,72.99572415,RF
51.63428541,72.39579908,-124.0300845,46.11935371,-13.92905719,72.98791726,RF
27.55284887,91.59898907,-119.1518379,53.79481945,-12.38385573,72.98011119,RF
24.85424839,93.46167356,-118.3159219,54.49362132,-12.23306244,72.97926822,RF
24.85424839,93.46167356,-118.3159219,54.49362132,-12.23306244,72.97926822,RF
-0.460731997,108.3253739,-107.8646419,59.63921643,-11.02316494,72.97146306,RF
-25.77088602,118.6844243,-92.91353831,62.0892957,-10.17409646,72.96365873,RF
-50.00044023,124.0604405,-74.06000023,61.9706851,-9.716750196,72.95585523,RF
-72.12928461,124.23626,-52.10697539,59.31113556,-9.660619317,72.94805255,RF
-91.23038428,119.2028075,-27.97242317,54.46420448,-9.993052367,72.94025072,RF
-92.39575714,118.6733254,-26.27756831,53.68640491,-10.02888089,72.93972064,RF
-92.39575714,118.6733254,-26.2775683,53.68640491,-10.02888089,72.93972064,RF
-107.3128944,108.2801539,-0.967259582,45.30210794,-10.73276323,72.9319197,RF
-117.7227997,93.37378995,24.34900974,35.57488812,-11.7301989,72.9241196,RF
-123.1544389,74.5585496,48.59588931,24.26154892,-12.94808539,72.91632035,RF
-123.3871765,52.63442559,70.75275089,12.0204604,-14.30532066,72.90852195,RF
-118.8007722,29.86672259,88.93404962,-1.46E-10,-15.63789411,72.90114773,RF
-118.8007722,29.86672259,88.93404962,-5.01E-10,-15.63789411,72.90114773,RF
-109.0637883,4.64681233,104.416976,-13.83337882,-17.00759719,72.89335097,RF
-94.72805035,-20.73026853,115.4583189,-26.20814739,-18.26617929,72.88555506,RF
-76.39155597,-45.17846327,121.5700192,-37.63183619,-19.3373128,72.87776,RF
-54.83157303,-67.66945271,122.5010257,-47.42176769,-20.16624912,72.86996577,RF
-31.33514115,-86.95594664,118.2910878,-55.53960541,-20.7011793,72.86228775,RF
-31.33514115,-86.95594664,118.2910878,-55.53960541,-20.7011793,72.86228775,RF
-6.163976506,-102.8510889,109.0150654,-61.40017158,-20.95120239,72.8544952,RF
19.23980126,-114.3256967,95.08589549,-64.57149419,-20.90274173,72.84670347,RF
43.81848944,-120.9106272,77.09213774,-65.10792043,-20.58285373,72.83891258,RF
66.53231487,-122.3284345,55.79611958,-63.01746484,-20.03544096,72.83112251,RF
86.39428784,-118.5037322,32.10944435,-58.50728555,-19.31692438,72.82333328,RF
88.63705358,-117.6461052,29.00905164,-57.59898116,-19.21550728,72.82236124,RF
88.63705358,-117.6461052,29.00905164,-57.59898116,-19.21550728,72.82236124,RF
104.3385885,-108.152312,3.813723496,-49.90905871,-18.395346,72.81457293,RF
115.5935394,-94.01768535,-21.57585402,-40.42342413,-17.56425739,72.80678545,RF
121.9414698,-75.85292697,-46.08854283,-29.28174995,-16.80413919,72.79899879,RF
123.1146855,-54.42529063,-68.68939486,-17.07599187,-16.18969294,72.79121296,RF
119.0667984,-30.63383598,-88.43296244,-4.522086276,-15.78625169,72.78342796,RF
117.0875498,-23.95166185,-93.13588794,-2.02E-09,-15.71956248,72.78133167,RF
117.0875498,-23.95166185,-93.13588794,-1.20E-09,-15.71956248,72.78133167,RF
106.6366607,1.376309005,-108.0129697,12.93970972,-15.65123008,72.77354772,RF
91.68401792,26.68010957,-118.3641275,25.32905166,-15.88332706,72.76576461,RF
72.82953134,50.90615077,-123.7356821,36.63564383,-16.42042639,72.75798233,RF
50.87596835,73.03122851,-123.9071969,46.35748871,-17.24792522,72.75020089,RF
26.73688355,92.1083158,-118.8451994,54.15306086,-18.32874888,72.74242029,RF
21.94206086,95.34767538,-117.2897362,55.48640209,-18.56012816,72.74092712,RF
21.94206086,95.34767538,-117.2897362,55.48640209,-18.56012816,72.74092712,RF
-3.427724937,109.7505002,-106.3227753,60.75275666,-19.86848797,72.73314752,RF
-28.66472005,119.5546032,-90.88988316,63.04337376,-21.28904522,72.72536877,RF
-52.70760713,124.3488929,-71.64128572,62.84211413,-22.73949279,72.71759087,RF
-74.50833118,123.910209,-49.40187785,60.41122601,-24.12395983,72.70981381,RF
-93.19413852,118.2749096,-25.08077106,54.216968,-25.36527114,72.70203759,RF
-93.28730379,118.229413,-24.94210924,54.18237847,-25.37155447,72.70199455,RF
-93.28730379,118.229413,-24.94210924,54.18237847,-25.37155447,72.70199455,RF
-108.0012333,107.6082837,0.392949519,46.44264208,-26.37748135,72.69421918,RF
-118.1553783,92.48004606,25.67533225,36.71063035,-27.08203143,72.68644465,RF
-123.3224321,73.48348721,49.83894485,25.54883229,-27.43152711,72.67867096,RF
-123.2881239,51.41424672,71.87387715,13.54089018,-27.39325764,72.6708981,RF
-118.3034946,28.19660417,90.10689039,6.51E-10,-26.96153398,72.66343434,RF
-118.3034946,28.19660417,90.10689039,7.83E-11,-26.96153398,72.66343434,RF
-108.2547308,2.946470069,105.3082607,-12.55897305,-26.13461371,72.6556631,RF
-93.626338,-22.40143031,116.0277683,-24.99778006,-24.94594427,72.64789269,RF
-75.04761447,-46.75026458,121.7978791,-36.25072892,-23.44967365,72.64012309,RF
-53.30796445,-69.05289943,122.3608639,-46.10540275,-21.71520985,72.63235431,RF
-29.32085036,-88.38546591,117.7063163,-53.68340192,-19.82889573,72.62458634,RF
-26.52241362,-90.33853403,116.8609476,-54.80859022,-19.61070773,72.62371338,RF
-26.52241362,-90.33853403,116.8609476,-54.80859022,-19.61070773,72.62371338,RF
-1.203748119,-105.4298184,106.6335665,-59.79563674,-17.6647034,72.61594632,RF
24.1214352,-115.9817015,91.86026634,-62.68569012,-15.77313374,72.60818007,RF
48.41812159,-121.5747144,73.15659284,-62.75126078,-14.02673014,72.60041463,RF
70.65468563,-121.9713685,51.31668286,-60.31763971,-12.5113312,72.59265001,RF
89.9031837,-117.1569709,27.25378719,-55.75259965,-11.29790702,72.58488621,RF
92.0050643,-116.2112878,24.20622346,-54.36468521,-11.17282846,72.58393723,RF
92.0050643,-116.2112878,24.20622346,-54.36468521,-11.17282846,72.58393723,RF
106.8671097,-105.7530549,-1.114054804,-46.27897106,-10.36106452,72.57617434,RF
117.216893,-90.79377553,-26.42311745,-36.62726984,-9.940559437,72.56841228,RF
122.5845413,-71.93429081,-50.65025045,-25.408576,-9.917231137,72.56065105,RF
122.7530733,-49.97754568,-72.77552765,-13.28161705,-10.27515371,72.55289065,RF
117.6803865,-25.84765573,-91.83273074,-0.15006205,-10.97477463,72.54513109,RF
117.6047697,-25.59973618,-92.00503348,-1.03E-09,-10.98334555,72.5450539,RF
117.6047697,-25.59973618,-92.00503348,-2.43E-10,-10.98334555,72.5450539,RF
107.5136678,-0.31604487,-107.197623,13.22951149,-11.97372638,72.53729519,RF
92.84403925,25.02632583,-117.8703651,25.55091059,-13.17555664,72.52953731,RF
74.2304523,49.36104179,-123.5914941,36.80913946,-14.50831293,72.52178027,RF
52.4585298,71.6602959,-124.1188257,46.3962909,-15.88503951,72.51402408,RF
30.04170575,89.81783863,-119.8595444,54.07299294,-17.12999109,72.50676613,RF
30.04170575,89.81783863,-119.8595444,54.07299294,-17.12999109,72.50676613,RF
4.853300506,105.6070186,-110.4603191,59.57683771,-18.35108907,72.49901157,RF
-20.5443415,116.9543829,-96.41004137,62.67071777,-19.3782865,72.49125784,RF
-45.08662375,123.402309,-78.31568526,63.086135,-20.16225676,72.48350496,RF
-67.73628542,124.6776354,-56.94134996,60.85539082,-20.66719271,72.47575291,RF
-87.51083853,120.710889,-33.20005048,56.3283527,-20.87289741,72.46800169,RF
-88.26543292,120.4298504,-32.16441745,55.98274107,-20.87499086,72.46767854,RF
-88.26543292,120.4298504,-32.16441745,55.98274107,-20.87499086,72.46767854,RF
-104.1940847,111.199173,-7.005088242,48.31951622,-20.78264533,72.45992819,RF
-115.7129536,97.31132352,18.40163012,38.94566415,-20.42957023,72.45217866,RF
-122.3450114,79.35272487,42.99228651,27.88843964,-19.86345791,72.44442995,RF
-123.8117949,58.08430402,65.72749089,15.71637221,-19.1464842,72.43668207,RF
-120.0355072,34.41470763,85.62079962,2.873241056,-18.34860428,72.42893501,RF
-118.7740615,29.88086435,88.89319711,-3.87E-10,-18.1978545,72.42752244,RF
-118.7740615,29.88086435,88.89319711,-1.18E-09,-18.1978545,72.42752244,RF
-109.0452645,4.659734966,104.3855295,-12.96171824,-17.40959631,72.41977635,RF
-94.70111411,-20.71329174,115.4144059,-25.53196151,-16.71193415,72.41203108,RF
-76.36022056,-45.15656073,121.5167813,-37.03078799,-16.17820095,72.40428664,RF
-54.7969628,-67.64004813,122.4370109,-46.99766057,-15.86892122,72.39654302,RF
-30.91614879,-87.22209249,118.1382413,-55.03262174,-15.82964488,72.38880022,RF
-24.34810473,-91.7896929,116.1377976,-56.88620968,-15.86718522,72.3867554,RF
-24.34810473,-91.7896929,116.1377976,-56.88620968,-15.86718522,72.3867554,RF
1.0009998,-106.4833794,105.4823796,-62.08044049,-16.20053025,72.37901366,RF
26.2802438,-116.6280474,90.34780356,-64.51130973,-16.83289045,72.37127274,RF
50.43615653,-121.779012,71.34285542,-64.37751617,-17.7409422,72.36353267,RF
72.44846473,-121.7250533,49.27658859,-61.71788502,-18.88287388,72.35579343,RF
91.3988962,-116.4670262,25.06813001,-56.83862393,-20.20089105,72.34805503,RF
94.27342758,-115.0482925,20.77486497,-54.84952363,-20.43774818,72.34672744,RF
94.27342758,-115.0482925,20.77486497,-54.84952363,-20.43774818,72.34672744,RF
108.552828,-103.9478628,-4.604965106,-46.77102921,-21.85204978,72.33899002,RF
118.2489507,-88.42231662,-29.82663411,-36.78309975,-23.26877009,72.33125345,RF
122.9190426,-69.09501512,-53.82402744,-25.35930829,-24.59326742,72.32351771,RF
122.3755552,-46.78864613,-75.58690903,-13.04366444,-25.74153386,72.31578282,RF
116.6403826,-22.43250647,-94.20787612,-0.635658965,-26.63781187,72.30804876,RF
116.3606001,-21.59774511,-94.76285494,-1.61E-09,-26.66188599,72.30779097,RF
116.3606001,-21.59774511,-94.76285495,-6.27E-10,-26.66188599,72.30779097,RF
105.4723314,3.753317684,-109.225649,13.78148907,-27.2058181,72.30005778,RF
90.13623521,29.00437103,-119.1406062,26.20365711,-27.39022866,72.29232541,RF
70.96318096,53.07790722,-124.0410882,37.4025932,-27.17441258,72.28459387,RF
48.77164052,74.96062362,-123.7322641,46.92118652,-26.55861485,72.27686315,RF
25.8676356,92.7656408,-118.6332764,54.38262322,-25.61845553,72.26955457,RF
25.8676356,92.7656408,-118.6332764,54.38262322,-25.61845553,72.26955457,RF
0.566227172,107.8457415,-108.4119686,59.74869106,-24.29719716,72.26182544,RF
-24.75987365,118.3909751,-93.63110145,62.55991869,-22.69207618,72.25409713,RF
-49.05163427,123.9755067,-74.92387239,62.71105732,-20.88394532,72.24636963,RF
-71.28170544,124.3632737,-53.08156825,60.26275864,-18.9627319,72.23864293,RF
-90.52062433,119.5412953,-29.02067092,55.49567191,-17.02482754,72.23091705,RF
-91.99337333,118.8791675,-26.88579418,54.73304879,-16.85915946,72.23025854,RF
-91.99337333,118.8791675,-26.88579418,54.73304879,-16.85915946,72.23025854,RF
-107.0071965,108.6028887,-1.595692232,46.9814447,-15.01136988,72.22253353,RF
-117.5247948,93.79294711,23.73184774,37.43632091,-13.34626515,72.21480933,RF
-123.0728018,75.05908832,48.01371349,26.34188479,-11.94359149,72.20708594,RF
-123.4245735,53.19657723,70.22799631,14.24342077,-10.86883518,72.19936337,RF
-118.5654975,29.12170419,89.44379333,1.947044497,-10.16779865,72.19164162,RF
-117.6871395,26.2945932,91.39254634,8.85E-10,-10.11306832,72.19076623,RF
-117.6871395,26.2945932,91.39254634,-5.41E-10,-10.11306832,72.19076623,RF
-107.2330546,0.970704876,106.2623497,-12.99368048,-9.854623814,72.18304539,RF
-92.2776398,-24.33754747,116.6151873,-25.30443815,-9.992538795,72.17532537,RF
-73.41952073,-48.5662754,121.9857961,-36.3844019,-10.5011135,72.16760619,RF
-51.46219511,-70.69328834,122.1554834,-45.84031372,-11.33434455,72.15988783,RF
-28.87645229,-88.68560678,117.5620591,-53.03793135,-12.35288518,72.15265222,RF
-28.87645229,-88.68560678,117.5620591,-53.03793135,-12.35288518,72.15265222,RF
-3.654126181,-104.1595701,107.8136962,-58.58039563,-13.61579144,72.14493548,RF
21.72221623,-115.1832525,93.46103625,-61.34974272,-14.98127631,72.13721959,RF
46.16867557,-121.2797668,75.11109118,-61.58135099,-16.35843176,72.12950453,RF
68.63287836,-122.1768965,53.54401811,-59.41997936,-17.65660835,72.1217903,RF
87.28928888,-118.1938365,30.90454766,-54.00730662,-18.75129967,72.11447146,RF
87.28928888,-118.1938365,30.90454765,-54.00730662,-18.75129967,72.11447146,RF
103.3002694,-109.086698,5.786428612,-46.88741979,-19.68959083,72.10675887,RF
114.9304748,-95.29900829,-19.63146656,-37.51016927,-20.36306303,72.09904711,RF
121.6808134,-77.42720963,-44.25360375,-26.52395015,-20.74192047,72.09133617,RF
123.2693801,-56.22474692,-67.04463315,-14.38774616,-20.81976376,72.08362607,RF
119.6152778,-32.59895734,-87.0163205,-1.594796237,-20.60711999,72.07591679,RF
118.9749192,-30.18582686,-88.78909234,-9.81E-10,-20.57116012,72.07516545,RF
118.9749192,-30.18582686,-88.78909234,-1.47E-10,-20.57116012,72.07516545,RF
109.7657247,-5.032795208,-104.7329295,13.21627042,-20.0854827,72.06745707,RF
95.89568776,20.37552515,-116.2712129,25.83567892,-19.40642105,72.05974951,RF
77.95233507,44.97151998,-122.923855,37.45922257,-18.60336009,72.05204277,RF
56.69534225,67.71589082,-124.4112331,47.60478063,-17.75423125,72.04433684,RF
33.01629564,87.65620657,-120.6725022,55.92888758,-16.94039329,72.03663173,RF
27.06068972,91.91501438,-118.9757041,57.55728918,-16.75488988,72.0347848,RF
27.06068972,91.91501438,-118.9757041,57.55728918,-16.75488988,72.0347848,RF
1.820044265,107.1674696,-108.9875139,62.96675659,-16.09302162,72.0270807,RF
-23.5331655,117.9461009,-94.41293538,65.76677197,-15.63151098,72.01937742,RF
-47.89702388,123.7760698,-75.87904588,65.95402525,-15.4262644,72.01167496,RF
-70.2485071,124.4163525,-54.16784536,63.54576566,-15.5148931,72.00397333,RF
-89.64989427,119.8402819,-30.19038768,58.93606427,-15.91509107,71.99627252,RF
-93.8232646,117.9434794,-24.12021479,56.39069822,-16.05898185,71.99439785,RF
-93.8232646,117.9434794,-24.12021479,56.39069822,-16.05898185,71.99439785,RF
-108.3742636,107.1355813,1.238682251,48.49746011,-16.83258046,71.98669807,RF
-118.3626643,91.86287841,26.49978586,38.53592913,-17.87501864,71.97899912,RF
-123.3462049,72.74443463,50.60177025,27.13026265,-19.13239945,71.97130101,RF
-123.1214881,50.59306296,72.52842514,14.84971728,-20.53637769,71.96360374,RF
-117.6968088,26.33160093,91.3652079,2.605053399,-22.00800544,71.9559073,RF
-116.5759524,22.96593271,93.61001971,1.78E-09,-22.20444871,71.95487267,RF
-116.5759524,22.96593271,93.61001971,8.15E-10,-22.20444871,71.95487267,RF
-105.4937713,-2.412229953,107.9060012,-13.40445193,-23.62640953,71.94717718,RF
-89.98932723,-27.63561499,117.6249422,-25.88128426,-24.92498494,71.93948252,RF
-70.6775427,-51.64054382,122.3180865,-37.05063785,-26.00577717,71.9317887,RF
-48.3828938,-73.41494363,121.7978374,-46.50117653,-26.79594273,71.92409572,RF
-25.45574111,-91.05886463,116.5146057,-54.02997974,-27.21093391,71.916834,RF
-25.45574111,-91.05886463,116.5146057,-54.02997974,-27.21093391,71.916834,RF
-0.132084448,-105.9753977,106.1074821,-59.29066499,-27.27805731,71.90914262,RF
25.17353492,-116.3344099,91.16087502,-62.05215709,-26.92877765,71.90145206,RF
49.40420197,-121.7199015,72.31569955,-62.15731376,-26.17280123,71.89376232,RF
71.53557719,-121.9040624,50.36848516,-59.65950558,-25.03808574,71.88607339,RF
90.60497959,-116.8636392,26.25865965,-54.8647861,-23.57123698,71.87838527,RF
91.04823762,-116.6629114,25.61467381,-54.66565404,-23.52871616,71.87818801,RF
91.04823762,-116.6629114,25.61467381,-54.66565404,-23.52871616,71.87818801,RF
106.1802113,-106.4986916,0.318480326,-46.78614971,-21.79646,71.87050072,RF
116.791537,-91.77658769,-25.01494931,-37.32703543,-19.89326599,71.86281424,RF
122.4458681,-73.11682075,-49.32904733,-26.26393114,-17.9142318,71.85512856,RF
122.9056197,-51.31028714,-71.59533256,-14.1996217,-15.959909,71.84744368,RF
118.1540097,-27.27126046,-90.88274926,-1.800818195,-14.12832872,71.8397596,RF
117.3243146,-24.56706285,-92.75725179,-1.25E-09,-13.94017566,71.83892548,RF
117.3243146,-24.56706284,-92.7572518,4.32E-10,-13.94017566,71.83892548,RF
106.9902243,0.741380686,-107.731605,12.82952989,-12.3491091,71.8312423,RF
92.14189365,26.06266229,-118.2045559,25.13881334,-11.06057792,71.82355993,RF
73.3729605,50.33087391,-123.7038344,36.21872477,-10.1304223,71.81587837,RF
51.4834354,72.52218769,-124.0056231,45.73421365,-9.596061955,71.80819762,RF
27.41147698,91.67113392,-119.0826109,53.60037565,-9.470555893,71.80051769,RF
25.7186164,92.84492505,-118.5635414,54.04967473,-9.476962089,71.79999701,RF
25.7186164,92.84492505,-118.5635414,54.04967473,-9.476962089,71.79999701,RF
0.400222074,107.8970428,-108.2972649,58.71723331,-9.777966085,71.79231796,RF
-24.92524204,118.4180455,-93.49280348,61.36503553,-10.4403238,71.78463973,RF
-49.2117112,123.9746798,-74.76296864,61.22472416,-11.41032219,71.77696234,RF
-71.43048967,124.3337081,-52.90321846,58.55053141,-12.61631925,71.76928577,RF
-90.65363186,119.4812636,-28.82763176,53.54244423,-13.97725465,71.76161004,RF
-90.89967122,119.3754881,-28.47581686,53.39913862,-13.99706901,71.76150132,RF
-90.89967122,119.3754881,-28.47581686,53.39913862,-13.99706901,71.76150132,RF
-106.1869975,109.4082061,-3.221208549,45.1197394,-15.41110228,71.75382643,RF
-117.019759,94.88202525,22.13773376,35.46525789,-16.80037821,71.74615238,RF
-122.903999,76.38322623,46.5207728,24.20546119,-18.07394144,71.73847916,RF
-123.6006993,54.69935062,68.90134867,11.92414888,-19.16018272,71.73080678,RF
-119.6289331,32.76656978,86.86236334,1.10E-09,-19.93916813,71.72376462,RF
-119.6289331,32.76656978,86.86236334,1.70E-10,-19.93916813,71.72376462,RF
-110.4643445,7.633739478,102.830605,-13.53680023,-20.51212409,71.71609382,RF
-96.63539692,-17.78003595,114.4154329,-26.07400099,-20.78341894,71.70842385,RF
-78.72727974,-42.38854922,121.115829,-37.6636941,-20.75372265,71.7007547,RF
-57.49835926,-65.1555901,122.6539494,-47.71120669,-20.44882097,71.69308637,RF
-33.85206691,-85.09370407,118.945771,-56.04713229,-19.90863559,71.68541885,RF
-30.95322506,-87.21378052,118.1670056,-57.17095567,-19.83179288,71.68452273,RF
-30.95322506,-87.21378052,118.1670056,-57.17095567,-19.83179288,71.68452273,RF
-5.780574879,-103.031627,108.8122019,-62.577773,-19.10603134,71.67685612,RF
19.62175398,-114.4462102,94.82445623,-65.89405502,-18.2944816,71.66919033,RF
44.18438119,-120.9464922,76.76211103,-66.43831221,-17.4714355,71.66152535,RF
66.85994972,-122.2659788,55.40602906,-64.34478504,-16.72142187,71.65386117,RF
86.67796285,-118.3677301,31.68976729,-59.70314069,-16.1229995,71.64619782,RF
91.32214985,-116.4688036,25.14665371,-57.62830239,-15.99730805,71.64417894,RF
91.32214985,-116.4688036,25.1466537,-57.62830238,-15.99730805,71.64417894,RF
106.3662211,-106.2246837,-0.141537348,-49.82776068,-15.67995394,71.63651662,RF
116.8904581,-91.423277,-25.46718115,-40.01931835,-15.63850021,71.62885511,RF
122.4500892,-72.69964323,-49.75044601,-28.67909709,-15.89977866,71.62119442,RF
122.8128628,-50.8448477,-71.96801507,-16.37299725,-16.46877549,71.61353455,RF
117.965122,-26.77547208,-91.18964991,-3.927882916,-17.32928296,71.60587551,RF
116.2047571,-21.27387149,-94.93088566,-2.23E-09,-17.55355466,71.60418733,RF
116.2047571,-21.27387149,-94.93088566,-4.86E-10,-17.55355466,71.60418733,RF
105.2506034,4.103390166,-109.3539936,13.16452084,-18.70869909,71.5965293,RF
89.85314821,29.34485482,-119.198003,25.45002736,-20.04161099,71.58887211,RF
70.63087737,53.39641415,-124.0272915,36.61884629,-21.47404746,71.58121574,RF
48.40195493,75.242872,-123.6448269,46.10700864,-22.92063484,71.57356021,RF
24.09583575,93.94925265,-118.0450884,53.79594969,-24.2871793,71.56590551,RF
23.59351966,94.28667029,-117.8801899,53.93335271,-24.31304992,71.56575181,RF
23.59351966,94.28667029,-117.8801899,53.93335271,-24.31304992,71.56575181,RF
-1.737814793,108.9658869,-107.2280721,59.32632804,-25.50474034,71.55809796,RF
-27.01745607,119.0908895,-92.07343343,61.90152938,-26.4476595,71.55044493,RF
-51.17012842,124.2246803,-73.05455192,61.91003302,-27.0711193,71.54279273,RF
-73.15069516,124.1347802,-50.98408501,59.54675388,-27.31857045,71.53514136,RF
-92.05136833,118.8415162,-26.79014784,54.2180416,-27.16484285,71.5274908,RF
-92.33157369,118.7125781,-26.3810044,54.11778152,-27.15906422,71.52736561,RF
-92.33157369,118.7125781,-26.3810044,54.11778152,-27.15906422,71.52736561,RF
-107.3011897,108.3534201,-1.052230358,45.99731854,-26.5930544,71.51971588,RF
-117.7183395,93.46040819,24.25793129,36.55649058,-25.63452542,71.51206696,RF
-123.1655601,74.65733374,48.50822639,25.42675756,-24.32634832,71.50441885,RF
-123.4123235,52.74234849,70.66997497,13.30930536,-22.73059372,71.49677154,RF
-118.4341754,28.65177709,89.78239834,0.653270818,-20.92386092,71.48912503,RF
-118.1220365,27.64143268,90.4806038,2.01E-09,-20.84660906,71.48881717,RF
-118.1220365,27.64143268,90.4806038,3.41E-10,-20.84660906,71.48881717,RF
-107.9453181,2.345429794,105.5998883,-13.04728315,-18.9182731,71.4811715,RF
-93.2123666,-22.98756726,116.1999339,-25.25771108,-16.97571063,71.47352662,RF
-74.54334274,-47.29827029,121.841613,-36.41149657,-15.11700097,71.46588255,RF
-52.72921537,-69.5585249,122.2877403,-46.01855436,-13.43630872,71.45823928,RF
-28.68476742,-88.83596704,117.5207345,-53.71992579,-12.01617381,71.45059681,RF
-25.73116016,-90.88077358,116.6119337,-54.48287964,-11.86815926,71.44969014,RF
-25.73116016,-90.88077358,116.6119337,-54.48287964,-11.86815926,71.44969014,RF
-0.414157236,-105.8057945,106.2199517,-59.54115227,-10.81775076,71.44204857,RF
24.90143764,-116.2182834,91.31684572,-61.97213862,-10.14768665,71.43440782,RF
49.15024572,-121.6538156,72.50356986,-61.82406516,-9.878351588,71.42676787,RF
71.30938149,-121.8901034,50.58072188,-59.15500461,-10.00772334,71.41912874,RF
90.45139459,-116.9160382,26.4646436,-54.2912257,-10.51134663,71.41149043,RF
91.656854,-116.3732926,24.71643857,-53.48384451,-10.55946352,71.41095487,RF
91.656854,-116.3732926,24.71643857,-53.48384451,-10.55946352,71.41095487,RF
106.6127178,-106.0232755,-0.589442331,-45.1183491,-11.40581675,71.40331744,RF
117.0675398,-91.15668458,-25.91085519,-35.3747592,-12.50862512,71.39568083,RF
122.5468041,-72.37413218,-50.17267194,-24.06295433,-13.78590692,71.38804506,RF
122.8282343,-50.47487146,-72.35336287,-11.81972916,-15.15113234,71.38041011,RF
118.4983343,-28.4763269,-90.02200743,-5.81E-10,-16.39952572,71.37342251,RF
118.4983343,-28.4763269,-90.02200743,1.81E-10,-16.39952572,71.37342251,RF
108.9606449,-3.283561398,-105.6770835,13.6451362,-17.6789804,71.36578915,RF
94.79587445,22.10803813,-116.9039126,26.08166354,-18.79970125,71.35815662,RF
76.60393426,46.61296486,-123.2168991,37.55137872,-19.69525529,71.35052492,RF
55.15466069,69.19948289,-124.3541436,47.41832728,-20.32099077,71.34289404,RF
31.34686736,88.92269451,-120.2695619,55.23078817,-20.65318198,71.33526398,RF
30.89654754,89.24980314,-120.1463507,55.39121989,-20.65617092,71.3351246,RF
30.89654754,89.24980315,-120.1463507,55.39121989,-20.65617092,71.3351246,RF
5.746378989,105.1332224,-110.8796014,61.65059453,-20.67101073,71.32749537,RF
-19.66152199,116.6427755,-96.98125346,64.76252711,-20.41332673,71.31986696,RF
-44.24806408,123.2589457,-79.01088166,65.33289168,-19.91443846,71.31223936,RF
-66.97681866,124.710504,-57.73368532,63.25488636,-19.23363435,71.30461257,RF
-86.89598306,120.9368334,-34.04085037,58.80810111,-18.44160182,71.29698658,RF
-89.48649304,119.9292747,-30.44278165,57.43443893,-18.31656715,71.29587991,RF
-89.48649305,119.9292747,-30.44278165,57.43443893,-18.31656715,71.29587991,RF
-105.1099465,110.3612309,-5.251284449,50.01536969,-17.49134399,71.28825486,RF
-116.3026899,96.16649613,20.13619373,40.48950976,-16.72637953,71.28063061,RF
-122.5794024,77.95046259,44.62893981,29.37454106,-16.09966051,71.27300717,RF
-123.6795899,56.48334967,67.19624026,17.17276838,-15.67951123,71.26538454,RF
-119.5588345,32.66668657,86.89214797,4.639469149,-15.52007262,71.25776272,RF
-117.4873203,25.74980383,91.73751642,2.90E-09,-15.52646305,71.25564053,RF
-117.4873203,25.74980383,91.73751642,1.29E-09,-15.52646305,71.25564053,RF
-106.9283461,0.409667458,106.5186786,-12.86439223,-15.74601043,71.24801976,RF
-91.87809411,-24.88169474,116.7597889,-25.19522711,-16.27592765,71.2403998,RF
-72.94300567,-49.07070779,122.0137135,-36.417926,-17.1004303,71.23278067,RF
-50.92924685,-71.13533638,122.0645832,-46.0376469,-18.18358729,71.22516236,RF
-26.76602783,-90.11246376,116.8784916,-54.08284525,-19.46440259,71.21754487,RF
-22.94892088,-92.6891004,115.6380213,-55.00081079,-19.67513027,71.2163883,RF
-22.94892088,-92.6891004,115.6380213,-55.00081079,-19.67513027,71.2163883,RF
2.405964255,-107.1735735,104.7676092,-59.88880311,-21.099995,71.20877177,RF
27.65452609,-117.0568082,89.40228211,-62.34424529,-22.55305365,71.20115607,RF
51.72036285,-121.9331895,70.21282668,-62.11944044,-23.94431444,71.19354119,RF
73.58889854,-121.5964757,48.00757714,-59.29285107,-25.1831097,71.18592715,RF
92.34451388,-116.0623197,23.71780587,-54.06858098,-26.18692586,71.17831392,RF
93.11485719,-115.6852433,22.57038615,-53.60874418,-26.22549137,71.17796487,RF
93.11485719,-115.6852433,22.57038614,-53.60874418,-26.22549137,71.17796487,RF
107.7076948,-104.9335862,-2.774108631,-45.51380548,-26.88891743,71.17035251,RF
117.7522366,-89.70900313,-28.04323349,-35.77985612,-27.19034307,71.16274097,RF
122.7939244,-70.63030835,-52.16361603,-24.53964173,-27.08658645,71.15513024,RF
122.6284411,-48.50928837,-74.11915268,-12.32113311,-26.5696688,71.14752032,RF
117.4655033,-24.93242245,-92.53308087,-8.61E-10,-25.68139854,71.14011266,RF
117.4655033,-24.93242245,-92.53308087,6.07E-11,-25.68139854,71.14011266,RF
107.2173799,0.353504165,-107.570884,13.482022,-24.40051119,71.13250433,RF
92.43497691,25.68239153,-118.1173684,25.65769414,-22.82003116,71.1248968,RF
73.72335889,49.97264774,-123.6960066,36.83936537,-21.01044567,71.11729007,RF
51.87770168,72.20162604,-124.0793277,46.46139126,-19.06446086,71.10968413,RF
27.81370695,91.43834325,-119.2520502,54.17094921,-17.08086556,71.10207899,RF
25.90559625,92.75585935,-118.6614556,54.70629964,-16.92843905,71.10149955,RF
25.90559625,92.75585935,-118.6614556,54.70629964,-16.92843905,71.10149955,RF
0.622487089,107.8020244,-108.4245115,59.95668032,-15.01628396,71.09389527,RF
-24.71000558,118.3593846,-93.64937899,62.53790482,-13.27468707,71.08629178,RF
-49.00498448,123.9493374,-74.9443529,62.53746975,-11.7894235,71.07868909,RF
-71.24037815,124.343802,-53.10342381,59.97328157,-10.63188285,71.0710872,RF
-90.48340028,119.5260909,-29.04269065,55.21454055,-9.853456416,71.06348611,RF
-92.39667006,118.6710127,-26.27434262,54.04377279,-9.791765483,71.0626421,RF
-92.39667006,118.6710127,-26.27434262,54.04377279,-9.791765483,71.0626421,RF
-107.3135362,108.2700505,-0.956514273,45.94176373,-9.467091429,71.05504191,RF
-117.7160811,93.35738353,24.35869757,36.2236591,-9.553459714,71.04744254,RF
-123.1408169,74.53630422,48.60451268,24.96896534,-10.02783064,71.03984397,RF
-123.3657329,52.60745888,70.75827398,12.7914151,-10.84527842,71.03224623,RF
-118.3802961,28.48762553,89.89267057,0.52118691,-11.94310386,71.02464931,RF
-118.1659531,27.78900365,90.37694941,1.76E-09,-11.97708715,71.02443625,RF
-118.1659531,27.78900365,90.37694942,-1.62E-10,-11.97708715,71.02443625,RF
-108.0077532,2.508631936,105.4991213,-13.76981849,-13.27129596,71.01684017,RF
-93.31385424,-22.83206759,116.1459218,-26.17886277,-14.67567782,71.00924493,RF
-74.67357976,-47.15586902,121.8294488,-37.44374045,-16.09311043,71.0016505,RF
-52.88202671,-69.43797213,122.3199988,-47.04200718,-17.43536106,70.9940569,RF
-32.27117094,-86.24715898,118.5183299,-54.28579762,-18.46007656,70.98751074,RF
-32.27117094,-86.24715899,118.5183299,-54.28579762,-18.46007656,70.98751074,RF
-7.139194345,-102.3172507,109.456445,-59.83397923,-19.45663978,70.97991868,RF
18.27784886,-113.9752674,95.69741851,-63.0803569,-20.17547471,70.97232743,RF
42.91020037,-120.7612599,77.85105956,-63.64528013,-20.59334458,70.964737,RF
65.71691742,-122.3853245,56.66840709,-61.5683107,-20.70039481,70.95714739,RF
85.71028978,-118.7644283,33.05413855,-57.15080968,-20.5062922,70.94955859,RF
87.21213506,-118.225073,31.0129379,-56.55791238,-20.47632224,70.94893268,RF
87.21213506,-118.225073,31.0129379,-56.55791238,-20.47632224,70.94893268,RF
103.2489866,-109.1265083,5.877521702,-48.99979877,-20.00327321,70.94134475,RF
114.8881297,-95.35136942,-19.53676029,-39.67200827,-19.3260076,70.93375763,RF
121.6508861,-77.4889946,-44.16189147,-28.65985456,-18.51726042,70.92617131,RF
123.2521795,-56.29499773,-66.95718181,-16.53169086,-17.65725355,70.9185858,RF
119.6273664,-32.65931886,-86.96804752,-3.91841613,-16.83026473,70.91100109,RF
117.9252407,-26.59966237,-91.32557829,-1.98E-09,-16.63833617,70.90914953,RF
117.9252407,-26.59966237,-91.32557829,-3.93E-10,-16.63833617,70.90914953,RF
108.0170992,-1.368256093,-106.6488432,12.89008594,-15.9646162,70.90156582,RF
93.51739567,23.9927655,-117.5101612,25.35877792,-15.49557696,70.89398292,RF
75.0453902,48.38303104,-123.4284212,36.75756383,-15.28847702,70.88640082,RF
53.38144493,70.7779339,-124.1593788,46.60858717,-15.38199225,70.87881954,RF
29.45123033,90.20571798,-119.6569483,54.76097986,-15.79121446,70.87123907,RF
23.07055683,94.60414182,-117.6746986,56.44331424,-15.94830659,70.86930788,RF
23.07055682,94.60414182,-117.6746986,56.44331424,-15.94830659,70.86930788,RF
-2.2707576,109.1966146,-106.925857,61.23218831,-16.74512952,70.86172843,RF
-27.53719327,119.2113366,-91.67414329,63.67448704,-17.81310585,70.85414981,RF
-51.64863384,124.2260761,-72.57744225,63.43734362,-19.09652359,70.846572,RF
-73.58902233,124.0306702,-50.44164783,60.62344304,-20.5234845,70.83899501,RF
-92.43847173,118.6340645,-26.19559279,55.49487458,-22.01078319,70.83141885,RF
-94.3509,117.6932491,-23.3423491,54.30814935,-22.17930705,70.83055549,RF
-94.3509,117.6932491,-23.34234909,54.30814935,-22.17930705,70.83055549,RF
-108.7725931,106.7456834,2.026909687,46.10804545,-23.61287338,70.82298024,RF
-118.6183386,91.3487116,27.26962699,36.17066982,-24.91071742,70.81540583,RF
-123.4488832,72.12766253,51.32122066,24.77068365,-25.97998315,70.80783223,RF
-123.0675192,49.90001572,73.16750352,12.45182313,-26.7463973,70.80025945,RF
-117.5863184,25.90014108,91.68617728,4.69E-10,-27.14860663,70.79277983,RF
-117.5863184,25.90014107,91.68617728,-3.16E-10,-27.14860663,70.79277983,RF
-107.0717241,0.586651335,106.4850728,-13.83351259,-27.1411395,70.78520867,RF
-92.05468735,-24.71230142,116.7669888,-26.06104807,-26.72321664,70.77763831,RF
-73.1477842,-48.91374018,122.0615244,-37.27669575,-25.89356663,70.77006876,RF
-51.15491822,-70.99898579,122.153904,-46.87184972,-24.68811031,70.76250001,RF
-26.99764451,-90.04296377,117.0406083,-54.47437838,-23.16275253,70.75493206,RF
-26.80909787,-90.17222076,116.9813186,-54.53657955,-23.14984869,70.75487519,RF
-26.80909786,-90.17222077,116.9813186,-54.53657955,-23.14984869,70.75487519,RF
-1.531948975,-105.2717203,106.8036693,-60.11472146,-21.36909465,70.74730803,RF
23.80495964,-115.8914088,92.08644913,-62.80786056,-19.43913128,70.73974167,RF
48.11952508,-121.5485213,73.4289962,-62.93692319,-17.45362832,70.7321761,RF
70.38783216,-122.0122412,51.62440907,-60.47541809,-15.5162899,70.72461132,RF
89.67611237,-117.2631247,27.58701233,-55.77054805,-13.72593582,70.71704733,RF
91.45168313,-116.4809875,25.02930436,-54.75413612,-13.55363507,70.71626999,RF
91.45168314,-116.4809875,25.02930436,-54.75413612,-13.55363507,70.71626999,RF
106.4579037,-106.1809055,-0.276998245,-46.80249179,-12.02828557,70.70870688,RF
116.9617338,-91.3592123,-25.60252145,-37.20399239,-10.82520558,70.70114456,RF
122.4952568,-72.61384785,-49.881409,-26.04727315,-9.996302556,70.69358304,RF
122.8320512,-50.74277003,-72.08928121,-13.93624355,-9.573076502,70.68602232,RF
117.9409068,-26.67897907,-91.26192768,-1.102366967,-9.561615483,70.67846241,RF
117.4064153,-24.93032909,-92.47608618,-2.42E-09,-9.576180787,70.67793241,RF
117.4064153,-24.93032909,-92.47608619,-8.06E-10,-9.576180787,70.67793241,RF
107.1634836,0.38583515,-107.5493187,13.1088763,-9.987349728,70.67037337,RF
92.37691641,25.71389491,-118.0908113,25.33007261,-10.74692744,70.66281514,RF
73.66255791,50.00742426,-123.6699822,36.4723356,-11.79435691,70.65525773,RF
51.81445481,72.23720365,-124.0516585,45.96639841,-13.05189545,70.64770114,RF
29.15797166,90.44604611,-119.6040178,53.56487852,-14.34741938,70.64057083,RF
29.15797165,90.44604611,-119.6040178,53.56487852,-14.34741938,70.64057083,RF
3.941202038,106.0894194,-110.0306214,58.87784734,-15.75809069,70.63301584,RF
-21.44546191,117.2701464,-95.82468448,61.80125352,-17.10799488,70.62546166,RF
-45.9389483,123.5379283,-77.59898,62.05770194,-18.3183135,70.6179083,RF
-68.50339953,124.6267475,-56.12334801,59.68836805,-19.31860355,70.61035577,RF
-87.82722692,120.5972811,-32.77005414,55.1240986,-20.03918237,70.6029442,RF
-87.82722692,120.5972811,-32.77005414,55.1240986,-20.03918237,70.6029442,RF
-103.8614198,111.4906769,-7.629257008,47.40268541,-20.48422553,70.59539327,RF
-115.4966788,97.71157232,17.78510649,38.06590846,-20.62064653,70.58784316,RF
-122.2549674,79.84514919,42.40981822,27.03673114,-20.46389374,70.58029385,RF
-123.8515303,58.64814195,65.20338832,14.89441361,-20.04866069,70.57274535,RF
-120.2027662,35.02359456,85.17917165,2.113816544,-19.42489621,70.56519766,RF
-119.3557409,31.8788742,87.47686666,1.78E-09,-19.33174125,70.56423981,RF
-119.3557409,31.87887419,87.47686667,1.06E-10,-19.33174125,70.56423981,RF
-110.0179541,6.707772141,103.310182,-12.98919928,-18.56167655,70.55669301,RF
-96.02358856,-18.69286344,114.716452,-25.56678914,-17.74155803,70.54914701,RF
-77.97658111,-43.25062059,121.2272017,-37.10480759,-16.95691541,70.54160182,RF
-56.63944243,-65.92824276,122.5676852,-47.14051888,-16.28842689,70.53405742,RF
-32.90879586,-85.7752463,118.6840422,-55.30618649,-15.80900631,70.52651382,RF
-25.95926208,-90.68692697,116.6461891,-57.19671935,-15.71475794,70.52440862,RF
-25.95926208,-90.68692697,116.6461891,-57.19671935,-15.71475794,70.52440862,RF
-0.678321218,-105.6544326,106.3327538,-62.44058164,-15.55938194,70.51686605,RF
24.64262972,-116.1123411,91.46971134,-65.01956996,-15.70107286,70.50932429,RF
48.90267526,-121.5977624,72.69508717,-64.9963855,-16.15331998,70.50178334,RF
71.08274761,-121.8843168,50.80156916,-62.37477236,-16.90771686,70.4942432,RF
90.25168592,-116.9604489,26.70876295,-57.5023067,-17.93387536,70.48670388,RF
93.72748621,-115.3158736,21.58838742,-55.47861438,-18.17251388,70.48515809,RF
93.72748622,-115.3158736,21.58838742,-55.47861438,-18.17251388,70.48515809,RF
108.158633,-104.3695973,-3.789035731,-47.38284812,-19.44882512,70.47761975,RF
118.0074222,-88.97600873,-29.03141347,-37.36956107,-20.85645005,70.47008223,RF
122.8425227,-69.75736541,-53.0851573,-25.91487693,-22.30868602,70.46254553,RF
122.4655358,-47.53140352,-74.93413228,-13.57886891,-23.71448832,70.45500965,RF
116.8916859,-23.2262478,-93.66543813,-1.139540813,-24.98379674,70.44747458,RF
116.3862222,-21.70181067,-94.68441158,-1.72E-09,-25.05384298,70.44701577,RF
116.3862222,-21.70181067,-94.68441158,1.91E-10,-25.05384298,70.44701577,RF
105.5197568,3.653917778,-109.1736746,13.62979624,-26.06426216,70.43948157,RF
90.20092184,28.90770195,-119.1086238,26.06675799,-26.775807,70.43194819,RF
71.04229737,52.98949232,-124.0317897,37.25459281,-27.12007191,70.42441561,RF
48.861342,74.88395552,-123.7452975,46.75028596,-27.06335495,70.41688385,RF
25.92721646,92.74663399,-118.6738504,53.92424983,-26.62545828,70.40975727,RF
25.92721646,92.74663399,-118.6738504,53.92424983,-26.62545828,70.40975727,RF
0.645322615,107.8100589,-108.4553815,59.62757208,-25.76323091,70.40222707,RF
-24.68561529,118.375798,-93.69018273,62.38312995,-24.53404276,70.39469766,RF
-48.98238777,123.9765683,-74.99418051,62.55937536,-22.99109143,70.38716904,RF
-71.22173173,124.3817324,-53.16000068,60.11052374,-21.21206734,70.37964121,RF
-90.47143625,119.5752871,-29.10385084,55.32918804,-19.28757626,70.37211417,RF
-91.49237287,119.117266,-27.62489311,54.76061651,-19.16852248,70.37166893,RF
-91.49237287,119.117266,-27.62489311,54.7606165,-19.16852248,70.37166893,RF
-106.6350209,108.9860262,-2.35100528,47.02848131,-17.19571999,70.36414273,RF
-117.2926117,94.30172474,22.99088696,37.55135187,-15.28772223,70.3566173,RF
-122.9914377,75.67271988,47.31871779,26.50908383,-13.54141207,70.34909267,RF
-123.4971425,53.88940149,69.60774103,14.44347461,-12.04552051,70.34156883,RF
-118.7890035,29.86610522,88.92289824,2.095905215,-10.87272129,70.33404578,RF
-117.8238088,26.7162815,91.10752727,5.55E-10,-10.7500914,70.33309486,RF
-117.8238088,26.7162815,91.10752727,-1.12E-09,-10.7500914,70.33309486,RF
-107.4502277,1.400108542,106.0501191,-12.85933661,-10.0035791,70.32557271,RF
-92.56367405,-23.91743571,116.4811098,-25.13849327,-9.665929071,70.31805135,RF
-73.76414815,-48.17222593,121.9363741,-36.18241355,-9.738360541,70.3105308,RF
-51.85304522,-70.34044285,122.1934881,-45.60805076,-10.1983855,70.30301105,RF
-27.76145083,-89.45918673,117.2206376,-53.41147512,-10.99847511,70.29549212,RF
-27.08934936,-89.92696024,117.0163096,-53.60862473,-11.02446524,70.29528956,RF
-27.08934936,-89.92696024,117.0163096,-53.60862474,-11.02446524,70.29528956,RF
-1.792295135,-105.1188623,106.9111574,-58.62525128,-12.11098844,70.28777146,RF
23.54977156,-115.7925005,92.24272896,-61.19171138,-13.38872208,70.28025418,RF
47.88611406,-121.5134519,73.62733782,-61.11329141,-14.77065795,70.27273771,RF
70.1862551,-122.040124,51.85386892,-58.461766,-16.16353172,70.26522206,RF
88.06065615,-117.909223,29.84856682,-53.7315608,-17.37333416,70.25831831,RF
88.06065615,-117.909223,29.84856681,-53.7315608,-17.37333416,70.25831831,RF
103.8958558,-108.5837154,4.687859642,-46.0476149,-18.53579726,70.25080422,RF
115.3267939,-94.60898831,-20.71780557,-36.59874063,-19.47498407,70.24329095,RF
121.86037,-76.57706845,-45.2833015,-25.51863201,-20.13830676,70.23577849,RF
123.2244359,-55.25105947,-67.97337641,-13.33846223,-20.49784691,70.22826683,RF
119.3627479,-31.52610781,-87.83664006,-0.657392864,-20.5486973,70.22075599,RF
119.1155248,-30.60938962,-88.50613516,-2.56E-09,-20.54379199,70.22047787,RF
119.1155248,-30.60938961,-88.50613516,-7.28E-10,-20.54379199,70.22047787,RF
109.9763577,-5.482240874,-104.4941168,13.510181,-20.28169815,70.21296785,RF
96.18535498,19.93339471,-116.1187497,26.01312106,-19.77268646,70.20545863,RF
78.30688049,44.55264452,-122.859525,37.57958133,-19.06909013,70.19795021,RF
57.10102263,67.33842895,-124.4394516,47.66476565,-18.24533315,70.19044259,RF
33.45772467,87.33566288,-120.7933876,55.88701133,-17.383435,70.18293576,RF
28.5910538,90.85069766,-119.4417515,57.40130296,-17.21239647,70.18146391,RF
28.59105379,90.85069766,-119.4417515,57.40130296,-17.21239647,70.18146391,RF
3.388581813,106.3583696,-109.7469514,62.8935565,-16.4147061,70.17395803,RF
-21.99082232,117.4277193,-95.43689699,65.75752184,-15.76060415,70.16645295,RF
-46.4454276,123.5700263,-77.12459874,66.03219443,-15.32165694,70.15894866,RF
-68.94792902,124.5314852,-55.58355615,63.69461833,-15.15373778,70.15144518,RF
-88.55378932,120.273001,-31.71921164,59.08565121,-15.29377326,70.1439425,RF
-92.17633795,118.6604982,-26.48416023,56.18061802,-15.35942652,70.14235601,RF
-92.17633795,118.6604982,-26.48416023,56.18061802,-15.35942652,70.14235601,RF
-97.19483393,116.0994566,-18.90462268,54.95699177,-15.49090894,70.14010541,RF
-101.7293096,113.0422883,-11.31297868,52.96742286,-15.64280575,70.13785489,RF
-106.9861258,108.5603921,-1.574266267,49.31738844,-15.88170413,70.13499198,RF
-115.516293,97.53609455,17.98019843,41.91834526,-16.49532257,70.12921838,RF
-122.302293,79.39199325,42.91029972,31.10662056,-17.55373595,70.12162437,RF
-123.7660886,57.82337566,65.94271295,18.55261665,-18.84420332,70.11403119,RF
-119.8922026,33.84128801,86.05091461,5.636218384,-20.28785808,70.10643885,RF
-117.1485228,24.61775138,92.5307714,-3.27E-09,-20.83944755,70.10365029,RF
-117.1485228,24.61775138,92.5307714,-4.77E-09,-20.83944755,70.10365029,RF
-106.2428919,-1.046297324,107.2891892,-13.13557936,-22.34928879,70.09605909,RF
-90.74514185,-26.6173823,117.3625242,-25.62229511,-23.7936383,70.08846873,RF
-71.31836979,-50.9842166,122.3025864,-36.88525799,-25.07180046,70.0808792,RF
-48.80482951,-73.09589364,121.9007232,-46.38959933,-26.09471273,70.0732905,RF
-26.68260314,-90.27150216,116.9541053,-53.67382575,-26.72734388,70.06645536,RF
-26.68260314,-90.27150216,116.9541053,-53.67382575,-26.72734388,70.06645536,RF
-1.088802931,-105.5292733,106.6180763,-59.14920044,-27.05742161,70.05886824,RF
24.55000796,-116.1681399,91.61813196,-61.93077997,-26.96437428,70.05128194,RF
49.11165871,-121.7156099,72.60395122,-62.04710266,-26.43415899,70.04369646,RF
71.51428928,-121.9158617,50.40157238,-59.68698556,-25.47795268,70.03611179,RF
90.60551666,-116.8642778,26.25876116,-54.37456164,-24.15801066,70.02861404,RF
90.60551666,-116.8642778,26.25876116,-54.37456164,-24.15801066,70.02861404,RF
106.0055918,-106.6635328,0.657941009,-46.64463367,-22.50942102,70.02103099,RF
116.7723177,-91.77946135,-24.99285632,-37.03494197,-20.6280135,70.01344873,RF
122.4583775,-72.86082667,-49.59755087,-25.83244714,-18.61429041,70.00586728,RF
122.817411,-50.72884548,-72.08856548,-13.60648442,-16.57599062,69.99828663,RF
117.8368127,-26.33574624,-91.50106649,-1.012464117,-14.62165007,69.99070679,RF
117.3616307,-24.80157842,-92.56005228,-3.18E-09,-14.50743259,69.99024625,RF
117.3616307,-24.80157842,-92.56005228,-1.49E-09,-14.50743259,69.99024625,RF
106.9085402,0.819008892,-107.727549,13.07745977,-12.75288483,69.98266726,RF
91.83052079,26.44956125,-118.280082,25.47278982,-11.28570105,69.97508907,RF
72.74640237,50.98186248,-123.7282649,36.62039097,-10.17537161,69.96751168,RF
50.49019298,73.35492745,-123.8451204,46.14459271,-9.472135802,69.95993511,RF
26.03488599,92.5751485,-118.6100345,53.88613227,-9.200015727,69.95235936,RF
25.58109481,92.8862008,-118.4672956,53.99915454,-9.199184764,69.95222425,RF
25.58109481,92.8862008,-118.4672956,53.99915454,-9.199184764,69.95222425,RF
-0.051579489,108.0796655,-108.028086,58.84734596,-9.364201438,69.94464933,RF
-25.68051055,118.6187028,-92.93819225,61.29200474,-9.927763161,69.93707524,RF
-50.21118041,124.0590182,-73.84783784,61.00995985,-10.83749334,69.92950197,RF
-72.57966827,124.1657411,-51.58607283,58.12843932,-12.02037288,69.92192953,RF
-90.11988787,119.6460444,-29.52615656,53.19358831,-13.25074114,69.91508454,RF
-90.11988788,119.6460444,-29.52615656,53.19358831,-13.25074114,69.91508454,RF
-105.7814597,109.7674381,-3.985978434,45.12120206,-14.69945525,69.90751369,RF
-116.868175,95.16933842,21.69883663,35.36379885,-16.14717722,69.89994367,RF
-122.8946479,76.49010778,46.40454013,23.99116686,-17.49793947,69.89237449,RF
-123.6038193,54.53936459,69.0644547,11.61201255,-18.66886779,69.88480613,RF
-119.8516365,33.55221823,86.29941824,1.08E-09,-19.48120816,69.87823509,RF
-119.8516365,33.55221822,86.29941825,1.62E-10,-19.48120816,69.87823509,RF
-110.7174978,8.129872722,102.5876251,-13.49519512,-20.14606284,69.87066828,RF
-96.77935077,-17.6032177,114.3825685,-26.20309769,-20.49070594,69.8631023,RF
-78.65588343,-42.52019306,121.1760765,-37.91191567,-20.51492143,69.85553714,RF
-57.13113527,-65.54487764,122.6760129,-48.04011832,-20.24171125,69.84797279,RF
-33.14643394,-85.65518637,118.8016203,-56.38870209,-19.71252199,69.84040927,RF
-31.42153537,-86.91375174,118.3352871,-57.03104321,-19.6674445,69.83989021,RF
-31.42153537,-86.91375174,118.3352871,-57.03104321,-19.6674445,69.83989021,RF
-5.941813287,-102.9831814,108.9249947,-62.67343791,-18.94058427,69.83232755,RF
19.7732769,-114.5220903,94.74881343,-65.81794139,-18.10911418,69.8247657,RF
44.6162714,-121.039128,76.42285662,-66.23301074,-17.26085899,69.81720467,RF
67.51112244,-122.2538845,54.74276209,-64.00439196,-16.48468962,69.80964444,RF
87.47547461,-118.1168408,30.64136623,-59.4590065,-15.86426456,69.80208503,RF
91.08948942,-116.6204942,25.53100483,-57.46084341,-15.76284549,69.80054648,RF
91.08948942,-116.6204942,25.53100483,-57.46084341,-15.76284548,69.80054648,RF
106.3364732,-106.2494153,-0.087057863,-49.58922612,-15.42006409,69.79298805,RF
116.9661423,-91.24308728,-25.723055,-39.68118078,-15.37070745,69.78543043,RF
122.499972,-72.21966567,-50.28030632,-28.21862562,-15.6415,69.77787363,RF
122.7053444,-50.00987818,-72.69546626,-15.80360079,-16.23805996,69.77031765,RF
117.5386365,-25.57269168,-91.96594486,-2.39956125,-17.13722296,69.7627625,RF
116.2340766,-21.51779929,-94.71627736,-3.17E-09,-17.30831123,69.7615526,RF
116.2340766,-21.51779928,-94.71627736,-1.66E-09,-17.30831123,69.7615526,RF
105.1813208,4.175821655,-109.3571425,13.16534192,-18.50866365,69.75399841,RF
89.5475816,29.72310483,-119.2706864,25.65412525,-19.88991842,69.74644505,RF
70.00960471,54.03502282,-124.0446275,36.90535247,-21.37066202,69.73889252,RF
47.4144787,76.05730964,-123.4717883,46.39246966,-22.85617604,69.73134083,RF
24.4848745,93.64861052,-118.133485,53.61775804,-24.15319984,69.72431184,RF
24.4848745,93.64861052,-118.133485,53.61775805,-24.15319984,69.72431184,RF
-1.143298978,108.639234,-107.4959351,59.05760943,-25.36208204,69.71676175,RF
-26.74801869,118.975865,-92.2278463,61.66598833,-26.29992542,69.70921248,RF
-51.20833909,124.199408,-72.99106892,61.64453145,-26.89135853,69.70166404,RF
-73.44372301,124.0695522,-50.62582915,59.14568101,-27.07902394,69.69411643,RF
-91.49456111,119.0710731,-27.57651199,53.92497237,-26.86505822,69.68701493,RF
-91.49456112,119.0710731,-27.57651199,53.92497237,-26.86505822,69.68701493,RF
-106.8306107,108.7984307,-1.96782004,46.1429869,-26.22144455,69.67946889,RF
-117.5312045,93.86176777,23.66943669,36.01801621,-25.16981653,69.67192366,RF
-123.1427119,74.88135004,48.26136185,25.25511061,-23.75598513,69.66437924,RF
-123.4098971,52.72035039,70.68954673,12.97192239,-22.05428656,69.65683562,RF
-118.3553337,28.31540564,90.03992807,0.182821639,-20.15724871,69.6492928,RF
-118.2650901,28.02304627,90.24204384,6.65E-10,-20.13423169,69.64920581,RF
-118.2650901,28.02304627,90.24204384,-9.59E-10,-20.13423169,69.64920581,RF
-107.9961267,2.419208279,105.5769184,-13.25288197,-18.13390351,69.6416638,RF
-93.06938593,-23.22778711,116.297173,-25.54974014,-16.15033169,69.63412258,RF
-74.11283568,-47.8162665,121.9291022,-36.75546639,-14.28637805,69.62658217,RF
-51.95244641,-70.28080652,122.2332529,-46.36868451,-12.64168564,69.61904255,RF
-27.54104767,-89.65657229,117.19762,-53.99396083,-11.30056745,69.61150374,RF
-25.68968614,-90.92973994,116.6194261,-54.48007198,-11.21593858,69.61095086,RF
-25.68968613,-90.92973994,116.6194261,-54.48007198,-11.21593858,69.61095086,RF
-0.054735363,-106.0035486,106.058284,-59.52655283,-10.27240361,69.60341291,RF
25.56447741,-116.4446115,90.8801341,-61.86253217,-9.742282814,69.59587577,RF
50.06037432,-121.7746181,71.71424376,-61.55650922,-9.638045632,69.58833944,RF
72.37384605,-121.7703755,49.3965295,-58.66028824,-9.946568967,69.58080393,RF
91.54679634,-116.4313994,24.88460302,-53.49740663,-10.63036466,69.57326924,RF
91.68194037,-116.3688186,24.68687826,-53.41038954,-10.63701917,69.57321027,RF
91.68194037,-116.3688186,24.68687825,-53.41038953,-10.63701917,69.57321027,RF
106.7857858,-105.8505258,-0.935260005,-44.63948728,-11.63127493,69.56567641,RF
117.2687285,-90.7082228,-26.56050573,-34.70460901,-12.85987925,69.55814338,RF
122.6418693,-71.57237687,-51.0694924,-23.17315501,-14.22819448,69.55061118,RF
122.6819512,-49.27729991,-73.40465133,-10.70868016,-15.64013591,69.5430798,RF
119.0466875,-30.61693073,-88.42975673,-1.08E-12,-16.68553249,69.53730005,RF
119.0466875,-30.61693073,-88.42975674,9.83E-10,-16.68553249,69.53730005,RF
109.8133075,-5.170141033,-104.6431665,13.27051299,-17.94427056,69.52977014,RF
95.76638437,20.55761656,-116.3240009,25.80444276,-18.99405387,69.52224106,RF
77.55403444,45.44412297,-122.9981574,37.46201489,-19.78124092,69.5147128,RF
55.95950387,68.41327957,-124.3727834,47.50452278,-20.26583995,69.50718536,RF
31.91301625,88.47903863,-120.3920549,55.52811968,-20.4344452,69.49965874,RF
31.45294875,88.81534306,-120.2682918,55.68352777,-20.43435791,69.49951988,RF
31.45294875,88.81534306,-120.2682918,55.68352778,-20.43435791,69.49951988,RF
6.00422059,104.9673992,-110.9716198,61.84642277,-20.2778202,69.49199409,RF
-19.72080655,116.6400546,-96.91924802,64.98609372,-19.85415298,69.48446911,RF
-44.60107724,123.2958367,-78.69475949,65.48331884,-19.21104293,69.47694494,RF
-67.56159026,124.6549092,-57.09331899,63.28045045,-18.42252689,69.46942158,RF
-87.61599919,120.6595373,-33.04353808,58.66105073,-17.57220171,69.46189903,RF
-89.75888382,119.8047878,-30.04590393,57.53028166,-17.46676818,69.4610025,RF
-89.75888382,119.8047878,-30.04590393,57.53028166,-17.46676818,69.4610025,RF
-105.4853453,110.0082867,-4.522941315,49.86661814,-16.64937984,69.45348085,RF
-116.6556017,95.48890553,21.16669617,40.16013674,-15.95598715,69.44596,RF
-122.7712478,76.87511224,45.8961356,28.84078391,-15.46378034,69.43843997,RF
-123.5723423,54.97470672,68.59763554,16.44784521,-15.23590317,69.43092074,RF
-119.0255558,30.73057804,88.29497775,3.760356995,-15.31610049,69.42340233,RF
-117.3107231,25.17608801,92.13463512,9.62E-10,-15.37703986,69.42174605,RF
-117.3107231,25.17608801,92.13463512,-6.97E-10,-15.37703986,69.42174605,RF
-106.4824755,-0.493264484,106.97574,-13.17622521,-15.85497964,69.41422864,RF
-91.06981028,-26.07499146,117.1448017,-25.59154387,-16.65132877,69.40671204,RF
-71.71019447,-50.4757123,122.1859068,-36.86385779,-17.72973784,69.39919627,RF
-49.24801345,-72.63844749,121.8864609,-46.4543081,-19.03261695,69.39168133,RF
-24.65900256,-91.57240493,116.2314075,-54.37043276,-20.47735455,69.38416721,RF
-23.11971371,-92.59986793,115.7195816,-54.73012039,-20.56858195,69.38371391,RF
-23.11971371,-92.59986793,115.7195816,-54.73012039,-20.56858195,69.38371391,RF
2.55784136,-107.267065,104.7092236,-59.58493577,-22.07289907,69.37620066,RF
28.11129748,-117.2115455,89.10024799,-61.9874841,-23.52373688,69.36868825,RF
52.4330364,-122.0177316,69.58469523,-61.64090352,-24.82414076,69.36117666,RF
74.47047081,-121.4771869,47.00671605,-58.6375499,-25.88085441,69.3536659,RF
91.41243923,-116.4575105,25.04507132,-53.80720671,-26.54280925,69.34695592,RF
91.41243923,-116.4575105,25.04507131,-53.80720671,-26.54280925,69.34695592,RF
106.6247697,-106.049754,-0.575015688,-45.7865433,-26.93322141,69.33944672,RF
117.170385,-90.96796409,-26.20242091,-36.05538312,-26.89217915,69.33193832,RF
122.6204663,-71.88711122,-50.73335511,-24.73086607,-26.41240231,69.32443074,RF
122.736412,-49.63174541,-73.10466659,-12.42089846,-25.50472748,69.31692396,RF
117.7595965,-25.97687716,-91.78271932,-8.82E-10,-24.25401561,69.30966102,RF
117.7595965,-25.97687716,-91.78271932,1.27E-10,-24.25401561,69.30966102,RF
107.5603855,-0.399077078,-107.1613084,13.48429461,-22.63343488,69.30215581,RF
92.69050074,25.25628053,-117.9467813,25.77758281,-20.77075772,69.29465141,RF
73.78270642,49.86402931,-123.6467357,37.03349099,-18.76132658,69.28714779,RF
51.65951621,72.36219346,-124.0217097,46.67386322,-16.714511,69.27964498,RF
27.27302172,91.78451113,-119.0575328,54.33015996,-14.74058237,69.27214295,RF
25.88974669,92.73610178,-118.6258485,54.73496203,-14.63543637,69.27173457,RF
25.88974669,92.73610178,-118.6258485,54.73496203,-14.63543637,69.27173457,RF
0.283906801,107.9439027,-108.2278095,60.00291369,-12.85195384,69.26423338,RF
-25.35309982,118.5404761,-93.18737629,62.44583117,-11.34825886,69.25673299,RF
-49.90015559,124.0371016,-74.13694599,62.2675138,-10.19913983,69.2492334,RF
-72.29738037,124.2033253,-51.90594493,59.47260806,-9.457808584,69.24173461,RF
-91.58173411,119.0320763,-27.45034221,54.42522175,-9.151778729,69.23423663,RF
-92.45060559,118.6327909,-26.1821853,53.87116801,-9.147998251,69.23386063,RF
-92.4506056,118.6327909,-26.1821853,53.87116801,-9.147998251,69.23386063,RF
-107.5135818,108.0613025,-0.547720683,45.3495545,-9.297735078,69.2263635,RF
-117.9434512,92.8726332,25.07081805,35.42134736,-9.853038802,69.21886718,RF
-123.261008,73.69831744,49.5626906,23.9287049,-10.76028468,69.21137169,RF
-123.2441322,51.3745831,71.86954909,11.52314773,-11.94598926,69.20387701,RF
-118.901149,30.27933074,88.62181831,9.34E-10,-13.12453792,69.19740122,RF
-118.901149,30.27933074,88.62181831,1.16E-10,-13.12453792,69.19740122,RF
-109.1144014,4.750462533,104.3639389,-13.45408254,-14.58106325,69.18990808,RF
-94.5897481,-20.94168406,115.5314322,-25.9943765,-16.03918351,69.18241577,RF
-75.97270365,-45.67379473,121.6464984,-37.47078833,-17.40219926,69.17492428,RF
-54.06808085,-68.37729462,122.4453755,-47.27147407,-18.58422826,69.16743362,RF
-33.31807575,-85.4947076,118.8127834,-54.59977488,-19.39242094,69.16098938,RF
-33.31807575,-85.49470761,118.8127834,-54.59977488,-19.39242094,69.16098938,RF
-7.905049218,-101.9105115,109.8155607,-60.34837807,-20.06877054,69.15350024,RF
17.83290284,-113.8214582,95.98855534,-63.69454901,-20.41244055,69.14601192,RF
42.78490284,-120.7453021,77.96039924,-64.30086792,-20.42953436,69.13852441,RF
65.8703377,-122.3789499,56.50861225,-62.21157035,-20.14164281,69.13103771,RF
86.06273106,-118.6369148,32.57418372,-57.66164707,-19.59116264,69.12355182,RF
87.39689365,-118.1488741,30.75198047,-57.13253587,-19.54089762,69.12300836,RF
87.39689365,-118.1488741,30.75198046,-57.13253587,-19.54089762,69.12300836,RF
103.5578788,-108.8461806,5.288301861,-49.4125268,-18.78729193,69.11552333,RF
115.1968433,-94.76347745,-20.43336584,-39.92161751,-17.92563278,69.1080391,RF
121.8227618,-76.51686377,-45.30589802,-28.72629976,-17.04701817,69.10055568,RF
123.1498624,-54.89824523,-68.25161716,-16.42967982,-16.24273132,69.09307305,RF
119.1246273,-30.83878413,-88.28584321,-3.713654033,-15.59887026,69.08559123,RF
117.475016,-25.20962539,-92.26539061,-3.94E-09,-15.4821123,69.08392231,RF
117.475016,-25.20962539,-92.26539061,-2.31E-09,-15.4821123,69.08392231,RF
107.1338025,0.376640169,-107.5104426,13.0403232,-15.13147912,69.07644148,RF
92.12995731,26.01710592,-118.1470632,25.55487522,-15.08192695,69.06896145,RF
73.11205257,50.57494559,-123.6869982,36.9323229,-15.3620743,69.06148223,RF
50.90485144,72.99205387,-123.8969053,46.67913412,-15.97680136,69.05400383,RF
26.48187178,92.27170139,-118.7535732,54.67731186,-16.9019453,69.04652625,RF
22.72810966,94.8128599,-117.5409696,55.6065283,-17.06475697,69.0454237,RF
22.72810966,94.8128599,-117.5409696,55.6065283,-17.06475697,69.0454237,RF
-2.952225619,109.5099739,-106.5577483,60.08115513,-18.29288296,69.03794705,RF
-28.50845562,119.4962354,-90.9877798,62.7603938,-19.70598177,69.03047123,RF
-52.85920472,124.3421549,-71.48295015,62.43539762,-21.22022905,69.02299623,RF
-74.90632611,123.8368045,-48.93047843,59.3772197,-22.7312034,69.01552206,RF
-93.73818387,118.0109733,-24.2727894,54.04522793,-24.14576456,69.00804871,RF
-94.33927624,117.7064334,-23.36715714,53.64110561,-24.19289559,69.00778203,RF
-94.33927625,117.7064334,-23.36715714,53.6411056,-24.19289559,69.00778203,RF
-108.915916,106.6102856,2.305630389,44.90201018,-25.38677632,69.00030953,RF
-118.8038372,90.95194008,27.85189713,34.90146023,-26.29493223,68.99283785,RF
-123.5428384,71.39217438,52.15066402,23.35087106,-26.83712198,68.98536698,RF
-122.9362865,48.78247149,74.15381502,10.8706861,-26.96579117,68.97789693,RF
-118.5775114,29.15005698,89.42745442,-2.44E-09,-26.74264911,68.97192184,RF
-118.5775114,29.15005698,89.42745442,-3.49E-09,-26.74264911,68.97192184,RF
-108.5758436,3.590822334,104.9850212,-13.18379965,-26.08322115,68.96445324,RF
-93.84833956,-22.07875424,115.9270938,-25.5312246,-25.00051008,68.95698544,RF
-75.06373154,-46.7388474,121.8025789,-36.90693269,-23.55447661,68.94951844,RF
-53.03189152,-69.3233405,122.355232,-46.65099134,-21.81830793,68.94205223,RF
-28.70217152,-88.86234556,117.5645171,-54.43162715,-19.88494174,68.93458681,RF
-27.32522967,-89.81795439,117.1431841,-54.86237516,-19.77368453,68.93418138,RF
-27.32522967,-89.81795439,117.1431841,-54.86237516,-19.77368453,68.93418138,RF
-1.743392742,-105.1676145,106.9110072,-60.27170114,-17.74162299,68.92671679,RF
23.91034995,-115.9265928,92.01624287,-62.90905874,-15.73694579,68.91925299,RF
48.51033761,-121.5971818,73.08684423,-62.89742745,-13.8660833,68.91178999,RF
70.99514606,-121.9418956,50.94674956,-60.25717508,-12.22963665,68.90432777,RF
90.39813296,-116.9465651,26.54843215,-55.36653514,-10.91201811,68.89686635,RF
91.66429176,-116.3753911,24.71109932,-54.59930821,-10.83029195,68.89632311,RF
91.66429176,-116.3753911,24.71109932,-54.5993082,-10.83029195,68.89632311,RF
106.7730105,-105.8526383,-0.920372171,-46.24637532,-9.925228904,68.88886254,RF
117.2536411,-90.70923362,-26.54440744,-36.39581391,-9.445103948,68.88140278,RF
122.625938,-71.57205903,-51.05387898,-24.96869359,-9.399211014,68.87394382,RF
122.664853,-49.2760144,-73.38883865,-12.60703561,-9.770403894,68.86648567,RF
117.7244673,-26.02319321,-91.70127408,-1.68E-09,-10.469414,68.85939235,RF
117.7244673,-26.0231932,-91.70127409,-7.32E-10,-10.469414,68.85939235,RF
107.5537387,-0.425395868,-107.1283428,13.3026586,-11.51017706,68.85193579,RF
92.69184528,25.23064521,-117.9224905,25.70252641,-12.7772726,68.84448004,RF
73.79256127,49.84485726,-123.6374185,37.00450838,-14.17848282,68.83702512,RF
51.6749798,72.34982165,-124.0248014,46.60659241,-15.61403815,68.82957102,RF
32.04671974,88.32911555,-120.3758353,53.48880478,-16.72719135,68.82353212,RF
32.04671973,88.32911556,-120.3758353,53.48880478,-16.72719135,68.82353212,RF
6.614226421,104.6386638,-111.2528902,59.05652926,-17.98447609,68.81607951,RF
-19.11866586,116.4235371,-97.30487121,62.27100685,-19.01781659,68.80862771,RF
-44.0358572,123.2120127,-79.17615546,62.77288436,-19.7774849,68.80117672,RF
-67.0593316,124.7053966,-57.64606501,60.57759672,-20.22656403,68.79372655,RF
-87.16528884,120.8240667,-33.65877789,56.05464155,-20.34924247,68.78627719,RF
-87.65189197,120.6472049,-32.99531291,55.83721959,-20.3480388,68.78608055,RF
-87.65189197,120.6472049,-32.99531291,55.83721959,-20.3480388,68.78608055,RF
-103.8943626,111.4392051,-7.544842496,48.08345596,-20.15680523,68.77863201,RF
-115.6296383,97.44769697,18.18194131,38.63555595,-19.69727515,68.77118428,RF
-122.3591699,79.27683368,43.08233618,27.47331503,-19.03033545,68.76373735,RF
-123.7934436,57.71666482,66.07677881,15.18936477,-18.232734,68.75629122,RF
-119.8522457,33.70765114,86.1445946,2.256372579,-17.38833025,68.74884589,RF
-118.8569567,30.14422919,88.71272753,-1.54E-09,-17.26865378,68.74779269,RF
-118.8569567,30.14422919,88.71272753,-3.13E-09,-17.26865378,68.74779269,RF
-109.0220414,4.602893429,104.419148,-13.11890698,-16.48441369,68.74034827,RF
-94.47308835,-21.08125334,115.5543417,-25.8594152,-15.8454358,68.73290464,RF
-75.81797549,-45.80398164,121.6219571,-37.47812814,-15.42466104,68.72546182,RF
-53.87728742,-68.48617335,122.3634608,-47.26325111,-15.28243934,68.71801981,RF
-29.63390683,-88.1302443,117.7641511,-55.30946346,-15.45627981,68.71057859,RF
-24.34121685,-91.76063043,116.1018473,-56.50801101,-15.53219457,68.70901542,RF
-24.34121684,-91.76063043,116.1018473,-56.50801101,-15.53219457,68.70901542,RF
1.331656783,-106.6603102,105.3286534,-61.52755611,-16.10657232,68.70157519,RF
26.91243983,-116.8300599,89.91762008,-64.00782789,-16.98732372,68.69413577,RF
51.31678798,-121.8831371,70.56634913,-63.66544379,-18.13616409,68.68669716,RF
73.48268392,-121.5926904,48.11000644,-60.7186299,-19.48737258,68.67925938,RF
92.4589543,-115.9745492,23.51559493,-55.42583681,-20.96013791,68.67182241,RF
93.76631917,-115.3217378,21.55541862,-54.62010465,-21.07581758,68.67124744,RF
93.76631917,-115.3217378,21.55541862,-54.62010465,-21.07581758,68.67124744,RF
108.3380399,-104.2045918,-4.133448059,-46.02562379,-22.56195629,68.66381135,RF
118.2121125,-88.53524187,-29.67687065,-35.90098538,-23.96565852,68.65637609,RF
122.9371809,-68.96511497,-53.9720659,-24.27545127,-25.18297653,68.64894164,RF
122.3158403,-46.34766075,-75.96817956,-11.74494365,-26.12520165,68.64150801,RF
117.3220833,-24.63463201,-92.68745131,-3.90E-09,-26.66174362,68.63494957,RF
117.3220833,-24.634632,-92.68745131,-2.99E-09,-26.66174362,68.63494957,RF
106.8860793,0.975375336,-107.8614546,13.42937118,-26.89353802,68.62751746,RF
91.78778645,26.60252917,-118.3903156,25.87686886,-26.68974443,68.62008616,RF
72.69262377,51.12614107,-123.8187648,37.2137339,-26.04635856,68.61265566,RF
50.42712204,73.48681043,-123.9139325,46.86732776,-24.98610847,68.60522595,RF
27.64071909,91.51674259,-119.1574617,54.31577422,-23.65662132,68.59829147,RF
27.64071909,91.51674259,-119.1574617,54.31577422,-23.65662132,68.59829147,RF
2.066148327,107.0617178,-109.1278661,59.74578851,-21.94853543,68.5908633,RF
-23.60119357,117.9900042,-94.38881064,62.61442835,-20.02712642,68.58343591,RF
-48.25809464,123.8498992,-75.59180456,62.76963752,-17.99998257,68.57600931,RF
-70.83535955,124.3864332,-53.55107361,60.29008255,-15.97811747,68.56858349,RF
-90.36254172,119.5788583,-29.21631661,55.47467715,-14.07203065,68.56115846,RF
-91.69408219,118.9808767,-27.28679447,54.67979166,-13.93246815,68.56059288,RF
-91.6940822,118.9808767,-27.28679447,54.67979166,-13.93246815,68.56059288,RF
-106.9475742,108.632702,-1.685127818,46.71418843,-12.26609056,68.5531687,RF
-117.5849966,93.62840997,23.95658662,36.97461938,-10.91443328,68.5457453,RF
-123.1266276,74.60870379,48.51792382,25.67400089,-9.944259849,68.5383227,RF
-123.3380868,52.40024156,70.93784526,13.39117167,-9.397851451,68.53090089,RF
-118.2106945,27.95878085,90.25191365,0.921910488,-9.290647022,68.52347989,RF
-117.7990372,26.64431277,91.15472445,1.38E-09,-9.296924886,68.52309362,RF
-117.7990372,26.64431276,91.15472445,-4.20E-10,-9.296924886,68.52309362,RF
-107.2584439,1.011224957,106.2472189,-13.42624604,-9.636112366,68.51567347,RF
-92.10003139,-24.61037524,116.7104066,-25.83514417,-10.35864527,68.50825411,RF
-72.94930391,-49.11328959,122.0625935,-36.99494956,-11.39971333,68.50083558,RF
-50.64306785,-71.43750308,122.0805709,-46.45030659,-12.6767365,68.49341785,RF
-30.78143315,-87.31809581,118.099529,-53.14900257,-13.82082575,68.48736836,RF
-30.78143314,-87.31809581,118.099529,-53.14900257,-13.82082575,68.48736836,RF
-5.284411971,-103.3196326,108.6040446,-58.44936996,-15.27940431,68.47995212,RF
20.42720275,-114.7496648,94.32246201,-61.42457061,-16.6870822,68.4725367,RF
45.24139543,-121.1534639,75.91206847,-61.66339047,-17.95678508,68.46512209,RF
68.08328773,-122.2482473,54.16495956,-59.22328682,-19.00743622,68.45770829,RF
86.39371099,-118.5244087,32.13069776,-54.79939285,-19.71714342,68.4509196,RF
86.39371099,-118.5244087,32.13069775,-54.79939285,-19.71714342,68.4509196,RF
102.800398,-109.5162085,6.715810503,-47.17174951,-20.19699897,68.44350736,RF
114.7107068,-95.68881851,-19.02188825,-37.76405985,-20.33992441,68.43609592,RF
121.6319428,-77.65886384,-43.973079,-26.63606716,-20.1634268,68.42868528,RF
123.2631561,-56.20657955,-67.0565766,-14.37963964,-19.70384452,68.42127545,RF
119.5373074,-32.25627817,-87.28102925,-1.569590124,-19.02068359,68.41386641,RF
118.9295352,-30.008232,-88.92130317,-5.43E-10,-18.94797798,68.41320273,RF
118.9295352,-30.008232,-88.92130317,1.21E-09,-18.94797798,68.41320273,RF
109.5252454,-4.546212364,-104.9790331,13.28513125,-18.10153194,68.40579455,RF
95.36573373,21.17267803,-116.5384118,25.87824766,-17.20554028,68.39838718,RF
77.05289782,46.0195829,-123.0724807,37.44031473,-16.35002319,68.39098059,RF
55.38357561,68.92185469,-124.3054303,47.46279778,-15.62599024,68.3835748,RF
31.29129076,88.89471274,-120.1860035,55.54034311,-15.11430848,68.3761698,RF
25.75625179,92.79295811,-118.5492099,57.13050814,-15.03538305,68.3745464,RF
25.75625179,92.79295811,-118.5492099,57.13050814,-15.03538305,68.3745464,RF
0.158284698,107.9834948,-108.1417795,62.32480277,-14.86685792,68.36714238,RF
-25.47496754,118.5533667,-93.07839918,64.84389744,-15.02649409,68.35973916,RF
-50.01116493,124.0224724,-74.01130748,64.69390725,-15.52739903,68.35233675,RF
-72.39222628,124.1598303,-51.76760403,61.90746723,-16.35763669,68.34493514,RF
-91.65509554,118.959973,-27.30487743,56.83423134,-17.48009931,68.33753435,RF
-94.30464137,117.68091,-23.3762686,55.14644166,-17.67633532,68.33638672,RF
-94.30464138,117.68091,-23.37626859,55.14644166,-17.67633532,68.33638672,RF
-108.8856905,106.5719861,2.313704462,46.77355121,-19.05115355,68.32898686,RF
-118.7681927,90.90966722,27.8585255,36.59195538,-20.55964901,68.32158782,RF
-123.5027797,71.34561741,52.15716228,24.94369137,-22.10219205,68.3141896,RF
-122.8913645,48.73281905,74.15854548,12.41794107,-23.57629076,68.30679219,RF
-117.2059293,24.798265,92.40766428,1.95E-10,-24.8439522,68.2996163,RF
-117.2059293,24.79826499,92.40766428,-4.92E-10,-24.8439522,68.2996163,RF
-106.3273568,-0.856000355,107.1833571,-14.09499665,-25.87774741,68.29222049,RF
-90.8591914,-26.43199203,117.2911834,-26.4502592,-26.57145041,68.28482549,RF
-71.4557034,-50.80924409,122.2649475,-37.71493123,-26.85704858,68.2774313,RF
-48.96172742,-72.93526928,121.8969967,-47.23365748,-26.70147515,68.27003791,RF
-28.34825885,-89.07840778,117.4266666,-53.95924384,-26.21402844,68.26381807,RF
-28.34825885,-89.07840779,117.4266666,-53.95924384,-26.21402844,68.26381807,RF
-2.791535312,-104.6406767,107.432212,-59.5146656,-25.24498356,68.25642614,RF
22.87988655,-115.5989206,92.71903408,-62.42164975,-23.88036553,68.249035,RF
47.54490664,-121.4898027,73.94489604,-62.6328402,-22.19469706,68.24164465,RF
70.13730325,-122.0585343,51.92123107,-60.16829704,-20.27739477,68.23425508,RF
89.68614124,-117.2832766,27.59713533,-55.31872361,-18.23316176,68.22686629,RF
90.53618401,-116.9074138,26.37122974,-54.84835065,-18.13060197,68.2265084,RF
90.53618401,-116.9074138,26.37122974,-54.84835065,-18.13060197,68.2265084,RF
105.9297632,-106.7206864,0.790923181,-46.9597641,-16.07128161,68.21912043,RF
116.7320513,-91.86473633,-24.86731493,-37.33778233,-14.11887719,68.21173325,RF
122.4498555,-72.96772451,-49.48213099,-26.12173176,-12.37774019,68.20434684,RF
122.8423202,-50.85212714,-71.99019307,-13.87708108,-10.94039802,68.19696122,RF
117.8932451,-26.47015345,-91.42309164,-1.359680094,-9.878948837,68.18957638,RF
117.2729556,-24.46768175,-92.80527385,-1.51E-09,-9.812323029,68.1889904,RF
117.2729556,-24.46768175,-92.80527385,2.17E-10,-9.812323029,68.1889904,RF
106.7633573,1.165092725,-107.92845,13.35593695,-9.209667942,68.18160642,RF
91.63045719,26.7904716,-118.4209288,25.54039813,-9.051949709,68.17422323,RF
72.50211554,51.30440665,-123.8065222,36.6432953,-9.328432938,68.16684085,RF
50.21290682,73.64604614,-123.858953,46.07167824,-10.00165413,68.15945927,RF
27.88450924,91.31708718,-119.2015964,53.31433372,-10.90972132,68.15270978,RF
27.88450924,91.31708718,-119.2015964,53.31433372,-10.90972132,68.15270978,RF
2.315557415,106.9163637,-109.2319212,58.37005016,-12.15384151,68.14532975,RF
-23.35958791,117.9002728,-94.54068486,61.05686894,-13.56089912,68.13795053,RF
-48.03577168,123.8204682,-75.78469656,61.00113417,-15.03222689,68.13057212,RF
-70.64349598,124.4183018,-53.77480585,58.29366181,-16.46585849,68.12319453,RF
-87.51929309,120.6771597,-33.15786665,53.79047531,-17.58151898,68.1169084,RF
-87.51929309,120.6771597,-33.15786664,53.79047531,-17.58151898,68.1169084,RF
-103.7957285,111.5248961,-7.729167595,46.2438161,-18.70253107,68.10953231,RF
-115.5703208,97.56659119,18.0037296,36.74576004,-19.55128492,68.10215703,RF
-122.3424547,79.42651431,42.91594037,25.57521296,-20.08802154,68.09478255,RF
-123.8197371,57.88894414,65.93079298,13.29324838,-20.296046,68.08740887,RF
-119.9417593,33.88175974,86.05999956,0.499906293,-20.18603835,68.08003599,RF
-119.7582886,33.19943156,86.55885708,2.71E-09,-20.17809343,68.07983542,RF
-119.7582886,33.19943155,86.55885708,8.40E-10,-20.17809343,68.07983542,RF
-110.5133082,7.759522724,102.7537855,-13.69831121,-19.76499381,68.07246336,RF
-96.50683769,-17.9684472,114.4752849,-26.30688212,-19.13135597,68.06509209,RF
-78.32135589,-42.86279552,121.1841514,-37.9319439,-18.34537977,68.05772161,RF
-56.75064429,-65.84754056,122.5981848,-48.01555213,-17.49564473,68.05035193,RF
-32.72347044,-85.93495806,118.6584285,-56.14980756,-16.67428732,68.04298304,RF
-28.52727073,-88.93509793,117.4623687,-57.5016034,-16.5430473,68.04175601,RF
-28.52727072,-88.93509794,117.4623687,-57.5016034,-16.5430473,68.04175601,RF
-2.983477425,-104.4957994,107.4792768,-62.89856823,-15.86531849,68.03438804,RF
22.69196591,-115.4873733,92.79540738,-65.64912877,-15.39972284,68.02702086,RF
47.36537306,-121.4089673,74.04359425,-65.72651685,-15.20832983,68.01965448,RF
69.97251805,-122.0102306,52.03771254,-63.15644894,-15.33324568,68.01228889,RF
89.53986341,-117.2654775,27.72561411,-58.29613624,-15.79232719,68.0049241,RF
93.11617288,-115.6262927,22.51011982,-56.13357585,-15.92803414,68.00340391,RF
93.11617288,-115.6262927,22.51011982,-56.13357585,-15.92803414,68.00340391,RF
107.8536666,-104.6882448,-3.165421849,-47.96310262,-16.77194833,67.99604009,RF
117.9089178,-89.17502376,-28.73389403,-37.80432852,-17.89490862,67.98867708,RF
122.8282425,-69.73351777,-53.09472469,-26.17656002,-19.23207144,67.98131488,RF
122.4046877,-47.21095963,-75.19372802,-13.65825287,-20.70172169,67.97395348,RF
116.6558838,-22.5730511,-94.08283271,-1.084504323,-22.21039537,67.9665929,RF
116.1697577,-21.1258742,-95.0438835,-2.27E-09,-22.29489654,67.96617283,RF
116.1697577,-21.1258742,-95.04388351,-3.51E-10,-22.29489654,67.96617283,RF
105.025483,4.561076251,-109.5865592,13.83507654,-23.71810738,67.95881311,RF
89.33791635,30.10071898,-119.4386353,26.38048964,-24.97261534,67.9514542,RF
69.75112503,54.38691649,-124.1380415,37.61765376,-25.95707204,67.94409609,RF
47.12169628,76.36917744,-123.4908737,47.08509458,-26.59559216,67.93673879,RF
27.31014356,91.73259735,-119.0427409,53.75434586,-26.8053552,67.93080202,RF
27.31014356,91.73259735,-119.0427409,53.75434586,-26.8053552,67.93080202,RF
1.732739776,107.2429167,-108.9756565,59.04972136,-26.69336068,67.92344617,RF
-23.92916558,118.1125825,-94.1834169,61.96858374,-26.12558714,67.9160911,RF
-48.56669283,123.9125018,-75.34580898,62.14735097,-25.13340838,67.90873683,RF
-71.11250328,124.3865414,-53.27403816,59.64655761,-23.76073611,67.90138334,RF
-90.59841105,119.5185235,-28.9201124,54.67988459,-22.07874888,67.89403063,RF
-90.92831809,119.3738523,-28.44553425,54.51411043,-22.04393938,67.89389297,RF
-90.92831809,119.3738523,-28.44553424,54.51411043,-22.04393938,67.89389297,RF
-106.3697537,109.2417803,-2.872026593,46.76123049,-20.13163592,67.88654105,RF
-117.2310474,94.44033618,22.79071123,37.20335082,-18.11168175,67.87918992,RF
-123.011562,75.58776662,47.42379534,26.05120458,-16.09122715,67.87183956,RF
-123.4685268,53.50599127,69.96253553,13.83874042,-14.18348939,67.86448998,RF
-118.5829673,29.14570916,89.43725819,1.282123374,-12.49261581,67.85714117,RF
-117.9817769,27.19005973,90.79171718,1.88E-09,-12.37301779,67.85657122,RF
-117.9817769,27.19005973,90.79171719,2.13E-10,-12.37301779,67.85657122,RF
-107.5406343,1.566460589,105.9741738,-13.20158776,-11.01543107,67.84922326,RF
-92.46798729,-24.06573713,116.5337244,-25.35083085,-10.04117183,67.84187608,RF
-73.38904241,-48.60219507,121.9912375,-36.42874185,-9.491410388,67.8345297,RF
-51.13572119,-70.98077913,122.1165003,-45.88155953,-9.381423317,67.8271841,RF
-26.82763135,-90.10647422,116.9341056,-53.5552696,-9.693706024,67.8198814,RF
-26.82763135,-90.10647422,116.9341056,-53.5552696,-9.693706024,67.8198814,RF
-1.20850956,-105.4109474,106.619457,-58.3944989,-10.39444911,67.8125374,RF
24.43475059,-116.0742156,91.63946497,-60.86756221,-11.41515865,67.8051942,RF
49.00730356,-121.6474108,72.64010724,-60.61043533,-12.67395786,67.7978518,RF
71.4430988,-121.8897433,50.44664454,-57.73986101,-14.07448797,67.79051021,RF
88.03911651,-117.881928,29.84281145,-53.0633071,-15.29267184,67.78428884,RF
88.03911651,-117.881928,29.84281145,-53.0633071,-15.29267184,67.78428884,RF
104.06044,-108.4225222,4.362082206,-45.34369281,-16.68461711,67.77694874,RF
115.5410503,-94.18747021,-21.35358012,-35.72126003,-17.93199285,67.76960946,RF
121.9948709,-75.81402466,-46.18084628,-24.4536927,-18.95663973,67.76227098,RF
123.1425721,-54.0962081,-69.046364,-12.12292641,-19.69823545,67.7549333,RF
119.3984624,-31.75016039,-87.64830202,9.89E-10,-20.09841456,67.7481203,RF
119.3984624,-31.75016039,-87.64830202,1.97E-09,-20.09841456,67.7481203,RF
110.3595331,-6.344213996,-104.0153191,13.59853805,-20.20692398,67.74078416,RF
96.52032027,19.39397358,-115.9142939,26.24327967,-19.99938839,67.73344882,RF
78.47817006,44.34027689,-122.818447,37.92015162,-19.51317546,67.72611427,RF
57.01655332,67.41643179,-124.4329851,48.06145168,-18.81051909,67.71878051,RF
33.05971117,87.63008013,-120.6897913,56.29377456,-17.97024296,67.71144753,RF
29.99945404,89.85155381,-119.8510078,57.25906162,-17.85898054,67.71055406,RF
29.99945403,89.85155381,-119.8510078,57.25906162,-17.85898054,67.71055406,RF
4.513953883,105.7612731,-110.2752269,62.86513768,-16.96738114,67.70322196,RF
-21.19404632,117.1502867,-95.95624037,65.8130808,-16.13390038,67.69589065,RF
-45.99045436,123.5003206,-77.50986626,66.08983409,-15.44741007,67.68856013,RF
-68.8054961,124.5427311,-55.737235,63.70240313,-14.98756028,67.6812304,RF
-88.6568566,120.2335416,-31.576685,58.99272117,-14.81685847,67.67390145,RF
-92.63663069,118.5220913,-25.88546062,56.82051852,-14.82242752,67.67224415,RF
-92.63663069,118.5220913,-25.88546062,56.82051852,-14.82242752,67.67224415,RF
-107.6515138,107.8868587,-0.235344914,48.81771593,-15.0563605,67.66491618,RF
-118.0135993,92.64269652,25.37090277,38.77006097,-15.63415383,67.65758901,RF
-123.2612737,73.42235594,49.83891773,27.2249775,-16.53656891,67.65026263,RF
-123.1724885,51.06415293,72.10833553,14.76807682,-17.71957824,67.64293707,RF
-117.7224383,26.5361764,91.18626192,1.358670361,-19.11117778,67.6356123,RF
-116.982069,24.26097466,92.72109431,-9.41E-11,-19.24470569,67.63495496,RF
-116.982069,24.26097465,92.72109431,-1.63E-09,-19.24470569,67.63495496,RF
-106.0099907,-1.422650003,107.4326407,-13.28270449,-20.77219687,67.62763107,RF
-90.44370063,-26.98220973,117.4259104,-25.73198638,-22.31226948,67.620308,RF
-70.96162728,-51.32242335,122.2840506,-36.96808362,-23.76245641,67.61298573,RF
-48.40852482,-73.3880105,121.7965353,-46.43357938,-25.01922057,67.60566427,RF
-26.47339686,-90.35158386,116.8249807,-53.66813532,-25.89062876,67.59912714,RF
-26.47339685,-90.35158386,116.8249807,-53.66813532,-25.89062876,67.59912714,RF
-0.859197163,-105.6099735,106.4691707,-58.85160224,-26.53780811,67.59180719,RF
24.77435658,-116.2059883,91.43163171,-61.61382503,-26.75900288,67.58448805,RF
49.32207166,-121.7101507,72.388079,-61.6381574,-26.53058043,67.57716969,RF
71.72038345,-121.8817411,50.16135766,-58.9903513,-25.84783102,67.56985212,RF
89.80268709,-117.1936043,27.39091723,-54.34292767,-24.81491303,67.56302104,RF
89.80268709,-117.1936043,27.39091723,-54.34292767,-24.81491303,67.56302104,RF
105.4078143,-107.2354538,1.827639448,-46.55520641,-23.34888451,67.55570499,RF
116.4045061,-92.55820039,-23.84630574,-37.05154061,-21.57402861,67.54838971,RF
122.3377544,-73.81309284,-48.52466157,-25.91561394,-19.59080083,67.5410752,RF
122.9497313,-51.81190778,-71.13782351,-13.74651417,-17.50855358,67.53376147,RF
118.217196,-27.50314635,-90.7140497,-1.162128389,-15.44313653,67.52644851,RF
117.6722297,-25.71083077,-91.96139893,-2.55E-09,-15.29850033,67.52593095,RF
117.6722297,-25.71083077,-91.96139893,-8.92E-10,-15.29850033,67.52593095,RF
107.413332,-0.120645044,-107.2926869,13.16483557,-13.3768391,67.51861882,RF
92.49463915,25.53125277,-118.0258919,25.36748032,-11.70145175,67.51130746,RF
73.54523577,50.123899,-123.6691348,36.48352086,-10.3599663,67.50399688,RF
51.39018146,72.59487649,-123.985058,45.98534518,-9.419198561,67.49668708,RF
26.98355486,91.9771849,-118.9607398,53.43874207,-8.91969552,67.48937807,RF
25.37547051,93.08548194,-118.4609525,53.89161017,-8.903227182,67.48891245,RF
25.37547051,93.08548194,-118.4609525,53.89161017,-8.903227182,67.48891245,RF
-0.25601564,108.2152646,-107.959249,58.94118073,-8.885322307,67.48160428,RF
-25.88278049,118.7154177,-92.83263717,61.20797941,-9.300685813,67.4742969,RF
-50.39944169,124.1086966,-73.70925496,60.84316966,-10.10274367,67.46699031,RF
-72.74501433,124.1682396,-51.42322523,57.86767658,-11.22153174,67.45968453,RF
-89.85627532,119.7676351,-29.91135982,52.9538717,-12.39903611,67.45324401,RF
-89.85627532,119.7676351,-29.91135982,52.9538717,-12.39903611,67.45324401,RF
-105.5829047,109.9613711,-4.378466376,44.94086116,-13.86135017,67.44593973,RF
-116.7358181,95.42292915,21.31288896,35.16722809,-15.35710157,67.43863627,RF
-122.8343226,76.79371161,46.04061104,23.78026705,-16.78290839,67.4313336,RF
-123.6159259,54.88027152,68.73565439,11.37610233,-18.04555153,67.42403175,RF
-120.0615031,34.44152153,85.61998153,-4.80E-10,-18.92354095,67.41784589,RF
-120.0615031,34.44152153,85.61998153,-1.49E-09,-18.92354095,67.41784589,RF
-111.1057406,9.046511396,102.0592292,-13.35569841,-19.69330348,67.41054551,RF
-97.32466125,-16.69538166,114.0200429,-26.05642131,-20.13186772,67.40324592,RF
-79.3342987,-41.66003877,120.9943375,-37.7530969,-20.23362247,67.39594713,RF
-57.91264155,-64.76805685,122.6806984,-47.87490505,-20.01660375,67.38864913,RF
-33.98329607,-85.02620501,119.0095011,-56.02999755,-19.52495174,67.38135192,RF
-32.20583527,-86.33047905,118.5363143,-56.69741703,-19.47890111,67.38083453,RF
-32.20583527,-86.33047905,118.5363143,-56.69741703,-19.47890111,67.38083453,RF
-6.765281774,-102.509349,109.2746308,-62.60855473,-18.75693842,67.37353816,RF
18.96218324,-114.207878,95.24569471,-65.72603544,-17.9153821,67.36624256,RF
43.85039635,-120.8924919,77.04209555,-66.18030929,-17.04220101,67.35894775,RF
66.8242655,-122.2807417,55.45647618,-63.96024161,-16.23299997,67.35165373,RF
86.89547696,-118.3142573,31.41878031,-59.37956429,-15.57770767,67.34436048,RF
90.80519833,-116.7163502,25.91115191,-57.38345719,-15.4604042,67.34276696,RF
90.80519833,-116.7163502,25.9111519,-57.38345719,-15.4604042,67.34276696,RF
106.123945,-106.4560702,0.332125266,-49.67477311,-15.09492006,67.33547467,RF
116.8394701,-91.52234151,-25.3171286,-39.61736697,-15.03193754,67.32818317,RF
122.4644049,-72.56276405,-49.90164086,-28.14644501,-15.302787,67.32089246,RF
122.7608645,-50.39967436,-72.36119013,-15.66169173,-15.91351886,67.31360254,RF
117.7161945,-25.98812243,-91.72807207,-2.957970683,-16.84359845,67.30631342,RF
116.3227049,-21.65183958,-94.67086534,-2.19E-09,-17.03159314,67.30506389,RF
116.3227049,-21.65183958,-94.67086534,-4.92E-10,-17.03159314,67.30506389,RF
105.2790789,4.036585896,-109.3156648,13.35070676,-18.26896796,67.2977757,RF
89.67349947,29.59051885,-119.2640183,25.72547457,-19.69244708,67.29048832,RF
70.15580083,53.91343734,-124.0692382,36.92799732,-21.20982284,67.28320174,RF
47.57679772,75.95209877,-123.5288965,46.39915135,-22.72012674,67.27591597,RF
24.29511293,93.79951587,-118.0946288,53.87242859,-24.03921569,67.26902553,RF
24.29511293,93.79951587,-118.0946288,53.87242859,-24.03921569,67.26902553,RF
-1.358198897,108.779489,-107.4212901,58.93690656,-25.23617125,67.26174131,RF
-26.95571142,119.0688949,-92.11318344,61.52363691,-26.12653314,67.2544579,RF
-51.39945227,124.243492,-72.84403975,61.37161981,-26.64251914,67.24717528,RF
-73.62957021,124.078122,-50.4485518,58.55776522,-26.73356043,67.23989345,RF
-90.62706672,119.473893,-28.84682625,53.86559765,-26.43530512,67.23346529,RF
-90.62706672,119.473893,-28.84682625,53.86559765,-26.43530512,67.23346529,RF
-106.1653416,109.4537845,-3.28844291,46.19453467,-25.68229763,67.22618494,RF
-117.1061018,94.72458103,22.3815208,36.64367041,-24.51190033,67.21890537,RF
-122.9764746,75.9360663,47.04040835,25.48871759,-22.98459469,67.21162658,RF
-123.5240987,53.90182356,69.62227509,13.27418185,-21.18209327,67.20434856,RF
-118.7274583,29.57184141,89.15561693,0.613073735,-19.20409582,67.1970713,RF
-118.4471257,28.64919531,89.79793034,4.20E-10,-19.12858228,67.19680628,RF
-118.4471257,28.64919531,89.79793034,-1.29E-09,-19.12858228,67.19680628,RF
-108.2986298,3.073503901,105.2251259,-13.23752315,-17.08172209,67.18952982,RF
-93.47885088,-22.5883972,116.0672481,-25.46789608,-15.09274967,67.18225413,RF
-74.61160047,-47.21593658,121.827537,-36.62714324,-13.27014139,67.17497922,RF
-52.51869147,-69.74487193,122.2635634,-46.18822099,-11.71424961,67.16770507,RF
-28.15190107,-89.20564346,117.3575445,-53.74768137,-10.50669591,67.1604317,RF
-26.01429777,-90.67834908,116.6926468,-54.29764378,-10.42214944,67.159819,RF
-26.01429777,-90.67834908,116.6926468,-54.29764378,-10.42214944,67.159819,RF
-0.395477335,-105.8131842,106.2086615,-59.3569665,-9.658046719,67.15254647,RF
25.23305573,-116.3218211,91.08876537,-61.65612487,-9.333894621,67.14527472,RF
49.75150879,-121.7239698,71.97246098,-61.31278135,-9.449488205,67.13800377,RF
72.10052342,-121.7923894,49.69186597,-58.3422941,-9.976455457,67.1307336,RF
90.70366194,-116.7899366,26.08627463,-53.16416919,-10.82465928,67.123718,RF
90.70366194,-116.7899366,26.08627462,-53.16416919,-10.82465928,67.123718,RF
106.0667194,-106.5613825,0.494663095,-44.73767851,-11.97804182,67.11644939,RF
116.8245414,-91.66426806,-25.16027331,-34.8251777,-13.32269524,67.10918159,RF
122.4948656,-72.73308817,-49.76177746,-23.3423146,-14.75510389,67.10191458,RF
122.8374084,-50.59115298,-72.24625542,-10.8902247,-16.17222693,67.09464838,RF
119.2516471,-31.29840058,-87.95324648,-2.39E-09,-17.2170179,67.08886386,RF
119.2516471,-31.29840058,-87.95324649,-1.37E-09,-17.2170179,67.08886386,RF
110.151494,-5.874223828,-104.2772701,13.33086349,-18.36776762,67.08159909,RF
96.23054074,19.86101867,-116.0915594,25.8770243,-19.25600011,67.07433511,RF
78.12342323,44.78556912,-122.9089924,37.52174454,-19.83852804,67.06707193,RF
56.61088292,67.82122722,-124.4321101,47.5556123,-20.09118111,67.05980954,RF
32.62080141,87.97813165,-120.5989331,55.56647882,-20.01873393,67.05254794,RF
32.14607893,88.32760475,-120.4736837,55.7362509,-20.01409683,67.05240955,RF
32.14607892,88.32760475,-120.4736837,55.7362509,-20.01409683,67.05240955,RF
6.716193409,104.595557,-111.3117504,61.97698441,-19.62906626,67.04514875,RF
-19.0159509,116.3973167,-97.38136584,65.1396905,-19.00803935,67.03788873,RF
-43.93368004,123.1932345,-79.25955449,65.66142922,-18.21766282,67.03062949,RF
-66.95883045,124.6965868,-57.73775634,63.48222779,-17.34683804,67.02337102,RF
-87.10119725,120.8441058,-33.74290855,58.86109763,-16.48969721,67.01611334,RF
-89.94674481,119.7245557,-29.77781088,57.4937961,-16.35803528,67.01496877,RF
-89.94674482,119.7245557,-29.77781087,57.4937961,-16.35803528,67.01496877,RF
-105.6290842,109.8742097,-4.245125552,49.84719818,-15.63149777,67.00771199,RF
-116.7434405,95.3027233,21.4407172,40.09792652,-15.10983533,67.00045598,RF
-122.7992509,76.64529545,46.15395541,28.76883066,-14.8614605,66.99320076,RF
-123.5376976,54.71097144,68.82672612,16.39001309,-14.93366517,66.98594632,RF
-118.9280221,30.44533675,88.48268532,3.721206148,-15.34917125,66.97869267,RF
-117.2061988,24.90128937,92.30490941,6.51E-10,-15.48607209,66.97709876,RF
-117.2061988,24.90128937,92.30490941,-9.98E-10,-15.48607209,66.97709876,RF
-106.3268105,-0.773564986,107.1003755,-13.13235028,-16.30775078,66.96984608,RF
-90.86634483,-26.34958335,117.2159282,-25.50747272,-17.42361909,66.96259419,RF
-71.46767158,-50.7323122,122.1999838,-36.70764533,-18.77018098,66.95534309,RF
-48.97659457,-72.86521305,121.8418076,-46.20603259,-20.26456883,66.9480928,RF
-24.36783482,-91.76288235,116.1307172,-54.01412482,-21.80312704,66.9408433,RF
-23.97059097,-92.02995363,116.0005446,-54.11506388,-21.82731634,66.94072986,RF
-23.97059097,-92.02995363,116.0005446,-54.11506388,-21.82731634,66.94072986,RF
1.695448542,-106.8474458,105.1519972,-59.06021889,-23.31146548,66.93348118,RF
27.27134135,-116.9602694,89.68892801,-61.51033809,-24.62621788,66.92623329,RF
51.65268952,-121.9452143,70.29252477,-61.22247474,-25.67620124,66.9189862,RF
73.7831512,-121.5862412,47.80309001,-58.26779407,-26.37741333,66.91173991,RF
90.01351155,-117.0785596,27.06504808,-53.77819363,-26.64069613,66.90560545,RF
90.01351155,-117.0785596,27.06504808,-53.77819363,-26.64069613,66.90560545,RF
105.5764136,-107.0750266,1.498612969,-45.87065059,-26.55373134,66.89836061,RF
116.5159782,-92.3453259,-24.17065232,-36.42242071,-25.99783273,66.89111655,RF
122.3892033,-73.55864322,-48.83056007,-25.22900761,-24.99972321,66.88387327,RF
122.9386091,-51.52535616,-71.41325291,-13.01469722,-23.60379288,66.87663076,RF
118.1439809,-27.19597672,-90.94800414,-0.343318013,-21.88244132,66.86938902,RF
117.9947808,-26.70199802,-91.29278275,-3.73E-09,-21.84529363,66.86924776,RF
117.9947808,-26.70199801,-91.29278275,-1.93E-09,-21.84529363,66.86924776,RF
107.9297645,-1.137573764,-106.7921907,13.3402449,-19.88068604,66.86200681,RF
93.18691206,24.53167388,-117.7185859,25.57801186,-17.79904127,66.85476661,RF
74.38322872,49.18540488,-123.5686336,36.76740229,-15.71259705,66.84752718,RF
52.33846407,71.75803199,-124.0964961,46.37419625,-13.7396489,66.84028852,RF
28.00247261,91.27796734,-119.2804399,54.01667926,-11.98945929,66.83305062,RF
26.23917599,92.50070105,-118.739877,54.49214787,-11.87724272,66.83254699,RF
26.23917599,92.50070105,-118.739877,54.49214787,-11.87724272,66.83254699,RF
0.637869935,107.7747494,-108.4126193,59.6025209,-10.4702261,66.82530992,RF
-25.00741453,118.4385795,-93.431165,62.03040524,-9.459472394,66.81807361,RF
-49.5783581,124.0077452,-74.42938714,61.80820811,-8.890323448,66.81083808,RF
-72.01311155,124.2472621,-52.23415056,58.98259204,-8.779358796,66.80360333,RF
-91.34614756,119.1470716,-27.80092406,53.8842078,-9.11397077,66.79636937,RF
-92.04819949,118.8302782,-26.78207874,53.44519788,-9.136279878,66.79607737,RF
-92.04819949,118.8302782,-26.78207874,53.44519788,-9.136279878,66.79607737,RF
-107.2150013,108.3754371,-1.160435837,44.79576121,-9.887313116,66.78884423,RF
-117.760782,93.28862693,24.47215508,34.8232376,-10.97132658,66.78161188,RF
-123.2021476,74.19852618,49.0036214,23.29687153,-12.29950683,66.77438032,RF
-123.3110647,51.93763498,71.37342967,10.84132925,-13.77138967,66.76714956,RF
-119.6120418,32.84957372,86.76246806,4.03E-10,-14.95316515,66.76147171,RF
-119.6120418,32.84957371,86.76246806,-5.73E-10,-14.95316515,66.76147171,RF
-110.3508596,7.398348515,102.9525111,-13.27712123,-16.41662638,66.75424237,RF
-96.28175545,-18.32902072,114.6107762,-25.76185553,-17.72863202,66.74701383,RF
-78.05008077,-43.20935908,121.2594399,-37.34144471,-18.81062298,66.73978608,RF
-56.44117717,-66.16647441,122.6076516,-47.28133478,-19.59901289,66.73255913,RF
-33.29694018,-85.53590081,118.832841,-55.00887685,-20.04450662,66.72559702,RF
-33.29694018,-85.53590081,118.832841,-55.00887685,-20.04450662,66.72559702,RF
-7.890703505,-101.9070108,109.7977143,-61.27374087,-20.16278666,66.71837161,RF
17.84806256,-113.8184357,95.97037317,-64.483154,-19.95704053,66.71114698,RF
42.79762719,-120.7347034,77.93707618,-65.0558837,-19.46479002,66.70392313,RF
65.87906045,-122.3621626,56.4831021,-62.91824174,-18.75216182,66.69670006,RF
86.09968586,-118.6325201,32.53283424,-58.31159622,-17.90168139,66.68947776,RF
88.14243031,-117.8622318,29.71980148,-57.35946294,-17.79788825,66.68866779,RF
88.14243031,-117.8622318,29.71980147,-57.35946294,-17.79788825,66.68866779,RF
104.1119176,-108.3481107,4.236193064,-49.78018259,-16.90002312,66.68144636,RF
115.5587992,-94.08337344,-21.47542576,-40.17769023,-16.06578527,66.67422569,RF
121.9727393,-75.68253994,-46.29019933,-28.95137604,-15.38657292,66.6670058,RF
123.0807598,-53.94509587,-69.13566398,-16.62652502,-14.94309008,66.65978669,RF
118.8369323,-29.80853368,-89.02839865,-3.930359129,-14.79773441,66.65256836,RF
117.0071402,-23.74251263,-93.26462761,-9.07E-10,-14.81141658,66.65083633,RF
117.0071402,-23.74251262,-93.26462761,6.93E-10,-14.81141658,66.65083633,RF
106.3846417,1.88034224,-108.2649839,13.01516316,-15.08449541,66.64361897,RF
91.13022175,27.48944959,-118.6196713,25.46219612,-15.70583436,66.63640239,RF
71.90488462,51.95328,-123.8581646,36.71850143,-16.6514447,66.6291866,RF
49.54279392,74.21635637,-123.7591503,46.29499682,-17.87281188,66.6219716,RF
25.0189559,93.29336342,-118.3123193,54.07807474,-19.29407844,66.6147574,RF
22.92055839,94.70519362,-117.625752,54.62477524,-19.41921869,66.61416328,RF
22.92055839,94.70519362,-117.625752,54.62477524,-19.41921869,66.61416328,RF
-2.756592866,109.437492,-106.6808991,59.45156385,-20.95918938,66.60694994,RF
-28.32097669,119.4601087,-91.13913202,61.78635065,-22.49589338,66.59973739,RF
-52.6712036,124.3481481,-71.67694447,61.39324017,-23.92325659,66.59252564,RF
-74.75216345,123.8907661,-49.13860265,58.36164414,-25.13732415,66.58531468,RF
-91.85797244,118.9132922,-27.05531979,53.36871934,-25.96535054,66.57883438,RF
-91.85797245,118.9132922,-27.05531979,53.36871934,-25.96535054,66.57883438,RF
-107.0924812,108.5446863,-1.452205096,45.39295579,-26.52864536,66.57162492,RF
-117.6913821,93.50837982,24.18300228,35.64239256,-26.66141189,66.56441625,RF
-123.1942024,74.46426256,48.72993989,24.32903965,-26.33776607,66.55720835,RF
-123.3652426,52.23770738,71.12753519,12.01640839,-25.56162486,66.55000123,RF
-118.723969,29.57123221,89.15273682,6.69E-10,-24.46016894,66.54330594,RF
-118.723969,29.57123221,89.15273682,-3.49E-10,-24.46016894,66.54330594,RF
-108.7734478,4.021537913,104.7519099,-13.32545206,-22.92308301,66.5361003,RF
-94.11716436,-21.6560798,115.7732442,-25.6618037,-21.10540604,66.52889543,RF
-75.38783171,-46.34068797,121.7285197,-36.93636965,-19.10765985,66.52169132,RF
-53.39895906,-68.96492618,122.3638852,-46.60959575,-17.04388934,66.51448797,RF
-29.09862507,-88.5551889,117.653814,-54.32375324,-15.03142772,66.50728538,RF
-27.27856841,-89.82249608,117.1010645,-54.84393883,-14.88969151,66.50676802,RF
-27.27856841,-89.82249608,117.1010645,-54.84393883,-14.88969151,66.50676802,RF
-1.691208334,-105.1711081,106.8623165,-60.04738234,-13.05761016,66.49956625,RF
23.96277924,-115.9211547,91.95837545,-62.5554956,-11.50100475,66.49236524,RF
48.56152515,-121.5826905,73.02116531,-62.41052697,-10.30166844,66.485165,RF
71.042092,-121.9165041,50.87441206,-59.64608417,-9.517929224,66.47796553,RF
90.43583173,-116.908061,26.47222924,-54.59325775,-9.180348696,66.47076683,RF
91.54249712,-116.4108566,24.86835951,-53.90849601,-9.174136693,66.47030976,RF
91.54249712,-116.4108566,24.86835951,-53.90849601,-9.174136693,66.47030976,RF
106.6876065,-105.9300537,-0.757552774,-45.42274042,-9.310404266,66.4631119,RF
117.2058607,-90.81881587,-26.3870448,-35.46534762,-9.86181135,66.45591481,RF
122.6183289,-71.70851437,-50.90981455,-23.95593283,-10.77096986,66.44871851,RF
122.6971004,-49.43200911,-73.26509133,-11.51131206,-11.95914947,66.441523,RF
118.4444649,-28.38958443,-90.05488049,-2.25E-09,-13.13427714,66.4353125,RF
118.4444649,-28.38958443,-90.0548805,-1.34E-09,-13.13427714,66.4353125,RF
108.7518656,-2.871909486,-105.8799561,13.40033799,-14.57945792,66.42811847,RF
94.31133582,22.82803018,-117.139366,25.94284044,-16.0108352,66.42092523,RF
75.76458836,47.58875289,-123.3533413,37.41870345,-17.32881352,66.41373278,RF
53.91404279,70.33932408,-124.2533669,47.23029105,-18.4460289,66.40654112,RF
33.2599261,87.47594965,-120.7358757,54.31601543,-19.18601557,66.40037582,RF
33.25992609,87.47594965,-120.7358757,54.31601543,-19.18601557,66.40037582,RF
7.875697169,103.9635418,-111.839239,60.29249718,-19.76357424,66.39318562,RF
-17.86862197,115.9812694,-98.11264741,63.60552597,-20.00459675,66.3859962,RF
-42.84893235,123.017084,-80.16815164,64.23278975,-19.91751444,66.37880756,RF
-65.98484748,124.7670097,-58.78216221,62.14617122,-19.53456755,66.3716197,RF
-86.2811348,121.1584693,-34.8773345,57.55020409,-18.91273577,66.36443262,RF
-87.87748997,120.577328,-32.69983804,56.85135435,-18.84639901,66.36380736,RF
-87.87748997,120.577328,-32.69983803,56.85135435,-18.84639901,66.36380736,RF
-104.04714,111.3002086,-7.253068609,49.38299813,-18.04516985,66.35662111,RF
-115.7246129,97.25160443,18.47300847,39.89248439,-17.17906967,66.34943563,RF
-122.3878187,79.03210603,43.35571264,28.75564772,-16.34169228,66.34225093,RF
-123.7533047,57.43411936,66.31918529,16.48722223,-15.62744511,66.33506699,RF
-119.7640897,33.38904343,86.37504623,3.786797129,-15.12098316,66.32788382,RF
-118.0374413,27.47831459,90.55912674,-3.86E-10,-15.03816216,66.32620013,RF
-118.0374413,27.47831458,90.55912674,-1.97E-09,-15.03816215,66.32620013,RF
-107.6781095,1.885791173,105.7923184,-12.98463158,-14.87863102,66.31901792,RF
-92.65602537,-23.75334374,116.4093691,-25.44974845,-15.04948236,66.31183649,RF
-73.62309852,-48.30583726,121.9289358,-36.74732564,-15.56450002,66.30465584,RF
-51.40485987,-70.71240562,122.1172655,-46.40009082,-16.41086385,66.29747597,RF
-26.97068493,-89.98135923,116.9520442,-54.25302593,-17.5453548,66.29029689,RF
-23.35165265,-92.43186725,115.7835199,-55.17810041,-17.72918793,66.28927574,RF
-23.35165265,-92.43186725,115.7835199,-55.17810041,-17.72918793,66.28927574,RF
2.329376375,-107.1355632,104.8061869,-59.50765665,-19.11611413,66.28209756,RF
27.88556137,-117.1289567,89.24339535,-62.102006,-20.62585338,66.27492018,RF
52.23832238,-121.9830997,69.74477729,-61.71412291,-22.16032134,66.26774358,RF
74.2889607,-121.4840016,47.19504094,-58.55936345,-23.60502001,66.26056778,RF
92.94949412,-115.7498648,22.80037067,-53.17742901,-24.85034384,66.25346607,RF
92.94949413,-115.7498648,22.80037067,-53.17742901,-24.85034384,66.25346607,RF
107.7388039,-104.8871323,-2.851671613,-44.51994233,-25.81165607,66.24629183,RF
117.8610759,-89.43078006,-28.43029589,-34.59147169,-26.40971792,66.23911838,RF
122.8501403,-70.03699059,-52.81314971,-23.12104661,-26.57933698,66.23194571,RF
122.4972615,-47.54990257,-74.94735893,-10.70263359,-26.29202632,66.22477382,RF
118.3775539,-28.11809462,-90.25945931,4.07E-09,-25.72645541,66.21907675,RF
118.3775539,-28.11809462,-90.25945931,5.15E-09,-25.72645541,66.21907675,RF
108.6389629,-2.594997619,-106.0439653,13.12323992,-24.63855246,66.21190623,RF
94.14470459,23.09805514,-117.2427597,25.41581867,-23.15685576,66.20473649,RF
75.55478008,47.8394803,-123.3942604,36.76349216,-21.36845427,66.1975675,RF
53.67091894,70.55904768,-124.2299666,46.50055699,-19.37108689,66.19039927,RF
29.43795083,90.27919917,-119.71715,54.29354321,-17.27776526,66.1832318,RF
27.32297683,91.76454266,-119.0875195,54.9427542,-17.09900331,66.18263242,RF
27.32297683,91.76454266,-119.0875195,54.94275421,-17.09900331,66.18263242,RF
1.753384249,107.2218662,-108.9752504,60.21495759,-15.03445106,66.17546577,RF
-23.91257071,118.0954285,-94.18285775,62.79680268,-13.12189418,66.16829988,RF
-48.55067928,123.8895737,-75.33889447,62.72040956,-11.46734075,66.16113474,RF
-71.09642872,124.3595984,-53.26316969,60.00841172,-10.16044502,66.15397037,RF
-90.57858082,119.4861345,-28.90755366,54.98327361,-9.267210821,66.14680676,RF
-91.61171605,119.0075584,-27.39584237,54.08346149,-9.227640521,66.14637577,RF
-91.61171606,119.0075584,-27.39584237,54.08346149,-9.227640521,66.14637577,RF
-106.9077434,108.6836313,-1.775887918,46.08636805,-8.814489473,66.13921298,RF
-117.5625239,93.69552225,23.86700165,36.18926397,-8.861275482,66.13205096,RF
-123.1266137,74.68927266,48.437341,24.74644266,-9.344080013,66.12488972,RF
-123.3591551,52.49072312,70.86843201,12.36715753,-10.21096334,66.11772926,RF
-118.4661469,28.77992474,89.68622217,2.17E-09,-11.34940729,66.11077535,RF
-118.4661469,28.77992473,89.68622217,1.34E-09,-11.34940729,66.11077535,RF
-108.3572125,3.204091027,105.1531214,-13.84837824,-12.73043135,66.10361644,RF
-93.56757905,-22.46299684,116.0305759,-26.24109065,-14.22364492,66.09645832,RF
-74.72587006,-47.10302588,121.8288959,-37.57393428,-15.71759651,66.08930099,RF
-52.65225661,-69.65076141,122.303018,-47.20506372,-17.10859338,66.08214445,RF
-34.2639726,-84.76732781,119.0313004,-53.83200041,-18.03070092,66.07669755,RF
-34.2639726,-84.76732781,119.0313004,-53.83200041,-18.03070092,66.07669755,RF
-8.89255364,-101.3500014,110.242555,-59.49633987,-19.0297442,66.06954239,RF
16.85602164,-113.4453623,96.58934065,-62.81814339,-19.70618165,66.06238802,RF
41.85982604,-120.5705799,78.71075381,-63.45952769,-20.04077716,66.05523442,RF
65.03675188,-122.4115156,57.3747637,-61.40309006,-20.03009681,66.0480816,RF
85.3893749,-118.8924134,33.50303846,-56.81696355,-19.70141854,66.04092956,RF
86.49107746,-118.5071473,32.01606982,-56.32366299,-19.67106648,66.04050427,RF
86.49107747,-118.5071473,32.01606981,-56.32366299,-19.67106648,66.04050427,RF
102.8403714,-109.4480623,6.607690857,-48.93034602,-19.05381465,66.03335304,RF
114.7317047,-95.60151699,-19.13018771,-39.51800737,-18.25136955,66.02620257,RF
121.6256853,-77.55181661,-44.07386872,-28.44273617,-17.34904326,66.01905288,RF
123.2300433,-56.08524779,-67.14479551,-16.19895377,-16.44569472,66.01190395,RF
119.4770775,-32.12753889,-87.34953864,-3.458294233,-15.63959488,66.00475578,RF
117.9597994,-26.74864047,-91.21115891,-2.40E-09,-15.48558252,66.00322751,RF
117.9597994,-26.74864046,-91.21115891,-8.15E-10,-15.48558252,66.00322751,RF
107.9233722,-1.197111247,-106.726261,12.96629434,-14.91727386,65.99608028,RF
93.1869903,24.4740441,-117.6610344,25.45673273,-14.62719528,65.98893381,RF
74.39167471,49.13018148,-123.5218562,36.82166766,-14.66581547,65.98178812,RF
52.35249608,71.70732995,-124.059826,46.57697847,-15.05796506,65.97464321,RF
28.02002219,91.23227281,-119.252295,54.28495851,-15.8006668,65.96749908,RF
23.09472332,94.60518077,-117.6999041,55.57564821,-15.98385334,65.96610702,RF
23.09472332,94.60518077,-117.6999041,55.57564821,-15.98385334,65.96610702,RF
-2.582454975,109.3455921,-106.7631371,60.56586033,-17.09725602,65.95896382,RF
-28.15161144,119.4007477,-91.24913624,62.74540294,-18.45494142,65.95182141,RF
-52.51317003,124.3200538,-71.80688381,62.28509472,-19.97085937,65.94467978,RF
-74.61221356,123.8956503,-49.28343672,59.21527193,-21.54498956,65.93753894,RF
-93.49940631,118.1455583,-24.64615195,53.77282446,-23.07032227,65.93039889,RF
-93.79572733,117.9981487,-24.20242135,53.57822481,-23.09577081,65.93027401,RF
-93.79572733,117.9981487,-24.20242134,53.57822481,-23.09577081,65.93027401,RF
-108.5140714,107.0524943,1.461577076,44.92470233,-24.44358618,65.92313476,RF
-118.5618591,91.53168651,27.03017257,34.88460661,-25.53211005,65.91599629,RF
-123.4703414,72.08350398,51.38683743,23.32807271,-26.26607282,65.90885861,RF
-123.0352168,49.55621083,73.47900595,10.83355335,-26.58268537,65.9017217,RF
-118.8105052,29.95586503,88.85464015,1.28E-10,-26.49893221,65.89600994,RF
-118.8105052,29.95586502,88.85464015,-9.49E-10,-26.49893221,65.89600994,RF
-108.9646004,4.416473178,104.5481272,-13.18525343,-25.98799248,65.88887443,RF
-94.37683268,-21.26756877,115.6444014,-25.53243038,-25.01863538,65.88173967,RF
-75.70833917,-45.97669084,121.68503,-36.90937116,-23.64518918,65.87460568,RF
-53.76473234,-68.64170097,122.4064333,-46.65851458,-21.9396176,65.86747245,RF
-29.49337868,-88.28724582,117.7806245,-54.4412749,-19.99738427,65.86033998,RF
-28.48696333,-88.99416966,117.481133,-54.76739118,-19.91503234,65.86005616,RF
-28.48696333,-88.99416966,117.481133,-54.76739118,-19.91503234,65.86005616,RF
-2.929610136,-104.5477321,107.4773422,-60.21071112,-17.83941499,65.85292446,RF
22.74579368,-115.5310133,92.78521959,-62.89675929,-15.76471017,65.84579352,RF
47.41887358,-121.4431544,74.02428079,-62.92537544,-13.80701457,65.83866333,RF
70.02298427,-122.0346242,52.01163992,-60.31541009,-12.0776119,65.8315339,RF
89.58481468,-117.2811159,27.69630119,-55.38414537,-10.67110914,65.82440522,RF
91.24879827,-116.5536651,25.30486678,-54.4480696,-10.55703142,65.8237294,RF
91.24879827,-116.5536651,25.30486678,-54.4480696,-10.55703142,65.8237294,RF
106.468046,-106.1523976,-0.315648415,-46.29327072,-9.58650144,65.81660156,RF
117.0664309,-91.11315709,-25.95327378,-36.42790896,-9.061226212,65.80947448,RF
122.5656544,-72.06232464,-50.50332978,-25.02049047,-8.993406312,65.80234817,RF
122.7334762,-49.83069498,-72.90278124,-12.67026351,-9.36569634,65.79522263,RF
117.8466537,-26.38824024,-91.45841349,-7.80E-10,-10.09307548,65.78838136,RF
117.8466537,-26.38824023,-91.45841349,1.79E-10,-10.09307548,65.78838136,RF
107.7497502,-0.800282701,-106.9494675,13.30840054,-11.17146082,65.78125735,RF
92.95342361,24.86425796,-117.8176816,25.69134113,-12.48327282,65.77413412,RF
74.10841878,49.50308884,-123.6115076,36.97509987,-13.92774764,65.76701167,RF
52.03167577,72.04754859,-124.0792244,46.56865708,-15.39693067,65.75989002,RF
32.49143876,88.03017031,-120.5216091,53.19186738,-16.5244168,65.75414061,RF
32.49143876,88.03017031,-120.5216091,53.19186738,-16.5244168,65.75414061,RF
7.078475395,104.4011191,-111.4795945,58.9281099,-17.77898668,65.74702037,RF
-18.66023195,116.2740651,-97.61383311,62.13763689,-18.78917705,65.73990091,RF
-43.60153648,123.1541382,-79.55260176,62.64570039,-19.5005766,65.73278223,RF
-66.66642325,124.7417773,-58.07535402,60.44570687,-19.87980704,65.72566433,RF
-86.83478115,120.9542524,-34.11947124,55.85363776,-19.91774043,65.7185472,RF
-86.98725275,120.9000212,-33.91276841,55.79333142,-19.91657102,65.71848848,RF
-86.98725276,120.9000212,-33.91276841,55.79333142,-19.91657102,65.71848848,RF
-103.3805302,111.8747161,-8.494185889,48.14029855,-19.6389417,65.71137212,RF
-115.2879984,98.0454129,17.24258554,38.76842879,-19.09498695,65.70425653,RF
-122.2039361,80.01143837,42.19249773,27.6830615,-18.35653739,65.69714171,RF
-123.8298556,58.55653087,65.27332471,15.46488888,-17.51067367,65.69002765,RF
-120.0983145,34.60605585,85.49225863,2.7251367,-16.65334908,65.68291435,RF
-118.9374026,30.41641742,88.52098522,1.36E-10,-16.51264272,65.68172863,RF
-118.9374026,30.41641741,88.52098522,-1.48E-09,-16.51264272,65.68172863,RF
-109.1523317,4.898906932,104.2534248,-13.03685097,-15.76185543,65.67461622,RF
-94.64265414,-20.79378932,115.4364435,-25.53118724,-15.20097832,65.66750458,RF
-76.03645802,-45.52809361,121.5645516,-36.93391196,-14.90328987,65.6603937,RF
-54.14112112,-68.23642396,122.3775451,-46.75620321,-14.92181059,65.65328359,RF
-29.90112517,-87.93988042,117.8410056,-54.57355145,-15.28440011,65.64617425,RF
-24.20566929,-91.87801679,116.0836861,-56.06997071,-15.41411593,65.64456962,RF
-24.20566929,-91.87801679,116.0836861,-56.06997071,-15.41411593,65.64456962,RF
1.462415348,-106.7073886,105.2449732,-61.06786323,-16.19174701,65.63746123,RF
27.04455782,-116.862493,89.8179352,-63.28086471,-17.27274347,65.63035362,RF
51.44151131,-121.8885536,70.44704227,-62.85744448,-18.59474936,65.62324679,RF
73.59677781,-121.5730956,47.9763178,-59.84311089,-20.07507626,65.61614074,RF
92.55880785,-115.9293844,23.37057655,-54.50405182,-21.61654292,65.60903548,RF
93.53036551,-115.4463183,21.91595283,-53.84188093,-21.7041919,65.60862806,RF
93.53036552,-115.4463183,21.91595282,-53.84188093,-21.7041919,65.60862806,RF
108.1633232,-104.4031944,-3.760128859,-45.18060532,-23.17869767,65.60152363,RF
118.1138526,-88.79812623,-29.31572642,-35.06577024,-24.49304431,65.59441998,RF
122.9189245,-69.28072267,-53.63820179,-23.46228196,-25.53877559,65.58731711,RF
122.3786769,-46.70230886,-75.67636809,-10.94745474,-26.2319267,65.58021501,RF
118.0461423,-26.99255222,-91.05359003,-1.46E-09,-26.47927473,65.57450789,RF
118.0461423,-26.99255222,-91.05359003,-4.35E-10,-26.47927473,65.57450789,RF
108.0878986,-1.43832264,-106.649576,13.22975166,-26.3924143,65.56740719,RF
93.39880468,24.23602201,-117.6348267,25.58066236,-25.83283634,65.56030726,RF
74.645859,48.91012545,-123.5559845,36.9603673,-24.82619437,65.55320808,RF
52.63793439,71.51650104,-124.1544354,46.69328405,-23.41863527,65.54610967,RF
28.32510607,91.08221881,-119.4073249,54.43505847,-21.68490126,65.53901201,RF
28.04988657,91.27508602,-119.3249726,54.52710213,-21.66409782,65.53893481,RF
28.04988657,91.27508603,-119.3249726,54.52710213,-21.66409782,65.53893481,RF
2.496223878,106.8524856,-109.3487095,60.1051975,-19.69150917,65.5318379,RF
-23.18135659,117.8652009,-94.68384429,62.83886339,-17.60635505,65.52474175,RF
-47.86341599,123.8086366,-75.94522058,62.92051347,-15.52428401,65.51764634,RF
-70.48264142,124.4322592,-53.9496178,60.35237578,-13.56608149,65.51055169,RF
-90.06493315,119.7102901,-29.64535697,55.43635803,-11.8427318,65.50345778,RF
-91.49981836,119.0769813,-27.57716296,54.62183227,-11.71387981,65.50287844,RF
-91.49981836,119.0769813,-27.57716296,54.62183227,-11.71387981,65.50287844,RF
-106.80404,108.7828734,-1.978833391,46.61220809,-10.35178896,65.49578535,RF
-117.4955694,93.82561603,23.66995336,36.80719086,-9.397913781,65.48869302,RF
-123.0952984,74.84469529,48.2506031,25.457583,-8.895006395,65.48160145,RF
-123.3654038,52.66536875,70.70003501,13.12583045,-8.855451511,65.47451064,RF
-118.2949961,28.24408791,90.0509082,0.558020311,-9.261283199,65.4674206,RF
-118.0453543,27.43665806,90.60869624,1.60E-09,-9.281145842,65.4671938,RF
-118.0453543,27.43665806,90.60869625,-1.81E-10,-9.281145843,65.4671938,RF
-107.6616795,1.819862363,105.8418171,-13.65747778,-10.09440573,65.46010456,RF
-92.63647971,-23.82020466,116.4566844,-25.92968203,-11.22869645,65.45301609,RF
-73.59731706,-48.37545161,121.9727687,-37.11331605,-12.59003837,65.44592841,RF
-51.37428114,-70.78294123,122.1572224,-46.60529421,-14.0731047,65.43884151,RF
-32.66304078,-85.94279014,118.6058309,-53.03429462,-15.22289855,65.43337621,RF
-32.66304077,-85.94279014,118.6058309,-53.03429462,-15.22289855,65.43337621,RF
-7.228956924,-102.2636032,109.4925601,-58.50465853,-16.65600692,65.42629069,RF
18.50557549,-114.0555286,95.54995309,-61.6365704,-17.90938525,65.41920596,RF
43.42522427,-120.8510246,77.42580031,-62.05044163,-18.91024842,65.412122,RF
66.45022616,-122.3498679,55.89964171,-59.77196597,-19.59840327,65.40503881,RF
85.76542989,-118.7440891,32.97865919,-55.32722312,-19.92882185,65.39826145,RF
85.76542989,-118.7440891,32.97865918,-55.32722312,-19.92882185,65.39826145,RF
102.3075745,-109.9030215,7.595447018,-47.77308329,-19.93782804,65.39117978,RF
114.3810725,-96.23134361,-18.14972892,-38.45233206,-19.61862749,65.38409887,RF
121.4782337,-78.33231472,-43.145919,-27.40763474,-19.02552701,65.37701872,RF
123.2915949,-56.98205382,-66.30954105,-15.21634135,-18.23166866,65.36993933,RF
119.7458867,-33.10218876,-86.64369798,-2.460543673,-17.32705317,65.3628607,RF
118.7448523,-29.37247254,-89.37237971,-1.05E-09,-17.18542337,65.36180751,RF
118.7448523,-29.37247254,-89.37237972,5.83E-10,-17.18542337,65.36180751,RF
109.219357,-3.889967141,-105.3293899,13.0362192,-16.27239889,65.35472975,RF
94.94560826,21.82184717,-116.7674554,25.5733564,-15.46292288,65.34765275,RF
76.5366345,46.63424658,-123.1708811,37.03285534,-14.84798649,65.3405765,RF
54.79210836,69.47525443,-124.2673628,46.94104139,-14.50481855,65.33350102,RF
30.65004205,89.36022202,-120.0102641,54.88477899,-14.48926794,65.32642631,RF
24.6164138,93.58441942,-118.2008332,56.46189356,-14.53778358,65.32473097,RF
